game_id,season,week,game_type,away_team,home_team,expected_away_points,expected_home_points,away_score,home_score,predicted_margin,actual_margin,predicted_total,actual_total,home_qb_rating,away_qb_rating,home_ol_rating,away_ol_rating,home_receiving_rating,away_receiving_rating,home_pass_offense_rating,away_pass_offense_rating,home_run_offense_rating,away_run_offense_rating,home_pass_defense_rating,away_pass_defense_rating,home_run_defense_rating,away_run_defense_rating,home_kicker_rating,away_kicker_rating,home_error,away_error,market_spread,market_total
2021_01_ARI_TEN,2021,1,REG,ARI,TEN,22.416,23.595,38.0,13.0,1.179,-25.0,46.012,51.0,67.1,62.41,59.04,63.81,59.295,60.8,63.48,61.83,59.55,61.95,58.34,57.92,58.38,57.01,49.32,60.8,10.594999999999999,-15.584,2.5,54.0
2021_01_BAL_LV,2021,1,REG,BAL,LV,22.329,23.95,27.0,33.0,1.621,6.0,46.279,60.0,64.36,66.16,61.61,58.77,63.18,60.155,63.11,62.77,61.74,54.87,57.12,61.38,58.24,56.55,63.18,66.09,-9.05,-4.670999999999999,-3.0,50.5
2021_01_CHI_LA,2021,1,REG,CHI,LA,21.749,23.786,14.0,34.0,2.037,20.0,45.534,48.0,64.48,59.57,58.77,58.09,63.05,57.205,62.48,58.63,59.82,57.73,56.31,56.71,59.6,61.0,60.56,57.45,-10.213999999999999,7.748999999999999,9.5,46.0
2021_01_CLE_KC,2021,1,REG,CLE,KC,22.225,24.731,29.0,33.0,2.506,4.0,46.956,62.0,69.52,58.91,62.84,63.34,66.825,60.84,66.84,60.31,63.32,63.23,58.29,58.73,57.16,57.5,64.86,55.12,-8.268999999999998,-6.774999999999999,5.5,54.5
2021_01_DAL_TB,2021,1,REG,DAL,TB,21.834,24.378,29.0,31.0,2.544,2.0,46.212,60.0,65.72,64.92,64.44,58.32,65.64,58.415,65.13,61.78,63.0,58.12,60.55,57.76,59.11,54.77,53.4,60.76,-6.622,-7.166,10.0,52.5
2021_01_DEN_NYG,2021,1,REG,DEN,NYG,21.726,23.956,27.0,13.0,2.23,-14.0,45.683,40.0,53.44,58.13,60.2,60.79,63.085,58.39,57.92,58.39,59.88,59.66,59.05,56.99,59.52,55.87,67.65,60.87,10.956,-5.274000000000001,-3.0,41.5
2021_01_GB_NO,2021,1,REG,GB,NO,22.828,24.139,3.0,38.0,1.311,35.0,46.967,41.0,67.8,68.69,61.65,59.04,64.285,62.725,64.82,64.61,64.32,61.6,60.63,60.74,57.21,58.46,60.5,68.27,-13.861,19.828,-4.0,49.0
2021_01_JAX_HOU,2021,1,REG,JAX,HOU,22.48,24.394,21.0,37.0,1.914,16.0,46.874,58.0,67.19,57.94,60.44,61.36,59.835,57.325,63.37,58.86,58.59,60.06,57.26,55.94,56.8,54.3,61.09,67.91,-12.606000000000002,1.4800000000000004,-3.5,45.5
2021_01_LAC_WAS,2021,1,REG,LAC,WAS,22.055,23.856,20.0,16.0,1.801,-4.0,45.911,36.0,57.54,65.93,61.44,58.23,58.135,59.74,58.8,62.25,58.92,59.7,58.83,55.47,59.02,53.8,56.79,57.41,7.856000000000002,2.0549999999999997,2.5,45.5
2021_01_MIA_NE,2021,1,REG,MIA,NE,22.025,23.259,17.0,16.0,1.233,-1.0,45.284,33.0,57.56,58.33,61.45,56.16,62.925,59.885,59.96,58.64,58.45,56.4,58.75,58.79,55.98,59.05,58.3,66.38,7.259,5.024999999999999,3.5,43.5
2021_01_MIN_CIN,2021,1,REG,MIN,CIN,22.103,23.199,24.0,27.0,1.096,3.0,45.302,51.0,62.37,65.58,59.83,58.49,57.2,63.615,60.31,63.36,58.65,60.94,57.0,57.36,56.68,58.11,50.0,44.17,-3.8009999999999984,-1.8969999999999985,-3.0,47.0
2021_01_NYJ_CAR,2021,1,REG,NYJ,CAR,21.612,23.092,14.0,19.0,1.481,5.0,44.704,33.0,56.43,53.64,61.92,61.29,56.39,59.18,57.85,57.27,60.61,58.42,57.05,56.81,55.26,58.84,50.0,50.0,4.091999999999999,7.611999999999998,3.5,44.5
2021_01_PHI_ATL,2021,1,REG,PHI,ATL,21.696,23.755,32.0,6.0,2.059,-26.0,45.45,38.0,64.29,56.99,56.56,61.92,59.255,56.455,60.74,57.31,56.46,60.75,56.91,56.39,59.0,57.64,63.49,54.29,17.755,-10.303999999999998,3.5,49.0
2021_01_PIT_BUF,2021,1,REG,PIT,BUF,21.499,22.977,23.0,16.0,1.478,-7.0,44.477,39.0,60.72,60.67,59.42,53.31,59.32,59.11,60.04,58.73,59.26,53.77,58.69,60.15,57.03,61.07,56.89,59.79,6.977,-1.5010000000000012,6.5,48.0
2021_01_SEA_IND,2021,1,REG,SEA,IND,22.467,24.141,28.0,16.0,1.674,-12.0,46.609,44.0,60.0,65.99,61.67,59.5,60.365,60.265,60.51,63.14,63.12,59.51,58.42,56.26,59.23,55.79,57.34,65.08,8.140999999999998,-5.533000000000001,-3.0,49.0
2021_01_SF_DET,2021,1,REG,SF,DET,22.785,23.546,41.0,33.0,0.761,-8.0,46.33,74.0,63.28,61.68,57.61,64.88,59.305,62.99,60.66,62.11,59.12,62.56,57.05,56.62,55.11,55.88,50.72,58.58,-9.454,-18.215,-9.5,46.0
2021_02_ATL_TB,2021,2,REG,ATL,TB,20.744,23.227,25.0,48.0,2.483,23.0,43.971,73.0,61.51,58.59,60.02,54.95,61.535,56.225,60.92,56.84,59.3,54.66,62.12,58.04,59.73,59.78,52.81,58.21,-24.773,-4.256,13.5,52.0
2021_02_BUF_MIA,2021,2,REG,BUF,MIA,21.303,22.342,35.0,0.0,1.039,-35.0,43.645,35.0,54.21,60.7,56.27,58.07,56.9,57.5,55.85,59.08,55.8,57.87,61.77,62.25,57.85,59.82,61.61,55.81,22.342,-13.697,-3.5,48.0
2021_02_CIN_CHI,2021,2,REG,CIN,CHI,21.42,22.558,17.0,20.0,1.138,3.0,43.978,37.0,55.87,57.25,57.36,57.49,55.17,57.27,56.01,57.23,56.86,57.41,57.08,59.07,61.06,58.63,54.03,58.25,2.558,4.420000000000002,2.0,44.5
2021_02_DAL_LAC,2021,2,REG,DAL,LAC,21.845,22.628,20.0,17.0,0.782,-3.0,44.473,37.0,58.32,61.17,55.75,56.56,55.55,56.24,57.09,58.71,56.35,56.16,57.46,61.59,55.56,56.22,55.94,57.99,5.628,1.8449999999999989,3.0,55.0
2021_02_DEN_JAX,2021,2,REG,DEN,JAX,21.885,23.448,23.0,13.0,1.563,-10.0,45.332,36.0,57.96,58.06,60.03,57.98,56.05,55.845,57.75,56.99,58.05,57.54,57.35,57.41,54.87,56.44,61.01,59.26,10.448,-1.1149999999999984,-6.0,45.0
2021_02_DET_GB,2021,2,REG,DET,GB,21.012,23.699,17.0,35.0,2.686,18.0,44.711,52.0,60.91,58.8,57.02,56.82,57.965,57.86,59.04,57.98,58.01,56.81,59.29,57.77,57.55,55.09,62.38,46.37,-11.300999999999998,4.0120000000000005,11.5,49.5
2021_02_HOU_CLE,2021,2,REG,HOU,CLE,21.6,22.858,21.0,31.0,1.258,10.0,44.459,52.0,58.92,67.14,58.56,57.23,58.485,58.505,58.59,62.12,59.26,56.47,61.85,60.22,58.74,58.14,52.35,59.84,-8.142,0.6000000000000014,13.5,48.5
2021_02_KC_BAL,2021,2,REG,KC,BAL,21.731,23.279,35.0,36.0,1.548,1.0,45.009,71.0,60.76,64.86,57.19,61.49,59.78,62.445,59.61,62.87,54.82,60.17,62.36,58.7,61.97,57.18,62.8,61.59,-12.721,-13.268999999999998,-3.5,53.5
2021_02_LA_IND,2021,2,REG,LA,IND,21.625,22.962,27.0,24.0,1.337,-3.0,44.587,51.0,56.97,61.47,61.2,56.92,57.82,59.59,58.15,59.54,59.88,58.35,59.16,58.16,59.98,60.88,54.71,58.97,-1.0380000000000003,-5.375,-4.0,48.0
2021_02_LV_PIT,2021,2,REG,LV,PIT,21.257,22.636,26.0,17.0,1.379,-9.0,43.893,43.0,57.32,60.32,52.53,57.43,56.03,59.825,55.86,59.33,52.26,57.75,61.07,57.26,62.27,58.02,59.19,60.77,5.635999999999999,-4.7429999999999986,5.5,46.5
2021_02_MIN_ARI,2021,2,REG,MIN,ARI,20.92,23.314,33.0,34.0,2.394,1.0,44.235,67.0,58.53,61.5,62.5,55.26,57.535,56.965,58.83,58.74,59.59,56.66,61.47,58.29,59.27,58.48,58.1,51.32,-10.686,-12.079999999999998,4.0,51.0
2021_02_NE_NYJ,2021,2,REG,NE,NYJ,21.217,22.567,25.0,6.0,1.349,-19.0,43.784,31.0,53.69,50.33,59.44,58.68,57.46,58.52,56.39,54.45,56.47,56.8,56.59,59.12,59.5,56.45,50.0,57.37,16.567,-3.7830000000000013,-5.5,43.0
2021_02_NO_CAR,2021,2,REG,NO,CAR,22.465,22.611,7.0,26.0,0.146,19.0,45.075,33.0,54.89,67.74,59.57,58.41,54.925,59.475,56.04,63.14,58.5,59.52,58.64,59.54,56.93,57.5,51.26,61.23,-3.3889999999999993,15.465,-3.0,45.0
2021_02_NYG_WAS,2021,2,REG,NYG,WAS,21.298,22.888,29.0,30.0,1.59,1.0,44.186,59.0,57.51,55.8,59.52,58.66,56.83,58.76,57.73,57.26,57.28,57.32,59.85,57.95,59.59,59.51,55.73,59.75,-7.111999999999998,-7.702000000000002,4.0,42.0
2021_02_SF_PHI,2021,2,REG,SF,PHI,22.05,23.241,17.0,11.0,1.192,-6.0,45.291,28.0,55.74,59.51,59.77,59.9,56.12,61.27,56.16,59.78,58.82,59.58,57.0,55.9,58.26,56.3,54.34,57.74,12.241,5.050000000000001,-3.0,49.0
2021_02_TEN_SEA,2021,2,REG,TEN,SEA,21.362,22.911,33.0,30.0,1.549,-3.0,44.274,63.0,61.9,59.66,56.35,58.46,57.74,56.935,59.45,58.85,57.07,57.78,58.26,60.5,57.16,59.11,58.13,47.6,-7.088999999999999,-11.638000000000002,6.5,53.5
2021_03_ARI_JAX,2021,3,REG,ARI,JAX,22.349,22.63,31.0,19.0,0.281,-12.0,44.978,50.0,57.96,60.1,60.84,63.29,55.145,59.715,57.74,60.34,58.1,60.56,58.27,62.08,54.93,58.88,57.3,58.92,3.629999999999999,-8.651,-8.0,51.5
2021_03_ATL_NYG,2021,3,REG,ATL,NYG,20.967,23.308,17.0,14.0,2.341,-3.0,44.274,31.0,56.97,59.07,59.16,55.8,59.49,57.22,58.14,57.66,57.84,55.2,60.85,57.31,61.04,60.83,64.93,59.78,9.308,3.9669999999999987,3.0,48.0
2021_03_BAL_DET,2021,3,REG,BAL,DET,22.178,22.356,19.0,17.0,0.178,-2.0,44.533,36.0,59.77,61.45,56.97,57.99,58.255,60.66,58.49,60.34,57.44,55.64,57.97,60.28,55.26,58.81,44.9,63.79,5.356000000000002,3.178000000000001,-7.5,51.0
2021_03_CAR_HOU,2021,3,REG,CAR,HOU,21.053,23.455,24.0,9.0,2.402,-15.0,44.509,33.0,67.14,56.21,58.12,59.85,58.925,55.05,62.43,56.73,57.19,58.9,59.6,59.45,58.7,58.37,59.58,49.7,14.454999999999998,-2.946999999999999,-8.0,43.0
2021_03_CHI_CLE,2021,3,REG,CHI,CLE,21.001,22.902,6.0,26.0,1.901,20.0,43.904,32.0,58.92,56.69,59.33,59.71,58.945,55.725,58.89,57.07,60.15,57.86,62.41,58.8,58.81,62.55,55.61,57.02,-3.097999999999999,15.001000000000001,7.5,45.0
2021_03_CIN_PIT,2021,3,REG,CIN,PIT,20.955,22.499,24.0,10.0,1.544,-14.0,43.454,34.0,58.25,57.11,54.21,58.04,55.98,57.725,56.68,57.6,53.79,57.47,62.85,59.73,62.94,59.72,60.39,64.16,12.498999999999999,-3.0450000000000017,2.5,42.5
2021_03_GB_SF,2021,3,REG,GB,SF,22.457,23.157,30.0,28.0,0.7,-2.0,45.614,58.0,60.58,63.26,61.54,58.28,61.935,59.095,60.82,60.64,60.49,59.63,57.75,61.55,56.39,59.15,57.04,64.01,-4.843,-7.542999999999999,3.5,50.5
2021_03_IND_TEN,2021,3,REG,IND,TEN,21.483,22.802,16.0,25.0,1.319,9.0,44.285,41.0,61.64,57.67,57.72,60.49,57.035,58.51,59.59,58.62,58.21,59.76,60.52,60.43,59.07,60.92,56.11,56.98,-2.1980000000000004,5.4830000000000005,4.5,47.0
2021_03_LAC_KC,2021,3,REG,LAC,KC,21.097,23.937,30.0,24.0,2.84,-6.0,45.033,54.0,66.62,60.05,61.66,58.3,63.44,55.5,64.02,58.49,60.43,57.52,59.65,59.6,62.17,58.49,61.96,55.48,-0.06299999999999883,-8.902999999999999,6.5,55.0
2021_03_MIA_LV,2021,3,REG,MIA,LV,21.17,22.868,28.0,31.0,1.698,3.0,44.038,59.0,62.46,54.03,55.55,55.92,60.95,57.13,60.41,55.73,57.06,55.69,58.88,62.93,60.02,59.74,62.09,61.9,-8.132000000000001,-6.829999999999998,4.0,45.0
2021_03_NO_NE,2021,3,REG,NO,NE,22.318,22.248,28.0,13.0,-0.069,-15.0,44.566,41.0,55.07,67.74,59.21,58.61,59.215,59.12,56.89,63.08,57.3,59.18,60.47,62.9,56.13,60.83,57.32,61.62,9.248000000000001,-5.681999999999999,3.0,44.0
2021_03_NYJ_DEN,2021,3,REG,NYJ,DEN,20.862,23.172,0.0,26.0,2.31,26.0,44.034,26.0,58.06,53.69,60.02,60.14,56.53,55.785,57.64,55.67,58.42,56.88,58.39,57.26,57.42,59.93,59.91,45.93,-2.8279999999999994,20.862,10.5,42.0
2021_03_PHI_DAL,2021,3,REG,PHI,DAL,21.369,23.229,21.0,41.0,1.86,20.0,44.598,62.0,61.8,56.78,57.49,60.67,56.815,56.83,59.35,56.98,57.08,59.45,59.82,57.16,56.43,58.98,57.35,52.19,-17.771,0.3689999999999998,3.5,51.5
2021_03_SEA_MIN,2021,3,REG,SEA,MIN,21.795,22.956,17.0,30.0,1.161,13.0,44.751,47.0,63.08,63.14,56.08,56.74,57.605,58.46,59.95,60.48,57.55,57.25,59.85,58.88,58.06,58.27,51.22,61.02,-7.0440000000000005,4.795000000000002,-2.0,53.5
2021_03_TB_LA,2021,3,REG,TB,LA,21.618,22.939,24.0,34.0,1.321,10.0,44.557,58.0,62.53,63.09,58.04,61.11,60.915,62.845,60.68,62.26,59.19,60.19,59.34,62.66,62.37,60.86,60.56,53.2,-11.061,-2.3820000000000014,-1.0,55.0
2021_03_WAS_BUF,2021,3,REG,WAS,BUF,20.643,23.166,21.0,43.0,2.524,22.0,43.809,64.0,60.6,53.74,61.21,59.14,57.305,55.93,59.38,55.53,59.76,57.6,63.96,59.63,58.58,57.3,53.91,56.17,-19.834,-0.3569999999999993,7.5,45.5
2021_04_ARI_LA,2021,4,REG,ARI,LA,21.38,23.216,37.0,20.0,1.836,-17.0,44.596,57.0,63.59,61.22,59.1,57.64,61.39,60.14,61.48,59.86,59.82,58.76,59.31,62.37,63.57,59.58,61.02,58.41,3.216000000000001,-15.620000000000001,3.5,53.5
2021_04_BAL_DEN,2021,4,REG,BAL,DEN,21.994,22.764,23.0,7.0,0.769,-16.0,44.758,30.0,58.06,62.26,59.6,59.08,56.85,61.615,57.62,61.11,58.59,56.52,59.09,61.73,58.52,59.67,60.61,64.62,15.764,-1.0060000000000002,1.0,44.0
2021_04_CAR_DAL,2021,4,REG,CAR,DAL,21.373,23.263,28.0,36.0,1.89,8.0,44.636,64.0,62.14,57.29,58.23,59.0,58.035,55.41,59.94,57.17,58.43,58.72,59.32,59.06,56.05,58.42,58.01,51.13,-12.736999999999998,-6.626999999999999,4.5,51.5
2021_04_CLE_MIN,2021,4,REG,CLE,MIN,21.896,22.897,14.0,7.0,1.001,-7.0,44.793,21.0,64.27,58.92,56.02,60.66,61.96,60.02,61.51,59.56,59.12,61.19,59.96,61.71,58.33,59.98,53.32,59.28,15.896999999999998,7.896000000000001,-1.0,52.0
2021_04_DET_CHI,2021,4,REG,DET,CHI,20.885,23.153,14.0,24.0,2.267,10.0,44.038,38.0,56.83,60.16,59.94,57.68,55.48,59.1,57.11,59.15,57.92,58.34,58.57,58.48,62.87,55.86,57.25,45.43,-0.8470000000000013,6.885000000000002,3.0,42.0
2021_04_HOU_BUF,2021,4,REG,HOU,BUF,21.154,23.53,0.0,40.0,2.376,40.0,44.684,40.0,62.2,67.14,59.9,59.0,59.55,58.875,60.72,62.49,59.32,57.77,66.41,57.83,59.88,58.01,56.98,59.31,-16.47,21.154,19.0,47.5
2021_04_IND_MIA,2021,4,REG,IND,MIA,21.111,22.313,27.0,17.0,1.203,-10.0,43.424,44.0,52.87,57.71,56.3,61.29,56.98,58.43,54.99,58.72,56.14,60.99,62.56,60.95,62.44,61.42,62.12,56.78,5.312999999999999,-5.888999999999999,2.5,41.5
2021_04_JAX_CIN,2021,4,REG,JAX,CIN,20.862,23.458,21.0,24.0,2.597,3.0,44.32,45.0,54.85,50.67,58.24,61.63,57.975,54.345,56.76,54.53,57.67,58.92,63.03,58.23,60.13,55.57,65.08,62.26,-0.5420000000000016,-0.13800000000000168,7.5,46.0
2021_04_KC_PHI,2021,4,REG,KC,PHI,22.693,22.468,42.0,30.0,-0.225,-12.0,45.16,72.0,57.6,66.99,60.96,62.3,58.26,64.015,57.99,64.49,60.04,61.37,57.48,60.7,59.75,62.65,52.45,62.21,-7.532,-19.307,-7.5,53.5
2021_04_LV_LAC,2021,4,REG,LV,LAC,21.861,23.223,14.0,28.0,1.363,14.0,45.084,42.0,61.77,62.78,59.41,56.37,60.44,61.955,60.51,61.1,60.33,57.48,59.83,58.63,59.13,60.35,54.46,62.57,-4.777000000000001,7.861000000000001,3.0,52.0
2021_04_NYG_NO,2021,4,REG,NYG,NO,21.393,23.625,27.0,21.0,2.232,-6.0,45.018,48.0,67.74,57.97,57.44,59.65,59.52,59.655,63.01,58.74,59.02,58.36,61.59,58.44,61.69,61.09,61.35,64.81,2.625,-5.606999999999999,7.5,43.0
2021_04_PIT_GB,2021,4,REG,PIT,GB,20.953,23.259,17.0,27.0,2.306,10.0,44.213,44.0,64.28,58.28,59.19,56.16,60.21,55.88,61.69,57.06,60.58,54.64,61.24,62.67,58.89,62.89,67.16,59.02,-3.7409999999999997,3.9529999999999994,6.5,45.0
2021_04_SEA_SF,2021,4,REG,SEA,SF,22.788,23.59,28.0,21.0,0.802,-7.0,46.378,49.0,60.57,63.55,62.67,57.12,62.35,62.735,61.18,61.68,61.09,59.35,53.93,59.11,56.31,58.15,57.54,59.98,2.59,-5.212,2.5,52.0
2021_04_TB_NE,2021,4,REG,TB,NE,21.942,22.267,19.0,17.0,0.325,-2.0,44.209,36.0,54.29,63.79,57.62,62.13,59.89,62.865,56.66,62.85,56.37,60.6,60.4,62.11,56.31,60.81,58.04,50.29,5.2669999999999995,2.942,-6.0,49.5
2021_04_TEN_NYJ,2021,4,REG,TEN,NYJ,21.958,21.81,24.0,27.0,-0.148,3.0,43.768,51.0,48.09,62.44,59.25,60.65,55.9,57.57,52.94,60.66,56.65,60.07,57.33,60.0,60.21,59.16,47.17,56.78,-5.190000000000001,-2.0420000000000016,-5.5,44.5
2021_04_WAS_ATL,2021,4,REG,WAS,ATL,21.194,23.046,34.0,30.0,1.852,-4.0,44.241,64.0,59.79,54.03,57.55,59.64,57.405,57.87,58.39,56.56,56.27,58.5,58.52,59.62,61.27,57.45,60.35,56.46,-6.954000000000001,-12.806000000000001,-1.0,47.5
2021_05_BUF_KC,2021,5,REG,BUF,KC,21.409,23.289,38.0,20.0,1.879,-18.0,44.698,58.0,68.67,62.81,60.92,62.23,64.585,58.685,65.2,60.99,61.48,60.8,62.16,66.36,62.97,61.12,63.31,58.64,3.2890000000000015,-16.591,2.5,57.0
2021_05_CHI_LV,2021,5,REG,CHI,LV,21.603,23.07,20.0,9.0,1.466,-11.0,44.673,29.0,62.61,56.8,55.9,60.53,62.145,55.98,60.91,57.44,57.36,58.62,56.83,58.69,60.16,63.54,61.38,57.65,14.07,1.6030000000000015,5.5,46.0
2021_05_CLE_LAC,2021,5,REG,CLE,LAC,21.912,23.036,42.0,47.0,1.124,5.0,44.947,89.0,62.42,58.92,60.44,61.4,61.14,60.16,61.13,59.75,61.71,61.7,59.43,62.32,60.28,59.8,54.14,60.52,-23.964,-20.088,2.5,46.5
2021_05_DEN_PIT,2021,5,REG,DEN,PIT,20.396,22.777,19.0,27.0,2.381,8.0,43.173,46.0,58.18,54.02,56.63,59.91,56.06,58.285,57.14,56.52,55.88,58.93,65.17,59.41,65.37,59.48,60.9,60.89,-4.222999999999999,1.3960000000000008,-2.0,40.0
2021_05_DET_MIN,2021,5,REG,DET,MIN,20.839,23.46,17.0,19.0,2.621,2.0,44.299,36.0,63.81,60.39,56.61,56.87,58.845,59.745,60.81,59.38,58.06,57.8,61.54,58.04,59.61,55.6,53.37,46.28,4.460000000000001,3.8389999999999986,10.0,49.5
2021_05_GB_CIN,2021,5,REG,GB,CIN,22.005,22.709,25.0,22.0,0.703,-3.0,44.714,47.0,54.85,65.1,57.42,60.33,59.73,59.795,56.95,62.22,58.15,60.82,63.04,61.57,60.44,59.99,62.0,67.8,0.7089999999999996,-2.995000000000001,-2.0,50.0
2021_05_IND_BAL,2021,5,REG,IND,BAL,21.635,23.083,25.0,31.0,1.448,6.0,44.719,56.0,63.18,58.27,59.7,61.71,62.265,60.415,61.85,59.5,57.0,62.31,61.76,61.51,59.6,62.44,65.23,57.91,-7.917000000000002,-3.3649999999999984,7.5,46.5
2021_05_LA_SEA,2021,5,REG,LA,SEA,22.122,23.247,26.0,17.0,1.125,-9.0,45.369,43.0,63.93,64.28,57.44,60.03,62.795,61.63,61.93,62.15,59.44,60.23,59.46,59.31,58.8,63.65,61.05,59.58,6.247,-3.878,-2.5,53.5
2021_05_MIA_TB,2021,5,REG,MIA,TB,20.753,22.973,17.0,45.0,2.22,28.0,43.726,62.0,64.23,53.15,62.88,58.08,63.13,56.35,63.27,55.0,61.45,57.16,62.63,62.59,61.3,61.88,52.11,62.82,-22.027,3.753,11.0,48.0
2021_05_NE_HOU,2021,5,REG,NE,HOU,21.449,23.209,25.0,22.0,1.76,-3.0,44.657,47.0,67.14,55.29,58.78,60.21,58.195,60.325,62.26,57.76,57.37,57.76,59.55,62.18,57.74,57.75,59.48,57.1,1.2089999999999996,-3.5509999999999984,-8.0,39.5
2021_05_NO_WAS,2021,5,REG,NO,WAS,21.805,22.446,33.0,22.0,0.641,-11.0,44.252,55.0,56.04,58.4,60.59,57.98,57.64,60.295,57.54,59.2,59.11,59.65,60.22,61.35,57.92,61.88,55.09,60.77,0.4460000000000015,-11.195,-2.5,43.5
2021_05_NYG_DAL,2021,5,REG,NYG,DAL,21.908,23.3,20.0,44.0,1.393,24.0,45.208,64.0,63.25,59.16,60.09,58.74,58.3,56.5,60.9,58.32,59.64,57.16,59.78,58.58,55.63,61.24,58.23,64.86,-20.7,1.9080000000000013,7.5,53.0
2021_05_NYJ_ATL,2021,5,REG,NYJ,ATL,20.619,23.085,20.0,27.0,2.466,7.0,43.704,47.0,60.99,50.08,58.38,60.1,58.01,55.715,59.24,53.92,56.73,57.01,59.01,57.86,61.89,61.62,61.51,54.23,-3.914999999999999,0.6189999999999998,3.0,45.5
2021_05_PHI_CAR,2021,5,REG,PHI,CAR,21.453,22.744,21.0,18.0,1.291,-3.0,44.197,39.0,57.38,58.55,59.73,58.36,55.395,59.28,57.31,58.14,59.09,59.19,59.91,57.54,57.88,60.12,49.9,54.71,4.744,0.4529999999999994,2.5,46.0
2021_05_SF_ARI,2021,5,REG,SF,ARI,21.515,24.098,10.0,17.0,2.583,7.0,45.613,27.0,62.58,60.68,60.67,63.38,61.405,62.36,61.45,61.43,61.17,60.66,62.38,56.33,59.47,57.37,60.65,54.36,7.097999999999999,11.515,6.0,48.5
2021_05_TEN_JAX,2021,5,REG,TEN,JAX,22.246,22.417,37.0,19.0,0.171,-18.0,44.663,56.0,53.17,62.7,61.89,61.59,54.52,56.02,55.84,60.21,59.23,60.77,58.18,60.92,55.51,59.2,52.37,57.16,3.4170000000000016,-14.754000000000001,-4.0,49.0
2021_06_ARI_CLE,2021,6,REG,ARI,CLE,21.703,23.317,37.0,14.0,1.614,-23.0,45.02,51.0,59.2,62.33,61.8,61.08,60.65,61.925,60.14,61.62,62.32,61.29,62.74,61.6,60.88,59.63,60.41,60.97,9.317,-15.297,3.0,48.0
2021_06_BUF_TEN,2021,6,REG,BUF,TEN,21.902,22.507,31.0,34.0,0.606,3.0,44.409,65.0,62.79,63.43,62.1,62.68,56.035,60.33,60.39,61.76,61.27,61.29,61.36,66.87,59.44,60.78,57.42,59.25,-11.492999999999999,-9.097999999999999,-6.0,53.5
2021_06_CIN_DET,2021,6,REG,CIN,DET,22.246,22.474,34.0,11.0,0.228,-23.0,44.72,45.0,59.49,60.4,57.49,61.67,60.175,60.615,59.25,60.67,58.63,60.14,58.28,61.06,55.74,60.61,49.07,57.84,11.474,-11.754000000000001,-3.5,46.5
2021_06_DAL_NE,2021,6,REG,DAL,NE,21.729,22.756,35.0,29.0,1.027,-6.0,44.485,64.0,54.74,63.79,58.43,59.48,56.37,58.84,56.42,61.25,55.18,59.6,62.72,60.67,58.06,55.02,58.45,60.4,-6.244,-13.271,-3.5,50.5
2021_06_GB_CHI,2021,6,REG,GB,CHI,21.981,22.352,24.0,14.0,0.37,-10.0,44.333,38.0,46.85,65.38,61.08,58.27,56.14,60.035,53.15,62.03,58.93,60.08,59.09,59.79,63.57,60.74,58.3,64.71,8.352,-2.0189999999999984,-5.5,44.0
2021_06_HOU_IND,2021,6,REG,HOU,IND,21.215,23.141,3.0,31.0,1.926,28.0,44.356,34.0,58.97,67.37,62.09,59.52,59.43,58.895,59.78,62.87,62.61,57.62,62.38,60.18,62.66,57.71,49.06,54.88,-7.859000000000002,18.215,10.5,43.5
2021_06_KC_WAS,2021,6,REG,KC,WAS,22.241,22.23,31.0,13.0,-0.011,-18.0,44.471,44.0,54.83,68.02,60.59,60.01,56.2,64.445,56.74,64.66,58.7,57.46,60.8,62.18,58.46,63.02,56.87,64.09,9.23,-8.759,-6.0,54.0
2021_06_LAC_BAL,2021,6,REG,LAC,BAL,21.896,23.969,6.0,34.0,2.072,28.0,45.865,40.0,64.53,63.63,60.39,61.16,62.12,61.72,62.32,62.04,63.36,62.25,61.43,59.69,58.85,60.18,65.09,55.64,-10.030999999999999,15.896,3.0,50.5
2021_06_LA_NYG,2021,6,REG,LA,NYG,21.986,22.899,38.0,11.0,0.913,-27.0,44.885,49.0,58.62,64.83,58.44,60.76,58.04,62.145,58.57,62.73,57.35,60.96,59.96,59.27,61.71,63.83,65.3,60.08,11.899000000000001,-16.014,-7.5,49.5
2021_06_LV_DEN,2021,6,REG,LV,DEN,21.834,23.141,34.0,24.0,1.307,-10.0,44.976,58.0,53.51,61.86,60.31,58.2,58.615,62.34,56.52,61.12,59.3,58.58,60.82,57.07,58.79,60.3,60.61,61.72,-0.8590000000000018,-12.166,5.0,45.5
2021_06_MIA_JAX,2021,6,REG,MIA,JAX,21.772,22.735,20.0,23.0,0.963,3.0,44.507,43.0,51.84,52.86,62.47,58.33,58.545,57.74,56.21,55.56,61.83,57.45,57.98,61.02,55.8,60.6,57.35,63.75,-0.26500000000000057,1.7719999999999985,-2.5,47.5
2021_06_MIN_CAR,2021,6,REG,MIN,CAR,21.892,22.481,34.0,28.0,0.589,-6.0,44.373,62.0,56.0,63.88,60.32,57.1,55.83,62.545,56.87,61.78,59.56,59.51,59.94,60.68,57.59,60.95,53.34,55.12,-5.518999999999998,-12.108,-2.5,45.5
2021_06_SEA_PIT,2021,6,REG,SEA,PIT,20.359,23.095,20.0,23.0,2.736,3.0,43.454,43.0,58.18,51.46,57.46,56.96,59.515,63.255,58.1,56.39,58.6,59.33,65.46,59.86,65.46,58.63,60.78,60.49,0.09499999999999886,0.35900000000000176,5.5,43.0
2021_06_TB_PHI,2021,6,REG,TB,PHI,22.16,22.357,28.0,22.0,0.197,-6.0,44.517,50.0,57.07,65.26,58.36,63.46,59.895,63.545,57.69,64.09,59.32,62.0,58.52,63.18,60.67,61.56,56.24,53.19,0.3569999999999993,-5.84,-7.0,53.0
2021_07_ATL_MIA,2021,7,REG,ATL,MIA,21.767,22.857,30.0,28.0,1.089,-2.0,44.624,58.0,56.99,61.78,58.99,59.24,58.335,59.8,57.7,60.12,57.8,57.68,58.98,59.36,61.39,61.67,61.81,64.47,-5.143000000000001,-8.233,-1.5,48.5
2021_07_CAR_NYG,2021,7,REG,CAR,NYG,21.08,22.934,3.0,25.0,1.854,22.0,44.013,28.0,58.65,56.6,58.03,61.54,57.865,56.195,58.45,57.4,56.1,60.39,60.05,61.98,61.8,58.57,65.97,52.82,-2.065999999999999,18.08,-3.0,42.5
2021_07_CHI_TB,2021,7,REG,CHI,TB,20.639,23.036,3.0,38.0,2.397,35.0,43.675,41.0,64.44,51.45,63.8,61.41,63.635,56.985,63.86,55.5,62.29,59.24,63.51,60.78,61.77,64.95,51.64,57.92,-14.963999999999999,17.639,12.5,47.0
2021_07_CIN_BAL,2021,7,REG,CIN,BAL,21.323,23.565,41.0,17.0,2.242,-24.0,44.887,58.0,63.8,60.92,62.06,61.98,62.265,60.795,62.36,61.06,58.4,60.6,62.6,60.12,60.24,61.12,67.16,52.66,6.565000000000001,-19.677,6.5,45.5
2021_07_DEN_CLE,2021,7,REG,DEN,CLE,21.641,23.75,14.0,17.0,2.109,3.0,45.392,31.0,58.74,58.27,61.95,62.29,61.33,59.055,60.35,59.16,62.19,60.35,61.76,59.19,59.85,58.85,63.17,63.12,6.75,7.640999999999998,2.0,40.5
2021_07_DET_LA,2021,7,REG,DET,LA,20.613,23.998,19.0,28.0,3.385,9.0,44.611,47.0,63.88,60.18,61.16,55.19,62.305,58.73,62.45,58.44,61.15,57.01,59.65,58.8,64.58,56.29,59.99,49.05,-4.001999999999999,1.6129999999999995,17.0,51.0
2021_07_HOU_ARI,2021,7,REG,HOU,ARI,20.226,23.622,5.0,31.0,3.396,26.0,43.848,36.0,62.08,53.41,61.43,57.29,59.465,58.0,61.2,55.82,60.39,55.99,64.13,60.14,61.48,57.62,61.3,53.97,-7.378,15.225999999999999,20.5,47.0
2021_07_IND_SF,2021,7,REG,IND,SF,22.076,22.751,30.0,18.0,0.675,-12.0,44.827,48.0,60.28,59.47,63.96,62.07,62.415,58.31,61.46,59.5,60.41,63.18,55.48,62.57,57.63,62.97,55.26,47.16,4.751000000000001,-7.9239999999999995,3.5,41.5
2021_07_KC_TEN,2021,7,REG,KC,TEN,22.531,22.914,3.0,27.0,0.383,24.0,45.445,30.0,63.47,66.98,62.27,61.29,57.315,64.695,61.34,64.59,61.42,58.97,59.99,62.2,59.21,63.29,57.38,67.98,-4.0859999999999985,19.531,-4.0,57.5
2021_07_NO_SEA,2021,7,REG,NO,SEA,21.952,22.511,13.0,10.0,0.559,-3.0,44.463,23.0,51.85,58.23,58.69,57.72,62.765,61.98,56.79,59.52,58.73,60.09,59.68,61.54,58.18,61.65,59.45,61.86,12.511,8.952000000000002,-6.0,42.0
2021_07_NYJ_NE,2021,7,REG,NYJ,NE,20.598,22.647,13.0,54.0,2.05,41.0,43.245,67.0,57.88,53.17,57.32,60.62,56.385,55.3,57.66,55.29,54.86,57.32,62.43,58.53,58.15,61.65,60.04,51.4,-31.353,7.597999999999999,7.0,43.0
2021_07_PHI_LV,2021,7,REG,PHI,LV,21.424,23.209,22.0,33.0,1.784,11.0,44.633,55.0,62.41,57.81,58.51,56.1,62.855,59.81,61.69,57.55,58.71,58.36,57.14,60.3,60.4,61.95,61.46,54.64,-9.791,-0.5760000000000005,1.0,48.0
2021_07_WAS_GB,2021,7,REG,WAS,GB,21.346,23.674,10.0,24.0,2.328,14.0,45.02,34.0,65.37,55.1,58.17,62.05,60.02,55.805,62.08,56.79,60.06,59.1,58.52,60.88,60.33,58.64,64.78,56.74,-0.3260000000000005,11.346,8.5,48.0
2021_08_CAR_ATL,2021,8,REG,CAR,ATL,21.074,23.357,19.0,13.0,2.283,-6.0,44.431,32.0,62.1,56.34,59.49,61.63,62.36,56.005,60.95,57.32,58.65,60.26,59.61,61.94,62.4,58.91,65.76,53.12,10.357,2.0740000000000016,2.5,47.0
2021_08_CIN_NYJ,2021,8,REG,CIN,NYJ,22.306,21.988,31.0,34.0,-0.318,3.0,44.294,65.0,57.75,61.74,61.11,62.13,55.765,62.795,57.61,62.06,57.41,61.22,57.07,61.68,59.23,61.66,47.1,57.12,-12.012,-8.693999999999999,-11.5,43.5
2021_08_DAL_MIN,2021,8,REG,DAL,MIN,21.802,23.121,20.0,16.0,1.319,-4.0,44.922,36.0,64.05,63.51,56.2,60.11,60.36,59.945,61.4,61.61,58.17,59.94,60.98,61.14,59.73,55.62,51.27,59.25,7.120999999999999,1.8019999999999996,4.5,49.5
2021_08_GB_ARI,2021,8,REG,GB,ARI,21.92,23.407,24.0,21.0,1.487,-3.0,45.327,45.0,62.38,65.97,59.07,58.28,60.24,61.28,61.12,62.69,59.39,60.45,61.88,59.27,61.45,60.7,61.57,64.03,2.407,-2.0799999999999983,6.5,51.0
2021_08_JAX_SEA,2021,8,REG,JAX,SEA,21.781,23.311,7.0,31.0,1.529,24.0,45.092,38.0,51.51,56.4,58.88,62.65,63.365,59.015,56.86,58.47,58.86,61.63,59.57,57.56,58.8,55.77,57.5,58.3,-7.689,14.780999999999999,4.0,44.0
2021_08_LA_HOU,2021,8,REG,LA,HOU,22.257,22.853,38.0,22.0,0.595,-16.0,45.11,60.0,67.38,64.42,57.47,61.45,58.175,62.77,62.21,62.95,56.02,61.13,60.22,59.48,58.99,62.85,55.85,61.51,0.8530000000000015,-15.742999999999999,-17.0,47.0
2021_08_MIA_BUF,2021,8,REG,MIA,BUF,20.667,23.174,11.0,26.0,2.506,15.0,43.841,37.0,63.49,57.81,58.63,59.32,60.725,59.15,61.12,58.4,58.77,58.21,66.97,61.04,61.0,61.14,62.36,60.57,-2.8260000000000005,9.667000000000002,15.0,48.5
2021_08_NE_LAC,2021,8,REG,NE,LAC,21.657,23.398,27.0,24.0,1.741,-3.0,45.055,51.0,62.64,58.78,61.49,60.63,61.65,62.14,61.66,59.98,61.97,58.88,60.17,62.16,60.73,57.66,56.85,61.67,-0.6020000000000003,-5.343,3.5,50.5
2021_08_NYG_KC,2021,8,REG,NYG,KC,21.168,23.701,17.0,20.0,2.533,3.0,44.869,37.0,66.89,58.55,61.57,58.34,64.865,57.19,64.61,58.09,59.17,56.48,61.64,59.9,63.4,62.49,65.25,67.79,3.7010000000000005,4.167999999999999,10.5,53.0
2021_08_PHI_DET,2021,8,REG,PHI,DET,21.832,22.377,44.0,6.0,0.545,-38.0,44.21,50.0,60.36,57.76,55.59,59.48,59.155,61.325,58.8,58.7,57.28,60.41,58.5,60.15,56.83,62.14,50.89,54.77,16.377,-22.168,-3.0,48.5
2021_08_PIT_CLE,2021,8,REG,PIT,CLE,21.265,23.172,15.0,10.0,1.907,-5.0,44.437,25.0,59.0,59.13,62.4,58.33,61.895,59.985,60.68,58.89,62.58,58.67,63.89,61.45,59.95,63.8,62.37,63.35,13.172,6.265000000000001,5.5,43.0
2021_08_SF_CHI,2021,8,REG,SF,CHI,21.587,23.333,33.0,22.0,1.746,-11.0,44.92,55.0,49.59,60.25,61.73,64.16,57.475,62.765,54.83,61.57,59.83,61.67,60.82,55.62,63.14,57.77,60.24,56.75,1.3329999999999984,-11.413,-4.5,40.0
2021_08_TB_NO,2021,8,REG,TB,NO,21.861,22.533,27.0,36.0,0.672,9.0,44.393,63.0,58.44,64.8,58.2,64.03,61.435,64.165,59.24,64.23,60.6,62.61,60.81,64.77,60.93,63.2,61.41,50.67,-13.466999999999999,-5.138999999999999,-4.0,48.5
2021_08_TEN_IND,2021,8,REG,TEN,IND,21.381,23.014,34.0,31.0,1.633,-3.0,44.394,65.0,59.54,64.28,59.36,61.7,59.395,57.935,59.49,61.83,61.73,61.22,63.28,60.43,63.52,60.22,53.69,58.9,-7.986000000000001,-12.619,3.0,51.0
2021_08_WAS_DEN,2021,8,REG,WAS,DEN,20.804,23.495,10.0,17.0,2.691,7.0,44.3,27.0,54.57,54.8,62.32,60.25,59.26,57.06,57.56,56.87,60.42,58.38,59.53,58.07,59.02,58.62,64.06,44.51,6.495000000000001,10.803999999999998,4.0,45.0
2021_09_ARI_SF,2021,9,REG,ARI,SF,22.553,22.999,31.0,17.0,0.447,-14.0,45.552,48.0,60.95,62.32,63.74,59.53,63.025,60.705,61.87,61.27,61.22,59.79,55.5,61.94,57.59,61.31,54.09,60.85,5.998999999999999,-8.447,5.5,44.5
2021_09_ATL_NO,2021,9,REG,ATL,NO,21.516,23.971,27.0,25.0,2.455,-2.0,45.487,52.0,68.02,61.84,60.05,59.93,60.68,61.965,63.85,60.94,61.03,58.49,61.31,57.12,62.78,60.95,60.31,63.22,-1.029,-5.484000000000002,7.0,43.0
2021_09_BUF_JAX,2021,9,REG,BUF,JAX,22.419,22.26,6.0,9.0,-0.159,3.0,44.678,15.0,56.04,63.94,58.59,59.03,58.495,61.025,57.13,61.46,59.95,58.92,57.8,65.71,55.84,60.88,59.39,61.34,13.260000000000002,16.419,-14.5,48.0
2021_09_CHI_PIT,2021,9,REG,CHI,PIT,20.259,22.989,27.0,29.0,2.73,2.0,43.248,56.0,59.67,50.43,59.12,62.32,60.7,57.515,59.43,55.34,59.85,59.58,64.43,60.23,65.5,63.64,62.73,57.64,-6.010999999999999,-6.741,7.0,40.0
2021_09_CLE_CIN,2021,9,REG,CLE,CIN,21.577,23.847,41.0,16.0,2.269,-25.0,45.424,57.0,61.72,58.99,62.41,59.63,62.71,61.41,62.04,59.89,61.4,61.06,61.59,58.08,61.6,59.07,60.18,61.14,7.847000000000001,-19.423,2.5,47.5
2021_09_DEN_DAL,2021,9,REG,DEN,DAL,22.075,23.597,30.0,16.0,1.522,-14.0,45.671,46.0,63.41,58.62,61.28,62.61,59.865,59.13,61.84,59.37,60.06,60.18,60.46,58.87,54.76,58.56,58.08,60.72,7.597000000000001,-7.925000000000001,10.5,50.0
2021_09_GB_KC,2021,9,REG,GB,KC,21.908,23.898,7.0,13.0,1.99,6.0,45.805,20.0,66.92,66.24,62.15,57.58,64.935,62.09,64.77,62.95,61.49,60.27,60.64,60.74,63.75,60.86,64.48,64.49,10.898,14.908000000000001,7.0,48.0
2021_09_HOU_MIA,2021,9,REG,HOU,MIA,20.287,23.07,9.0,17.0,2.783,8.0,43.357,26.0,57.45,52.32,60.14,56.32,59.34,58.62,58.37,55.43,58.65,55.36,62.33,60.68,61.36,58.29,60.85,52.78,6.07,11.286999999999999,4.0,45.0
2021_09_LAC_PHI,2021,9,REG,LAC,PHI,21.65,22.958,27.0,24.0,1.308,-3.0,44.608,51.0,57.92,62.43,61.31,61.32,61.225,61.68,59.08,61.53,61.08,61.98,60.31,60.02,62.75,60.89,54.8,55.77,-1.0420000000000016,-5.350000000000001,-1.0,49.5
2021_09_LV_NYG,2021,9,REG,LV,NYG,21.817,23.106,16.0,23.0,1.289,7.0,44.923,39.0,58.37,63.06,58.65,59.0,58.315,63.625,58.53,62.33,56.92,59.29,59.76,58.89,62.44,62.12,67.17,60.92,0.10600000000000165,5.817,-3.0,47.0
2021_09_MIN_BAL,2021,9,REG,MIN,BAL,20.796,23.39,31.0,34.0,2.594,3.0,44.187,65.0,63.71,63.85,61.66,57.14,62.885,60.425,62.37,61.46,58.46,58.54,65.29,61.97,61.98,60.52,66.35,52.66,-10.61,-10.204,7.5,51.0
2021_09_NE_CAR,2021,9,REG,NE,CAR,21.637,22.612,24.0,6.0,0.975,-18.0,44.25,30.0,56.3,59.29,61.69,61.42,55.99,62.34,57.26,60.37,60.45,59.09,61.57,62.83,59.06,58.01,53.98,60.26,16.612,-2.3629999999999995,-3.5,41.5
2021_09_NYJ_IND,2021,9,REG,NYJ,IND,20.928,23.56,30.0,45.0,2.632,15.0,44.488,75.0,59.19,57.79,62.55,63.15,59.465,57.85,59.92,59.03,63.29,59.13,60.19,56.45,62.11,60.43,53.29,48.1,-21.44,-9.072,10.5,46.0
2021_09_TEN_LA,2021,9,REG,TEN,LA,21.74,23.559,28.0,16.0,1.819,-12.0,45.299,44.0,64.67,64.6,61.84,63.02,63.17,59.17,63.26,62.71,61.47,61.85,60.39,60.57,64.09,60.86,59.56,57.93,7.559000000000001,-6.260000000000002,7.0,53.5
2021_10_ATL_DAL,2021,10,REG,ATL,DAL,22.511,23.655,3.0,43.0,1.144,40.0,46.166,46.0,63.84,62.74,61.4,60.11,59.81,62.27,61.96,61.44,60.31,61.14,60.15,57.48,55.03,60.5,58.78,64.11,-19.345,19.511,8.0,55.0
2021_10_BAL_MIA,2021,10,REG,BAL,MIA,21.586,22.358,10.0,22.0,0.771,12.0,43.944,32.0,57.87,64.3,60.59,62.2,58.715,62.255,58.34,62.61,58.91,58.59,64.1,65.43,62.38,61.99,62.02,66.96,0.35800000000000054,11.585999999999999,-8.5,46.5
2021_10_BUF_NYJ,2021,10,REG,BUF,NYJ,22.216,22.104,45.0,17.0,-0.113,-28.0,44.32,62.0,57.87,63.7,63.53,59.18,58.135,61.03,59.18,61.39,59.29,58.9,56.87,65.32,60.41,60.78,50.18,62.71,5.103999999999999,-22.784,-13.0,47.0
2021_10_CAR_ARI,2021,10,REG,CAR,ARI,21.163,23.435,34.0,10.0,2.272,-24.0,44.599,44.0,63.16,56.37,62.06,61.8,59.3,54.94,61.51,57.07,61.32,60.27,60.32,62.04,61.08,59.22,62.05,55.35,13.434999999999999,-12.837,7.0,42.0
2021_10_CLE_NE,2021,10,REG,CLE,NE,21.655,22.848,7.0,45.0,1.193,38.0,44.504,52.0,59.31,58.99,61.69,59.97,56.565,60.755,59.26,59.69,56.9,61.06,63.05,61.31,58.27,59.45,60.13,61.13,-22.152,14.655000000000001,2.5,45.5
2021_10_DET_PIT,2021,10,REG,DET,PIT,20.223,24.009,16.0,16.0,3.786,0.0,44.232,32.0,59.57,60.15,59.46,56.07,61.99,59.6,59.73,59.01,60.17,56.73,64.96,56.99,65.78,55.92,63.79,54.45,8.009,4.222999999999999,9.0,43.0
2021_10_JAX_IND,2021,10,REG,JAX,IND,21.007,23.734,17.0,23.0,2.727,6.0,44.741,40.0,60.62,55.8,62.65,57.19,59.655,58.535,60.67,56.77,63.57,59.17,61.39,58.1,62.46,56.59,52.2,59.71,0.7340000000000018,4.0070000000000014,10.5,47.5
2021_10_KC_LV,2021,10,REG,KC,LV,22.598,22.718,41.0,14.0,0.12,-27.0,45.316,55.0,62.99,66.8,56.58,62.33,61.005,65.11,60.53,64.87,58.38,59.28,57.87,62.12,60.92,63.9,61.29,66.03,8.718,-18.402,-2.5,53.5
2021_10_LA_SF,2021,10,REG,LA,SF,22.709,23.058,10.0,31.0,0.348,21.0,45.767,41.0,61.18,64.84,64.54,62.32,63.185,62.7,62.21,63.32,61.67,61.28,56.99,61.37,58.24,64.54,58.42,61.71,-7.942,12.709,-3.5,50.0
2021_10_MIN_LAC,2021,10,REG,MIN,LAC,21.433,23.347,27.0,20.0,1.914,-7.0,44.78,47.0,63.7,64.42,61.84,57.49,61.72,60.265,62.24,61.82,62.1,58.59,60.71,60.73,61.08,60.96,56.33,53.88,3.3470000000000013,-5.567,3.0,53.5
2021_10_NO_TEN,2021,10,REG,NO,TEN,22.041,22.938,21.0,23.0,0.897,2.0,44.979,44.0,64.79,67.75,63.14,60.41,59.155,61.145,62.66,63.94,62.11,61.44,61.17,63.44,61.88,64.54,58.83,60.88,-0.062000000000001165,1.0410000000000004,3.0,44.0
2021_10_PHI_DEN,2021,10,REG,PHI,DEN,21.964,22.861,30.0,13.0,0.897,-17.0,44.825,43.0,59.36,58.69,59.87,61.54,59.045,61.425,59.18,59.65,58.95,61.01,58.21,60.5,58.21,62.68,60.76,56.3,9.861,-8.036000000000001,1.0,44.5
2021_10_SEA_GB,2021,10,REG,SEA,GB,21.298,24.216,0.0,17.0,2.918,17.0,45.513,17.0,66.6,53.07,60.68,60.03,61.68,62.705,63.56,57.67,61.6,59.21,60.34,57.63,61.44,58.71,63.2,59.88,7.216000000000001,21.298,3.0,49.5
2021_10_TB_WAS,2021,10,REG,TB,WAS,22.168,21.864,19.0,29.0,-0.304,10.0,44.032,48.0,54.84,65.56,60.59,64.43,56.92,60.115,56.89,63.84,58.47,60.99,58.1,64.96,58.89,63.13,55.22,51.5,-7.135999999999999,3.1679999999999993,-10.0,51.0
2021_11_ARI_SEA,2021,11,REG,ARI,SEA,22.419,22.796,23.0,13.0,0.377,-10.0,45.216,36.0,52.66,62.26,60.34,62.14,63.015,60.655,57.56,61.78,60.42,60.91,57.9,61.75,58.88,60.75,60.22,62.77,9.796,-0.5809999999999995,2.5,46.0
2021_11_BAL_CHI,2021,11,REG,BAL,CHI,21.953,22.026,16.0,13.0,0.072,-3.0,43.979,29.0,52.13,63.47,62.5,59.85,58.045,62.31,56.24,61.74,60.06,57.59,58.49,65.64,62.85,62.27,58.1,66.54,9.026,5.952999999999999,-5.0,43.0
2021_11_CIN_LV,2021,11,REG,CIN,LV,22.297,23.489,32.0,13.0,1.192,-19.0,45.786,45.0,62.72,60.99,56.79,62.71,62.15,61.855,61.03,61.47,58.45,61.46,57.59,58.38,60.79,60.02,62.03,62.28,10.489,-9.703,-1.0,50.5
2021_11_DAL_KC,2021,11,REG,DAL,KC,21.506,24.143,9.0,19.0,2.637,10.0,45.649,28.0,66.84,63.65,62.42,61.28,65.8,60.44,65.16,62.14,59.6,60.19,61.18,61.37,64.33,55.92,65.48,59.22,5.143000000000001,12.506,2.5,56.0
2021_11_DET_CLE,2021,11,REG,DET,CLE,20.551,24.038,10.0,13.0,3.486,3.0,44.589,23.0,58.75,59.99,60.41,57.4,60.69,59.95,59.58,59.34,61.27,57.66,63.07,56.56,61.76,55.82,61.51,47.52,11.038,10.550999999999998,13.0,42.5
2021_11_GB_MIN,2021,11,REG,GB,MIN,22.135,23.16,31.0,34.0,1.025,3.0,45.294,65.0,63.94,66.0,58.32,58.83,60.78,62.045,61.98,63.1,59.24,60.77,60.59,59.75,61.06,60.46,54.23,63.61,-10.84,-8.864999999999998,-1.0,48.0
2021_11_HOU_TEN,2021,11,REG,HOU,TEN,20.452,23.371,22.0,13.0,2.919,-9.0,43.824,35.0,64.37,52.14,63.37,56.26,59.895,57.745,62.92,54.94,62.12,55.43,60.97,63.12,61.93,60.07,59.68,55.58,10.370999999999999,-1.5479999999999983,10.5,44.5
2021_11_IND_BUF,2021,11,REG,IND,BUF,21.171,23.442,41.0,15.0,2.271,-26.0,44.614,56.0,63.45,60.01,59.57,62.85,61.535,59.715,61.52,60.49,60.29,63.24,65.05,59.55,61.49,62.14,63.16,54.13,8.442,-19.829,7.5,49.5
2021_11_MIA_NYJ,2021,11,REG,MIA,NYJ,22.038,21.848,24.0,17.0,-0.189,-7.0,43.886,41.0,54.28,57.62,62.74,61.01,57.555,59.445,57.05,58.77,58.91,58.84,56.28,64.56,60.33,62.94,52.18,63.51,4.847999999999999,-1.9619999999999997,-3.5,44.5
2021_11_NE_ATL,2021,11,REG,NE,ATL,22.142,23.243,25.0,0.0,1.101,-25.0,45.385,25.0,61.96,59.69,60.23,61.86,61.765,63.305,61.01,60.95,58.45,59.52,57.02,62.98,60.31,58.37,64.81,61.03,23.243,-2.8580000000000005,-7.0,47.5
2021_11_NO_PHI,2021,11,REG,NO,PHI,21.673,22.4,29.0,40.0,0.727,11.0,44.072,69.0,58.33,52.19,61.83,60.65,61.875,61.295,59.72,57.08,61.35,61.4,58.28,63.53,61.41,66.19,57.83,61.22,-17.6,-7.327000000000002,2.5,42.5
2021_11_NYG_TB,2021,11,REG,NYG,TB,20.961,23.207,10.0,30.0,2.246,20.0,44.168,40.0,64.95,58.34,64.6,58.72,59.745,58.515,63.43,58.61,60.98,57.22,64.69,59.6,63.59,62.59,51.98,68.18,-6.792999999999999,10.960999999999999,11.5,49.5
2021_11_PIT_LAC,2021,11,REG,PIT,LAC,21.853,23.194,37.0,41.0,1.341,4.0,45.046,78.0,62.69,59.42,62.16,59.66,61.795,60.745,61.9,59.45,62.16,59.73,59.32,60.32,60.86,63.7,57.38,64.36,-17.806,-15.146999999999998,5.5,47.5
2021_11_SF_JAX,2021,11,REG,SF,JAX,22.613,23.146,30.0,10.0,0.533,-20.0,45.759,40.0,55.1,61.46,57.62,64.76,58.68,63.795,56.56,62.61,59.5,61.33,57.97,57.19,56.78,59.04,58.18,60.87,13.146,-7.3870000000000005,-6.5,45.0
2021_11_WAS_CAR,2021,11,REG,WAS,CAR,21.251,23.006,27.0,21.0,1.756,-6.0,44.257,48.0,55.85,54.63,59.1,61.43,55.07,57.175,56.35,57.08,59.19,58.85,60.28,57.64,59.31,58.5,55.97,56.74,2.0060000000000002,-5.748999999999999,3.5,43.0
2021_12_ATL_JAX,2021,12,REG,ATL,JAX,22.526,23.215,21.0,14.0,0.689,-7.0,45.74,35.0,57.51,62.24,58.36,60.38,59.61,60.795,58.22,60.79,59.97,60.87,58.17,57.67,56.06,60.74,59.14,63.46,9.215,1.5259999999999998,-1.5,46.0
2021_12_BUF_NO,2021,12,REG,BUF,NO,20.905,22.702,31.0,6.0,1.797,-25.0,43.607,37.0,54.18,64.2,59.81,58.11,62.03,61.035,57.99,61.42,61.29,59.72,65.59,64.65,65.81,60.7,62.57,61.27,16.702,-10.094999999999999,-7.0,45.0
2021_12_CAR_MIA,2021,12,REG,CAR,MIA,20.701,23.258,10.0,33.0,2.557,23.0,43.959,43.0,59.28,56.88,61.5,62.29,59.51,55.385,59.63,57.53,59.2,60.95,64.98,60.64,63.0,59.31,63.05,57.1,-9.742,10.701,-1.0,41.0
2021_12_CHI_DET,2021,12,REG,CHI,DET,21.86,22.301,16.0,14.0,0.441,-2.0,44.162,30.0,60.37,54.63,56.9,60.05,60.01,58.51,59.41,57.05,57.82,59.13,57.02,59.41,55.82,64.43,48.78,56.42,8.300999999999998,5.859999999999999,-2.0,41.5
2021_12_CLE_BAL,2021,12,REG,CLE,BAL,20.994,23.113,10.0,16.0,2.119,6.0,44.107,26.0,64.37,59.16,60.95,61.2,62.15,61.36,62.29,60.23,58.18,61.75,66.39,63.59,62.96,62.12,67.42,59.47,7.1129999999999995,10.994,3.0,47.0
2021_12_LAC_DEN,2021,12,REG,LAC,DEN,22.315,23.04,13.0,28.0,0.725,15.0,45.354,41.0,59.16,64.28,60.49,62.77,59.43,61.91,59.31,62.81,59.19,62.59,58.58,60.62,60.08,60.58,60.79,58.33,-4.960000000000001,9.315000000000001,-2.5,47.5
2021_12_LA_GB,2021,12,REG,LA,GB,22.011,23.526,28.0,36.0,1.515,8.0,45.537,64.0,67.23,64.36,57.58,62.56,62.15,62.825,63.45,63.2,60.19,61.31,61.6,60.05,61.82,62.84,63.03,63.31,-12.474,-5.989000000000001,-2.0,47.0
2021_12_LV_DAL,2021,12,REG,LV,DAL,21.96,23.629,36.0,33.0,1.67,-3.0,45.589,69.0,63.71,63.21,62.17,57.91,60.345,62.51,62.31,61.56,60.62,59.27,62.71,58.11,56.15,61.3,59.81,62.35,-9.370999999999999,-14.04,7.0,51.0
2021_12_MIN_SF,2021,12,REG,MIN,SF,22.275,23.921,26.0,34.0,1.646,8.0,46.197,60.0,62.04,64.67,65.11,58.76,64.385,61.315,63.12,62.56,61.83,59.66,56.59,58.8,58.24,59.83,61.73,54.87,-10.079,-3.7250000000000014,3.5,49.0
2021_12_NYJ_HOU,2021,12,REG,NYJ,HOU,20.436,22.687,21.0,14.0,2.251,-7.0,43.123,35.0,54.47,56.63,56.77,62.34,58.68,58.47,56.58,58.34,55.48,59.4,64.36,56.6,61.9,60.67,55.79,47.59,8.687000000000001,-0.5640000000000001,3.0,44.5
2021_12_PHI_NYG,2021,12,REG,PHI,NYG,21.556,23.007,7.0,13.0,1.451,6.0,44.564,20.0,58.59,59.25,60.99,60.85,58.58,61.725,59.18,59.9,58.4,60.61,59.99,61.32,62.73,63.01,68.23,59.4,10.007000000000001,14.556000000000001,-4.0,45.5
2021_12_PIT_CIN,2021,12,REG,PIT,CIN,21.6,23.597,10.0,41.0,1.997,31.0,45.197,51.0,62.46,59.97,63.12,59.96,61.72,60.1,62.2,59.65,61.75,60.03,61.45,60.64,62.13,63.99,68.84,64.91,-17.403,11.600000000000001,3.5,43.5
2021_12_SEA_WAS,2021,12,REG,SEA,WAS,21.923,23.166,15.0,17.0,1.243,2.0,45.088,32.0,56.0,53.17,61.83,60.67,57.495,63.105,57.91,57.88,59.08,60.55,57.87,58.07,58.55,58.92,58.01,60.51,6.166,6.922999999999998,-1.0,47.0
2021_12_TB_IND,2021,12,REG,TB,IND,21.892,22.636,38.0,31.0,0.744,-7.0,44.528,69.0,60.4,65.57,63.18,64.93,59.975,64.34,60.8,64.85,63.95,62.94,60.94,65.1,62.56,63.58,55.17,52.63,-8.364,-16.108,-3.0,53.0
2021_12_TEN_NE,2021,12,REG,TEN,NE,21.872,23.163,13.0,36.0,1.292,23.0,45.035,49.0,60.83,65.31,62.09,63.81,62.475,59.69,61.08,63.3,59.72,62.39,64.31,60.95,59.28,61.78,61.39,59.8,-12.837,8.872,7.5,43.0
2021_13_ARI_CHI,2021,13,REG,ARI,CHI,21.768,22.458,33.0,22.0,0.69,-11.0,44.227,55.0,54.79,62.97,60.9,61.65,58.21,60.655,57.13,61.81,59.72,61.08,59.82,62.34,64.21,61.16,56.53,61.18,0.4579999999999984,-11.232,-7.5,43.5
2021_13_BAL_PIT,2021,13,REG,BAL,PIT,21.851,21.764,19.0,20.0,-0.087,1.0,43.615,39.0,59.97,64.06,60.2,61.35,60.5,61.985,59.78,62.2,60.33,58.38,60.5,65.1,63.61,62.5,40.83,67.97,1.7639999999999993,2.850999999999999,-4.0,44.0
2021_13_DAL_NO,2021,13,REG,DAL,NO,20.776,23.699,27.0,17.0,2.923,-10.0,44.475,44.0,54.87,63.87,60.97,59.6,61.975,59.335,58.53,61.33,61.91,59.64,65.91,60.3,65.36,54.85,62.5,58.42,6.699000000000002,-6.224,-6.0,46.0
2021_13_DEN_KC,2021,13,REG,DEN,KC,21.167,24.205,9.0,22.0,3.037,13.0,45.372,31.0,67.27,59.3,62.85,61.69,64.63,59.41,64.83,59.65,60.06,60.41,61.93,58.19,64.87,58.81,64.17,59.81,2.2049999999999983,12.167000000000002,8.5,46.5
2021_13_IND_HOU,2021,13,REG,IND,HOU,21.435,22.296,31.0,0.0,0.86,-31.0,43.731,31.0,54.78,60.59,57.21,63.33,58.76,60.63,56.85,61.06,57.12,64.43,64.17,60.14,61.89,62.5,54.9,55.45,22.296,-9.565000000000001,-10.0,45.5
2021_13_JAX_LA,2021,13,REG,JAX,LA,21.231,24.292,7.0,37.0,3.062,30.0,45.523,44.0,64.31,57.96,62.79,59.93,62.78,57.44,63.26,58.21,61.58,59.92,60.85,58.63,63.06,56.05,63.52,59.84,-12.707999999999998,14.231000000000002,14.0,48.0
2021_13_LAC_CIN,2021,13,REG,LAC,CIN,21.813,23.915,41.0,22.0,2.102,-19.0,45.728,63.0,62.7,64.39,59.57,63.14,62.09,62.135,61.81,63.03,60.38,62.83,61.79,59.9,62.24,60.25,71.4,57.22,1.9149999999999991,-19.187,2.5,49.5
2021_13_MIN_DET,2021,13,REG,MIN,DET,22.468,22.574,27.0,29.0,0.106,2.0,45.042,56.0,60.52,64.62,57.13,58.38,60.25,63.785,59.61,63.01,58.13,60.45,57.08,60.06,55.72,60.87,49.45,53.53,-6.425999999999998,-4.532,-7.0,47.5
2021_13_NE_BUF,2021,13,REG,NE,BUF,21.785,23.051,14.0,10.0,1.266,-4.0,44.836,24.0,64.54,61.51,58.32,62.48,61.635,63.36,61.8,62.0,60.09,59.92,63.06,64.6,58.54,59.7,61.59,61.03,13.050999999999998,7.785,3.0,40.0
2021_13_NYG_MIA,2021,13,REG,NYG,MIA,21.057,23.131,9.0,20.0,2.074,11.0,44.188,29.0,59.44,58.91,61.88,61.03,60.075,58.84,60.0,59.42,59.53,58.71,65.39,60.26,63.1,62.5,63.32,66.56,3.1310000000000002,12.056999999999999,6.5,40.0
2021_13_PHI_NYJ,2021,13,REG,PHI,NYJ,22.0,22.329,33.0,18.0,0.329,-15.0,44.329,51.0,56.74,58.9,62.61,61.07,58.68,61.635,58.52,59.76,59.73,60.43,56.61,60.67,60.64,62.64,48.08,58.43,4.329000000000001,-11.0,-5.0,44.0
2021_13_SF_SEA,2021,13,REG,SF,SEA,22.506,23.306,23.0,30.0,0.8,7.0,45.813,53.0,53.26,61.98,60.84,65.27,63.425,64.735,58.13,63.3,60.76,64.26,60.37,58.64,58.64,59.47,60.3,60.64,-6.693999999999999,-0.4939999999999998,-3.0,44.5
2021_13_TB_ATL,2021,13,REG,TB,ATL,22.462,22.577,30.0,17.0,0.114,-13.0,45.039,47.0,62.37,65.45,60.44,65.1,60.89,65.285,60.95,65.05,58.5,63.73,57.71,65.19,60.47,63.33,63.36,52.49,5.577000000000002,-7.538,-11.0,51.0
2021_13_WAS_LV,2021,13,REG,WAS,LV,21.404,23.856,17.0,15.0,2.452,-2.0,45.26,32.0,63.44,56.1,57.67,62.33,63.22,57.66,61.88,58.12,59.5,59.6,58.7,58.06,61.49,58.38,63.06,56.44,8.856000000000002,4.404,1.0,47.5
2021_14_ATL_CAR,2021,14,REG,ATL,CAR,21.91,23.042,29.0,21.0,1.131,-8.0,44.952,50.0,56.61,62.34,62.81,60.54,54.975,61.14,57.42,60.96,60.9,58.83,60.51,58.2,58.92,60.67,56.39,63.0,2.0420000000000016,-7.09,2.5,41.0
2021_14_BAL_CLE,2021,14,REG,BAL,CLE,21.859,22.736,22.0,24.0,0.877,2.0,44.595,46.0,58.35,64.52,61.5,61.36,61.38,62.1,59.94,62.47,62.59,58.42,63.36,64.72,59.49,61.96,58.43,67.07,-1.2639999999999993,-0.14099999999999824,3.0,44.0
2021_14_BUF_TB,2021,14,REG,BUF,TB,21.096,23.364,27.0,33.0,2.268,6.0,44.46,60.0,65.81,64.33,65.14,58.5,65.66,61.24,65.3,61.62,63.61,59.73,65.22,64.53,63.54,59.79,53.62,60.24,-9.636,-5.904,3.5,52.5
2021_14_CHI_GB,2021,14,REG,CHI,GB,21.249,23.312,30.0,45.0,2.063,15.0,44.56,75.0,67.54,58.43,58.09,61.61,62.09,57.915,63.61,58.79,60.44,59.71,61.84,61.16,60.94,65.32,64.37,57.75,-21.688,-8.751000000000001,11.5,43.0
2021_14_DAL_WAS,2021,14,REG,DAL,WAS,22.114,23.293,27.0,20.0,1.18,-7.0,45.407,47.0,56.74,64.09,62.44,59.84,57.65,60.86,58.42,62.19,59.9,59.61,59.54,60.55,58.73,55.2,57.76,60.51,3.2929999999999993,-4.885999999999999,-6.5,48.0
2021_14_DET_DEN,2021,14,REG,DET,DEN,21.384,23.746,10.0,38.0,2.362,28.0,45.13,48.0,59.64,60.57,57.52,58.31,59.265,60.37,58.86,59.89,59.05,58.54,59.13,57.12,59.77,55.3,60.77,51.19,-14.254000000000001,11.384,13.0,42.0
2021_14_JAX_TEN,2021,14,REG,JAX,TEN,21.335,23.508,0.0,20.0,2.173,20.0,44.843,20.0,65.19,58.6,60.15,59.87,59.725,57.125,62.48,58.46,60.71,59.3,60.83,58.27,62.19,55.92,46.4,61.27,3.507999999999999,21.335,8.5,44.5
2021_14_LA_ARI,2021,14,REG,LA,ARI,22.15,23.402,30.0,23.0,1.252,-7.0,45.552,53.0,63.72,65.07,61.76,62.49,61.68,62.99,62.66,63.62,61.09,61.13,60.62,60.53,61.29,63.02,61.88,62.47,0.402000000000001,-7.850000000000001,3.0,51.0
2021_14_LV_KC,2021,14,REG,LV,KC,21.511,24.079,9.0,48.0,2.568,39.0,45.591,57.0,67.74,63.85,61.72,58.57,65.435,63.48,65.27,62.26,59.31,59.86,62.0,58.32,65.36,60.55,64.94,63.75,-23.921,12.511,10.0,48.0
2021_14_NO_NYJ,2021,14,REG,NO,NYJ,22.173,21.824,30.0,9.0,-0.349,-21.0,43.997,39.0,57.76,55.23,62.58,60.96,59.045,61.59,59.1,58.52,59.92,61.62,56.17,65.96,60.3,65.17,52.17,61.95,12.824000000000002,-7.827000000000002,-4.5,42.0
2021_14_NYG_LAC,2021,14,REG,NYG,LAC,21.637,23.615,21.0,37.0,1.978,16.0,45.252,58.0,65.28,58.55,63.26,60.81,62.63,58.985,63.68,59.2,62.66,58.79,61.14,59.87,61.1,61.97,57.88,66.61,-13.385000000000002,0.6370000000000005,9.5,44.0
2021_14_PIT_MIN,2021,14,REG,PIT,MIN,20.927,22.387,28.0,36.0,1.461,8.0,43.314,64.0,65.12,59.96,58.59,60.26,61.955,61.215,63.01,60.07,59.62,60.19,60.3,65.04,61.11,65.49,54.83,41.76,-13.613,-7.073,3.5,45.0
2021_14_SEA_HOU,2021,14,REG,SEA,HOU,21.714,23.173,33.0,13.0,1.459,-20.0,44.886,46.0,66.66,64.05,57.26,61.05,58.36,63.365,62.06,63.02,56.85,60.85,63.76,60.36,60.76,58.72,57.17,60.85,10.172999999999998,-11.286000000000001,-10.0,40.5
2021_14_SF_CIN,2021,14,REG,SF,CIN,22.525,23.942,26.0,23.0,1.417,-3.0,46.467,49.0,63.31,62.63,59.85,65.19,61.995,65.205,62.23,63.65,59.92,63.92,59.08,59.43,60.43,59.29,68.8,60.85,0.9420000000000002,-3.4750000000000014,-2.5,49.0
2021_15_ARI_DET,2021,15,REG,ARI,DET,22.566,22.184,12.0,30.0,-0.382,18.0,44.751,42.0,60.57,63.16,58.56,62.38,60.425,61.43,59.93,62.44,58.72,61.34,59.24,63.28,56.57,61.37,47.11,63.04,-7.815999999999999,10.565999999999999,-13.0,48.0
2021_15_ATL_SF,2021,15,REG,ATL,SF,22.05,23.737,13.0,31.0,1.687,18.0,45.787,44.0,62.37,62.46,65.42,60.89,65.735,61.915,63.7,61.27,64.21,59.32,59.81,60.32,59.61,62.29,59.73,64.24,-7.263000000000002,9.05,9.5,48.0
2021_15_CAR_BUF,2021,15,REG,CAR,BUF,21.007,23.255,14.0,31.0,2.248,17.0,44.263,45.0,64.31,56.77,59.78,63.06,60.965,56.27,61.72,58.25,60.61,60.94,64.16,62.72,60.69,59.06,59.81,56.39,-7.745000000000001,7.0070000000000014,14.0,43.0
2021_15_CIN_DEN,2021,15,REG,CIN,DEN,22.281,23.284,15.0,10.0,1.003,-5.0,45.565,25.0,59.48,62.97,59.61,60.21,59.655,62.555,59.3,62.34,60.54,60.14,60.4,59.29,60.25,61.12,61.93,68.42,13.283999999999999,7.280999999999999,3.0,45.0
2021_15_DAL_NYG,2021,15,REG,DAL,NYG,21.907,23.194,21.0,6.0,1.287,-15.0,45.102,27.0,53.21,63.56,57.87,60.31,58.875,60.79,56.15,62.04,57.61,59.78,59.16,61.05,61.83,55.68,67.75,60.29,17.194,0.907,-11.5,43.0
2021_15_GB_BAL,2021,15,REG,GB,BAL,21.723,23.511,31.0,30.0,1.788,-1.0,45.234,61.0,64.07,67.57,61.53,58.74,62.82,62.43,62.52,63.9,60.55,60.92,64.8,62.51,61.82,61.71,68.69,63.37,-6.489000000000001,-9.277000000000001,-9.5,45.5
2021_15_HOU_JAX,2021,15,REG,HOU,JAX,22.109,22.552,30.0,16.0,0.442,-14.0,44.661,46.0,57.23,67.2,60.07,58.15,57.245,58.42,57.95,62.48,59.27,57.47,58.31,63.8,57.1,60.6,60.32,57.4,6.552,-7.890999999999998,6.0,40.0
2021_15_KC_LAC,2021,15,REG,KC,LAC,22.254,23.139,34.0,28.0,0.885,-6.0,45.393,62.0,65.18,67.59,63.61,62.08,63.03,65.825,63.87,65.4,62.92,59.53,61.96,62.15,61.14,65.63,57.85,66.66,-4.861000000000001,-11.745999999999999,-3.0,54.0
2021_15_LV_CLE,2021,15,REG,LV,CLE,21.782,23.451,16.0,14.0,1.669,-2.0,45.233,30.0,58.91,63.38,61.55,58.05,61.61,62.785,60.25,61.76,62.52,59.3,62.05,58.22,60.52,61.42,57.64,63.86,9.451,5.782,-3.0,41.0
2021_15_MIN_CHI,2021,15,REG,MIN,CHI,21.196,22.637,17.0,9.0,1.441,-8.0,43.833,26.0,55.02,64.92,61.92,58.89,58.02,61.81,57.42,62.86,59.86,60.09,62.06,60.89,65.35,61.71,57.23,54.0,13.637,4.1960000000000015,-7.0,48.0
2021_15_NE_IND,2021,15,REG,NE,IND,21.718,22.992,17.0,27.0,1.275,10.0,44.71,44.0,60.66,61.62,63.38,62.62,60.95,60.88,61.16,61.58,64.35,60.29,61.18,64.6,62.35,59.62,53.6,62.04,-4.007999999999999,4.718,-1.0,46.0
2021_15_NO_TB,2021,15,REG,NO,TB,20.952,22.777,9.0,0.0,1.825,-9.0,43.73,9.0,65.74,54.79,65.39,61.21,65.755,61.845,65.35,58.46,63.83,61.94,65.22,66.27,63.83,65.26,53.29,61.27,22.777,11.952000000000002,11.5,45.5
2021_15_NYJ_MIA,2021,15,REG,NYJ,MIA,20.18,23.6,24.0,31.0,3.42,7.0,43.78,55.0,59.63,54.55,60.48,62.73,60.265,58.835,59.91,57.51,58.77,60.05,65.59,56.33,62.57,60.17,62.05,46.6,-7.399999999999999,-3.8200000000000003,10.5,42.0
2021_15_SEA_LA,2021,15,REG,SEA,LA,21.769,23.93,10.0,20.0,2.161,10.0,45.699,30.0,64.84,64.22,62.57,61.39,63.215,63.54,63.59,63.21,61.23,61.09,61.23,60.33,63.39,58.69,63.69,59.66,3.9299999999999997,11.768999999999998,7.5,47.0
2021_15_TEN_PIT,2021,15,REG,TEN,PIT,21.167,22.998,13.0,19.0,1.83,6.0,44.165,32.0,60.36,65.17,60.51,64.08,60.965,58.13,59.95,62.35,60.75,62.65,62.55,63.06,63.52,62.29,64.72,47.6,3.998000000000001,8.167000000000002,1.0,44.0
2021_15_WAS_PHI,2021,15,REG,WAS,PHI,21.524,23.265,17.0,27.0,1.741,10.0,44.789,44.0,58.89,55.95,61.33,62.76,62.92,61.745,60.14,58.9,61.66,61.54,60.39,61.31,61.27,59.28,58.92,57.73,-3.7349999999999994,4.524000000000001,10.0,39.5
2021_16_BAL_CIN,2021,16,REG,BAL,CIN,21.671,23.424,21.0,41.0,1.753,20.0,45.095,62.0,62.98,53.0,63.38,61.62,62.325,62.975,62.97,57.6,61.46,58.78,59.31,64.62,61.62,62.1,69.87,67.86,-17.576,0.6709999999999994,7.5,43.0
2021_16_BUF_NE,2021,16,REG,BUF,NE,21.487,23.34,33.0,21.0,1.853,-12.0,44.826,54.0,61.83,64.4,62.94,60.08,63.795,61.995,62.34,62.41,61.63,60.68,64.58,62.23,61.1,61.38,61.48,59.88,2.34,-11.513000000000002,1.0,43.5
2021_16_CHI_SEA,2021,16,REG,CHI,SEA,21.437,23.047,25.0,24.0,1.61,-1.0,44.484,49.0,64.06,55.47,61.56,61.62,63.75,58.12,63.27,57.63,61.22,59.68,60.16,62.25,58.78,65.88,61.07,57.07,-0.9529999999999994,-3.562999999999999,7.0,41.0
2021_16_CLE_GB,2021,16,REG,CLE,GB,21.553,23.719,22.0,24.0,2.166,2.0,45.272,46.0,67.79,56.03,58.88,61.76,62.565,62.06,64.14,59.27,61.03,62.55,61.25,61.91,61.11,60.43,64.77,57.53,-0.2809999999999988,-0.4469999999999992,7.5,46.5
2021_16_DEN_LV,2021,16,REG,DEN,LV,22.026,23.749,13.0,17.0,1.723,4.0,45.775,30.0,63.42,59.45,58.32,60.17,62.835,60.455,61.86,59.81,59.61,61.0,58.27,58.42,60.49,59.58,63.44,61.92,6.748999999999999,9.026,-1.0,42.0
2021_16_DET_ATL,2021,16,REG,DET,ATL,21.594,24.127,16.0,20.0,2.533,4.0,45.721,36.0,62.76,61.2,61.0,58.81,62.29,60.685,61.71,60.44,61.47,58.84,57.27,58.76,59.93,55.99,63.87,49.88,4.126999999999999,5.594000000000001,7.5,42.5
2021_16_IND_ARI,2021,16,REG,IND,ARI,21.529,23.29,22.0,16.0,1.761,-6.0,44.819,38.0,62.99,60.73,63.01,63.56,61.35,59.585,62.48,60.6,61.73,64.48,63.25,62.79,60.34,62.44,63.15,53.57,7.289999999999999,-0.4710000000000001,3.0,48.0
2021_16_JAX_NYJ,2021,16,REG,JAX,NYJ,21.882,22.98,21.0,26.0,1.097,5.0,44.862,47.0,54.43,57.04,62.92,60.34,58.93,57.735,57.53,58.05,59.38,59.6,57.6,58.19,59.08,56.93,50.33,61.15,-3.0199999999999996,0.8820000000000014,2.5,42.5
2021_16_LAC_HOU,2021,16,REG,LAC,HOU,21.932,23.026,29.0,41.0,1.093,12.0,44.958,70.0,67.23,65.16,58.24,63.87,58.35,62.795,62.5,63.87,57.48,63.08,63.9,62.01,59.52,61.16,60.07,57.91,-17.974,-7.068000000000001,-13.5,46.0
2021_16_LA_MIN,2021,16,REG,LA,MIN,22.149,23.01,30.0,23.0,0.861,-7.0,45.159,53.0,64.87,64.96,59.26,62.77,63.985,63.275,63.39,63.75,61.07,62.29,61.33,61.67,62.0,63.52,54.13,63.11,0.010000000000001563,-7.850999999999999,-3.5,48.5
2021_16_MIA_NO,2021,16,REG,MIA,NO,20.879,22.453,20.0,3.0,1.573,-17.0,43.332,23.0,54.87,59.84,61.28,60.8,61.785,58.315,58.56,59.72,61.85,58.08,63.81,65.78,65.64,63.15,61.37,63.2,19.453,0.8790000000000013,-3.0,37.5
2021_16_NYG_PHI,2021,16,REG,NYG,PHI,21.692,23.368,10.0,34.0,1.675,24.0,45.06,44.0,59.1,58.78,61.47,57.95,63.26,58.835,60.44,58.65,62.05,57.59,59.1,58.91,61.61,61.79,58.46,67.33,-10.632000000000001,11.692,11.0,41.0
2021_16_PIT_KC,2021,16,REG,PIT,KC,21.162,23.027,10.0,36.0,1.865,26.0,44.189,46.0,67.77,60.4,63.31,60.61,66.1,61.545,65.81,60.41,60.15,60.46,63.23,66.14,66.14,65.93,66.21,63.39,-12.972999999999999,11.161999999999999,10.5,44.0
2021_16_SF_TEN,2021,16,REG,SF,TEN,21.899,22.944,17.0,20.0,1.045,3.0,44.844,37.0,64.58,62.61,59.91,63.24,57.915,65.995,61.21,63.49,60.76,63.4,62.83,60.2,62.35,59.64,47.6,60.03,2.943999999999999,4.899000000000001,-3.5,45.5
2021_16_TB_CAR,2021,16,REG,TB,CAR,22.041,22.294,32.0,6.0,0.253,-26.0,44.335,38.0,56.71,65.39,63.37,65.55,56.295,65.16,58.29,65.12,61.16,63.69,62.8,64.34,59.35,63.33,55.99,53.01,16.294,-9.959,-11.5,44.5
2021_16_WAS_DAL,2021,16,REG,WAS,DAL,21.29,23.113,14.0,56.0,1.823,42.0,44.403,70.0,63.79,55.98,60.73,62.8,60.755,58.72,62.23,58.34,60.03,60.36,63.74,63.1,57.64,60.84,60.37,57.45,-32.887,7.289999999999999,10.5,45.5
2021_17_ARI_DAL,2021,17,REG,ARI,DAL,22.388,23.231,25.0,22.0,0.843,-3.0,45.619,47.0,63.99,63.02,63.0,63.25,61.095,61.29,62.91,62.55,61.21,61.81,61.39,63.22,55.6,61.11,60.15,61.19,1.2310000000000016,-2.6119999999999983,6.5,53.0
2021_17_ATL_BUF,2021,17,REG,ATL,BUF,21.985,24.025,15.0,29.0,2.04,14.0,46.01,44.0,64.81,62.82,60.35,60.97,62.295,63.015,62.75,61.87,61.01,61.74,62.1,56.92,61.43,59.26,60.86,65.89,-4.975000000000001,6.984999999999999,14.0,46.5
2021_17_CAR_NO,2021,17,REG,CAR,NO,20.901,23.203,10.0,18.0,2.302,8.0,44.103,28.0,54.94,56.82,61.35,62.97,61.84,59.415,58.63,58.89,61.86,62.25,63.79,61.86,65.03,58.75,61.37,56.81,5.202999999999999,10.901,7.0,37.0
2021_17_CLE_PIT,2021,17,REG,CLE,PIT,21.344,23.229,14.0,26.0,1.885,12.0,44.573,40.0,60.41,56.08,59.48,62.2,60.56,61.925,59.68,59.32,60.08,63.08,61.67,61.8,62.91,59.23,63.4,55.67,-2.771000000000001,7.344000000000001,-1.0,43.5
2021_17_DEN_LAC,2021,17,REG,DEN,LAC,21.587,24.088,13.0,34.0,2.502,21.0,45.675,47.0,65.5,59.54,64.09,60.28,62.95,59.635,64.17,59.45,63.19,61.07,61.86,58.46,60.87,59.36,58.82,61.83,-9.911999999999999,8.587,8.0,45.5
2021_17_DET_SEA,2021,17,REG,DET,SEA,21.509,23.793,29.0,51.0,2.284,22.0,45.302,80.0,64.22,61.06,57.74,59.16,63.83,60.595,62.62,60.4,58.68,59.04,58.56,58.85,57.87,55.86,58.41,46.96,-27.207,-7.491,8.5,41.5
2021_17_HOU_SF,2021,17,REG,HOU,SF,21.971,23.753,7.0,23.0,1.783,16.0,45.724,30.0,62.68,67.2,63.26,60.04,66.11,58.79,63.59,63.08,63.52,58.78,60.09,62.1,59.51,58.98,60.11,59.09,0.7530000000000001,14.971,14.0,44.0
2021_17_JAX_NE,2021,17,REG,JAX,NE,21.069,24.074,10.0,50.0,3.004,40.0,45.143,60.0,61.76,57.69,63.24,60.59,62.305,58.225,61.7,58.52,61.74,59.89,64.51,58.14,60.89,57.03,62.4,60.51,-25.926,11.068999999999999,17.5,42.0
2021_17_KC_CIN,2021,17,REG,KC,CIN,22.187,23.145,31.0,34.0,0.958,3.0,45.333,65.0,63.85,68.13,60.57,63.47,62.91,66.39,63.13,66.14,60.27,60.21,63.7,63.56,61.43,65.87,69.09,66.87,-10.855,-8.812999999999999,-3.5,51.0
2021_17_LA_BAL,2021,17,REG,LA,BAL,22.234,22.83,20.0,19.0,0.596,-1.0,45.064,39.0,53.22,64.87,61.78,62.76,63.315,63.2,57.83,63.68,58.97,62.3,62.69,61.75,60.11,64.12,69.47,65.37,3.8299999999999983,2.2340000000000018,-7.0,47.0
2021_17_LV_IND,2021,17,REG,LV,IND,21.808,23.538,23.0,20.0,1.73,-3.0,45.347,43.0,60.93,63.54,62.77,58.63,61.92,63.625,61.41,62.18,64.45,59.91,61.46,58.5,62.38,60.64,52.41,64.25,3.5380000000000003,-1.1920000000000002,8.5,46.5
2021_17_MIA_TEN,2021,17,REG,MIA,TEN,21.225,22.331,3.0,34.0,1.106,31.0,43.555,37.0,65.03,59.96,60.2,61.09,58.07,58.605,61.58,59.95,60.88,58.25,62.93,66.19,61.91,65.77,58.29,61.56,-11.669,18.225,3.0,41.0
2021_17_MIN_GB,2021,17,REG,MIN,GB,21.576,23.567,10.0,37.0,1.991,27.0,45.143,47.0,67.91,64.89,55.34,59.5,62.775,62.08,63.59,63.14,59.55,60.35,62.13,59.96,61.0,62.0,63.09,54.24,-13.433,11.576,13.0,42.0
2021_17_NYG_CHI,2021,17,REG,NYG,CHI,21.1,22.552,3.0,29.0,1.453,26.0,43.652,32.0,55.7,58.91,62.24,58.13,58.305,58.785,57.88,58.68,60.12,57.61,62.46,61.37,65.65,62.94,57.0,68.8,-6.448,18.1,7.0,36.5
2021_17_PHI_WAS,2021,17,REG,PHI,WAS,22.205,22.792,20.0,16.0,0.588,-4.0,44.997,36.0,55.78,59.51,60.39,61.45,58.63,63.44,57.71,60.74,59.38,62.1,58.93,59.35,58.03,61.85,57.51,58.95,6.792000000000002,2.2049999999999983,-6.5,44.5
2021_17_TB_NYJ,2021,17,REG,TB,NYJ,22.691,21.643,28.0,24.0,-1.048,-4.0,44.333,52.0,55.87,65.66,63.05,65.74,58.845,65.555,58.2,65.43,60.77,63.91,57.44,64.5,58.92,64.91,44.09,53.23,-2.3569999999999993,-5.309000000000001,-14.5,48.0
2021_18_CAR_TB,2021,18,REG,CAR,TB,20.967,23.771,17.0,41.0,2.804,24.0,44.738,58.0,66.07,56.68,65.84,63.11,65.71,55.0,65.62,57.49,64.01,61.14,62.92,61.91,62.38,58.94,53.76,56.93,-17.229,3.9669999999999987,11.0,43.0
2021_18_CHI_MIN,2021,18,REG,CHI,MIN,21.519,22.673,17.0,31.0,1.154,14.0,44.192,48.0,65.13,58.93,59.6,62.93,62.35,58.11,62.76,59.43,61.08,60.3,59.57,62.7,61.84,65.98,54.68,57.49,-8.327000000000002,4.518999999999998,3.5,45.5
2021_18_CIN_CLE,2021,18,REG,CIN,CLE,22.322,22.897,16.0,21.0,0.575,5.0,45.218,37.0,56.14,64.67,59.42,56.97,61.3,63.385,58.67,63.04,61.53,58.56,60.77,60.68,59.16,61.26,55.9,69.5,1.8969999999999985,6.321999999999999,6.5,38.0
2021_18_DAL_PHI,2021,18,REG,DAL,PHI,22.081,23.759,51.0,26.0,1.678,-25.0,45.839,77.0,59.91,64.35,61.66,63.26,63.265,61.045,60.87,63.12,62.18,61.19,59.28,60.98,61.89,54.95,59.34,59.57,-2.2409999999999997,-28.919,-6.5,46.0
2021_18_GB_DET,2021,18,REG,GB,DET,22.729,22.351,30.0,37.0,-0.379,7.0,45.08,67.0,61.3,68.27,59.36,55.72,59.06,62.835,59.79,63.86,59.11,59.77,58.73,62.22,55.94,60.8,47.05,63.85,-14.649000000000001,-7.271000000000001,-4.0,45.0
2021_18_IND_JAX,2021,18,REG,IND,JAX,22.294,22.873,11.0,26.0,0.579,15.0,45.167,37.0,57.88,61.12,60.59,62.6,58.095,61.84,58.55,61.46,59.82,64.33,58.02,60.71,58.08,62.21,60.73,52.81,-3.126999999999999,11.294,-14.0,43.0
2021_18_KC_DEN,2021,18,REG,KC,DEN,22.797,22.528,28.0,24.0,-0.268,-4.0,45.325,52.0,59.71,68.48,59.97,63.56,59.95,66.385,59.53,66.32,60.62,60.24,60.1,63.41,58.68,66.19,62.61,66.98,-1.4720000000000013,-5.202999999999999,-11.5,44.5
2021_18_LAC_LV,2021,18,REG,LAC,LV,22.481,23.444,32.0,35.0,0.963,3.0,45.926,67.0,63.76,65.99,58.81,63.39,63.67,62.675,62.32,64.12,59.99,62.79,58.52,61.51,60.45,60.87,64.41,59.24,-11.556000000000001,-9.518999999999998,-3.5,48.0
2021_18_NE_MIA,2021,18,REG,NE,MIA,21.232,22.731,24.0,33.0,1.498,9.0,43.963,57.0,59.69,63.05,61.29,63.41,58.755,62.34,59.84,62.33,58.47,62.26,65.79,64.61,65.58,59.33,61.09,62.36,-10.268999999999998,-2.7680000000000007,-6.0,41.0
2021_18_NO_ATL,2021,18,REG,NO,ATL,21.746,23.003,30.0,20.0,1.257,-10.0,44.75,50.0,62.88,54.56,60.99,62.33,62.97,61.81,61.84,58.65,61.77,62.23,59.91,63.98,61.36,65.34,66.17,61.55,3.003,-8.254000000000001,-4.5,40.0
2021_18_NYJ_BUF,2021,18,REG,NYJ,BUF,20.625,24.059,10.0,27.0,3.434,17.0,44.683,37.0,64.92,56.5,60.57,63.74,62.295,58.83,62.86,58.62,61.15,59.91,62.08,57.37,61.68,58.75,61.35,44.24,-2.940999999999999,10.625,16.0,43.0
2021_18_PIT_BAL,2021,18,REG,PIT,BAL,20.546,23.036,16.0,13.0,2.49,-3.0,43.582,29.0,53.47,60.31,61.94,59.9,63.215,60.07,57.89,59.56,60.94,60.46,64.1,62.07,61.01,63.1,69.64,42.78,10.036000000000001,4.545999999999999,3.0,41.0
2021_18_SEA_ARI,2021,18,REG,SEA,ARI,21.423,24.051,38.0,30.0,2.628,-8.0,45.474,68.0,63.38,64.76,63.49,58.16,61.195,61.375,62.74,62.54,61.82,58.25,63.4,58.73,61.52,57.97,62.28,60.25,-5.949000000000002,-16.577,5.5,48.0
2021_18_SF_LA,2021,18,REG,SF,LA,21.891,24.342,27.0,24.0,2.451,-3.0,46.234,51.0,65.19,62.86,62.87,62.45,62.77,66.255,63.66,63.56,62.34,63.36,61.76,56.92,64.35,59.6,64.54,60.71,0.34199999999999875,-5.109000000000002,3.0,46.5
2021_18_TEN_HOU,2021,18,REG,TEN,HOU,21.745,22.373,28.0,25.0,0.628,-3.0,44.117,53.0,56.88,65.2,58.83,64.55,58.585,58.13,58.09,62.52,58.1,62.84,64.06,62.93,60.13,61.88,57.84,58.77,-2.626999999999999,-6.254999999999999,-10.5,43.0
2021_18_WAS_NYG,2021,18,REG,WAS,NYG,21.329,23.287,22.0,7.0,1.958,-15.0,44.616,29.0,59.05,55.94,58.15,60.66,58.68,64.93,58.7,59.29,57.63,61.68,61.61,60.44,63.31,59.48,68.96,58.61,16.287,-0.6709999999999994,-6.0,36.0
2022_01_BAL_NYJ,2022,1,REG,BAL,NYJ,22.207,23.234,24.0,9.0,1.028,-15.0,45.441,33.0,55.66,52.85,62.74,56.07,60.095,63.39,58.4,56.51,60.66,56.48,56.11,59.54,56.11,57.54,56.69,69.68,14.234000000000002,-1.7929999999999993,-6.5,44.0
2022_01_BUF_LA,2022,1,REG,BUF,LA,22.002,23.556,31.0,10.0,1.554,-21.0,45.558,41.0,65.16,64.55,59.23,58.45,63.49,62.02,63.16,62.02,58.04,60.21,60.03,61.23,60.2,59.36,65.11,61.08,13.556000000000001,-8.998000000000001,-1.0,51.5
2022_01_CLE_CAR,2022,1,REG,CLE,CAR,22.197,23.288,26.0,24.0,1.091,-2.0,45.485,50.0,62.03,67.15,58.67,58.21,58.365,61.18,60.17,63.22,59.78,58.31,56.77,60.16,56.01,57.4,56.43,50.0,-0.7119999999999997,-3.803000000000001,2.5,42.5
2022_01_DEN_SEA,2022,1,REG,DEN,SEA,22.276,23.415,16.0,17.0,1.139,1.0,45.692,33.0,53.82,64.58,56.03,59.02,63.01,53.78,57.6,60.61,58.07,57.02,55.89,57.06,57.01,56.27,59.32,60.82,6.414999999999999,6.276,-6.0,44.0
2022_01_GB_MIN,2022,1,REG,GB,MIN,22.445,23.229,7.0,23.0,0.784,16.0,45.674,30.0,55.87,68.39,60.36,56.75,62.96,61.185,59.02,63.24,61.45,60.15,58.11,58.61,58.81,59.52,54.76,61.46,0.2289999999999992,15.445,2.5,47.0
2022_01_IND_HOU,2022,1,REG,IND,HOU,22.084,22.011,20.0,20.0,-0.073,0.0,44.095,40.0,57.55,62.17,58.76,60.06,59.135,60.195,58.58,60.61,57.9,62.84,58.43,61.23,56.64,60.41,40.69,50.94,2.0109999999999992,2.0839999999999996,-7.0,46.0
2022_01_JAX_WAS,2022,1,REG,JAX,WAS,22.031,23.854,22.0,28.0,1.822,6.0,45.885,50.0,60.25,57.63,62.57,58.27,64.68,58.805,61.58,58.28,62.37,58.61,57.53,58.15,57.05,57.97,57.82,62.12,-4.146000000000001,0.030999999999998806,3.0,43.5
2022_01_KC_ARI,2022,1,REG,KC,ARI,23.125,24.057,44.0,21.0,0.932,-23.0,47.181,65.0,62.94,69.32,65.12,64.69,59.64,64.565,62.11,65.97,62.72,63.15,59.49,57.16,57.06,59.12,60.45,65.94,3.0569999999999986,-20.875,-6.0,54.0
2022_01_LV_LAC,2022,1,REG,LV,LAC,22.269,23.959,19.0,24.0,1.69,5.0,46.228,43.0,65.71,63.26,60.82,58.65,61.145,64.765,63.27,62.49,60.11,59.96,59.37,57.52,59.72,57.62,58.02,64.38,-0.04100000000000037,3.2689999999999984,3.5,52.5
2022_01_NE_MIA,2022,1,REG,NE,MIA,21.095,23.829,7.0,20.0,2.734,13.0,44.924,27.0,59.56,62.31,61.78,57.61,60.39,62.77,60.57,61.02,60.49,58.4,60.92,57.58,61.82,57.14,60.33,49.83,3.8290000000000006,14.094999999999999,3.0,47.0
2022_01_NO_ATL,2022,1,REG,NO,ATL,22.262,23.361,27.0,26.0,1.099,-1.0,45.622,53.0,53.95,58.12,62.29,62.21,64.44,61.085,58.91,59.82,61.7,61.5,57.75,61.26,58.57,61.32,68.18,61.85,-2.6389999999999993,-4.7379999999999995,-6.0,43.5
2022_01_NYG_TEN,2022,1,REG,NYG,TEN,20.814,23.711,21.0,20.0,2.897,-1.0,44.525,41.0,64.95,58.74,59.27,55.27,57.64,57.355,61.2,57.97,60.24,55.18,58.45,56.49,58.37,58.77,56.46,43.88,3.7109999999999985,-0.18599999999999994,5.5,43.5
2022_01_PHI_DET,2022,1,REG,PHI,DET,22.789,22.712,38.0,35.0,-0.077,-3.0,45.5,73.0,60.47,59.83,62.44,62.09,61.595,65.155,61.26,61.74,60.36,62.39,56.32,60.67,55.27,61.12,46.44,58.36,-12.288,-15.210999999999999,-6.0,49.0
2022_01_PIT_CIN,2022,1,REG,PIT,CIN,21.877,23.363,23.0,20.0,1.486,-3.0,45.24,43.0,64.58,54.5,59.25,60.35,58.97,60.55,62.63,57.31,57.61,60.22,58.3,61.19,57.98,62.22,67.78,61.53,3.3629999999999995,-1.123000000000001,7.5,44.5
2022_01_SF_CHI,2022,1,REG,SF,CHI,22.607,23.597,10.0,19.0,0.991,9.0,46.204,29.0,55.51,62.57,63.73,58.66,59.05,64.59,58.41,61.82,60.57,61.4,56.78,55.91,57.06,58.08,57.45,60.06,4.597000000000001,12.607,-6.5,38.0
2022_01_TB_DAL,2022,1,REG,TB,DAL,22.571,23.478,19.0,3.0,0.907,-16.0,46.049,22.0,64.71,65.88,63.97,61.92,60.375,63.235,62.97,64.21,61.51,61.06,58.57,59.33,53.36,61.79,56.73,51.25,20.478,3.5710000000000015,-2.5,49.5
2022_02_ARI_LV,2022,2,REG,ARI,LV,21.721,23.258,29.0,23.0,1.536,-6.0,44.979,52.0,58.79,59.15,56.62,60.94,60.43,56.94,58.8,58.66,57.28,59.19,58.84,59.42,57.55,56.82,60.94,56.65,0.2579999999999991,-7.279,5.5,51.5
2022_02_ATL_LA,2022,2,REG,ATL,LA,21.281,23.459,27.0,31.0,2.178,4.0,44.739,58.0,58.86,53.83,60.72,59.28,59.755,58.315,59.49,56.46,58.83,58.53,60.73,57.64,61.26,59.29,61.26,64.57,-7.541,-5.719000000000001,10.5,46.5
2022_02_CAR_NYG,2022,2,REG,CAR,NYG,21.702,22.864,16.0,19.0,1.162,3.0,44.566,35.0,55.55,58.51,54.54,56.89,53.83,55.915,55.27,57.51,54.33,57.21,56.1,57.7,57.88,56.56,60.91,56.39,3.8640000000000008,5.702000000000002,-1.0,44.0
2022_02_CHI_GB,2022,2,REG,CHI,GB,20.902,23.403,10.0,27.0,2.501,17.0,44.305,37.0,61.48,53.15,54.91,59.89,59.36,55.515,59.52,55.44,57.55,56.91,58.93,57.2,59.92,57.28,57.26,53.6,-3.5970000000000013,10.902000000000001,10.5,42.0
2022_02_CIN_DAL,2022,2,REG,CIN,DAL,21.776,23.001,17.0,20.0,1.226,3.0,44.777,37.0,58.95,57.53,61.25,56.71,57.645,59.015,58.86,58.04,59.03,56.93,59.37,58.96,53.77,58.7,53.42,58.14,3.0010000000000012,4.776,-7.5,42.0
2022_02_HOU_DEN,2022,2,REG,HOU,DEN,21.254,23.315,9.0,16.0,2.06,7.0,44.569,25.0,61.79,54.37,59.78,58.2,57.705,57.105,60.11,56.09,57.74,56.82,58.04,59.6,58.11,56.91,58.72,55.14,7.315000000000001,12.254000000000001,10.5,46.0
2022_02_IND_JAX,2022,2,REG,IND,JAX,21.436,22.227,0.0,24.0,0.791,24.0,43.663,24.0,54.7,58.93,57.75,56.08,56.455,58.215,55.99,57.68,57.1,58.77,58.11,61.77,57.8,61.48,57.79,51.45,-1.7729999999999997,21.436,-3.0,43.5
2022_02_LAC_KC,2022,2,REG,LAC,KC,21.499,23.5,24.0,27.0,2.001,3.0,44.999,51.0,66.98,61.98,60.03,57.41,61.2,58.085,62.91,59.58,59.73,57.65,59.17,61.53,59.2,60.38,63.87,55.58,-3.5,-2.5010000000000012,4.0,52.5
2022_02_MIA_BAL,2022,2,REG,MIA,BAL,21.257,22.187,42.0,38.0,0.929,-4.0,43.444,80.0,52.84,56.82,56.87,58.34,59.355,57.13,55.39,57.38,55.79,57.42,60.67,62.36,58.59,62.78,64.82,58.48,-15.812999999999999,-20.743,3.0,44.0
2022_02_MIN_PHI,2022,2,REG,MIN,PHI,20.706,23.114,7.0,24.0,2.408,17.0,43.82,31.0,57.23,55.81,59.83,57.24,61.595,58.045,58.72,57.1,60.2,57.59,62.08,59.5,62.02,59.88,58.03,55.27,-0.8859999999999992,13.706,2.5,49.5
2022_02_NE_PIT,2022,2,REG,NE,PIT,20.433,22.801,17.0,14.0,2.368,-3.0,43.234,31.0,54.45,55.89,57.67,58.58,56.38,58.76,55.52,57.19,56.41,57.66,64.53,58.88,63.78,57.44,59.49,57.8,8.800999999999998,3.433,-3.0,40.0
2022_02_NYJ_CLE,2022,2,REG,NYJ,CLE,20.963,23.517,31.0,30.0,2.553,-1.0,44.48,61.0,67.01,54.55,56.81,60.05,57.36,56.67,61.54,56.28,56.9,57.73,60.94,57.65,58.22,57.64,57.91,53.42,-6.4830000000000005,-10.036999999999999,6.5,38.5
2022_02_SEA_SF,2022,2,REG,SEA,SF,21.218,23.791,7.0,27.0,2.573,20.0,45.009,34.0,62.51,54.18,59.76,54.52,62.8,58.51,61.13,55.87,60.23,55.91,58.26,56.62,58.25,58.07,57.67,57.37,-3.2089999999999996,14.218,8.5,40.0
2022_02_TB_NO,2022,2,REG,TB,NO,21.289,22.372,20.0,10.0,1.083,-10.0,43.661,30.0,58.03,60.99,58.77,59.02,57.955,60.915,58.35,60.36,57.74,59.28,60.78,61.75,60.93,63.67,58.13,52.68,12.372,1.2890000000000015,-2.5,44.0
2022_02_TEN_BUF,2022,2,REG,TEN,BUF,20.88,23.068,7.0,41.0,2.187,34.0,43.948,48.0,61.73,61.81,56.54,56.97,58.585,55.19,59.38,58.48,57.51,57.13,62.87,59.42,60.02,59.4,59.12,55.18,-17.932,13.879999999999999,10.0,47.5
2022_02_WAS_DET,2022,2,REG,WAS,DET,21.71,22.633,27.0,36.0,0.922,9.0,44.343,63.0,57.72,58.59,58.91,60.31,57.215,56.99,57.67,58.34,58.37,58.29,57.58,58.72,56.42,58.8,48.12,53.49,-13.367,-5.289999999999999,-1.0,48.5
2022_03_ATL_SEA,2022,3,REG,ATL,SEA,21.885,22.579,27.0,23.0,0.694,-4.0,44.464,50.0,53.86,54.05,54.02,58.37,58.725,58.865,55.7,56.51,55.7,57.89,56.37,58.13,57.95,59.76,57.24,63.13,-0.4209999999999994,-5.114999999999998,1.0,43.0
2022_03_BAL_NE,2022,3,REG,BAL,NE,21.287,22.542,37.0,26.0,1.255,-11.0,43.829,63.0,57.72,52.84,59.75,58.36,58.68,60.695,58.22,56.15,58.18,56.89,61.25,60.51,59.4,58.77,49.39,66.48,-3.4579999999999984,-15.713000000000001,-2.5,45.5
2022_03_BUF_MIA,2022,3,REG,BUF,MIA,21.28,22.512,19.0,21.0,1.231,2.0,43.792,40.0,60.76,64.13,59.52,57.42,58.58,59.41,60.06,60.87,58.18,58.1,61.98,64.97,62.67,60.61,58.95,59.79,1.5120000000000005,2.280000000000001,-4.0,54.0
2022_03_CIN_NYJ,2022,3,REG,CIN,NYJ,21.813,22.673,27.0,12.0,0.861,-15.0,44.486,39.0,57.02,58.64,59.23,57.38,57.225,59.575,57.45,58.88,57.52,57.39,57.23,59.51,57.83,59.39,54.49,58.09,10.672999999999998,-5.187000000000001,-6.5,46.0
2022_03_DAL_NYG,2022,3,REG,DAL,NYG,21.806,23.48,23.0,16.0,1.674,-7.0,45.286,39.0,56.17,58.95,56.34,61.95,59.68,58.085,56.79,59.23,57.64,59.26,57.27,59.13,59.78,53.54,64.11,57.26,7.48,-1.193999999999999,1.0,38.5
2022_03_DET_MIN,2022,3,REG,DET,MIN,20.998,23.013,24.0,28.0,2.015,4.0,44.011,52.0,55.81,59.0,57.13,59.5,58.845,57.78,57.29,58.62,57.77,59.14,61.08,58.86,61.4,56.37,55.53,51.89,-4.986999999999998,-3.001999999999999,6.5,52.0
2022_03_GB_TB,2022,3,REG,GB,TB,20.742,22.63,14.0,12.0,1.888,-2.0,43.372,26.0,61.61,63.0,58.59,55.58,57.17,59.31,59.77,60.28,57.31,57.55,64.02,60.41,65.29,60.7,52.58,59.19,10.629999999999999,6.742000000000001,1.0,41.5
2022_03_HOU_CHI,2022,3,REG,HOU,CHI,21.307,22.414,20.0,23.0,1.108,3.0,43.721,43.0,52.0,54.29,59.99,58.72,54.65,56.895,54.52,56.17,57.64,56.86,57.46,60.8,58.84,57.46,55.16,56.03,-0.5859999999999985,1.3069999999999986,3.0,40.0
2022_03_JAX_LAC,2022,3,REG,JAX,LAC,20.784,23.184,38.0,10.0,2.4,-28.0,43.968,48.0,63.09,58.36,57.5,58.01,58.09,57.14,60.25,57.96,57.59,57.48,63.81,58.02,61.13,59.09,55.36,58.01,13.184000000000001,-17.216,6.5,46.0
2022_03_KC_IND,2022,3,REG,KC,IND,21.363,22.53,17.0,20.0,1.167,3.0,43.893,37.0,57.38,67.84,56.72,60.73,57.905,61.425,57.13,63.5,58.96,60.82,62.02,60.2,61.73,60.57,53.05,48.18,2.530000000000001,4.3629999999999995,-4.5,51.0
2022_03_LA_ARI,2022,3,REG,LA,ARI,22.067,22.683,20.0,12.0,0.615,-8.0,44.75,32.0,59.86,60.19,63.2,61.63,57.42,60.66,59.52,60.61,60.49,59.74,59.96,61.98,57.8,62.18,55.43,62.57,10.683,2.067,-3.5,49.0
2022_03_LV_TEN,2022,3,REG,LV,TEN,21.775,23.181,22.0,24.0,1.405,2.0,44.956,46.0,60.84,60.08,57.3,57.03,55.305,60.53,58.14,59.5,57.18,57.93,58.47,57.2,60.27,56.36,54.26,62.36,-0.8189999999999991,-0.22500000000000142,-1.5,45.5
2022_03_NO_CAR,2022,3,REG,NO,CAR,21.755,22.478,14.0,22.0,0.723,8.0,44.233,36.0,58.59,58.03,57.68,60.05,56.27,58.285,57.81,58.72,58.32,58.38,58.44,61.97,57.5,60.84,56.32,57.74,0.47800000000000153,7.754999999999999,-2.0,41.0
2022_03_PHI_WAS,2022,3,REG,PHI,WAS,21.892,22.123,24.0,8.0,0.23,-16.0,44.015,32.0,59.6,59.22,61.64,61.07,57.815,63.715,59.44,60.75,58.74,61.23,59.03,63.75,59.58,63.3,51.68,55.95,14.123000000000001,-2.1080000000000005,-6.0,47.0
2022_03_PIT_CLE,2022,3,REG,PIT,CLE,21.18,22.472,17.0,29.0,1.292,12.0,43.653,46.0,67.01,54.45,57.88,58.35,58.64,56.635,62.13,55.74,57.74,57.07,60.29,64.31,58.14,63.93,57.94,59.66,-6.527999999999999,4.18,4.5,38.0
2022_03_SF_DEN,2022,3,REG,SF,DEN,21.985,23.211,10.0,11.0,1.225,1.0,45.196,21.0,61.96,59.37,59.15,60.2,57.13,64.055,59.79,60.43,57.65,59.55,58.03,59.19,58.37,58.57,59.19,57.39,12.210999999999999,11.985,-1.0,44.0
2022_04_ARI_CAR,2022,4,REG,ARI,CAR,22.182,22.951,26.0,16.0,0.768,-10.0,45.133,42.0,56.12,60.38,57.01,64.18,55.42,57.245,56.18,59.84,57.94,61.33,57.42,60.03,57.99,57.86,62.41,58.18,6.9510000000000005,-3.8180000000000014,1.0,44.0
2022_04_BUF_BAL,2022,4,REG,BUF,BAL,21.677,22.466,23.0,20.0,0.789,-3.0,44.143,43.0,52.84,64.7,59.26,57.96,61.385,59.56,56.56,61.26,57.58,58.62,61.01,65.15,58.72,60.65,68.63,57.71,2.466000000000001,-1.3230000000000004,-3.0,50.0
2022_04_CHI_NYG,2022,4,REG,CHI,NYG,21.171,23.181,12.0,20.0,2.01,8.0,44.353,32.0,56.13,51.31,57.51,60.71,57.295,56.26,56.51,54.73,57.46,58.51,57.5,57.34,59.93,59.71,64.7,55.45,3.181000000000001,9.171,3.0,39.0
2022_04_CLE_ATL,2022,4,REG,CLE,ATL,21.942,22.811,20.0,23.0,0.869,3.0,44.753,43.0,55.27,67.01,58.96,57.94,59.76,59.23,57.32,62.24,59.02,60.36,58.75,62.34,60.7,60.26,64.47,56.34,-0.18900000000000006,1.9420000000000002,-1.0,48.0
2022_04_DEN_LV,2022,4,REG,DEN,LV,21.99,23.23,23.0,32.0,1.241,9.0,45.22,55.0,61.45,61.57,56.48,59.75,60.1,57.57,59.83,60.02,57.79,57.67,57.6,59.6,56.98,60.3,63.65,58.37,-8.77,-1.0100000000000016,2.5,45.5
2022_04_JAX_PHI,2022,4,REG,JAX,PHI,20.712,23.675,21.0,29.0,2.962,8.0,44.387,50.0,61.29,60.89,61.94,59.0,64.145,57.445,62.08,59.39,61.46,58.5,64.77,58.56,64.9,58.89,56.57,60.19,-5.324999999999999,-0.28800000000000026,6.5,44.0
2022_04_KC_TB,2022,4,REG,KC,TB,21.522,22.835,41.0,31.0,1.313,-10.0,44.357,72.0,62.2,68.24,59.56,61.41,57.545,61.905,60.28,63.97,58.0,59.58,63.48,59.49,65.36,60.51,52.3,63.94,-8.165,-19.478,1.0,46.5
2022_04_LAC_HOU,2022,4,REG,LAC,HOU,21.764,21.919,34.0,24.0,0.155,-10.0,43.683,58.0,54.63,62.94,58.37,58.1,57.035,58.25,56.3,60.39,56.66,57.69,58.54,63.92,57.73,61.58,55.91,55.6,-2.0809999999999995,-12.236,-5.5,45.0
2022_04_LA_SF,2022,4,REG,LA,SF,22.236,22.581,9.0,24.0,0.345,15.0,44.817,33.0,59.24,61.33,60.34,61.7,61.03,60.815,59.8,61.14,58.48,59.87,58.78,62.48,58.8,62.56,57.98,63.97,-1.4190000000000005,13.236,1.0,42.0
2022_04_MIA_CIN,2022,4,REG,MIA,CIN,21.564,22.532,15.0,27.0,0.968,12.0,44.096,42.0,61.12,61.76,60.46,59.53,59.855,58.73,60.78,60.59,58.67,58.45,60.12,62.91,60.33,63.44,56.63,57.68,-4.468,6.564,4.0,48.5
2022_04_MIN_NO,2022,4,REG,MIN,NO,20.752,22.492,28.0,25.0,1.74,-3.0,43.245,53.0,58.03,55.81,60.75,58.7,57.55,59.18,58.52,57.76,58.26,58.6,62.24,61.29,61.36,61.64,54.68,51.96,-2.507999999999999,-7.248000000000001,-4.0,42.0
2022_04_NE_GB,2022,4,REG,NE,GB,20.721,22.821,24.0,27.0,2.1,3.0,43.543,51.0,63.89,57.76,55.9,58.89,58.54,59.505,60.37,58.38,58.41,57.96,61.0,62.83,61.88,59.48,57.73,48.53,-4.1789999999999985,-3.279,10.0,40.5
2022_04_NYJ_PIT,2022,4,REG,NYJ,PIT,20.298,22.967,24.0,20.0,2.669,-4.0,43.266,44.0,55.79,56.09,58.89,59.13,56.82,57.775,56.47,57.14,57.77,57.79,64.51,57.75,64.19,59.29,59.15,55.04,2.9669999999999987,-3.7020000000000017,3.0,41.0
2022_04_SEA_DET,2022,4,REG,SEA,DET,21.407,23.192,48.0,45.0,1.785,-3.0,44.6,93.0,59.82,55.4,60.1,55.19,57.975,59.06,59.2,56.75,59.41,56.64,58.56,55.68,56.91,58.42,47.5,56.67,-21.808,-26.593,3.0,48.5
2022_04_TEN_IND,2022,4,REG,TEN,IND,20.937,22.841,24.0,17.0,1.904,-7.0,43.778,41.0,58.42,62.11,57.55,57.94,57.555,56.28,57.62,59.18,59.31,58.47,62.25,57.7,61.79,60.55,52.33,53.97,5.841000000000001,-3.062999999999999,4.5,43.0
2022_04_WAS_DAL,2022,4,REG,WAS,DAL,21.561,22.945,10.0,25.0,1.384,15.0,44.506,35.0,59.05,58.85,60.3,62.48,58.09,56.99,58.98,58.91,58.76,59.14,61.14,59.59,54.37,60.39,57.05,52.08,-2.0549999999999997,11.561,3.0,40.5
2022_05_ATL_TB,2022,5,REG,ATL,TB,20.959,23.013,15.0,21.0,2.054,6.0,43.972,36.0,63.26,55.48,60.22,59.27,57.695,59.59,60.99,57.5,58.2,58.9,63.53,58.77,63.46,60.76,53.12,64.59,2.0130000000000017,5.959,10.5,46.0
2022_05_CHI_MIN,2022,5,REG,CHI,MIN,20.623,23.292,22.0,29.0,2.668,7.0,43.915,51.0,62.28,51.68,59.62,59.11,59.635,56.72,61.05,54.78,59.05,58.8,62.16,57.53,62.24,59.62,52.93,57.6,-5.707999999999998,-1.376999999999999,10.0,44.0
2022_05_CIN_BAL,2022,5,REG,CIN,BAL,21.76,22.865,17.0,19.0,1.105,2.0,44.625,36.0,52.85,62.71,60.36,61.22,61.36,60.72,56.81,61.98,58.29,59.06,61.46,62.59,59.44,61.1,70.77,59.61,3.8649999999999984,4.760000000000002,3.0,47.5
2022_05_DAL_LA,2022,5,REG,DAL,LA,21.397,23.682,22.0,10.0,2.285,-12.0,45.08,32.0,61.12,58.9,60.49,60.9,60.12,57.825,60.4,58.94,59.38,58.92,58.95,61.44,62.56,54.97,65.19,58.09,13.681999999999999,-0.6030000000000015,5.5,42.0
2022_05_DET_NE,2022,5,REG,DET,NE,20.944,22.89,0.0,29.0,1.947,29.0,43.834,29.0,58.7,61.55,59.49,60.5,59.415,59.305,58.96,60.4,58.11,59.93,62.34,58.94,59.63,57.19,49.22,44.34,-6.109999999999999,20.944,3.0,46.5
2022_05_HOU_JAX,2022,5,REG,HOU,JAX,21.138,23.272,13.0,6.0,2.134,-7.0,44.409,19.0,60.3,54.3,59.54,58.97,57.7,55.385,59.3,55.82,58.82,57.34,58.73,59.33,59.04,58.58,60.17,55.5,17.272,8.138000000000002,7.0,44.0
2022_05_IND_DEN,2022,5,REG,IND,DEN,21.06,22.71,12.0,9.0,1.65,-3.0,43.77,21.0,62.02,59.54,59.87,57.59,55.555,59.22,59.92,58.64,56.74,59.19,60.35,60.89,60.99,61.09,57.25,50.61,13.71,9.059999999999999,3.5,42.0
2022_05_LAC_CLE,2022,5,REG,LAC,CLE,21.234,22.743,30.0,28.0,1.509,-2.0,43.976,58.0,55.98,64.44,61.58,58.96,59.95,58.96,58.35,61.49,62.05,58.52,63.29,64.26,60.87,62.34,63.29,56.23,-5.2570000000000014,-8.765999999999998,-1.0,47.0
2022_05_LV_KC,2022,5,REG,LV,KC,21.446,24.123,29.0,30.0,2.677,1.0,45.569,59.0,69.26,61.45,62.28,55.73,62.67,60.415,64.81,59.79,62.1,57.69,61.54,59.03,61.77,58.12,59.22,64.67,-5.876999999999999,-7.5539999999999985,7.5,51.5
2022_05_MIA_NYJ,2022,5,REG,MIA,NYJ,21.753,22.221,17.0,40.0,0.468,23.0,43.973,57.0,55.9,62.27,61.39,60.04,58.49,59.105,57.81,61.08,58.6,58.06,57.97,62.82,60.15,63.64,56.87,55.9,-17.779,4.753,-3.0,46.0
2022_05_NYG_GB,2022,5,REG,NYG,GB,20.966,23.371,27.0,22.0,2.405,-5.0,44.337,49.0,64.53,55.89,58.27,58.13,59.295,57.39,61.41,56.53,59.8,57.77,61.94,59.18,62.61,61.3,60.04,63.67,1.3709999999999987,-6.033999999999999,8.5,42.0
2022_05_PHI_ARI,2022,5,REG,PHI,ARI,21.871,21.534,20.0,17.0,-0.337,-3.0,43.405,37.0,60.23,60.6,62.54,58.6,57.905,64.685,59.68,61.28,60.72,60.39,60.3,65.08,57.93,65.78,40.75,55.82,4.533999999999999,1.8709999999999987,-5.5,48.5
2022_05_PIT_BUF,2022,5,REG,PIT,BUF,20.842,22.488,3.0,38.0,1.645,35.0,43.33,41.0,65.02,54.98,58.8,59.05,59.755,57.9,61.67,56.51,58.75,58.04,63.91,64.52,59.76,64.39,59.04,59.87,-15.512,17.842,14.0,44.0
2022_05_SEA_NO,2022,5,REG,SEA,NO,21.145,23.071,32.0,39.0,1.926,7.0,44.216,71.0,57.24,57.79,61.24,58.65,57.16,62.14,58.04,59.25,58.5,59.92,62.68,55.83,61.55,58.8,50.32,56.91,-15.928999999999998,-10.855,5.5,45.5
2022_05_SF_CAR,2022,5,REG,SF,CAR,21.503,22.891,37.0,15.0,1.387,-22.0,44.394,52.0,56.16,60.75,57.44,57.29,53.99,61.625,55.68,60.1,58.01,57.48,59.99,59.74,58.61,59.49,64.41,55.68,7.890999999999998,-15.497,-6.0,40.0
2022_05_TEN_WAS,2022,5,REG,TEN,WAS,21.246,23.049,21.0,17.0,1.803,-4.0,44.295,38.0,58.09,62.79,62.9,56.99,57.525,56.66,58.91,59.43,59.53,58.27,59.83,58.25,61.2,61.46,56.9,53.98,6.0489999999999995,0.24599999999999866,-1.0,43.0
2022_06_ARI_SEA,2022,6,REG,ARI,SEA,21.482,22.994,9.0,19.0,1.512,10.0,44.476,28.0,58.7,60.6,58.69,62.45,62.475,58.745,59.8,60.14,60.13,60.94,56.39,62.55,57.93,58.44,57.59,37.82,3.9939999999999998,12.482,-2.5,50.0
2022_06_BAL_NYG,2022,6,REG,BAL,NYG,21.768,22.77,20.0,24.0,1.002,4.0,44.537,44.0,56.58,52.36,58.46,60.05,58.415,61.79,57.15,56.56,58.31,58.39,58.45,61.52,60.66,61.08,64.63,69.67,-1.2300000000000004,1.7680000000000007,-5.5,46.0
2022_06_BUF_KC,2022,6,REG,BUF,KC,21.718,23.743,24.0,20.0,2.026,-4.0,45.461,44.0,70.6,66.83,62.45,57.45,63.585,60.515,65.73,62.49,62.36,58.49,60.12,60.84,60.69,60.7,56.43,57.16,3.7429999999999986,-2.282,-2.5,54.0
2022_06_CAR_LA,2022,6,REG,CAR,LA,21.062,23.095,10.0,24.0,2.033,14.0,44.157,34.0,60.79,55.14,58.37,58.14,60.455,54.5,59.84,55.57,58.76,58.39,59.49,59.89,63.36,62.14,62.64,62.43,-0.9050000000000011,11.062000000000001,10.0,41.5
2022_06_CIN_NO,2022,6,REG,CIN,NO,21.484,22.57,30.0,26.0,1.086,-4.0,44.054,56.0,57.28,62.45,61.66,61.57,60.605,61.135,59.03,62.0,60.17,59.6,62.95,62.47,61.55,60.3,52.22,59.52,-3.4299999999999997,-8.515999999999998,-3.0,42.5
2022_06_DAL_PHI,2022,6,REG,DAL,PHI,20.378,23.364,17.0,26.0,2.986,9.0,43.741,43.0,60.62,56.61,58.52,60.94,64.89,57.975,61.21,57.96,60.59,58.94,65.25,61.63,65.8,55.94,55.15,57.68,-2.6359999999999992,3.378,6.5,42.5
2022_06_DEN_LAC,2022,6,REG,DEN,LAC,20.698,22.923,16.0,19.0,2.224,3.0,43.621,35.0,64.95,61.62,59.34,59.67,59.28,55.62,61.87,59.72,59.66,56.64,64.03,61.28,62.19,62.75,56.12,55.45,3.9229999999999983,4.698,3.5,45.5
2022_06_JAX_IND,2022,6,REG,JAX,IND,21.177,23.031,27.0,34.0,1.853,7.0,44.208,61.0,58.89,59.23,57.77,62.17,59.95,58.035,58.64,59.42,59.52,60.0,63.02,58.69,63.24,59.12,53.89,61.2,-10.969000000000001,-5.823,1.0,41.0
2022_06_MIN_MIA,2022,6,REG,MIN,MIA,20.908,22.462,24.0,16.0,1.554,-8.0,43.37,40.0,62.14,63.14,57.83,60.16,58.085,60.475,59.92,61.76,57.63,59.9,62.82,62.04,63.94,61.99,54.07,49.36,6.462,-3.0919999999999987,-3.0,45.0
2022_06_NE_CLE,2022,6,REG,NE,CLE,20.966,22.657,38.0,15.0,1.69,-23.0,43.623,53.0,56.36,58.55,61.78,59.86,61.065,60.495,58.82,59.09,62.86,58.78,61.59,62.87,59.86,59.8,49.95,48.97,7.657,-17.034,2.5,43.0
2022_06_NYJ_GB,2022,6,REG,NYJ,GB,20.928,23.703,27.0,10.0,2.775,-17.0,44.631,37.0,65.21,55.73,58.51,60.88,59.82,58.765,61.86,57.69,60.33,59.5,62.22,58.28,62.54,59.69,60.77,57.02,13.703,-6.071999999999999,7.5,44.5
2022_06_SF_ATL,2022,6,REG,SF,ATL,21.162,22.726,14.0,28.0,1.564,14.0,43.888,42.0,55.58,62.52,58.78,57.39,60.29,62.535,57.62,61.19,58.94,58.15,58.08,61.99,59.24,61.42,63.0,39.24,-5.274000000000001,7.161999999999999,-3.5,46.0
2022_06_TB_PIT,2022,6,REG,TB,PIT,20.597,22.085,18.0,20.0,1.488,2.0,42.683,38.0,54.82,64.22,59.44,60.68,58.845,57.83,56.83,61.56,58.18,58.54,64.95,63.57,65.9,63.12,57.81,53.94,2.085000000000001,2.5970000000000013,-10.0,47.0
2022_06_WAS_CHI,2022,6,REG,WAS,CHI,21.836,22.526,12.0,7.0,0.69,-5.0,44.362,19.0,54.55,58.3,59.16,61.71,57.865,57.97,56.36,58.88,58.39,59.08,57.63,59.57,58.73,62.31,57.69,58.23,15.526,9.835999999999999,-1.0,38.5
2022_07_ATL_CIN,2022,7,REG,ATL,CIN,21.671,23.936,17.0,35.0,2.265,18.0,45.607,52.0,64.17,56.67,62.2,59.24,61.265,59.79,63.03,58.04,59.94,60.22,60.76,58.17,59.27,59.26,63.17,63.33,-11.064,4.670999999999999,6.5,47.5
2022_07_CHI_NE,2022,7,REG,CHI,NE,20.911,23.078,33.0,14.0,2.167,-19.0,43.989,47.0,59.29,51.22,60.76,59.13,61.785,57.915,60.18,55.0,59.35,58.47,61.96,58.25,60.32,58.95,49.91,60.68,9.078,-12.088999999999999,9.5,40.0
2022_07_CLE_BAL,2022,7,REG,CLE,BAL,21.409,22.982,20.0,23.0,1.573,3.0,44.391,43.0,51.25,55.88,60.64,62.34,61.95,61.215,56.23,58.81,58.69,62.96,61.91,61.7,61.29,59.75,69.59,56.41,-0.018000000000000682,1.408999999999999,6.5,46.0
2022_07_DET_DAL,2022,7,REG,DET,DAL,21.279,23.254,6.0,24.0,1.975,18.0,44.532,30.0,56.67,60.46,61.73,61.06,57.83,59.325,58.11,60.01,59.58,60.37,61.92,59.16,55.84,57.3,58.52,44.64,-0.7459999999999987,15.279,7.0,49.5
2022_07_GB_WAS,2022,7,REG,GB,WAS,21.702,22.355,21.0,23.0,0.653,2.0,44.057,44.0,58.32,64.91,59.26,59.33,58.035,59.65,58.48,61.83,58.03,60.58,60.05,62.08,63.18,62.43,55.34,59.07,-0.6449999999999996,0.7020000000000017,-4.0,41.5
2022_07_HOU_LV,2022,7,REG,HOU,LV,21.092,23.646,20.0,38.0,2.554,18.0,44.738,58.0,62.36,53.64,56.38,57.54,60.755,58.375,60.47,55.89,58.44,57.73,60.73,59.36,58.47,58.48,67.07,57.58,-14.354,1.0919999999999987,7.0,46.0
2022_07_IND_TEN,2022,7,REG,IND,TEN,21.503,22.256,10.0,19.0,0.753,9.0,43.759,29.0,62.74,60.27,57.67,57.39,57.085,60.18,59.72,59.35,58.95,58.89,58.39,63.43,61.2,63.81,54.02,55.69,3.2560000000000002,11.503,2.5,43.0
2022_07_KC_SF,2022,7,REG,KC,SF,22.117,22.281,44.0,23.0,0.164,-21.0,44.398,67.0,63.48,70.94,58.24,63.01,62.925,63.98,61.93,66.2,60.62,62.67,61.6,62.2,62.29,62.4,39.85,56.45,-0.7190000000000012,-21.883,-1.0,49.0
2022_07_NO_ARI,2022,7,REG,NO,ARI,21.131,22.473,34.0,42.0,1.342,8.0,43.604,76.0,60.61,57.77,62.91,62.23,58.365,59.65,60.06,59.47,59.48,59.51,63.44,60.89,59.39,61.96,47.43,54.67,-19.527,-12.869,2.5,44.0
2022_07_NYG_JAX,2022,7,REG,NYG,JAX,21.822,23.308,23.0,17.0,1.486,-6.0,45.13,40.0,59.87,57.99,62.73,59.14,58.055,58.87,59.89,57.94,59.91,58.9,59.34,59.09,59.13,61.35,62.09,65.89,6.308,-1.1780000000000008,3.0,44.0
2022_07_NYJ_DEN,2022,7,REG,NYJ,DEN,20.733,22.936,16.0,9.0,2.203,-7.0,43.669,25.0,61.47,56.29,60.31,60.42,54.58,58.725,59.63,57.88,56.16,59.79,64.26,59.0,62.79,60.55,58.8,56.89,13.936,4.7330000000000005,-2.0,37.0
2022_07_PIT_MIA,2022,7,REG,PIT,MIA,20.562,21.857,10.0,16.0,1.294,6.0,42.419,26.0,63.24,54.32,58.77,59.94,59.73,58.975,60.99,56.84,58.53,58.21,63.32,65.58,64.92,66.66,52.51,59.9,5.856999999999999,10.562000000000001,7.5,44.5
2022_07_SEA_LAC,2022,7,REG,SEA,LAC,20.917,23.569,37.0,23.0,2.652,-14.0,44.486,60.0,64.65,58.39,58.24,59.64,59.14,62.835,61.5,60.0,59.06,58.63,64.73,57.98,62.98,58.74,58.18,59.74,0.5689999999999991,-16.083,5.5,51.5
2022_07_TB_CAR,2022,7,REG,TB,CAR,21.592,21.568,3.0,21.0,-0.024,18.0,43.159,24.0,54.63,65.23,58.29,60.6,53.315,58.98,54.88,62.52,55.07,58.68,60.49,64.13,61.31,63.11,57.28,55.71,0.5680000000000014,18.592,-13.0,39.5
2022_08_ARI_MIN,2022,8,REG,ARI,MIN,20.859,22.346,26.0,34.0,1.488,8.0,43.205,60.0,55.98,61.19,60.83,62.8,60.235,58.56,58.66,60.38,60.13,60.14,62.92,62.96,62.39,59.42,47.29,48.6,-11.654,-5.140999999999998,4.0,48.5
2022_08_BAL_TB,2022,8,REG,BAL,TB,21.121,22.882,27.0,22.0,1.761,-5.0,44.003,49.0,64.89,52.51,62.75,61.17,59.88,62.12,62.95,57.0,60.07,58.6,63.71,63.07,63.23,62.22,55.18,70.53,0.8820000000000014,-5.879000000000001,2.0,46.0
2022_08_CAR_ATL,2022,8,REG,CAR,ATL,21.299,23.201,34.0,37.0,1.901,3.0,44.5,71.0,56.96,55.75,59.21,58.39,60.755,55.035,58.59,55.85,60.78,57.53,57.51,60.27,59.49,60.7,63.0,56.77,-13.799,-12.701,4.5,41.0
2022_08_CHI_DAL,2022,8,REG,CHI,DAL,21.219,23.46,29.0,49.0,2.241,20.0,44.68,78.0,56.73,53.49,62.1,57.41,58.195,57.97,58.28,55.55,60.02,58.1,62.93,56.97,56.38,58.5,58.97,62.74,-25.54,-7.780999999999999,10.5,43.0
2022_08_CIN_CLE,2022,8,REG,CIN,CLE,21.823,23.032,13.0,32.0,1.209,19.0,44.855,45.0,56.56,66.44,62.61,57.93,61.43,62.05,59.27,63.54,63.18,58.29,62.38,60.88,60.39,59.36,51.53,62.76,-8.968,8.823,-3.0,45.0
2022_08_DEN_JAX,2022,8,REG,DEN,JAX,21.61,23.406,21.0,17.0,1.796,-4.0,45.017,38.0,61.38,61.83,63.12,60.51,58.415,57.54,60.73,60.41,59.99,57.68,59.24,58.27,59.12,61.83,60.96,56.18,6.405999999999999,0.6099999999999994,1.0,41.0
2022_08_GB_BUF,2022,8,REG,GB,BUF,21.451,23.053,17.0,27.0,1.603,10.0,44.504,44.0,68.38,64.97,59.37,59.26,61.4,59.44,63.86,61.73,59.72,60.67,63.73,61.92,60.73,62.69,55.63,57.85,-3.946999999999999,4.4510000000000005,10.5,47.0
2022_08_LV_NO,2022,8,REG,LV,NO,21.977,23.056,0.0,24.0,1.079,24.0,45.033,24.0,59.28,63.52,62.54,56.69,58.875,62.075,59.73,61.43,60.15,59.25,60.84,60.48,61.88,58.74,54.45,69.11,-0.9439999999999991,21.977,-1.0,48.5
2022_08_MIA_DET,2022,8,REG,MIA,DET,22.02,21.995,31.0,27.0,-0.025,-4.0,44.016,58.0,60.58,64.08,61.39,60.51,59.43,59.675,60.13,61.79,60.51,59.36,58.4,63.48,56.8,64.88,45.64,53.07,-5.004999999999999,-8.98,-3.5,52.0
2022_08_NE_NYJ,2022,8,REG,NE,NYJ,21.362,22.437,22.0,17.0,1.075,-5.0,43.8,39.0,56.3,60.25,61.35,60.81,58.56,60.875,58.04,60.15,58.88,59.48,58.94,63.29,60.57,60.84,57.09,49.21,5.437000000000001,-0.6380000000000017,-3.0,40.0
2022_08_NYG_SEA,2022,8,REG,NYG,SEA,21.768,23.383,13.0,27.0,1.616,14.0,45.151,40.0,59.12,58.9,60.36,58.86,63.605,59.995,60.76,58.73,60.24,59.07,59.94,59.1,60.55,61.09,60.61,66.4,-3.617000000000001,8.768,3.0,44.5
2022_08_PIT_PHI,2022,8,REG,PIT,PHI,20.241,22.729,13.0,35.0,2.488,22.0,42.969,48.0,61.99,54.55,63.31,60.35,65.085,59.485,62.92,57.19,62.75,58.71,65.88,64.15,66.29,66.55,57.36,59.27,-12.271,7.241,11.0,43.0
2022_08_SF_LA,2022,8,REG,SF,LA,21.601,23.137,31.0,14.0,1.535,-17.0,44.738,45.0,61.78,63.87,59.53,58.72,60.575,63.475,60.65,62.33,59.3,61.11,60.21,61.52,63.44,61.26,63.14,55.15,9.137,-9.399000000000001,-1.0,42.0
2022_08_TEN_HOU,2022,8,REG,TEN,HOU,21.983,22.468,17.0,10.0,0.485,-7.0,44.45,27.0,55.82,63.27,58.81,58.05,58.71,56.98,57.26,60.01,58.89,59.21,57.71,60.45,56.99,62.93,56.4,55.62,12.468,4.9830000000000005,-1.0,39.0
2022_08_WAS_IND,2022,8,REG,WAS,IND,20.632,22.888,17.0,16.0,2.256,-1.0,43.52,33.0,60.37,58.61,60.44,59.64,60.39,58.135,60.09,58.73,60.82,58.06,63.18,60.42,63.32,63.06,56.04,53.61,6.888000000000002,3.6320000000000014,3.0,40.5
2022_09_BAL_NO,2022,9,REG,BAL,NO,21.331,22.571,27.0,13.0,1.24,-14.0,43.902,40.0,59.22,52.27,62.79,61.87,59.215,61.885,60.11,57.02,60.24,58.79,61.7,62.25,62.33,63.69,55.14,68.43,9.571000000000002,-5.6690000000000005,-1.0,46.0
2022_09_BUF_NYJ,2022,9,REG,BUF,NYJ,22.013,22.086,17.0,20.0,0.073,3.0,44.099,37.0,56.24,66.46,61.65,59.6,58.525,60.96,58.06,62.91,59.09,59.85,59.19,65.07,60.61,62.6,55.82,58.3,2.0859999999999985,5.013000000000002,-11.0,46.0
2022_09_CAR_CIN,2022,9,REG,CAR,CIN,21.108,23.19,21.0,42.0,2.082,21.0,44.298,63.0,64.47,55.53,58.1,59.13,62.065,55.115,62.69,56.01,58.4,57.13,61.12,60.62,58.71,61.17,58.33,60.27,-18.81,0.10800000000000054,7.0,43.0
2022_09_GB_DET,2022,9,REG,GB,DET,22.176,22.391,9.0,15.0,0.214,6.0,44.567,24.0,60.42,64.83,61.59,57.35,60.93,59.57,60.41,61.4,61.1,59.96,58.55,62.29,56.63,62.46,45.99,56.93,7.390999999999998,13.175999999999998,-4.0,49.5
2022_09_IND_NE,2022,9,REG,IND,NE,21.215,21.918,3.0,26.0,0.703,23.0,43.132,29.0,57.74,59.96,61.13,60.8,61.035,57.49,59.19,59.47,59.6,59.37,62.02,64.36,61.39,64.3,49.07,57.09,-4.082000000000001,18.215,5.0,40.0
2022_09_LAC_ATL,2022,9,REG,LAC,ATL,22.048,22.784,20.0,17.0,0.736,-3.0,44.832,37.0,56.7,63.58,59.62,59.11,61.18,58.695,58.68,61.06,61.08,59.42,58.02,64.2,58.56,62.44,65.32,57.89,5.783999999999999,2.0479999999999983,-2.5,49.5
2022_09_LA_TB,2022,9,REG,LA,TB,21.357,22.981,13.0,16.0,1.624,3.0,44.337,29.0,64.18,61.85,63.0,59.86,59.56,60.26,62.59,60.71,60.26,59.29,63.31,60.78,62.88,64.1,55.8,63.74,6.981000000000002,8.357,3.0,43.0
2022_09_LV_JAX,2022,9,REG,LV,JAX,22.207,23.377,20.0,27.0,1.17,7.0,45.585,47.0,58.99,62.01,60.88,56.96,58.46,61.62,59.23,60.67,60.28,59.24,59.37,59.74,59.06,58.34,60.85,67.7,-3.623000000000001,2.2070000000000007,-2.5,47.5
2022_09_MIA_CHI,2022,9,REG,MIA,CHI,22.166,22.001,35.0,32.0,-0.164,-3.0,44.167,67.0,53.84,63.65,57.98,56.83,58.615,60.05,56.15,61.07,57.95,57.77,56.43,63.22,55.75,65.07,60.69,54.46,-9.998999999999999,-12.834,-4.0,46.0
2022_09_MIN_WAS,2022,9,REG,MIN,WAS,21.17,22.199,20.0,17.0,1.029,-3.0,43.369,37.0,58.52,55.7,60.55,61.18,57.985,61.14,58.92,58.77,58.44,60.89,57.94,63.71,61.72,62.78,54.43,44.9,5.199000000000002,1.1700000000000017,-3.0,43.5
2022_09_PHI_HOU,2022,9,REG,PHI,HOU,22.652,21.514,29.0,17.0,-1.139,-12.0,44.166,46.0,55.32,61.99,58.95,63.39,58.62,64.825,57.06,62.83,58.86,62.97,57.77,66.81,56.9,66.96,57.35,57.88,4.513999999999999,-6.347999999999999,-14.0,45.5
2022_09_SEA_ARI,2022,9,REG,SEA,ARI,21.187,22.713,31.0,21.0,1.526,-10.0,43.9,52.0,61.22,57.94,63.31,56.78,59.25,63.32,60.92,59.29,60.2,58.51,63.42,60.67,60.76,61.04,47.51,60.95,1.713000000000001,-9.812999999999999,1.5,49.5
2022_09_TEN_KC,2022,9,REG,TEN,KC,21.186,23.521,17.0,20.0,2.335,3.0,44.707,37.0,70.38,62.59,62.84,58.4,64.47,56.815,66.14,59.75,61.11,59.73,61.51,60.72,61.93,63.16,56.5,54.65,3.521000000000001,4.186,14.0,45.0
2022_10_ARI_LA,2022,10,REG,ARI,LA,20.987,23.199,27.0,17.0,2.212,-10.0,44.186,44.0,62.29,61.55,60.21,62.36,60.495,59.705,61.08,61.04,59.44,59.84,60.78,62.93,64.16,60.03,64.67,48.41,6.199000000000002,-6.013000000000002,3.5,38.0
2022_10_ATL_CAR,2022,10,REG,ATL,CAR,21.837,23.042,15.0,25.0,1.205,10.0,44.879,40.0,55.19,56.85,59.4,60.79,55.325,60.94,56.09,58.95,57.24,62.03,60.3,57.54,61.37,58.54,61.04,64.46,-1.9579999999999984,6.837,-2.5,41.5
2022_10_CLE_MIA,2022,10,REG,CLE,MIA,20.711,22.668,17.0,39.0,1.957,22.0,43.379,56.0,65.0,56.88,57.14,58.86,60.535,62.12,61.98,59.06,57.82,61.48,62.57,62.57,64.79,60.71,52.45,49.45,-16.332,3.7109999999999985,3.0,49.0
2022_10_DAL_GB,2022,10,REG,DAL,GB,20.885,23.287,28.0,31.0,2.402,3.0,44.171,59.0,65.57,57.05,57.98,62.49,59.67,58.715,61.91,58.68,60.09,60.24,65.34,63.02,62.15,56.37,56.78,59.36,-7.713000000000001,-7.114999999999998,-3.5,44.5
2022_10_DEN_TEN,2022,10,REG,DEN,TEN,21.137,23.095,10.0,17.0,1.957,7.0,44.232,27.0,62.82,62.24,58.75,60.67,57.08,59.65,60.01,61.07,60.0,58.52,61.02,58.44,64.2,61.54,54.93,55.29,6.094999999999999,11.137,2.5,40.0
2022_10_DET_CHI,2022,10,REG,DET,CHI,22.025,23.349,31.0,30.0,1.324,-1.0,45.374,61.0,55.35,60.8,58.73,61.84,59.035,60.32,57.08,60.55,58.31,60.82,56.3,58.13,55.54,56.29,61.39,45.8,-6.651,-8.975000000000001,3.0,48.5
2022_10_HOU_NYG,2022,10,REG,HOU,NYG,21.028,23.766,16.0,24.0,2.737,8.0,44.794,40.0,58.61,56.05,58.36,59.27,59.665,54.52,58.44,56.67,58.57,57.52,59.57,58.0,61.77,56.33,67.51,57.56,-0.23400000000000176,5.027999999999999,5.5,41.5
2022_10_IND_LV,2022,10,REG,IND,LV,21.455,22.887,25.0,20.0,1.432,-5.0,44.342,45.0,62.79,60.3,57.39,60.85,62.01,60.63,61.24,60.35,59.42,60.44,61.79,64.21,59.79,64.5,68.28,55.16,2.8870000000000005,-3.5450000000000017,4.5,41.0
2022_10_JAX_KC,2022,10,REG,JAX,KC,21.469,24.058,17.0,27.0,2.589,10.0,45.527,44.0,70.53,60.31,63.35,61.47,64.41,58.665,66.35,60.02,61.07,60.62,61.4,59.26,61.96,58.93,57.65,59.12,-2.942,4.469000000000001,10.0,51.5
2022_10_LAC_SF,2022,10,REG,LAC,SF,21.583,22.904,16.0,22.0,1.322,6.0,44.487,38.0,63.87,64.41,58.91,60.05,63.14,59.47,62.21,61.94,61.33,59.6,61.55,63.76,61.23,62.36,57.35,57.88,0.9039999999999999,5.582999999999998,8.5,45.5
2022_10_MIN_BUF,2022,10,REG,MIN,BUF,20.818,22.826,33.0,30.0,2.007,-3.0,43.644,63.0,66.13,63.82,59.97,61.68,60.87,61.68,62.81,62.69,59.86,61.0,65.29,63.72,62.62,62.89,57.49,46.55,-7.1739999999999995,-12.181999999999999,6.5,47.0
2022_10_NO_PIT,2022,10,REG,NO,PIT,20.772,22.269,10.0,20.0,1.498,10.0,43.041,30.0,53.72,58.42,60.74,63.09,58.405,60.065,56.42,60.09,58.93,60.52,64.03,61.5,66.3,63.22,56.85,56.75,2.2689999999999984,10.771999999999998,1.0,39.5
2022_10_SEA_TB,2022,10,REG,SEA,TB,20.978,23.271,16.0,21.0,2.293,5.0,44.25,37.0,64.35,58.47,63.47,57.22,60.8,63.4,63.01,59.71,60.7,58.13,62.86,60.94,64.47,60.74,55.21,60.91,2.271000000000001,4.9780000000000015,2.5,45.0
2022_10_WAS_PHI,2022,10,REG,WAS,PHI,20.266,23.331,32.0,21.0,3.066,-11.0,43.597,53.0,62.78,58.9,63.91,61.11,65.775,58.17,63.66,59.32,63.32,59.08,65.82,61.01,67.26,63.38,55.23,55.32,2.3309999999999995,-11.734000000000002,11.0,43.0
2022_11_CAR_BAL,2022,11,REG,CAR,BAL,20.556,23.126,3.0,13.0,2.571,10.0,43.682,16.0,52.71,55.73,62.53,59.08,62.375,55.91,57.5,56.51,59.31,57.11,61.93,60.23,64.16,61.19,67.59,57.61,10.126000000000001,17.556,13.0,42.0
2022_11_CHI_ATL,2022,11,REG,CHI,ATL,21.842,23.784,24.0,27.0,1.942,3.0,45.626,51.0,57.16,57.22,60.04,59.16,61.19,59.615,59.04,58.19,60.17,58.74,57.89,56.76,58.24,56.83,61.09,60.57,-3.216000000000001,-2.1580000000000013,3.0,48.5
2022_11_CIN_PIT,2022,11,REG,CIN,PIT,21.209,22.78,37.0,30.0,1.571,-7.0,43.989,67.0,55.57,66.17,60.93,58.36,58.865,62.665,57.47,63.68,59.39,59.22,63.36,59.48,65.62,58.8,52.38,57.74,-7.219999999999999,-15.791,-3.5,39.0
2022_11_CLE_BUF,2022,11,REG,CLE,BUF,20.709,23.256,23.0,31.0,2.547,8.0,43.965,54.0,66.43,57.51,60.63,59.04,62.675,62.2,63.88,59.33,60.17,61.68,65.26,62.41,62.58,61.25,58.35,51.15,-7.744,-2.2910000000000004,7.5,50.5
2022_11_DAL_MIN,2022,11,REG,DAL,MIN,21.496,23.248,40.0,3.0,1.752,-37.0,44.745,43.0,64.1,63.47,61.8,63.13,61.9,59.205,62.88,61.86,61.5,61.94,63.42,61.89,62.61,56.12,47.2,59.0,20.248,-18.504,-1.5,48.5
2022_11_DET_NYG,2022,11,REG,DET,NYG,21.309,23.993,31.0,18.0,2.684,-13.0,45.302,49.0,60.17,61.67,57.11,60.32,61.405,63.12,59.46,61.55,58.63,60.91,58.91,56.77,62.28,56.46,67.45,44.68,5.9929999999999986,-9.690999999999999,3.0,44.0
2022_11_KC_LAC,2022,11,REG,KC,LAC,22.079,22.806,30.0,27.0,0.727,-3.0,44.884,57.0,64.92,71.32,60.27,63.83,56.265,65.145,61.61,67.01,58.52,61.6,61.88,61.82,62.28,62.62,57.19,56.11,-4.193999999999999,-7.920999999999999,-5.5,52.5
2022_11_LA_NO,2022,11,REG,LA,NO,21.801,22.437,20.0,27.0,0.636,7.0,44.238,47.0,58.58,62.71,62.98,60.28,59.5,60.66,59.77,61.26,60.61,59.85,59.42,64.07,63.1,63.93,57.17,62.62,-4.562999999999999,1.8009999999999984,2.5,39.5
2022_11_LV_DEN,2022,11,REG,LV,DEN,22.222,23.021,22.0,16.0,0.799,-6.0,45.243,38.0,62.76,63.45,59.55,57.71,59.965,62.7,61.01,61.74,58.01,59.98,58.55,60.91,61.68,59.07,56.02,66.69,7.021000000000001,0.2220000000000013,2.5,41.5
2022_11_NYJ_NE,2022,11,REG,NYJ,NE,21.191,23.356,3.0,10.0,2.165,7.0,44.547,13.0,59.34,57.0,59.63,62.03,61.755,59.125,59.72,58.68,59.15,59.73,61.76,58.5,61.63,61.05,63.06,57.66,13.356000000000002,18.191,3.5,38.5
2022_11_PHI_IND,2022,11,REG,PHI,IND,21.395,22.275,17.0,16.0,0.88,-1.0,43.67,33.0,61.5,63.7,56.65,63.9,60.975,66.01,60.11,64.09,59.08,63.66,64.35,63.63,64.78,65.82,57.55,53.93,6.274999999999999,4.395,-6.5,45.5
2022_11_SF_ARI,2022,11,REG,SF,ARI,21.827,23.064,38.0,10.0,1.237,-28.0,44.891,48.0,62.23,64.25,63.94,61.68,59.995,63.62,61.73,63.04,61.93,62.81,63.05,61.19,60.13,61.14,52.45,56.88,13.064,-16.173,-10.0,43.5
2022_11_TEN_GB,2022,11,REG,TEN,GB,21.064,23.033,27.0,17.0,1.969,-10.0,44.097,44.0,66.36,63.7,58.19,58.98,60.085,57.465,62.43,60.64,60.56,60.1,64.4,60.87,61.68,64.7,58.33,55.66,6.033000000000001,-5.936,3.0,40.5
2022_11_WAS_HOU,2022,11,REG,WAS,HOU,22.012,22.449,23.0,10.0,0.436,-13.0,44.461,33.0,57.68,56.76,59.44,62.7,54.43,58.5,57.4,58.81,57.63,59.99,57.67,60.81,56.66,63.2,59.39,57.29,12.449000000000002,-0.9879999999999995,-3.0,41.0
2022_12_ATL_WAS,2022,12,REG,ATL,WAS,21.856,23.281,13.0,19.0,1.425,6.0,45.138,32.0,56.48,57.04,63.02,60.1,58.73,61.295,58.8,59.03,60.27,60.66,58.38,58.12,61.91,59.72,57.97,63.32,4.280999999999999,8.856000000000002,3.5,40.5
2022_12_BAL_JAX,2022,12,REG,BAL,JAX,21.949,22.708,27.0,28.0,0.759,1.0,44.657,55.0,60.7,52.36,61.77,62.87,59.0,62.66,60.41,57.55,61.32,59.54,58.76,61.77,59.13,64.15,55.35,67.35,-5.292000000000002,-5.050999999999998,-3.5,43.0
2022_12_BUF_DET,2022,12,REG,BUF,DET,22.785,22.313,28.0,25.0,-0.471,-3.0,45.098,53.0,61.34,66.35,62.15,60.92,63.59,63.01,61.86,63.99,62.0,60.58,57.18,64.91,56.66,62.46,45.41,60.68,-2.687000000000001,-5.215,-10.0,54.0
2022_12_CHI_NYJ,2022,12,REG,CHI,NYJ,21.434,23.537,10.0,31.0,2.103,21.0,44.971,41.0,56.42,56.21,62.14,59.47,58.95,59.86,58.4,57.87,59.59,59.11,58.93,56.97,61.22,56.74,58.06,58.86,-7.463000000000001,11.434000000000001,8.5,36.5
2022_12_CIN_TEN,2022,12,REG,CIN,TEN,22.068,22.876,20.0,16.0,0.808,-4.0,44.944,36.0,64.31,66.23,59.36,63.67,57.895,62.695,61.24,64.78,60.36,61.69,60.7,61.54,64.52,59.8,50.37,62.65,6.876000000000001,2.0680000000000014,-1.0,43.0
2022_12_DEN_CAR,2022,12,REG,DEN,CAR,21.644,22.28,10.0,23.0,0.636,13.0,43.924,33.0,55.44,62.45,59.34,59.47,56.0,60.79,56.45,61.33,57.18,57.89,58.88,60.59,61.25,63.28,58.08,57.31,-0.7199999999999989,11.643999999999998,-1.0,36.5
2022_12_GB_PHI,2022,12,REG,GB,PHI,20.958,23.26,33.0,40.0,2.302,7.0,44.218,73.0,63.17,66.05,64.23,58.53,66.22,60.105,64.05,62.39,63.69,60.65,65.35,63.67,66.37,61.97,56.01,58.73,-16.74,-12.042000000000002,6.5,46.0
2022_12_HOU_MIA,2022,12,REG,HOU,MIA,20.547,23.564,15.0,30.0,3.017,15.0,44.11,45.0,66.11,56.01,57.22,59.55,58.965,54.505,62.27,56.72,56.33,57.52,62.51,57.45,65.04,56.65,55.87,59.24,-6.436,5.547000000000001,14.0,47.0
2022_12_LAC_ARI,2022,12,REG,LAC,ARI,21.418,22.804,25.0,24.0,1.386,-1.0,44.222,49.0,61.39,64.56,61.04,60.73,56.355,56.445,60.06,61.65,59.09,58.78,62.92,62.08,59.92,62.71,60.97,57.17,-1.1960000000000015,-3.5820000000000007,-2.5,48.5
2022_12_LA_KC,2022,12,REG,LA,KC,21.525,23.533,10.0,26.0,2.008,16.0,45.058,36.0,71.69,62.55,64.02,60.35,65.31,60.55,67.23,61.17,61.39,57.68,61.26,63.47,62.47,63.43,61.12,63.66,-2.4669999999999987,11.524999999999999,16.5,42.0
2022_12_LV_SEA,2022,12,REG,LV,SEA,22.314,23.206,40.0,34.0,0.892,-6.0,45.52,74.0,58.8,63.43,57.26,58.01,61.655,62.93,59.56,61.83,58.01,60.3,59.02,60.37,59.72,59.31,63.47,65.68,-10.794,-17.686,4.0,47.5
2022_12_NE_MIN,2022,12,REG,NE,MIN,20.64,22.658,26.0,33.0,2.017,7.0,43.298,59.0,63.12,58.68,61.72,58.47,61.615,61.86,62.39,59.19,61.38,58.71,63.88,63.92,62.58,61.76,49.9,51.81,-10.341999999999999,-5.359999999999999,2.5,42.5
2022_12_NO_SF,2022,12,REG,NO,SF,21.456,24.077,0.0,13.0,2.621,13.0,45.533,13.0,65.01,58.27,61.79,63.05,64.165,59.19,63.53,59.39,63.23,60.84,61.47,57.11,61.4,60.27,58.33,59.14,11.077000000000002,21.456,9.5,44.0
2022_12_NYG_DAL,2022,12,REG,NYG,DAL,21.737,23.686,20.0,28.0,1.949,8.0,45.423,48.0,64.63,59.81,63.42,57.27,59.185,61.295,62.48,59.26,62.42,58.58,62.91,59.21,56.28,62.0,61.57,64.86,-4.314,1.7369999999999983,10.5,45.5
2022_12_PIT_IND,2022,12,REG,PIT,IND,20.542,22.156,24.0,17.0,1.614,-7.0,42.698,41.0,60.89,54.96,57.1,61.1,61.03,59.21,59.89,57.4,59.08,59.6,64.16,64.64,64.6,65.82,57.79,56.89,5.155999999999999,-3.4579999999999984,2.5,40.0
2022_12_TB_CLE,2022,12,REG,TB,CLE,22.015,22.199,17.0,23.0,0.184,6.0,44.214,40.0,57.61,64.78,59.5,60.86,60.73,62.125,59.23,63.0,61.23,60.24,59.18,63.7,59.31,65.0,52.52,54.89,-0.8009999999999984,5.015000000000001,-3.0,42.0
2022_13_BUF_NE,2022,13,REG,BUF,NE,21.732,22.191,24.0,10.0,0.459,-14.0,43.922,34.0,59.44,65.44,58.78,61.26,63.57,63.19,60.33,63.7,59.01,60.91,64.08,64.79,61.03,63.34,53.34,60.76,12.190999999999999,-2.2680000000000007,-3.5,43.5
2022_13_CLE_HOU,2022,13,REG,CLE,HOU,21.596,22.818,27.0,14.0,1.222,-13.0,44.415,41.0,55.76,56.94,59.77,60.04,54.175,61.88,56.54,59.15,56.89,62.1,57.95,58.78,57.58,58.77,58.61,44.48,8.818000000000001,-5.404,-7.5,47.0
2022_13_DEN_BAL,2022,13,REG,DEN,BAL,20.88,23.614,9.0,10.0,2.734,1.0,44.494,19.0,63.17,61.78,63.17,56.11,62.6,60.23,62.42,60.05,59.81,57.86,61.79,60.39,63.88,62.7,69.26,54.17,13.614,11.879999999999999,9.5,40.5
2022_13_GB_CHI,2022,13,REG,GB,CHI,22.574,22.586,28.0,19.0,0.013,-9.0,45.16,47.0,55.79,65.62,60.06,58.65,59.26,60.88,57.65,62.6,59.34,60.71,56.14,62.6,55.89,61.43,60.28,54.62,3.5859999999999985,-5.425999999999998,-4.0,45.0
2022_13_IND_DAL,2022,13,REG,IND,DAL,21.278,22.799,19.0,54.0,1.521,35.0,44.077,73.0,64.57,60.36,61.08,57.54,59.585,60.61,62.07,59.6,61.34,59.35,63.15,64.23,56.78,65.0,61.29,52.61,-31.201,2.2779999999999987,11.0,44.5
2022_13_JAX_DET,2022,13,REG,JAX,DET,22.115,23.099,14.0,40.0,0.983,26.0,45.214,54.0,60.98,60.58,62.37,62.13,61.535,58.915,61.11,60.4,61.36,61.35,58.39,58.6,56.93,59.22,45.62,55.53,-16.901,8.114999999999998,1.0,51.5
2022_13_KC_CIN,2022,13,REG,KC,CIN,22.73,23.492,24.0,27.0,0.762,3.0,46.222,51.0,65.34,70.54,63.98,64.3,62.61,65.1,64.42,66.66,60.75,61.87,58.65,60.74,60.37,62.33,59.43,60.77,-3.507999999999999,-1.2699999999999996,-2.5,53.0
2022_13_LAC_LV,2022,13,REG,LAC,LV,21.804,23.356,20.0,27.0,1.552,7.0,45.16,47.0,63.3,64.22,58.51,61.81,62.815,56.26,61.82,61.66,60.69,59.15,60.01,62.41,59.74,62.55,67.7,58.16,-3.6439999999999984,1.8039999999999985,2.5,49.0
2022_13_MIA_SF,2022,13,REG,MIA,SF,20.975,23.205,17.0,33.0,2.23,16.0,44.179,50.0,63.99,64.77,62.16,54.95,62.565,59.465,62.32,61.29,63.34,56.05,61.68,61.09,61.89,64.54,57.93,52.67,-9.795000000000002,3.9750000000000014,4.5,46.0
2022_13_NO_TB,2022,13,REG,NO,TB,20.753,23.584,16.0,17.0,2.831,1.0,44.338,33.0,64.26,57.95,61.35,63.26,62.2,59.07,62.84,59.24,60.49,60.37,63.59,57.15,64.69,61.02,54.51,54.6,6.584,4.753,3.5,41.0
2022_13_NYJ_MIN,2022,13,REG,NYJ,MIN,21.018,22.841,22.0,27.0,1.824,5.0,43.859,49.0,63.15,56.2,58.05,63.34,61.63,59.375,61.64,58.7,59.58,62.14,63.8,58.83,62.77,61.61,46.29,56.19,-4.158999999999999,-0.9819999999999993,3.0,44.0
2022_13_PIT_ATL,2022,13,REG,PIT,ATL,21.693,22.231,19.0,16.0,0.538,-3.0,43.924,35.0,56.46,55.01,61.14,61.38,61.27,59.465,58.97,57.54,59.9,59.73,57.58,65.12,58.85,66.23,62.54,57.01,6.231000000000002,2.6930000000000014,-1.0,43.0
2022_13_SEA_LA,2022,13,REG,SEA,LA,21.17,23.659,27.0,23.0,2.489,-4.0,44.828,50.0,62.16,58.3,60.46,57.53,60.27,63.44,60.9,59.57,58.41,59.01,62.9,58.84,63.47,59.66,67.2,62.61,0.6589999999999989,-5.829999999999998,-7.0,41.0
2022_13_TEN_PHI,2022,13,REG,TEN,PHI,20.598,23.545,10.0,35.0,2.946,25.0,44.143,45.0,62.41,63.96,64.72,59.59,66.34,57.85,63.81,61.16,64.25,60.34,65.62,59.78,66.79,64.25,56.85,55.04,-11.454999999999998,10.597999999999999,5.0,44.5
2022_13_WAS_NYG,2022,13,REG,WAS,NYG,21.52,22.888,20.0,20.0,1.368,0.0,44.407,40.0,59.26,56.63,57.5,63.28,61.425,58.56,59.07,58.86,58.62,60.27,59.31,61.01,62.03,64.18,66.51,58.75,2.8880000000000017,1.5199999999999996,-2.5,40.0
2022_14_BAL_PIT,2022,14,REG,BAL,PIT,20.898,22.555,16.0,14.0,1.657,-2.0,43.453,30.0,57.03,52.43,61.33,63.31,60.13,62.87,58.63,57.7,60.13,59.95,64.87,61.97,66.07,63.79,58.26,68.99,8.555,4.898,1.5,37.0
2022_14_CAR_SEA,2022,14,REG,CAR,SEA,21.398,23.447,30.0,24.0,2.048,-6.0,44.845,54.0,59.1,54.94,57.77,59.76,63.355,56.975,60.46,56.79,58.69,57.39,59.19,58.04,59.83,60.57,62.15,62.08,-0.5530000000000008,-8.602,3.5,44.5
2022_14_CLE_CIN,2022,14,REG,CLE,CIN,21.078,23.804,10.0,23.0,2.727,13.0,44.882,33.0,66.23,58.89,64.15,60.36,59.295,62.055,64.31,60.16,59.63,62.25,61.04,59.21,61.9,58.7,58.79,44.83,0.8039999999999985,11.078,4.5,47.0
2022_14_HOU_DAL,2022,14,REG,HOU,DAL,21.324,24.201,23.0,27.0,2.876,4.0,45.525,50.0,65.26,56.6,61.25,59.96,59.89,54.53,62.56,57.1,61.69,56.94,60.54,57.34,56.94,56.25,59.86,58.34,-2.7989999999999995,-1.6759999999999984,17.0,44.5
2022_14_JAX_TEN,2022,14,REG,JAX,TEN,21.466,23.598,36.0,22.0,2.132,-14.0,45.064,58.0,64.25,61.33,59.61,62.65,61.18,59.155,62.1,60.9,61.56,60.47,59.55,58.65,63.76,59.06,54.97,55.59,1.597999999999999,-14.533999999999999,3.0,42.0
2022_14_KC_DEN,2022,14,REG,KC,DEN,22.576,22.707,34.0,28.0,0.131,-6.0,45.283,62.0,62.22,71.14,57.48,64.32,61.275,64.915,60.77,66.79,58.72,61.68,58.57,61.4,61.36,61.63,53.56,58.59,-5.292999999999999,-11.424,-8.5,44.5
2022_14_LV_LA,2022,14,REG,LV,LA,21.593,23.168,16.0,17.0,1.574,1.0,44.761,33.0,62.5,63.87,59.57,56.94,60.695,63.36,61.04,61.92,57.21,59.92,63.5,61.8,63.24,61.52,68.07,66.48,6.167999999999999,5.593,-6.5,42.5
2022_14_MIA_LAC,2022,14,REG,MIA,LAC,20.827,22.946,17.0,23.0,2.119,6.0,43.773,40.0,64.68,64.62,62.19,54.9,59.62,60.21,62.44,61.45,60.63,55.81,62.71,61.38,62.22,64.84,57.59,52.34,-0.053999999999998494,3.8270000000000017,-3.0,54.5
2022_14_MIN_DET,2022,14,REG,MIN,DET,21.954,22.418,23.0,34.0,0.464,11.0,44.373,57.0,62.07,63.61,62.51,58.38,62.53,62.04,61.97,62.06,61.92,59.65,57.14,63.8,56.98,62.63,45.33,47.22,-11.582,-1.0459999999999994,2.5,51.5
2022_14_NE_ARI,2022,14,REG,NE,ARI,21.597,22.709,27.0,13.0,1.112,-14.0,44.306,40.0,61.85,60.23,61.36,58.45,55.26,63.38,60.15,60.62,58.57,60.43,63.12,63.41,59.63,60.62,58.85,61.19,9.709,-5.402999999999999,-2.0,44.0
2022_14_NYJ_BUF,2022,14,REG,NYJ,BUF,21.042,23.813,12.0,20.0,2.772,8.0,44.855,32.0,66.18,56.53,61.49,63.42,63.46,60.375,64.2,59.39,60.95,61.98,64.46,58.73,62.63,61.3,60.47,56.75,3.812999999999999,9.042000000000002,10.0,43.5
2022_14_PHI_NYG,2022,14,REG,PHI,NYG,22.571,22.184,48.0,22.0,-0.387,-26.0,44.756,70.0,59.49,63.55,58.31,64.86,60.87,66.795,59.27,64.58,58.72,64.35,57.32,65.59,61.57,66.59,64.73,56.33,0.18400000000000105,-25.429,-7.5,44.5
2022_14_TB_SF,2022,14,REG,TB,SF,21.565,23.065,7.0,35.0,1.501,28.0,44.63,42.0,64.41,64.72,62.57,61.71,62.98,62.64,62.68,63.56,63.81,59.24,61.44,63.51,61.61,64.33,58.53,54.31,-11.934999999999999,14.565000000000001,3.5,38.0
2022_15_ARI_DEN,2022,15,REG,ARI,DEN,21.366,22.573,15.0,24.0,1.207,9.0,43.94,39.0,62.69,53.21,57.4,61.55,61.105,54.92,60.94,56.2,58.56,58.62,58.2,63.87,59.67,60.39,54.19,57.61,-1.4269999999999996,6.366,1.5,37.5
2022_15_ATL_NO,2022,15,REG,ATL,NO,22.144,23.453,18.0,21.0,1.309,3.0,45.596,39.0,58.2,56.8,63.29,61.09,60.49,61.52,59.72,59.16,60.73,59.98,56.81,57.54,59.93,58.5,55.17,63.61,2.4529999999999994,4.143999999999998,5.0,43.5
2022_15_BAL_CLE,2022,15,REG,BAL,CLE,22.553,22.261,3.0,13.0,-0.292,10.0,44.814,16.0,60.43,63.49,60.33,63.49,62.26,62.71,60.87,62.66,62.17,60.04,59.19,62.93,59.39,64.52,45.09,69.79,9.261,19.553,2.5,39.5
2022_15_CIN_TB,2022,15,REG,CIN,TB,21.541,23.332,34.0,23.0,1.79,-11.0,44.873,57.0,64.68,66.51,61.92,64.32,62.735,58.235,63.58,63.9,59.04,59.64,63.41,59.07,62.53,60.67,53.35,58.97,0.33200000000000074,-12.459,-3.5,47.0
2022_15_DAL_JAX,2022,15,REG,DAL,JAX,22.372,23.476,34.0,40.0,1.104,6.0,45.848,74.0,62.31,65.09,62.52,62.13,59.825,60.165,61.47,62.71,60.47,62.02,58.89,60.84,59.73,56.88,57.22,61.26,-16.524,-11.628,-4.0,48.5
2022_15_DET_NYJ,2022,15,REG,DET,NYJ,21.554,23.521,20.0,17.0,1.967,-3.0,45.075,37.0,58.68,62.63,63.67,62.53,58.74,62.66,59.65,62.3,61.15,61.79,58.75,58.9,61.58,57.3,57.54,45.44,6.521000000000001,1.5539999999999985,2.0,44.0
2022_15_IND_MIN,2022,15,REG,IND,MIN,20.741,22.255,36.0,39.0,1.514,3.0,42.996,75.0,64.36,60.66,58.64,57.98,62.44,58.305,62.6,59.48,59.8,58.48,63.57,64.15,62.6,64.28,47.64,53.23,-16.745,-15.259,3.5,46.5
2022_15_KC_HOU,2022,15,REG,KC,HOU,22.944,22.414,30.0,24.0,-0.53,-6.0,45.359,54.0,56.45,71.32,60.04,64.29,54.525,64.695,57.05,66.77,56.37,61.88,58.97,61.01,56.66,62.25,60.56,59.63,-1.5859999999999985,-7.056000000000001,-14.5,48.5
2022_15_LA_GB,2022,15,REG,LA,GB,21.506,22.791,12.0,24.0,1.285,12.0,44.297,36.0,66.32,59.32,57.7,61.16,61.325,60.025,62.93,59.61,60.17,58.04,62.47,62.93,61.03,63.65,55.1,67.02,-1.2089999999999996,9.506,8.0,39.5
2022_15_MIA_BUF,2022,15,REG,MIA,BUF,20.601,23.27,29.0,32.0,2.669,3.0,43.872,61.0,65.98,64.62,61.49,54.95,63.52,59.715,64.1,61.21,61.12,56.76,65.09,61.48,63.15,65.34,61.64,53.49,-8.73,-8.399000000000001,7.0,44.0
2022_15_NE_LV,2022,15,REG,NE,LV,21.687,23.319,24.0,30.0,1.633,6.0,45.006,54.0,63.81,60.18,58.72,61.49,63.365,63.95,62.26,61.29,60.59,60.37,61.52,63.93,62.06,61.31,67.45,62.21,-6.681000000000001,-2.312999999999999,1.0,45.0
2022_15_NYG_WAS,2022,15,REG,NYG,WAS,21.844,23.148,20.0,12.0,1.304,-8.0,44.992,32.0,57.27,59.84,63.39,57.79,58.86,61.31,59.29,59.41,60.38,58.63,57.98,57.98,62.19,61.87,56.84,65.35,11.148,1.8440000000000012,4.5,40.5
2022_15_PHI_CHI,2022,15,REG,PHI,CHI,23.347,21.652,25.0,20.0,-1.695,-5.0,44.999,45.0,56.56,64.16,58.86,65.01,60.155,66.93,58.0,64.87,59.05,64.67,55.34,66.33,55.55,67.24,57.27,57.82,1.652000000000001,-1.6529999999999987,-8.5,48.0
2022_15_PIT_CAR,2022,15,REG,PIT,CAR,21.67,21.874,24.0,16.0,0.204,-8.0,43.544,40.0,55.57,56.65,60.1,61.36,56.575,60.485,57.07,58.62,57.57,60.14,58.06,65.14,60.33,66.33,63.22,56.89,5.873999999999999,-2.3299999999999983,2.5,36.5
2022_15_SF_SEA,2022,15,REG,SF,SEA,22.414,23.025,21.0,13.0,0.611,-8.0,45.439,34.0,59.2,64.78,57.72,62.64,63.525,63.015,60.58,62.9,58.53,63.85,59.06,61.63,59.92,61.96,63.6,59.14,10.024999999999999,1.4140000000000015,-3.0,43.0
2022_15_TEN_LAC,2022,15,REG,TEN,LAC,21.418,23.366,14.0,17.0,1.948,3.0,44.784,31.0,64.95,64.37,61.04,59.87,60.415,61.225,62.73,62.14,60.17,61.26,62.72,59.26,62.38,62.41,58.07,55.33,6.366,7.417999999999999,3.0,46.5
2022_16_ATL_BAL,2022,16,REG,ATL,BAL,21.039,24.081,9.0,17.0,3.041,8.0,45.12,26.0,63.83,57.07,63.72,61.3,62.54,61.39,62.84,59.29,59.62,60.03,64.92,58.52,63.84,58.59,67.55,64.13,7.0809999999999995,12.039000000000001,6.5,35.0
2022_16_BUF_CHI,2022,16,REG,BUF,CHI,22.924,22.135,35.0,13.0,-0.79,-22.0,45.059,48.0,57.45,66.55,61.76,61.62,60.835,63.98,59.39,64.48,60.48,61.6,56.8,66.91,57.71,63.21,56.9,61.96,9.135000000000002,-12.076,-8.0,40.0
2022_16_CIN_NE,2022,16,REG,CIN,NE,21.933,23.316,22.0,18.0,1.383,-4.0,45.249,40.0,60.31,66.75,61.73,64.46,61.975,61.09,60.54,64.94,60.3,60.37,62.48,60.1,61.5,61.82,63.38,60.29,5.315999999999999,-0.06700000000000017,-3.0,42.0
2022_16_DEN_LA,2022,16,REG,DEN,LA,21.446,23.66,14.0,51.0,2.214,37.0,45.106,65.0,62.86,62.98,60.78,63.31,61.71,61.14,61.99,62.27,58.55,61.39,61.89,58.25,62.99,61.84,66.71,54.43,-27.34,7.4460000000000015,-3.0,36.5
2022_16_DET_CAR,2022,16,REG,DET,CAR,21.602,23.678,23.0,37.0,2.075,14.0,45.28,60.0,57.07,63.13,60.05,62.62,56.285,64.255,57.62,62.9,57.68,62.47,60.09,56.16,60.6,56.39,64.44,45.44,-13.322,-1.3979999999999997,-2.5,43.5
2022_16_GB_MIA,2022,16,REG,GB,MIA,21.42,22.197,26.0,20.0,0.777,-6.0,43.617,46.0,64.77,66.44,55.05,58.16,59.455,62.355,61.29,63.63,56.89,60.38,61.5,65.09,65.53,62.87,54.9,55.92,2.196999999999999,-4.579999999999998,3.5,49.0
2022_16_HOU_TEN,2022,16,REG,HOU,TEN,21.311,23.591,19.0,14.0,2.28,-5.0,44.901,33.0,64.39,57.43,59.96,60.15,61.16,55.66,62.16,57.48,61.52,57.67,59.14,59.43,61.53,57.05,52.94,60.65,9.591000000000001,2.311,3.0,34.0
2022_16_JAX_NYJ,2022,16,REG,JAX,NYJ,22.018,23.351,19.0,3.0,1.333,-16.0,45.369,22.0,58.95,63.25,63.84,63.01,60.305,59.815,60.61,62.03,60.61,61.28,58.82,58.99,61.45,59.63,56.44,58.65,20.351,3.0180000000000007,2.5,36.5
2022_16_LAC_IND,2022,16,REG,LAC,IND,21.281,22.557,20.0,3.0,1.276,-17.0,43.838,23.0,61.02,65.04,58.48,61.23,60.365,60.455,60.09,62.83,59.95,60.48,63.82,62.9,64.3,62.56,54.94,58.08,19.557,1.2809999999999988,-3.5,44.5
2022_16_LV_PIT,2022,16,REG,LV,PIT,21.736,22.595,10.0,13.0,0.859,3.0,44.331,23.0,57.45,64.1,61.46,58.75,56.715,63.155,58.32,62.35,58.6,60.59,62.44,61.47,64.68,62.04,58.35,67.62,9.594999999999999,11.736,2.5,38.5
2022_16_NO_CLE,2022,16,REG,NO,CLE,21.77,22.635,17.0,10.0,0.865,-7.0,44.405,27.0,61.2,58.39,60.87,63.34,62.2,61.64,61.35,60.47,62.41,61.11,59.58,60.0,59.72,62.18,40.66,55.55,12.635000000000002,4.77,3.0,32.0
2022_16_NYG_MIN,2022,16,REG,NYG,MIN,21.269,23.117,24.0,27.0,1.848,3.0,44.386,51.0,64.78,60.19,58.72,58.49,62.545,60.095,62.93,59.42,59.91,58.59,63.57,58.31,62.92,62.23,49.0,66.99,-3.882999999999999,-2.7310000000000016,4.5,48.0
2022_16_PHI_DAL,2022,16,REG,PHI,DAL,21.871,22.503,34.0,40.0,0.632,6.0,44.375,74.0,65.51,64.22,61.65,65.22,60.19,61.305,62.85,63.83,61.77,62.05,63.61,66.73,58.43,67.53,62.35,55.61,-17.497,-12.129000000000001,4.0,48.0
2022_16_SEA_KC,2022,16,REG,SEA,KC,21.573,24.203,10.0,24.0,2.629,14.0,45.776,34.0,71.63,59.2,64.4,57.87,64.645,63.345,66.91,60.54,62.57,58.53,61.01,58.94,62.32,59.78,57.74,63.97,0.2029999999999994,11.573,10.5,50.5
2022_16_TB_ARI,2022,16,REG,TB,ARI,21.384,22.551,19.0,16.0,1.167,-3.0,43.935,35.0,53.1,64.81,61.72,62.06,57.085,63.2,56.59,63.79,59.69,60.96,64.32,62.15,61.02,61.36,60.19,52.34,6.550999999999998,2.3840000000000003,-7.5,41.5
2022_16_WAS_SF,2022,16,REG,WAS,SF,21.226,23.8,20.0,37.0,2.573,17.0,45.026,57.0,61.18,57.73,62.76,63.47,65.775,59.3,62.58,59.78,64.04,60.29,62.07,57.88,62.36,61.95,57.53,56.8,-13.2,1.225999999999999,6.5,37.5
2022_17_ARI_ATL,2022,17,REG,ARI,ATL,21.662,23.09,19.0,20.0,1.428,1.0,44.752,39.0,57.02,53.05,60.98,60.4,61.57,57.125,59.26,56.31,62.71,59.19,58.47,64.15,58.42,60.53,64.64,61.98,3.09,2.661999999999999,7.0,41.0
2022_17_CAR_TB,2022,17,REG,CAR,TB,21.376,23.372,24.0,30.0,1.996,6.0,44.747,54.0,64.93,58.41,62.25,60.38,62.535,57.135,63.73,58.69,60.79,58.4,61.97,60.11,61.41,60.55,53.14,64.89,-6.628,-2.6239999999999988,3.5,40.5
2022_17_CHI_DET,2022,17,REG,CHI,DET,22.293,23.693,10.0,41.0,1.4,31.0,45.986,51.0,63.28,57.17,62.72,61.93,64.575,61.0,63.1,59.42,62.58,60.35,56.08,56.9,56.19,57.58,45.44,56.99,-17.307,12.293,4.5,52.5
2022_17_CLE_WAS,2022,17,REG,CLE,WAS,21.136,23.162,24.0,10.0,2.026,-14.0,44.297,34.0,57.88,60.51,62.61,63.9,59.8,61.905,59.9,61.54,60.14,63.75,60.64,59.76,63.47,59.83,56.84,41.76,13.161999999999999,-2.8640000000000008,1.0,41.5
2022_17_DAL_TEN,2022,17,REG,DAL,TEN,22.315,23.621,27.0,13.0,1.306,-14.0,45.936,40.0,64.36,65.72,59.99,62.17,62.53,60.37,62.38,63.12,61.97,62.04,59.18,60.27,61.46,56.19,52.85,62.74,10.620999999999999,-4.684999999999999,-14.0,41.0
2022_17_DEN_KC,2022,17,REG,DEN,KC,21.607,24.03,24.0,27.0,2.422,3.0,45.637,51.0,71.44,62.71,64.51,63.43,64.585,60.97,66.77,62.24,62.15,61.3,61.02,58.81,62.38,61.93,58.3,55.29,-2.969999999999999,-2.3930000000000007,13.5,46.0
2022_17_IND_NYG,2022,17,REG,IND,NYG,21.38,22.675,10.0,38.0,1.295,28.0,44.055,48.0,60.17,61.08,58.74,58.73,59.925,58.46,59.44,59.79,58.79,59.15,58.74,63.82,62.89,64.43,67.71,55.08,-15.325,11.379999999999999,5.5,38.5
2022_17_JAX_HOU,2022,17,REG,JAX,HOU,22.206,22.838,31.0,3.0,0.632,-28.0,45.044,34.0,57.64,63.15,59.51,63.24,55.22,60.19,57.41,62.1,56.99,61.21,59.65,59.34,57.42,60.14,60.69,57.84,19.838,-8.794,-3.5,43.0
2022_17_LA_LAC,2022,17,REG,LA,LAC,21.494,23.114,10.0,31.0,1.62,21.0,44.609,41.0,64.75,60.38,62.0,60.04,60.715,62.225,62.95,60.83,60.86,58.69,63.49,62.03,62.77,62.82,57.91,68.26,-7.885999999999999,11.494,6.5,41.5
2022_17_MIA_NE,2022,17,REG,MIA,NE,21.308,22.589,21.0,23.0,1.282,2.0,43.897,44.0,60.68,64.6,58.56,60.63,62.08,59.685,60.11,62.41,58.89,59.23,62.67,61.96,61.49,65.73,61.24,53.89,-0.41100000000000136,0.30799999999999983,3.0,41.5
2022_17_MIN_GB,2022,17,REG,MIN,GB,20.824,22.994,17.0,41.0,2.17,24.0,43.819,58.0,66.64,64.82,60.0,58.35,62.29,62.735,64.01,62.91,60.84,59.74,65.48,63.79,63.37,63.03,57.17,50.43,-18.006,3.8240000000000016,3.0,47.5
2022_17_NO_PHI,2022,17,REG,NO,PHI,20.345,23.805,20.0,10.0,3.461,-10.0,44.15,30.0,64.01,58.51,65.43,60.65,67.415,63.275,65.01,60.75,64.36,59.84,67.15,60.01,67.5,62.13,56.62,56.05,13.805,0.34499999999999886,5.5,41.5
2022_17_NYJ_SEA,2022,17,REG,NYJ,SEA,21.615,23.373,6.0,23.0,1.757,17.0,44.988,29.0,58.76,58.74,58.0,63.98,63.37,60.185,60.33,60.42,58.76,60.5,60.3,58.75,60.62,61.32,63.78,56.55,0.3730000000000011,15.614999999999998,-1.0,43.0
2022_17_PIT_BAL,2022,17,REG,PIT,BAL,20.749,22.642,16.0,13.0,1.894,-3.0,43.391,29.0,53.14,57.82,63.81,61.59,62.76,61.05,58.11,59.43,59.75,60.31,64.93,62.77,63.93,64.92,66.74,56.16,9.642,4.748999999999999,1.0,35.5
2022_17_SF_LV,2022,17,REG,SF,LV,22.415,23.484,37.0,34.0,1.069,-3.0,45.899,71.0,63.81,63.06,58.81,62.77,61.2,66.415,61.28,63.57,60.56,64.27,59.88,60.65,59.68,62.36,67.6,58.32,-10.515999999999998,-14.585,-10.0,41.5
2022_18_ARI_SF,2022,18,REG,ARI,SF,21.259,23.351,13.0,38.0,2.092,25.0,44.61,51.0,63.98,53.16,60.88,60.75,66.165,59.07,63.61,56.83,63.35,60.18,60.65,64.06,62.23,60.43,58.18,61.58,-14.649000000000001,8.259,14.0,40.0
2022_18_BAL_CIN,2022,18,REG,BAL,CIN,21.814,22.66,16.0,27.0,0.847,11.0,44.474,43.0,66.62,53.82,59.18,63.87,60.68,62.98,63.78,58.49,58.58,59.82,59.64,65.0,61.35,64.17,59.01,67.49,-4.34,5.814,11.0,39.0
2022_18_CAR_NO,2022,18,REG,CAR,NO,21.3,23.322,10.0,7.0,2.022,-3.0,44.622,17.0,58.49,58.97,59.63,60.68,63.8,57.135,60.73,58.97,59.5,58.58,62.21,58.51,62.82,60.54,57.97,65.23,16.322,11.3,3.5,41.5
2022_18_CLE_PIT,2022,18,REG,CLE,PIT,21.076,23.174,14.0,28.0,2.098,14.0,44.251,42.0,58.61,61.83,61.67,64.02,61.16,62.155,59.84,62.27,60.54,63.92,62.79,59.98,64.86,59.97,57.4,46.29,-4.8260000000000005,7.0760000000000005,2.5,40.0
2022_18_DAL_WAS,2022,18,REG,DAL,WAS,21.914,23.421,6.0,26.0,1.507,20.0,45.335,32.0,57.85,65.71,62.79,62.65,59.975,60.495,59.91,63.24,60.18,60.93,60.7,60.44,63.94,56.14,58.03,63.16,-2.5790000000000006,15.914000000000001,-7.5,40.5
2022_18_DET_GB,2022,18,REG,DET,GB,20.768,24.333,20.0,16.0,3.565,-4.0,45.101,36.0,66.65,63.21,60.28,62.85,62.655,63.84,64.12,63.0,61.09,62.46,65.8,56.5,63.81,57.02,59.49,45.31,8.332999999999998,0.7680000000000007,5.5,49.0
2022_18_HOU_IND,2022,18,REG,HOU,IND,20.555,23.377,32.0,31.0,2.822,-1.0,43.932,63.0,61.06,57.21,59.04,59.8,59.97,55.195,60.12,57.49,59.93,56.78,63.81,59.09,64.43,56.93,54.82,61.07,-7.623000000000001,-11.445,3.0,38.0
2022_18_KC_LV,2022,18,REG,KC,LV,22.712,23.44,31.0,13.0,0.728,-18.0,46.151,44.0,63.71,71.24,59.09,63.96,61.785,65.585,61.44,67.14,60.8,61.75,59.06,61.35,59.6,62.62,67.95,58.89,10.440000000000001,-8.288,-9.0,51.5
2022_18_LAC_DEN,2022,18,REG,LAC,DEN,21.881,22.706,28.0,31.0,0.825,3.0,44.587,59.0,62.8,65.02,64.24,62.23,60.945,60.89,62.44,63.18,61.64,61.25,60.53,65.59,62.09,63.02,57.23,57.95,-8.294,-6.119,6.0,38.5
2022_18_LA_SEA,2022,18,REG,LA,SEA,22.157,22.924,16.0,19.0,0.767,3.0,45.082,35.0,58.67,60.27,58.22,58.86,63.475,62.48,60.36,60.68,59.19,58.26,58.92,61.93,59.56,62.72,62.63,68.05,3.9239999999999995,6.157,5.5,41.5
2022_18_MIN_CHI,2022,18,REG,MIN,CHI,22.097,22.562,29.0,13.0,0.465,-16.0,44.659,42.0,56.75,64.59,62.05,58.25,60.59,62.59,59.06,62.78,60.29,59.51,56.89,63.01,57.65,63.12,58.46,49.79,9.562000000000001,-6.902999999999999,-6.5,42.5
2022_18_NE_BUF,2022,18,REG,NE,BUF,20.89,23.446,23.0,35.0,2.556,12.0,44.336,58.0,66.3,60.9,61.82,58.86,64.18,62.645,64.46,60.53,61.83,59.01,66.35,62.85,63.12,61.37,59.82,61.46,-11.553999999999998,-2.1099999999999994,8.0,44.0
2022_18_NYG_PHI,2022,18,REG,NYG,PHI,21.106,23.836,16.0,22.0,2.73,6.0,44.941,38.0,63.99,60.64,65.52,58.95,67.205,60.775,64.98,59.89,64.34,59.13,64.21,59.74,66.16,62.92,58.28,68.45,1.8359999999999985,5.106000000000002,16.5,42.5
2022_18_NYJ_MIA,2022,18,REG,NYJ,MIA,21.134,23.253,6.0,11.0,2.118,5.0,44.387,17.0,64.33,57.48,61.41,64.16,60.235,60.265,62.67,59.85,59.75,62.55,61.88,59.13,66.01,61.57,54.27,56.45,12.253,15.134,3.5,37.5
2022_18_TB_ATL,2022,18,REG,TB,ATL,22.104,23.112,17.0,30.0,1.008,13.0,45.216,47.0,54.06,65.14,61.14,62.46,61.565,61.535,57.96,63.56,63.0,60.54,58.32,62.42,58.31,61.62,65.58,50.95,-6.888000000000002,5.103999999999999,6.0,40.5
2022_18_TEN_JAX,2022,18,REG,TEN,JAX,21.603,23.663,16.0,20.0,2.059,4.0,45.266,36.0,62.8,64.38,62.92,60.15,60.175,60.715,61.88,62.09,61.42,61.21,61.21,58.07,61.47,61.03,59.64,54.53,3.6630000000000003,5.6030000000000015,6.0,39.5
2023_01_ARI_WAS,2023,1,REG,ARI,WAS,21.465,23.217,16.0,20.0,1.752,4.0,44.682,36.0,48.29,52.99,60.76,58.92,60.54,58.07,55.47,55.75,59.6,59.45,57.58,55.99,60.41,55.28,52.37,59.47,3.2169999999999987,5.465,7.0,38.0
2023_01_BUF_NYJ,2023,1,REG,BUF,NYJ,22.605,23.622,16.0,22.0,1.017,6.0,46.227,38.0,66.05,66.97,66.81,60.35,63.055,63.685,65.15,64.2,63.35,61.21,57.57,62.04,58.47,59.01,52.98,58.89,1.6219999999999999,6.605,-2.5,44.5
2023_01_CAR_ATL,2023,1,REG,CAR,ATL,22.096,23.387,10.0,24.0,1.291,14.0,45.483,34.0,56.38,51.8,61.76,61.16,60.89,61.37,58.61,57.05,63.87,60.08,57.38,60.73,57.76,62.28,65.95,65.12,-0.6129999999999995,12.096,3.5,40.5
2023_01_CIN_CLE,2023,1,REG,CIN,CLE,22.555,24.081,3.0,24.0,1.525,21.0,46.636,27.0,61.13,65.94,65.28,65.5,63.48,60.72,62.75,64.71,64.75,61.44,57.98,58.07,58.59,58.04,55.87,57.18,0.08099999999999952,19.555,-1.0,46.5
2023_01_DAL_NYG,2023,1,REG,DAL,NYG,22.408,23.878,40.0,0.0,1.47,-40.0,46.286,40.0,60.34,64.95,57.03,64.35,59.425,62.035,58.82,63.76,58.12,63.36,55.99,58.61,60.1,54.93,69.12,50.0,23.878,-17.592,-3.5,44.5
2023_01_DET_KC,2023,1,REG,DET,KC,22.176,24.571,21.0,20.0,2.395,-1.0,46.747,41.0,70.85,62.6,65.81,64.86,65.595,62.1,67.35,62.25,62.85,62.46,59.18,57.53,60.5,56.45,55.29,58.93,4.5710000000000015,1.1759999999999984,4.0,53.0
2023_01_GB_CHI,2023,1,REG,GB,CHI,21.536,22.904,38.0,20.0,1.368,-18.0,44.44,58.0,56.01,53.8,58.3,60.27,60.075,57.925,57.63,56.85,59.66,59.98,56.7,61.25,57.73,57.86,57.4,50.0,2.904,-16.464,1.0,41.0
2023_01_HOU_BAL,2023,1,REG,HOU,BAL,21.549,23.904,9.0,25.0,2.356,16.0,45.453,34.0,53.52,56.99,64.84,62.05,62.34,59.115,58.31,58.5,60.07,59.41,60.71,56.58,59.51,58.21,68.33,60.92,-1.096,12.549,9.5,43.5
2023_01_JAX_IND,2023,1,REG,JAX,IND,22.195,23.371,31.0,21.0,1.176,-10.0,45.567,52.0,50.8,62.31,60.05,60.64,60.6,60.495,56.05,61.31,58.35,60.32,56.6,58.21,58.57,58.46,68.88,55.53,2.3709999999999987,-8.805,-4.0,45.5
2023_01_LA_SEA,2023,1,REG,LA,SEA,21.917,23.787,30.0,13.0,1.869,-17.0,45.704,43.0,59.5,62.49,58.3,59.2,59.005,61.35,59.17,61.31,58.53,58.28,58.38,55.0,61.23,57.48,60.55,62.11,10.786999999999999,-8.082999999999998,4.5,45.0
2023_01_LV_DEN,2023,1,REG,LV,DEN,22.641,23.879,17.0,16.0,1.238,-1.0,46.521,33.0,62.33,65.16,63.48,59.7,60.78,61.825,62.16,62.81,59.63,60.36,58.72,56.21,59.23,55.03,51.51,69.47,7.879000000000001,5.640999999999998,3.0,43.0
2023_01_MIA_LAC,2023,1,REG,MIA,LAC,21.183,22.966,36.0,34.0,1.784,-2.0,44.149,70.0,64.78,56.92,60.72,57.76,60.915,60.98,62.77,58.79,60.34,58.0,60.44,60.41,59.05,62.06,50.0,52.11,-11.033999999999999,-14.817,3.0,50.5
2023_01_PHI_NE,2023,1,REG,PHI,NE,22.581,23.159,25.0,20.0,0.578,-5.0,45.74,45.0,60.27,63.52,59.82,60.93,62.755,68.175,60.56,64.18,60.58,63.1,59.58,59.62,58.7,57.79,50.0,60.45,3.158999999999999,-2.4190000000000005,-3.5,44.5
2023_01_SF_PIT,2023,1,REG,SF,PIT,21.842,23.277,30.0,7.0,1.435,-23.0,45.119,37.0,58.93,58.09,63.89,61.23,62.0,66.215,60.97,61.04,61.24,63.56,60.4,59.88,61.69,61.07,57.51,57.1,16.277,-8.158000000000001,-1.5,41.5
2023_01_TB_MIN,2023,1,REG,TB,MIN,22.018,22.951,20.0,17.0,0.933,-3.0,44.969,37.0,64.78,59.28,58.43,63.34,60.73,60.98,61.99,61.01,58.79,60.54,58.98,58.82,56.92,60.35,47.19,54.56,5.9510000000000005,2.0180000000000007,4.0,45.0
2023_01_TEN_NO,2023,1,REG,TEN,NO,21.962,23.676,15.0,16.0,1.714,1.0,45.638,31.0,63.46,64.66,63.14,55.41,63.065,62.38,62.83,61.55,61.18,59.66,59.94,57.0,59.16,58.31,50.0,60.15,7.675999999999998,6.962,3.0,41.0
2023_02_BAL_CIN,2023,2,REG,BAL,CIN,21.471,22.678,27.0,24.0,1.207,-3.0,44.148,51.0,59.94,53.35,59.68,58.27,56.67,60.57,59.12,56.14,57.54,57.3,58.97,60.33,58.85,60.42,54.29,63.33,-1.3219999999999992,-5.529,3.5,45.5
2023_02_CHI_TB,2023,2,REG,CHI,TB,20.776,23.154,17.0,27.0,2.378,10.0,43.93,44.0,57.45,54.35,60.76,56.86,57.94,57.49,58.58,55.8,56.67,57.08,60.81,57.05,60.49,57.9,55.93,55.18,-3.846,3.776,2.5,41.0
2023_02_CLE_PIT,2023,2,REG,CLE,PIT,21.108,22.778,22.0,26.0,1.67,4.0,43.885,48.0,54.55,57.27,59.85,59.05,56.83,59.38,56.39,58.25,57.66,60.25,62.69,58.75,60.5,58.47,55.88,56.0,-3.2220000000000013,-0.8919999999999995,-2.5,39.0
2023_02_GB_ATL,2023,2,REG,GB,ATL,21.056,23.102,24.0,25.0,2.046,1.0,44.157,49.0,57.85,55.4,56.72,56.62,56.78,55.005,56.98,55.77,58.21,56.26,59.64,60.61,60.24,56.23,62.02,60.27,-1.8979999999999997,-2.943999999999999,3.0,40.5
2023_02_IND_HOU,2023,2,REG,IND,HOU,21.358,22.784,31.0,20.0,1.426,-11.0,44.142,51.0,56.66,50.54,58.48,57.6,55.73,55.76,56.6,53.78,55.88,56.17,56.33,57.36,58.44,59.71,57.57,61.14,2.783999999999999,-9.642,-1.0,40.0
2023_02_KC_JAX,2023,2,REG,KC,JAX,22.074,22.617,17.0,9.0,0.544,-8.0,44.691,26.0,58.18,64.85,55.04,61.54,57.495,63.095,57.27,62.62,56.09,61.06,59.55,59.41,59.13,59.6,56.4,56.43,13.617,5.074000000000002,-3.5,50.5
2023_02_LAC_TEN,2023,2,REG,LAC,TEN,21.267,22.599,24.0,27.0,1.332,3.0,43.866,51.0,59.32,60.71,54.37,57.52,56.73,57.805,57.41,59.09,56.48,58.08,58.69,60.54,59.73,59.81,58.19,50.0,-4.401,-2.7330000000000005,-2.5,45.5
2023_02_LV_BUF,2023,2,REG,LV,BUF,21.689,23.535,10.0,38.0,1.847,28.0,45.224,48.0,61.5,61.48,60.25,57.4,59.555,59.435,60.34,59.84,59.42,57.82,59.94,58.86,60.34,56.84,58.39,63.49,-14.465,11.689,7.5,47.0
2023_02_MIA_NE,2023,2,REG,MIA,NE,21.259,22.708,24.0,17.0,1.449,-7.0,43.966,41.0,57.98,56.64,61.48,59.36,60.13,58.62,58.91,58.08,59.94,58.16,60.3,61.36,58.51,57.44,48.11,54.17,5.707999999999998,-2.7409999999999997,-2.0,46.5
2023_02_MIN_PHI,2023,2,REG,MIN,PHI,21.114,23.429,28.0,34.0,2.314,6.0,44.543,62.0,59.46,60.96,57.53,55.63,61.42,57.13,59.47,58.46,59.94,56.05,59.01,59.36,58.81,57.77,60.08,50.76,-10.571000000000002,-6.885999999999999,6.0,49.0
2023_02_NO_CAR,2023,2,REG,NO,CAR,21.162,23.124,20.0,17.0,1.962,-3.0,44.286,37.0,59.15,59.97,58.69,61.05,58.215,56.03,58.78,58.63,57.8,58.39,60.85,59.52,61.09,58.32,59.77,56.2,6.123999999999999,1.161999999999999,-3.0,39.5
2023_02_NYG_ARI,2023,2,REG,NYG,ARI,21.624,22.918,31.0,28.0,1.294,-3.0,44.542,59.0,51.54,55.9,59.62,56.1,55.555,54.965,54.52,55.53,58.19,55.68,56.69,55.77,55.92,60.2,58.77,60.33,-5.082000000000001,-9.376000000000001,-5.0,40.0
2023_02_NYJ_DAL,2023,2,REG,NYJ,DAL,20.572,23.159,10.0,30.0,2.586,20.0,43.731,40.0,60.76,53.87,60.27,58.51,56.77,59.26,59.5,56.83,59.23,57.66,61.16,58.13,57.43,60.13,55.84,41.42,-6.841000000000001,10.572,8.5,38.5
2023_02_SEA_DET,2023,2,REG,SEA,DET,21.251,22.929,37.0,31.0,1.678,-6.0,44.18,68.0,59.71,56.81,59.94,54.83,58.925,55.85,59.34,56.16,58.43,55.37,59.28,59.21,56.31,59.86,54.34,57.45,-8.071000000000002,-15.748999999999999,4.5,47.5
2023_02_SF_LA,2023,2,REG,SF,LA,22.201,22.756,30.0,23.0,0.555,-7.0,44.957,53.0,60.44,59.68,57.21,58.66,60.995,61.21,59.74,59.69,57.05,60.5,56.02,60.51,57.59,61.9,58.83,56.2,-0.24399999999999977,-7.7989999999999995,-7.5,45.0
2023_02_WAS_DEN,2023,2,REG,WAS,DEN,21.042,22.702,35.0,33.0,1.66,-2.0,43.743,68.0,59.42,52.16,59.02,57.78,59.96,56.74,59.63,55.1,57.19,56.64,57.65,59.21,59.4,61.05,52.49,54.16,-10.297999999999998,-13.957999999999998,4.0,38.5
2023_03_ATL_DET,2023,3,REG,ATL,DET,21.643,22.976,6.0,20.0,1.333,14.0,44.619,26.0,60.74,55.21,60.74,58.7,58.94,57.385,60.07,56.51,58.78,59.08,59.71,60.37,56.82,61.12,58.35,61.41,2.975999999999999,15.643,3.0,47.5
2023_03_BUF_WAS,2023,3,REG,BUF,WAS,21.807,22.244,37.0,3.0,0.437,-34.0,44.052,40.0,54.45,63.06,57.26,61.3,57.325,60.025,56.18,61.46,57.51,60.74,59.81,60.22,62.27,61.0,52.0,60.02,19.244,-15.193000000000001,-5.5,44.0
2023_03_CAR_SEA,2023,3,REG,CAR,SEA,21.241,22.214,27.0,37.0,0.973,10.0,43.455,64.0,58.58,52.08,55.36,59.26,57.415,57.935,57.52,55.55,56.42,58.14,59.74,61.34,60.2,61.79,54.22,62.11,-14.786000000000001,-5.759,5.0,42.5
2023_03_CHI_KC,2023,3,REG,CHI,KC,21.036,23.673,10.0,41.0,2.637,31.0,44.708,51.0,65.81,53.52,62.5,57.8,60.23,58.07,62.72,55.85,61.08,57.96,59.96,58.92,60.33,59.23,57.15,57.35,-17.327,11.036000000000001,13.0,48.0
2023_03_DAL_ARI,2023,3,REG,DAL,ARI,22.174,22.494,16.0,28.0,0.32,12.0,44.669,44.0,53.18,62.14,60.26,61.88,56.39,57.28,55.67,60.56,58.97,60.12,57.27,62.56,56.84,58.53,58.26,55.82,-5.506,6.1739999999999995,-11.5,43.5
2023_03_DEN_MIA,2023,3,REG,DEN,MIA,21.249,22.789,20.0,70.0,1.54,50.0,44.039,90.0,56.52,60.83,60.22,59.87,59.335,59.45,58.42,60.13,59.2,58.52,61.44,58.78,58.34,59.43,49.86,50.56,-47.211,1.2489999999999988,6.0,47.5
2023_03_HOU_JAX,2023,3,REG,HOU,JAX,21.106,23.13,37.0,17.0,2.024,-20.0,44.235,54.0,57.48,56.46,55.8,59.44,57.795,56.6,57.14,57.01,56.56,56.35,60.1,56.31,59.6,57.81,57.19,58.1,6.129999999999999,-15.893999999999998,7.5,43.5
2023_03_IND_BAL,2023,3,REG,IND,BAL,20.892,23.23,22.0,19.0,2.337,-3.0,44.122,41.0,60.77,50.54,59.22,58.42,59.04,56.275,59.41,54.07,57.06,56.71,60.82,58.07,61.04,60.4,62.31,64.36,4.23,-1.1080000000000005,7.5,43.5
2023_03_LAC_MIN,2023,3,REG,LAC,MIN,21.232,22.414,28.0,24.0,1.182,-4.0,43.645,52.0,62.36,62.08,56.44,58.61,59.34,58.68,60.11,60.14,56.03,57.3,60.29,61.33,58.66,61.05,51.77,50.0,-1.5859999999999985,-6.768000000000001,1.0,54.0
2023_03_LA_CIN,2023,3,REG,LA,CIN,21.622,23.457,16.0,19.0,1.835,3.0,45.079,35.0,60.63,60.34,60.73,57.87,56.985,59.74,59.8,59.55,58.43,57.42,59.04,56.11,58.81,57.63,54.04,58.1,4.457000000000001,5.622,3.0,45.5
2023_03_NE_NYJ,2023,3,REG,NE,NYJ,21.38,21.999,15.0,10.0,0.618,-5.0,43.379,25.0,52.44,58.19,59.11,57.45,57.255,61.195,55.88,58.6,56.72,58.68,58.61,61.18,60.87,58.17,45.29,54.92,11.998999999999999,6.379999999999999,-2.5,35.5
2023_03_NO_GB,2023,3,REG,NO,GB,21.496,22.898,17.0,18.0,1.402,1.0,44.394,35.0,56.89,59.62,56.9,58.81,57.99,56.36,57.32,58.13,57.6,57.5,60.9,60.1,56.55,59.55,62.14,59.09,4.898,4.495999999999999,-1.5,41.5
2023_03_NYG_SF,2023,3,REG,NYG,SF,20.926,23.668,12.0,30.0,2.742,18.0,44.593,42.0,60.85,57.1,56.42,58.32,62.175,58.425,60.06,57.27,60.02,58.24,61.11,56.31,62.82,60.21,61.01,58.07,-6.332000000000001,8.925999999999998,10.5,43.5
2023_03_PHI_TB,2023,3,REG,PHI,TB,21.533,23.031,25.0,11.0,1.498,-14.0,44.565,36.0,58.71,59.64,61.57,58.44,58.765,62.34,59.57,60.09,58.21,60.02,60.77,59.22,61.28,58.94,55.0,58.74,12.030999999999999,-3.4669999999999987,-6.0,44.0
2023_03_PIT_LV,2023,3,REG,PIT,LV,21.313,22.48,23.0,18.0,1.167,-5.0,43.793,41.0,61.48,53.67,57.63,60.53,58.73,56.985,59.52,56.22,57.68,58.02,59.96,63.75,58.45,64.18,64.07,59.65,4.48,-1.6870000000000012,3.0,43.5
2023_03_TEN_CLE,2023,3,REG,TEN,CLE,21.573,23.013,3.0,27.0,1.44,24.0,44.587,30.0,56.85,59.98,59.95,55.06,59.91,58.685,58.34,58.39,61.02,57.56,59.21,59.34,58.98,60.54,55.79,60.41,-3.9869999999999983,18.573,3.5,38.0
2023_04_ARI_SF,2023,4,REG,ARI,SF,21.041,24.147,16.0,35.0,3.106,19.0,45.187,51.0,61.7,53.96,57.67,62.37,63.105,57.26,60.97,56.88,61.09,60.25,61.29,56.56,63.28,57.1,63.37,59.5,-10.853000000000002,5.041,15.0,44.0
2023_04_ATL_JAX,2023,4,REG,ATL,JAX,21.373,22.518,7.0,23.0,1.146,16.0,43.891,30.0,58.3,54.83,58.45,59.78,58.245,57.675,58.18,56.69,58.39,59.61,60.14,60.5,59.63,61.53,53.7,59.61,-0.4819999999999993,14.373000000000001,3.5,42.5
2023_04_BAL_CLE,2023,4,REG,BAL,CLE,21.613,22.588,28.0,3.0,0.975,-25.0,44.201,31.0,58.54,60.78,60.86,59.84,60.295,59.325,59.53,59.58,57.67,57.5,59.87,61.84,59.51,61.65,57.01,61.13,19.588,-6.3870000000000005,-2.0,38.5
2023_04_CIN_TEN,2023,4,REG,CIN,TEN,21.524,23.046,3.0,27.0,1.522,24.0,44.569,30.0,60.19,61.09,55.92,62.18,58.05,57.295,58.5,60.42,57.67,59.25,60.07,59.51,60.47,59.36,60.73,55.73,-3.9540000000000006,18.524,-2.5,41.5
2023_04_DEN_CHI,2023,4,REG,DEN,CHI,21.492,22.838,31.0,28.0,1.346,-3.0,44.329,59.0,53.87,60.82,58.14,60.08,58.375,59.14,56.13,60.17,58.01,57.83,58.38,58.37,59.08,59.32,58.01,51.24,-5.161999999999999,-9.508,-3.0,47.0
2023_04_DET_GB,2023,4,REG,DET,GB,21.601,22.932,34.0,20.0,1.331,-14.0,44.533,54.0,56.03,60.56,55.85,61.2,58.29,59.025,56.83,60.15,57.37,59.04,60.83,60.25,56.6,58.41,62.94,53.44,2.9319999999999986,-12.399000000000001,-2.5,45.0
2023_04_KC_NYJ,2023,4,REG,KC,NYJ,22.346,21.982,23.0,20.0,-0.364,-3.0,44.328,43.0,53.27,66.77,60.06,63.78,57.34,61.345,56.49,63.74,58.4,62.43,58.5,61.0,60.89,61.16,45.28,58.31,1.9819999999999993,-0.6539999999999999,-9.5,41.5
2023_04_LA_IND,2023,4,REG,LA,IND,21.692,23.459,29.0,23.0,1.767,-6.0,45.151,52.0,50.55,60.59,59.26,58.27,56.23,60.535,54.25,59.93,57.48,57.75,58.09,55.07,60.36,58.16,68.66,58.68,0.45899999999999963,-7.308,-1.0,44.5
2023_04_LV_LAC,2023,4,REG,LV,LAC,21.954,22.845,17.0,24.0,0.89,7.0,44.799,41.0,62.9,61.68,59.41,58.96,59.18,60.955,60.95,60.73,57.31,58.86,59.55,60.14,60.21,58.5,50.0,64.58,-1.1550000000000011,4.954000000000001,7.0,49.0
2023_04_MIA_BUF,2023,4,REG,MIA,BUF,21.003,23.256,20.0,48.0,2.254,28.0,44.259,68.0,63.87,62.98,60.03,60.07,60.375,59.615,61.74,61.4,60.61,59.75,61.76,63.44,63.31,59.15,61.84,48.99,-24.744,1.0030000000000001,2.5,53.0
2023_04_MIN_CAR,2023,4,REG,MIN,CAR,20.814,23.014,21.0,13.0,2.199,-8.0,43.828,34.0,57.99,62.3,58.44,57.73,58.625,59.905,58.32,60.61,57.98,57.64,63.39,60.58,62.25,58.77,61.48,52.58,10.014,-0.18599999999999994,-4.5,46.5
2023_04_NE_DAL,2023,4,REG,NE,DAL,20.686,23.076,3.0,38.0,2.39,35.0,43.762,41.0,62.16,58.68,60.81,57.98,58.265,60.415,60.67,58.61,60.22,58.79,62.97,61.09,59.01,60.13,56.58,45.19,-14.924,17.686,6.5,43.0
2023_04_PIT_HOU,2023,4,REG,PIT,HOU,21.985,22.23,6.0,30.0,0.245,24.0,44.215,36.0,57.46,55.92,59.9,61.34,56.66,58.435,57.59,57.77,56.83,58.78,56.57,63.64,58.19,61.44,59.0,61.62,-7.77,15.985,-3.0,41.5
2023_04_SEA_NYG,2023,4,REG,SEA,NYG,21.411,22.83,24.0,3.0,1.418,-21.0,44.241,27.0,57.59,58.59,58.69,54.24,58.375,58.145,57.63,57.49,58.21,56.89,56.48,59.62,60.68,60.91,59.79,56.06,19.83,-2.5889999999999986,-2.5,46.5
2023_04_TB_NO,2023,4,REG,TB,NO,21.273,22.477,26.0,9.0,1.204,-17.0,43.749,35.0,52.08,58.34,60.04,61.24,59.0,59.17,56.31,59.45,58.05,57.91,60.94,59.25,59.55,61.77,55.37,55.06,13.477,-4.727,4.0,41.0
2023_04_WAS_PHI,2023,4,REG,WAS,PHI,20.926,23.184,31.0,34.0,2.258,3.0,44.109,65.0,60.22,52.9,60.3,57.92,63.895,57.35,61.33,55.63,61.33,58.15,60.2,60.62,58.67,62.85,59.36,52.3,-10.815999999999999,-10.074000000000002,9.5,43.0
2023_05_BAL_PIT,2023,5,REG,BAL,PIT,21.13,22.49,10.0,17.0,1.36,7.0,43.62,27.0,55.66,61.11,61.18,58.2,57.94,60.645,57.51,59.8,58.99,59.29,64.12,62.31,61.78,62.57,60.3,60.48,5.489999999999998,11.129999999999999,-4.5,38.5
2023_05_CAR_DET,2023,5,REG,CAR,DET,21.261,22.611,24.0,42.0,1.35,18.0,43.872,66.0,60.61,52.64,61.55,58.8,60.29,58.95,60.57,56.13,60.13,58.13,61.21,61.78,59.28,62.31,51.3,63.2,-19.389,-2.7390000000000008,9.5,43.5
2023_05_CHI_WAS,2023,5,REG,CHI,WAS,20.969,22.637,40.0,20.0,1.668,-20.0,43.607,60.0,54.24,54.64,58.45,59.16,58.26,59.65,56.59,57.09,58.82,59.2,61.11,58.82,63.32,59.32,51.45,58.76,2.6370000000000005,-19.031,6.0,45.5
2023_05_CIN_ARI,2023,5,REG,CIN,ARI,22.074,22.812,34.0,20.0,0.738,-14.0,44.886,54.0,55.09,60.8,59.04,62.29,58.095,57.39,57.06,60.35,58.92,59.48,56.8,59.83,57.36,60.01,58.34,54.82,2.812000000000001,-11.925999999999998,-3.0,45.5
2023_05_DAL_SF,2023,5,REG,DAL,SF,21.286,23.565,10.0,42.0,2.279,32.0,44.85,52.0,63.77,62.6,58.09,60.45,63.865,59.37,62.27,61.07,61.78,60.5,62.2,62.85,63.98,59.12,64.35,57.92,-18.435,11.286000000000001,3.5,45.0
2023_05_GB_LV,2023,5,REG,GB,LV,21.476,23.577,13.0,17.0,2.101,4.0,45.053,30.0,61.59,55.7,59.72,56.34,60.53,56.42,60.75,55.98,59.4,57.35,60.42,61.32,57.82,57.26,65.61,65.63,6.577000000000002,8.475999999999999,1.0,45.0
2023_05_HOU_ATL,2023,5,REG,HOU,ATL,21.274,23.254,19.0,21.0,1.98,2.0,44.528,40.0,54.41,60.27,60.32,60.33,56.99,57.715,56.31,59.26,60.87,57.77,60.44,57.44,62.07,58.8,59.14,59.3,2.2540000000000013,2.274000000000001,2.5,42.0
2023_05_JAX_BUF,2023,5,REG,JAX,BUF,20.38,23.552,25.0,20.0,3.171,-5.0,43.932,45.0,64.97,58.66,60.49,58.74,61.12,58.735,62.63,58.59,61.0,58.62,65.21,61.08,64.53,60.4,62.36,54.21,3.5519999999999996,-4.620000000000001,5.5,48.5
2023_05_KC_MIN,2023,5,REG,KC,MIN,22.169,22.563,27.0,20.0,0.394,-7.0,44.732,47.0,62.12,66.88,57.82,64.15,60.115,61.66,60.6,63.96,58.03,63.24,61.69,61.54,59.36,61.42,51.68,57.22,2.562999999999999,-4.8309999999999995,-3.5,52.5
2023_05_NO_NE,2023,5,REG,NO,NE,21.22,22.245,34.0,0.0,1.026,-34.0,43.465,34.0,57.94,59.73,58.43,60.44,61.46,59.04,58.82,59.81,59.09,58.02,62.1,61.1,60.43,59.52,41.65,57.27,22.245,-12.780000000000001,2.5,38.5
2023_05_NYG_MIA,2023,5,REG,NYG,MIA,20.863,22.963,16.0,31.0,2.1,15.0,43.827,47.0,63.0,56.85,57.72,54.72,60.22,58.95,61.13,56.73,58.62,56.54,63.6,57.08,59.31,61.13,47.01,61.0,-8.036999999999999,4.8629999999999995,12.5,47.5
2023_05_NYJ_DEN,2023,5,REG,NYJ,DEN,21.258,22.876,31.0,21.0,1.618,-10.0,44.135,52.0,61.6,53.6,59.99,60.46,59.195,57.925,60.58,56.93,58.37,59.28,58.77,58.65,59.58,61.4,51.35,53.08,1.8760000000000012,-9.742,2.5,42.5
2023_05_PHI_LA,2023,5,REG,PHI,LA,22.727,22.988,23.0,14.0,0.26,-9.0,45.715,37.0,61.41,61.02,59.26,60.6,60.16,64.515,60.34,61.99,58.46,61.73,55.24,61.39,57.58,59.55,58.24,58.97,8.988,-0.2729999999999997,-3.5,50.5
2023_05_TEN_IND,2023,5,REG,TEN,IND,21.721,22.608,16.0,23.0,0.886,7.0,44.329,39.0,50.49,60.22,59.55,56.38,56.715,58.635,54.52,58.79,57.77,58.43,58.33,60.6,60.31,61.23,66.35,61.64,-0.39199999999999946,5.721,-2.5,43.5
2023_06_ARI_LA,2023,6,REG,ARI,LA,21.958,23.751,9.0,26.0,1.793,17.0,45.708,35.0,61.64,54.6,60.03,59.58,60.525,58.27,60.79,57.07,58.9,59.24,55.27,56.44,57.47,57.56,58.63,57.15,-2.2489999999999988,12.957999999999998,7.0,48.0
2023_06_BAL_TEN,2023,6,REG,BAL,TEN,21.516,22.715,24.0,16.0,1.199,-8.0,44.231,40.0,61.18,61.21,56.98,59.1,58.37,60.6,59.32,60.03,58.59,59.7,61.44,62.46,61.49,62.86,62.89,61.21,6.715,-2.4840000000000018,-5.5,42.5
2023_06_CAR_MIA,2023,6,REG,CAR,MIA,20.921,22.235,21.0,42.0,1.314,21.0,43.156,63.0,63.28,54.35,58.31,59.04,60.1,58.135,61.32,56.54,58.05,58.11,64.39,63.46,60.43,62.51,48.64,64.15,-19.765,-0.07900000000000063,14.0,47.5
2023_06_DAL_LAC,2023,6,REG,DAL,LAC,21.847,22.399,20.0,17.0,0.553,-3.0,44.246,37.0,63.06,62.42,60.09,60.92,59.44,59.13,61.26,60.97,57.72,60.67,60.47,63.44,60.68,60.67,50.0,61.13,5.399000000000001,1.8470000000000013,-1.5,49.5
2023_06_DEN_KC,2023,6,REG,DEN,KC,21.124,24.068,8.0,19.0,2.943,11.0,45.192,27.0,67.55,61.57,64.75,60.75,62.0,59.715,64.51,60.84,63.67,58.81,61.61,58.88,61.76,59.55,57.96,51.94,5.068000000000001,13.123999999999999,10.5,47.5
2023_06_DET_TB,2023,6,REG,DET,TB,21.559,22.843,20.0,6.0,1.284,-14.0,44.402,26.0,59.23,61.43,62.5,62.89,58.11,61.71,59.55,61.57,58.8,61.21,59.5,61.46,62.45,59.54,56.21,52.16,16.843,1.559000000000001,-3.0,43.5
2023_06_IND_JAX,2023,6,REG,IND,JAX,21.293,23.057,20.0,37.0,1.765,17.0,44.35,57.0,59.77,50.76,59.05,60.26,59.165,57.215,59.38,55.09,59.33,58.43,61.03,58.45,60.31,60.51,54.99,67.62,-13.943000000000001,1.2929999999999993,4.0,44.0
2023_06_MIN_CHI,2023,6,REG,MIN,CHI,21.739,22.902,19.0,13.0,1.164,-6.0,44.641,32.0,56.28,62.81,59.83,61.21,60.48,60.28,58.34,61.69,59.75,59.55,58.64,61.87,59.85,59.47,59.99,52.32,9.902000000000001,2.7390000000000008,-3.0,44.5
2023_06_NE_LV,2023,6,REG,NE,LV,20.725,22.954,17.0,21.0,2.229,4.0,43.679,38.0,62.0,57.4,60.15,59.18,60.305,61.205,61.01,58.65,59.51,59.02,60.83,63.42,58.11,60.66,61.07,38.34,1.9540000000000006,3.7250000000000014,3.0,41.5
2023_06_NO_HOU,2023,6,REG,NO,HOU,22.224,23.005,13.0,20.0,0.78,7.0,45.229,33.0,60.82,60.54,60.99,61.07,57.905,59.115,59.69,60.41,58.27,58.5,56.97,61.61,58.92,59.31,60.84,63.67,3.004999999999999,9.224,-2.0,42.5
2023_06_NYG_BUF,2023,6,REG,NYG,BUF,20.543,23.931,9.0,14.0,3.387,5.0,44.474,23.0,65.64,57.32,61.32,55.34,60.925,59.315,63.14,57.17,60.98,56.85,64.53,57.56,63.89,61.57,63.57,62.35,9.931000000000001,11.543,15.5,43.5
2023_06_PHI_NYJ,2023,6,REG,PHI,NYJ,22.103,22.643,14.0,20.0,0.54,6.0,44.746,34.0,54.25,61.8,58.78,61.19,58.2,64.145,56.97,62.02,59.43,62.41,58.9,60.7,62.35,59.67,55.01,60.56,2.6430000000000007,8.103000000000002,-6.5,43.0
2023_06_SEA_CIN,2023,6,REG,SEA,CIN,21.131,22.976,13.0,17.0,1.845,4.0,44.108,30.0,61.82,58.67,63.53,53.88,57.45,58.055,61.15,57.44,59.92,56.76,59.06,60.58,60.24,62.54,56.62,55.34,5.975999999999999,8.131,3.0,45.5
2023_06_SF_CLE,2023,6,REG,SF,CLE,22.286,22.285,17.0,19.0,-0.001,2.0,44.57,36.0,58.67,65.03,61.74,58.69,60.16,64.97,59.65,63.29,58.11,62.28,62.18,62.82,60.0,65.36,57.84,66.19,3.285,5.286000000000001,-9.5,36.0
2023_06_WAS_ATL,2023,6,REG,WAS,ATL,20.671,22.942,24.0,16.0,2.272,-8.0,43.613,40.0,56.09,54.88,61.17,59.15,58.01,58.52,57.76,57.11,60.76,57.57,60.96,59.28,62.28,62.45,59.47,51.97,6.942,-3.3290000000000006,1.5,42.0
2023_07_ARI_SEA,2023,7,REG,ARI,SEA,21.317,23.291,10.0,20.0,1.974,10.0,44.608,30.0,59.2,54.68,54.82,62.48,57.81,58.49,57.92,57.9,57.34,60.52,60.18,56.22,62.3,57.15,56.23,58.48,3.2910000000000004,11.317,9.5,43.5
2023_07_ATL_TB,2023,7,REG,ATL,TB,21.028,22.744,16.0,13.0,1.716,-3.0,43.772,29.0,59.44,57.25,62.74,61.83,58.26,58.465,59.82,58.58,58.77,61.14,63.16,60.52,64.56,62.74,56.69,60.37,9.744,5.027999999999999,3.0,37.5
2023_07_BUF_NE,2023,7,REG,BUF,NE,21.801,21.265,25.0,29.0,-0.536,4.0,43.066,54.0,57.84,66.48,57.98,61.73,60.42,60.44,58.35,63.51,58.55,61.35,62.65,63.52,61.34,65.87,37.7,59.01,-7.734999999999999,-3.1990000000000016,-7.5,41.0
2023_07_CLE_IND,2023,7,REG,CLE,IND,21.655,22.745,39.0,38.0,1.09,-1.0,44.4,77.0,49.88,58.94,60.82,62.44,57.745,60.29,54.94,59.99,59.18,58.76,58.65,62.4,60.7,60.22,68.81,57.8,-15.254999999999999,-17.345,-3.5,40.0
2023_07_DET_BAL,2023,7,REG,DET,BAL,21.491,23.571,6.0,38.0,2.08,32.0,45.062,44.0,62.02,62.87,61.72,63.47,61.39,61.5,61.21,62.41,61.44,61.32,62.33,60.65,63.49,59.1,62.14,57.41,-14.428999999999998,15.491,3.0,43.5
2023_07_GB_DEN,2023,7,REG,GB,DEN,21.57,22.924,17.0,19.0,1.354,2.0,44.494,36.0,61.67,56.27,60.98,57.36,59.41,56.805,60.92,56.74,58.67,58.06,59.6,61.82,60.86,57.65,52.27,68.26,3.9239999999999995,4.57,1.5,44.0
2023_07_JAX_NO,2023,7,REG,JAX,NO,21.447,22.866,31.0,24.0,1.419,-7.0,44.313,55.0,61.37,60.66,60.96,57.97,59.42,59.005,60.98,59.55,58.49,59.08,60.33,61.65,60.21,61.12,57.12,56.59,-1.1340000000000003,-9.553,2.5,41.0
2023_07_LAC_KC,2023,7,REG,LAC,KC,21.127,23.991,17.0,31.0,2.864,14.0,45.118,48.0,68.38,63.78,65.19,60.58,62.41,59.725,65.06,61.83,64.31,59.73,61.83,60.48,62.68,60.92,60.17,50.0,-7.009,4.126999999999999,5.5,48.5
2023_07_LV_CHI,2023,7,REG,LV,CHI,22.144,23.143,12.0,30.0,0.999,18.0,45.287,42.0,56.77,63.0,58.62,60.7,60.625,60.95,58.39,61.42,59.34,60.51,58.86,60.72,60.52,58.41,61.65,63.18,-6.856999999999999,10.143999999999998,-2.5,38.5
2023_07_MIA_PHI,2023,7,REG,MIA,PHI,21.129,23.058,17.0,31.0,1.929,14.0,44.186,48.0,62.45,64.49,58.12,58.88,65.22,60.375,62.32,62.14,60.93,58.32,61.69,64.49,60.91,60.53,60.1,48.19,-7.942,4.129000000000001,3.0,52.0
2023_07_PIT_LA,2023,7,REG,PIT,LA,22.159,22.671,24.0,17.0,0.512,-7.0,44.831,41.0,62.28,56.73,60.44,61.89,60.855,57.975,61.36,58.25,59.8,59.15,55.53,64.68,58.03,62.64,59.57,61.02,5.670999999999999,-1.841000000000001,3.5,44.0
2023_07_SF_MIN,2023,7,REG,SF,MIN,21.93,22.565,17.0,22.0,0.635,5.0,44.495,39.0,63.49,65.44,61.52,59.11,60.645,64.995,62.28,63.59,59.59,62.67,62.23,61.74,59.94,64.58,50.89,55.79,0.5650000000000013,4.93,-7.0,44.5
2023_07_WAS_NYG,2023,7,REG,WAS,NYG,21.151,23.026,7.0,14.0,1.875,7.0,44.177,21.0,57.73,56.14,57.98,59.47,60.615,58.625,58.51,57.8,58.16,57.79,57.48,59.01,61.89,62.13,63.21,51.93,9.026,14.151,-3.0,37.0
2023_08_ATL_TEN,2023,8,REG,ATL,TEN,21.588,22.988,23.0,28.0,1.4,5.0,44.576,51.0,61.76,58.03,56.76,62.04,58.43,58.975,59.58,59.09,58.7,61.07,61.17,60.44,61.24,63.05,63.91,61.7,-5.0120000000000005,-1.411999999999999,-2.5,35.0
2023_08_BAL_ARI,2023,8,REG,BAL,ARI,22.896,21.893,31.0,24.0,-1.003,-7.0,44.789,55.0,55.33,63.45,60.71,61.92,58.605,62.575,57.77,62.26,57.82,62.59,56.09,65.24,57.35,63.82,56.92,62.64,-2.1069999999999993,-8.104,-9.5,44.5
2023_08_CHI_LAC,2023,8,REG,CHI,LAC,21.451,23.729,13.0,30.0,2.277,17.0,45.18,43.0,64.26,57.47,60.74,59.09,60.545,60.015,62.33,58.32,59.89,59.68,60.47,58.8,61.3,60.8,64.48,61.21,-6.271000000000001,8.451,9.5,46.0
2023_08_CIN_SF,2023,8,REG,CIN,SF,21.343,23.486,31.0,17.0,2.143,-14.0,44.829,48.0,66.32,62.8,59.13,63.65,65.39,57.535,64.02,61.67,62.7,60.01,61.4,60.35,64.47,60.8,52.72,57.55,6.486000000000001,-9.657,4.0,44.0
2023_08_CLE_SEA,2023,8,REG,CLE,SEA,21.253,22.36,20.0,24.0,1.107,4.0,43.614,44.0,59.95,51.52,56.34,62.85,58.81,60.985,58.9,56.87,58.15,59.37,59.65,63.73,62.19,61.44,56.58,60.17,-1.6400000000000006,1.2530000000000001,4.0,39.5
2023_08_HOU_CAR,2023,8,REG,HOU,CAR,21.247,23.358,13.0,15.0,2.111,2.0,44.605,28.0,56.94,63.61,59.3,61.56,58.445,58.79,57.89,61.33,58.99,58.78,63.74,57.01,62.92,59.8,61.93,61.54,8.358,8.247,-3.0,43.0
2023_08_JAX_PIT,2023,8,REG,JAX,PIT,20.92,22.956,20.0,10.0,2.037,-10.0,43.876,30.0,58.25,61.51,62.18,58.2,58.735,59.47,59.26,60.07,59.6,59.24,64.29,62.22,62.74,60.92,62.88,56.87,12.956,0.9200000000000017,-2.5,41.0
2023_08_KC_DEN,2023,8,REG,KC,DEN,22.732,22.595,9.0,24.0,-0.137,15.0,45.327,33.0,62.54,69.43,61.12,64.55,59.835,63.95,61.46,65.87,58.89,64.25,59.29,62.4,60.82,63.28,54.38,60.89,-1.4050000000000011,13.732,-7.0,45.5
2023_08_LA_DAL,2023,8,REG,LA,DAL,21.372,24.181,20.0,43.0,2.81,23.0,45.553,63.0,63.62,62.93,61.4,59.87,60.075,61.63,61.89,61.82,61.15,59.62,62.52,56.9,60.8,58.3,64.87,54.6,-18.819,1.3719999999999999,6.5,44.5
2023_08_LV_DET,2023,8,REG,LV,DET,22.005,23.307,14.0,26.0,1.302,12.0,45.312,40.0,62.57,63.19,63.69,60.76,62.01,59.91,62.42,61.27,61.55,59.98,60.47,60.73,58.79,58.91,52.02,62.03,-2.6930000000000014,8.004999999999999,7.0,46.0
2023_08_MIN_GB,2023,8,REG,MIN,GB,21.607,22.7,24.0,10.0,1.093,-14.0,44.307,34.0,57.18,64.38,57.91,61.89,57.89,61.69,57.62,63.09,58.59,59.96,61.7,62.28,57.52,60.02,61.12,48.18,12.7,-2.3930000000000007,-1.0,41.5
2023_08_NE_MIA,2023,8,REG,NE,MIA,20.405,22.817,17.0,31.0,2.412,14.0,43.222,48.0,64.51,59.38,58.17,58.99,60.8,61.46,62.08,59.61,59.47,59.23,64.38,61.4,60.51,59.98,48.36,41.25,-8.183,3.405000000000001,7.5,46.5
2023_08_NO_IND,2023,8,REG,NO,IND,21.548,22.899,38.0,27.0,1.351,-11.0,44.446,65.0,50.76,61.76,58.57,62.2,59.18,59.405,55.51,61.28,58.0,59.5,60.37,60.19,60.83,60.01,67.23,55.08,-4.100999999999999,-16.452,-2.0,43.5
2023_08_NYJ_NYG,2023,8,REG,NYJ,NYG,21.426,22.981,13.0,10.0,1.555,-3.0,44.407,23.0,58.2,55.24,58.75,61.52,62.01,58.515,59.35,58.07,58.81,60.99,58.11,59.28,63.14,63.06,61.12,56.07,12.981000000000002,8.425999999999998,-3.0,35.0
2023_08_PHI_WAS,2023,8,REG,PHI,WAS,22.082,22.001,38.0,31.0,-0.081,-7.0,44.084,69.0,56.87,63.08,59.58,58.42,59.03,66.29,58.22,62.87,59.57,61.49,59.14,64.08,62.46,62.49,49.6,60.41,-8.998999999999999,-15.918,-7.0,42.5
2023_08_TB_BUF,2023,8,REG,TB,BUF,20.769,23.017,18.0,24.0,2.248,6.0,43.787,42.0,67.05,60.05,62.29,62.65,61.555,60.015,64.33,60.73,62.05,59.11,64.16,63.42,65.92,64.67,56.76,57.31,-0.9830000000000005,2.7689999999999984,10.0,43.0
2023_09_ARI_CLE,2023,9,REG,ARI,CLE,20.955,23.42,0.0,27.0,2.465,27.0,44.375,27.0,52.07,61.09,63.28,60.3,61.43,59.65,57.37,60.53,59.63,57.97,65.01,56.9,61.63,57.73,59.43,58.74,-3.5799999999999983,20.955,13.0,38.0
2023_09_BUF_CIN,2023,9,REG,BUF,CIN,22.392,22.091,18.0,24.0,-0.302,6.0,44.483,42.0,63.79,67.39,64.04,62.77,57.995,61.385,62.41,64.68,60.43,62.21,58.08,67.41,60.9,66.84,56.18,56.36,-1.908999999999999,4.3919999999999995,1.5,51.0
2023_09_CHI_NO,2023,9,REG,CHI,NO,21.575,23.241,17.0,24.0,1.666,7.0,44.816,41.0,62.48,56.57,62.64,58.78,60.305,60.14,62.08,57.92,59.91,59.63,60.83,59.22,58.95,60.88,54.14,61.93,-0.7590000000000003,4.574999999999999,9.0,42.0
2023_09_DAL_PHI,2023,9,REG,DAL,PHI,21.864,23.278,23.0,28.0,1.414,5.0,45.142,51.0,63.84,64.55,58.75,61.76,65.705,61.21,62.96,62.76,61.66,61.65,64.65,63.84,62.84,60.81,61.39,70.02,-4.722000000000001,-1.1359999999999992,3.5,46.5
2023_09_IND_CAR,2023,9,REG,IND,CAR,21.227,23.11,27.0,13.0,1.883,-14.0,44.338,40.0,58.13,58.82,60.81,59.37,58.755,59.35,58.92,59.38,59.62,58.57,63.64,59.99,63.17,60.9,61.72,66.75,10.11,-5.773,-1.5,45.0
2023_09_LAC_NYJ,2023,9,REG,LAC,NYJ,21.887,22.81,27.0,6.0,0.923,-21.0,44.697,33.0,54.79,64.95,63.36,57.93,58.445,60.565,58.25,62.12,61.54,58.51,59.68,60.97,63.35,61.18,55.42,66.2,16.81,-5.1129999999999995,-3.0,41.0
2023_09_LA_GB,2023,9,REG,LA,GB,21.647,23.565,3.0,20.0,1.918,17.0,45.213,23.0,57.19,62.84,59.74,60.23,58.07,61.605,58.12,61.86,59.58,59.8,60.52,56.08,58.01,58.67,60.84,50.55,3.5650000000000013,18.647,3.5,38.0
2023_09_MIA_KC,2023,9,REG,MIA,KC,20.989,23.737,14.0,21.0,2.748,7.0,44.726,35.0,69.77,64.86,64.8,58.58,63.905,61.83,66.05,62.75,64.3,59.76,62.86,64.5,64.2,60.34,60.65,49.65,2.7369999999999983,6.989000000000001,1.0,51.0
2023_09_MIN_ATL,2023,9,REG,MIN,ATL,20.894,23.091,31.0,28.0,2.198,-3.0,43.985,59.0,57.87,55.4,62.42,62.36,59.535,62.635,59.36,59.52,61.51,60.35,60.67,63.15,62.89,60.32,63.68,46.39,-4.908999999999999,-10.106000000000002,3.5,38.5
2023_09_NYG_LV,2023,9,REG,NYG,LV,21.388,23.306,6.0,30.0,1.918,24.0,44.694,36.0,62.94,57.92,57.49,59.82,60.03,58.98,60.53,58.95,58.71,57.93,61.53,58.63,58.25,61.22,61.19,58.29,-6.693999999999999,15.388000000000002,1.0,38.5
2023_09_SEA_BAL,2023,9,REG,SEA,BAL,20.651,23.409,3.0,37.0,2.758,34.0,44.06,40.0,63.3,59.89,62.3,56.72,62.31,61.94,62.09,59.66,63.15,59.6,65.42,60.41,64.21,64.18,61.54,56.27,-13.591000000000001,17.651,6.0,44.5
2023_09_TB_HOU,2023,9,REG,TB,HOU,21.483,22.707,37.0,39.0,1.224,2.0,44.19,76.0,64.15,59.59,61.86,61.52,58.935,59.88,61.77,60.28,59.0,58.87,59.63,63.36,61.14,64.3,60.6,55.92,-16.293,-15.517,2.5,39.5
2023_09_TEN_PIT,2023,9,REG,TEN,PIT,21.035,22.621,16.0,20.0,1.586,4.0,43.656,36.0,58.2,61.64,62.75,57.72,57.06,59.3,59.07,60.0,59.23,59.53,65.33,62.64,63.32,62.6,59.97,63.2,2.6209999999999987,5.035,3.5,37.0
2023_09_WAS_NE,2023,9,REG,WAS,NE,21.159,22.34,20.0,17.0,1.18,-3.0,43.499,37.0,59.41,57.54,59.12,59.68,61.865,59.31,59.81,58.7,59.58,59.87,60.37,59.73,60.12,62.14,41.87,50.06,5.34,1.158999999999999,2.5,40.5
2023_10_ATL_ARI,2023,10,REG,ATL,ARI,22.495,22.665,23.0,25.0,0.17,2.0,45.161,48.0,61.9,57.3,59.57,62.92,59.49,60.06,60.72,59.31,57.69,61.84,57.78,61.13,56.68,63.39,57.23,64.88,-2.335000000000001,-0.504999999999999,-2.0,43.5
2023_10_CAR_CHI,2023,10,REG,CAR,CHI,21.536,22.528,13.0,16.0,0.992,3.0,44.064,29.0,54.42,56.06,59.47,61.32,60.32,58.865,57.13,58.13,60.03,59.64,59.7,63.08,60.63,61.58,60.41,60.62,6.527999999999999,8.536000000000001,3.0,38.0
2023_10_CLE_BAL,2023,10,REG,CLE,BAL,20.959,22.843,33.0,31.0,1.884,-2.0,43.802,64.0,63.68,60.09,62.56,63.63,62.545,59.8,62.43,60.21,61.11,59.82,64.89,65.82,63.79,62.92,62.1,59.94,-8.157,-12.041,6.0,38.5
2023_10_DEN_BUF,2023,10,REG,DEN,BUF,20.369,23.778,24.0,22.0,3.409,-2.0,44.147,46.0,67.18,62.77,63.01,61.65,61.94,60.275,64.84,61.86,62.51,59.32,66.71,59.79,67.0,61.31,57.76,52.65,1.7779999999999987,-3.6310000000000002,7.5,47.5
2023_10_DET_LAC,2023,10,REG,DET,LAC,21.766,23.579,41.0,38.0,1.812,-3.0,45.345,79.0,64.79,62.81,58.19,64.05,60.87,63.41,62.19,63.16,58.83,62.86,61.26,61.83,61.3,59.61,68.75,52.5,-14.421,-19.234,-2.5,48.5
2023_10_GB_PIT,2023,10,REG,GB,PIT,20.657,23.105,19.0,23.0,2.448,4.0,43.761,42.0,58.42,56.85,62.97,60.13,57.285,59.97,59.3,58.53,59.57,60.38,63.29,61.94,66.38,58.89,61.97,56.43,0.10500000000000043,1.657,3.0,38.5
2023_10_HOU_CIN,2023,10,REG,HOU,CIN,20.919,23.509,30.0,27.0,2.59,-3.0,44.429,57.0,64.36,66.82,64.44,62.2,58.525,61.72,62.92,64.19,60.92,60.21,61.59,59.63,61.13,61.01,58.07,34.19,-3.4909999999999997,-9.081,5.5,46.0
2023_10_IND_NE,2023,10,REG,IND,NE,21.798,22.356,10.0,6.0,0.558,-4.0,44.155,16.0,59.18,58.94,59.46,61.63,62.375,58.19,59.95,59.32,60.26,59.98,61.48,60.65,60.95,61.4,41.64,68.68,16.356,11.797999999999998,-1.0,42.0
2023_10_NO_MIN,2023,10,REG,NO,MIN,21.536,22.648,19.0,27.0,1.112,8.0,44.184,46.0,55.52,62.43,61.88,63.75,62.985,60.85,59.61,62.42,60.32,60.62,63.09,61.33,59.38,59.01,46.97,54.05,-4.352,2.5360000000000014,-3.0,41.0
2023_10_NYG_DAL,2023,10,REG,NYG,DAL,20.968,24.449,17.0,49.0,3.481,32.0,45.417,66.0,64.95,54.32,63.19,60.32,62.09,60.035,63.44,57.49,62.71,59.19,63.36,57.6,60.44,61.15,71.78,58.14,-24.551,3.968,17.5,38.5
2023_10_NYJ_LV,2023,10,REG,NYJ,LV,21.322,23.283,12.0,16.0,1.961,4.0,44.605,28.0,62.25,55.15,60.18,58.71,60.38,58.625,60.85,57.5,60.35,59.57,62.42,60.23,57.06,62.03,62.38,57.4,7.283000000000001,9.322,-1.0,35.5
2023_10_SF_JAX,2023,10,REG,SF,JAX,21.955,22.825,34.0,3.0,0.869,-31.0,44.78,37.0,61.98,66.32,62.47,59.39,59.855,66.205,61.29,64.32,61.57,63.24,60.83,62.88,61.22,64.99,59.98,52.21,19.825,-12.045000000000002,-3.0,44.5
2023_10_TEN_TB,2023,10,REG,TEN,TB,21.346,22.941,6.0,20.0,1.595,14.0,44.287,26.0,60.86,61.59,61.81,56.98,61.07,59.615,61.26,59.97,59.96,59.45,62.53,62.54,64.1,61.37,58.28,65.37,2.940999999999999,15.346,2.5,39.5
2023_10_WAS_SEA,2023,10,REG,WAS,SEA,20.964,23.031,26.0,29.0,2.067,3.0,43.994,55.0,59.6,57.27,56.84,59.76,62.195,59.74,59.67,58.76,59.64,60.08,60.5,59.26,63.99,61.67,57.28,52.27,-5.969000000000001,-5.036000000000001,6.0,44.0
2023_11_ARI_HOU,2023,11,REG,ARI,HOU,21.773,23.603,16.0,21.0,1.83,5.0,45.375,37.0,66.21,58.71,62.53,62.13,61.92,60.235,63.91,59.76,60.93,59.17,58.12,57.28,61.96,57.02,44.12,61.56,2.6030000000000015,5.773,5.5,48.0
2023_11_CHI_DET,2023,11,REG,CHI,DET,21.534,23.365,26.0,31.0,1.831,5.0,44.898,57.0,63.22,56.5,64.39,60.14,64.505,60.405,63.6,58.14,63.62,60.39,61.79,62.5,59.64,62.6,58.07,62.7,-7.635000000000002,-4.466000000000001,8.0,48.0
2023_11_CIN_BAL,2023,11,REG,CIN,BAL,21.154,23.134,20.0,34.0,1.98,14.0,44.288,54.0,63.5,64.53,62.71,64.7,62.805,58.53,62.38,63.03,61.25,60.93,66.37,63.34,63.91,62.3,61.59,59.45,-10.866,1.154,4.0,46.5
2023_11_DAL_CAR,2023,11,REG,DAL,CAR,22.441,22.661,33.0,10.0,0.22,-23.0,45.102,43.0,57.25,65.69,60.81,62.9,58.595,62.4,58.33,63.87,59.44,62.41,63.08,63.56,61.65,60.56,61.05,73.78,12.661000000000001,-10.559000000000001,-11.0,43.0
2023_11_LAC_GB,2023,11,REG,LAC,GB,22.232,22.615,20.0,23.0,0.383,3.0,44.847,43.0,57.42,65.29,60.45,58.59,62.15,60.525,59.29,62.06,61.41,59.35,60.9,62.61,59.13,63.03,55.86,68.61,-0.38500000000000156,2.2319999999999993,-3.0,44.0
2023_11_LV_MIA,2023,11,REG,LV,MIA,21.568,22.92,13.0,20.0,1.352,7.0,44.488,33.0,64.74,55.67,57.05,61.38,62.455,61.135,62.54,58.21,59.38,61.24,62.67,62.66,59.44,58.71,50.8,63.68,2.9200000000000017,8.568000000000001,14.0,44.5
2023_11_MIN_DEN,2023,11,REG,MIN,DEN,21.226,22.856,20.0,21.0,1.63,1.0,44.082,41.0,62.76,56.04,62.14,62.35,60.32,62.205,61.88,59.35,59.7,60.71,60.31,63.71,60.17,59.72,54.96,48.38,1.8560000000000016,1.225999999999999,2.5,43.5
2023_11_NYG_WAS,2023,11,REG,NYG,WAS,21.248,22.89,31.0,19.0,1.642,-12.0,44.139,50.0,57.85,54.1,60.27,60.68,59.815,59.83,59.01,57.0,60.57,59.71,59.53,58.58,61.75,61.99,52.57,57.92,3.8900000000000006,-9.751999999999999,7.5,39.0
2023_11_NYJ_BUF,2023,11,REG,NYJ,BUF,20.256,23.715,6.0,32.0,3.459,26.0,43.971,38.0,67.16,55.45,63.17,59.48,62.96,58.91,65.01,57.76,62.92,59.83,66.09,59.9,67.1,62.65,57.78,58.14,-8.285,14.256,8.0,39.5
2023_11_PHI_KC,2023,11,REG,PHI,KC,21.861,23.723,21.0,17.0,1.862,-4.0,45.584,38.0,69.38,64.26,65.06,62.08,64.825,66.06,66.31,63.84,64.57,63.34,63.57,64.24,63.63,62.68,62.86,62.62,6.722999999999999,0.8610000000000007,2.5,46.0
2023_11_PIT_CLE,2023,11,REG,PIT,CLE,21.049,22.654,10.0,13.0,1.604,3.0,43.703,23.0,60.34,58.52,63.84,58.51,59.535,57.56,60.18,58.44,60.14,57.82,63.01,63.23,61.84,63.41,59.23,62.01,9.654,11.049,2.5,34.0
2023_11_SEA_LA,2023,11,REG,SEA,LA,21.906,22.455,16.0,17.0,0.549,1.0,44.361,33.0,63.0,60.22,60.51,57.63,61.62,62.16,61.84,60.07,60.11,60.0,57.88,60.76,60.02,64.47,45.54,58.22,5.454999999999998,5.905999999999999,2.5,45.0
2023_11_TB_SF,2023,11,REG,TB,SF,21.012,23.15,14.0,27.0,2.137,13.0,44.162,41.0,67.41,61.01,59.6,62.07,67.115,61.265,65.0,61.33,63.57,60.0,63.55,62.33,65.85,64.61,52.49,58.41,-3.8500000000000014,7.0120000000000005,13.5,41.5
2023_11_TEN_JAX,2023,11,REG,TEN,JAX,21.454,22.947,14.0,34.0,1.493,20.0,44.402,48.0,61.59,56.18,60.16,58.88,59.695,59.45,60.52,57.76,60.38,59.88,60.54,62.45,61.71,61.57,59.72,63.32,-11.053,7.454000000000001,6.5,40.0
2023_12_BAL_LAC,2023,12,REG,BAL,LAC,21.814,23.364,20.0,10.0,1.549,-10.0,45.178,30.0,65.41,63.75,58.76,62.86,60.835,63.46,62.19,62.9,59.51,59.31,61.39,61.83,61.5,63.59,69.62,61.81,13.364,1.814,-3.0,49.0
2023_12_BUF_PHI,2023,12,REG,BUF,PHI,21.876,22.541,34.0,37.0,0.665,3.0,44.417,71.0,63.96,67.3,62.22,63.44,66.065,63.51,63.78,65.39,63.3,63.05,64.5,68.19,62.04,67.73,62.16,58.91,-14.459,-12.123999999999999,2.5,49.0
2023_12_CAR_TEN,2023,12,REG,CAR,TEN,21.227,22.711,10.0,17.0,1.484,7.0,43.937,27.0,57.5,56.54,56.18,60.92,59.225,58.4,57.79,57.95,58.77,59.38,61.46,61.15,61.51,63.16,63.58,60.11,5.7109999999999985,11.227,3.5,36.0
2023_12_CHI_MIN,2023,12,REG,CHI,MIN,21.24,22.342,12.0,10.0,1.102,-2.0,43.583,22.0,56.07,56.37,62.7,59.64,63.165,60.32,59.97,57.98,60.7,59.88,63.72,62.45,59.97,62.78,47.71,62.41,12.341999999999999,9.239999999999998,3.0,43.5
2023_12_CLE_DEN,2023,12,REG,CLE,DEN,21.339,22.739,12.0,29.0,1.4,17.0,44.078,41.0,62.7,60.22,62.16,62.09,60.83,59.365,62.03,59.81,59.73,59.2,60.97,62.91,62.08,61.79,53.41,58.2,-6.260999999999999,9.338999999999999,1.5,37.5
2023_12_GB_DET,2023,12,REG,GB,DET,21.26,23.765,29.0,22.0,2.505,-7.0,45.025,51.0,63.06,57.75,64.48,60.67,63.955,61.79,63.44,59.51,63.82,61.21,60.54,59.76,58.86,58.3,52.84,45.99,1.7650000000000006,-7.739999999999998,8.5,47.0
2023_12_JAX_HOU,2023,12,REG,JAX,HOU,21.748,22.717,24.0,21.0,0.969,-3.0,44.464,45.0,66.69,62.09,62.61,60.35,62.385,59.745,64.34,60.9,61.0,60.25,59.06,60.96,62.94,61.38,38.57,60.22,1.7169999999999987,-2.251999999999999,-1.0,48.0
2023_12_KC_LV,2023,12,REG,KC,LV,22.7,22.679,31.0,17.0,-0.021,-14.0,45.379,48.0,56.14,69.14,61.5,65.18,61.435,64.575,58.55,66.14,61.25,64.55,62.46,63.84,58.67,63.82,64.39,63.03,5.6789999999999985,-8.3,-9.0,42.5
2023_12_LA_ARI,2023,12,REG,LA,ARI,22.015,23.511,37.0,14.0,1.496,-23.0,45.526,51.0,59.15,62.73,62.24,60.79,60.37,61.54,60.09,61.82,59.23,59.98,57.73,57.01,57.78,60.37,60.64,51.79,9.511,-14.985,-3.0,45.0
2023_12_MIA_NYJ,2023,12,REG,MIA,NYJ,21.395,22.723,34.0,13.0,1.328,-21.0,44.118,47.0,55.15,64.78,60.73,57.61,58.545,62.335,57.79,62.67,60.3,59.38,60.2,62.87,62.47,59.33,58.25,50.52,9.722999999999999,-12.605,-9.5,40.0
2023_12_NE_NYG,2023,12,REG,NE,NYG,20.877,22.709,7.0,10.0,1.832,3.0,43.586,17.0,54.03,59.4,60.86,58.12,60.6,61.62,57.26,59.38,60.14,59.68,58.69,60.66,62.32,60.75,56.5,41.37,12.709,13.876999999999999,-4.5,36.5
2023_12_NO_ATL,2023,12,REG,NO,ATL,21.47,23.235,15.0,24.0,1.764,9.0,44.705,39.0,57.73,62.27,63.1,64.09,60.31,60.215,59.56,62.15,61.88,60.59,60.96,60.97,62.66,59.0,57.85,53.81,-0.7650000000000006,6.469999999999999,-2.0,42.0
2023_12_PIT_CIN,2023,12,REG,PIT,CIN,21.017,22.99,16.0,10.0,1.973,-6.0,44.007,26.0,64.52,58.23,64.83,58.88,58.475,59.115,63.04,58.69,60.97,58.4,63.8,63.4,62.27,63.55,59.31,62.33,12.989999999999998,5.0169999999999995,-2.0,36.0
2023_12_SF_SEA,2023,12,REG,SF,SEA,21.987,22.405,31.0,13.0,0.418,-18.0,44.391,44.0,60.36,68.15,57.81,59.74,61.9,67.465,60.2,65.52,59.77,63.58,61.62,63.45,63.95,66.0,59.12,56.44,9.405000000000001,-9.013000000000002,-7.0,43.5
2023_12_TB_IND,2023,12,REG,TB,IND,21.487,22.949,20.0,27.0,1.462,7.0,44.436,47.0,58.98,60.73,61.8,58.21,59.0,61.465,59.54,60.46,60.28,58.41,60.3,62.17,61.48,64.64,67.58,58.82,-4.050999999999998,1.4869999999999983,2.5,45.0
2023_12_WAS_DAL,2023,12,REG,WAS,DAL,20.865,23.936,10.0,45.0,3.071,35.0,44.801,55.0,65.76,57.86,62.43,60.69,61.495,59.44,63.31,59.06,62.32,60.63,64.22,60.24,60.61,62.98,70.38,51.3,-21.064,10.864999999999998,13.0,48.0
2023_13_ARI_PIT,2023,13,REG,ARI,PIT,20.967,23.837,24.0,10.0,2.869,-14.0,44.804,34.0,59.37,60.1,59.38,62.41,60.715,60.395,59.65,60.57,59.29,61.11,63.84,56.82,67.39,57.84,64.54,60.84,13.837,-3.0330000000000013,6.0,41.0
2023_13_ATL_NYJ,2023,13,REG,ATL,NYJ,21.948,22.45,13.0,8.0,0.502,-5.0,44.398,21.0,55.87,57.94,59.89,63.09,58.7,60.68,57.98,59.77,59.62,62.28,60.35,61.28,62.08,62.94,54.89,66.08,14.45,8.948,-2.0,33.0
2023_13_CAR_TB,2023,13,REG,CAR,TB,21.141,22.648,18.0,21.0,1.508,3.0,43.789,39.0,61.02,58.51,58.56,60.89,61.715,58.805,60.67,58.97,58.85,59.43,61.42,61.2,64.83,65.59,59.08,61.37,1.6479999999999997,3.1409999999999982,4.0,37.0
2023_13_CIN_JAX,2023,13,REG,CIN,JAX,21.995,22.977,34.0,31.0,0.982,-3.0,44.972,65.0,62.77,64.87,58.18,64.52,59.96,58.575,60.89,63.17,58.97,60.66,61.1,62.61,61.0,60.79,61.11,61.37,-8.023,-12.004999999999999,10.0,41.0
2023_13_CLE_LA,2023,13,REG,CLE,LA,21.93,22.29,19.0,36.0,0.359,17.0,44.22,55.0,63.44,60.56,61.0,62.34,61.845,60.2,62.24,60.4,60.95,59.47,57.38,63.5,60.91,62.19,41.62,59.35,-13.71,2.9299999999999997,3.5,39.5
2023_13_DEN_HOU,2023,13,REG,DEN,HOU,21.744,22.437,17.0,22.0,0.693,5.0,44.182,39.0,67.06,63.12,61.2,62.28,62.385,61.425,64.24,62.36,60.26,59.76,59.25,61.05,62.8,62.45,35.5,57.48,0.43700000000000117,4.744,3.5,47.5
2023_13_DET_NO,2023,13,REG,DET,NO,22.055,23.5,33.0,28.0,1.444,-5.0,45.555,61.0,62.82,63.09,63.92,64.5,59.515,63.42,61.86,63.12,60.66,63.97,61.26,59.87,59.43,58.39,56.76,54.2,-4.5,-10.945,-4.0,47.5
2023_13_IND_TEN,2023,13,REG,IND,TEN,21.439,23.014,31.0,28.0,1.575,-3.0,44.452,59.0,58.6,59.33,55.93,61.89,59.525,58.27,58.29,59.55,58.66,60.23,62.88,60.44,62.99,60.85,63.84,66.13,-4.986000000000001,-9.561,-1.5,42.0
2023_13_KC_GB,2023,13,REG,KC,GB,23.055,22.009,19.0,27.0,-1.046,8.0,45.064,46.0,58.41,69.48,60.56,65.14,61.99,64.95,59.86,66.4,61.11,64.6,59.89,63.91,58.63,63.8,44.64,64.35,-4.991,4.055,-5.5,43.5
2023_13_LAC_NE,2023,13,REG,LAC,NE,21.835,23.183,6.0,0.0,1.348,-6.0,45.019,6.0,59.88,65.34,60.45,58.88,61.47,62.125,59.95,62.79,60.81,59.37,62.84,59.65,62.47,61.73,59.29,68.12,23.183,15.835,-4.5,38.5
2023_13_MIA_WAS,2023,13,REG,MIA,WAS,21.439,22.484,45.0,15.0,1.045,-30.0,43.924,60.0,58.21,64.61,60.97,57.95,59.48,62.41,59.27,62.73,60.7,59.44,60.56,64.29,63.29,60.55,53.68,53.84,7.484000000000002,-23.561,-8.5,50.0
2023_13_SEA_DAL,2023,13,REG,SEA,DAL,21.234,23.726,35.0,41.0,2.492,6.0,44.96,76.0,66.35,60.45,63.39,57.84,61.945,62.2,63.94,60.32,62.77,59.93,64.07,61.86,61.31,64.12,69.02,59.5,-17.274,-13.765999999999998,9.5,47.5
2023_13_SF_PHI,2023,13,REG,SF,PHI,21.825,23.187,42.0,19.0,1.362,-23.0,45.011,61.0,64.22,67.31,62.41,59.89,66.47,67.45,64.13,65.22,63.26,63.46,64.81,64.01,61.83,66.47,64.17,57.72,4.187000000000001,-20.175,-3.0,46.5
2023_14_BUF_KC,2023,14,REG,BUF,KC,21.873,23.048,20.0,17.0,1.175,-3.0,44.921,37.0,69.01,67.23,65.52,63.97,64.215,63.47,65.85,65.51,65.22,63.26,63.32,67.59,63.45,67.52,63.83,57.72,6.047999999999998,1.873000000000001,2.0,49.5
2023_14_CAR_NO,2023,14,REG,CAR,NO,21.546,22.33,6.0,28.0,0.785,22.0,43.876,34.0,62.12,56.72,64.4,61.22,57.57,58.815,60.87,58.32,60.96,59.73,61.04,61.01,59.7,65.57,46.09,61.94,-5.670000000000002,15.546,5.5,39.0
2023_14_DEN_LAC,2023,14,REG,DEN,LAC,21.707,23.585,24.0,7.0,1.877,-17.0,45.292,31.0,64.69,62.36,59.25,62.62,61.58,61.16,62.46,62.06,59.57,60.08,59.77,60.89,61.95,62.47,69.75,56.49,16.585,-2.2929999999999993,3.0,45.0
2023_14_DET_CHI,2023,14,REG,DET,CHI,21.692,23.404,13.0,28.0,1.712,15.0,45.097,41.0,55.88,62.81,60.15,64.95,61.67,64.375,58.56,63.32,60.12,64.71,62.82,59.22,63.03,58.15,61.86,54.08,-4.596,8.692,-3.0,44.5
2023_14_GB_NYG,2023,14,REG,GB,NYG,21.225,23.364,22.0,24.0,2.139,2.0,44.59,46.0,54.71,58.44,59.98,60.9,61.81,62.02,58.07,60.03,59.64,61.47,58.96,57.63,61.93,58.34,59.25,44.96,-0.6359999999999992,-0.7749999999999986,-6.0,37.5
2023_14_HOU_NYJ,2023,14,REG,HOU,NYJ,20.987,22.53,6.0,30.0,1.542,24.0,43.517,36.0,54.75,66.96,58.67,61.76,58.3,61.055,57.12,63.72,59.0,60.62,59.91,59.89,63.9,62.57,55.97,37.19,-7.469999999999999,14.986999999999998,-3.5,33.5
2023_14_IND_CIN,2023,14,REG,IND,CIN,21.814,23.615,14.0,34.0,1.801,20.0,45.429,48.0,64.15,58.93,65.14,62.21,58.61,59.145,63.01,59.69,61.07,60.76,61.08,59.8,61.97,61.17,60.93,67.51,-10.385000000000002,7.814,3.0,45.0
2023_14_JAX_CLE,2023,14,REG,JAX,CLE,21.223,22.917,27.0,31.0,1.694,4.0,44.14,58.0,60.04,62.58,62.52,58.52,59.685,60.195,60.04,60.95,59.58,59.44,62.54,61.06,64.23,61.53,58.02,60.03,-8.082999999999998,-5.777000000000001,2.5,37.5
2023_14_LA_BAL,2023,14,REG,LA,BAL,21.491,23.437,31.0,37.0,1.946,6.0,44.928,68.0,63.37,63.07,63.26,61.39,58.17,61.905,61.73,62.21,57.41,61.15,62.14,57.85,63.81,61.2,61.71,58.36,-13.562999999999999,-9.509,7.5,42.0
2023_14_MIN_LV,2023,14,REG,MIN,LV,21.508,22.999,3.0,0.0,1.49,-3.0,44.507,3.0,57.14,55.38,61.79,63.02,61.43,62.77,59.09,59.57,61.36,60.9,60.45,63.48,57.55,60.28,63.13,49.92,22.999,18.508,-3.0,40.5
2023_14_NE_PIT,2023,14,REG,NE,PIT,20.789,22.767,21.0,18.0,1.977,-3.0,43.556,39.0,58.5,58.81,59.89,60.08,60.825,62.025,59.46,59.78,59.64,60.67,63.45,62.84,67.36,62.5,62.15,58.21,4.7669999999999995,-0.21099999999999852,6.0,30.0
2023_14_PHI_DAL,2023,14,REG,PHI,DAL,22.207,24.1,13.0,33.0,1.893,20.0,46.307,46.0,66.14,63.86,64.64,62.96,63.39,66.265,64.73,64.03,63.65,63.51,63.27,62.29,60.83,61.5,70.82,64.38,-8.899999999999999,9.207,3.5,52.5
2023_14_SEA_SF,2023,14,REG,SEA,SF,20.869,23.694,16.0,28.0,2.825,12.0,44.563,44.0,68.58,60.41,60.17,57.47,67.735,62.415,66.01,60.31,63.88,59.7,63.62,60.89,66.02,64.38,58.69,58.56,-4.306000000000001,4.869,14.5,44.5
2023_14_TB_ATL,2023,14,REG,TB,ATL,21.403,23.103,29.0,25.0,1.701,-4.0,44.506,54.0,57.5,60.34,63.0,59.89,60.525,61.47,59.49,60.58,62.17,59.52,61.35,61.23,63.26,64.69,65.64,60.4,-1.8969999999999985,-7.597000000000001,1.5,41.5
2023_14_TEN_MIA,2023,14,REG,TEN,MIA,21.174,22.939,28.0,27.0,1.765,-1.0,44.113,55.0,64.74,58.63,58.18,55.31,62.385,60.785,62.87,58.72,59.6,58.47,63.93,61.83,60.52,62.31,54.63,63.08,-4.061,-6.8260000000000005,14.0,45.0
2023_15_ATL_CAR,2023,15,REG,ATL,CAR,21.552,22.644,7.0,9.0,1.092,2.0,44.196,16.0,57.56,58.41,58.87,63.05,58.09,61.145,58.06,60.12,58.51,62.36,61.03,61.09,65.88,63.11,61.46,64.08,13.643999999999998,14.552,-3.0,32.0
2023_15_BAL_JAX,2023,15,REG,BAL,JAX,21.765,22.818,23.0,7.0,1.054,-16.0,44.583,30.0,62.81,63.86,59.97,63.43,60.38,59.38,61.33,62.3,60.29,57.86,60.96,62.6,61.15,63.98,59.5,63.09,15.818000000000001,-1.2349999999999994,-4.0,42.5
2023_15_CHI_CLE,2023,15,REG,CHI,CLE,21.063,22.64,17.0,20.0,1.577,3.0,43.703,37.0,60.2,56.63,62.7,60.43,59.87,61.93,60.14,59.02,59.85,60.34,63.17,63.06,64.27,63.35,58.98,61.08,2.6400000000000006,4.062999999999999,3.0,38.0
2023_15_DAL_BUF,2023,15,REG,DAL,BUF,21.837,23.763,10.0,31.0,1.926,21.0,45.599,41.0,67.26,66.08,64.11,64.9,63.32,63.92,65.58,64.92,63.62,63.98,67.55,62.38,67.29,60.39,58.36,75.29,-7.236999999999998,11.837,2.0,49.5
2023_15_DEN_DET,2023,15,REG,DEN,DET,21.762,23.338,17.0,42.0,1.576,25.0,45.1,59.0,62.74,62.54,65.07,62.61,64.325,61.665,63.32,62.26,65.02,60.33,61.51,61.26,59.24,63.11,53.22,56.28,-18.662,4.7620000000000005,5.5,49.0
2023_15_HOU_TEN,2023,15,REG,HOU,TEN,20.8,23.084,19.0,16.0,2.284,-3.0,43.884,35.0,60.04,66.35,55.89,61.9,61.33,61.47,59.67,63.65,59.22,60.79,61.96,59.84,62.23,63.0,63.44,34.56,7.084,1.8000000000000007,3.0,38.0
2023_15_KC_NE,2023,15,REG,KC,NE,22.571,21.801,27.0,17.0,-0.77,-10.0,44.372,44.0,59.06,69.35,60.25,65.6,62.69,64.515,60.09,66.12,60.71,65.5,62.48,64.69,61.32,63.96,41.92,63.12,4.800999999999998,-4.4289999999999985,-10.0,39.5
2023_15_LAC_LV,2023,15,REG,LAC,LV,22.461,23.349,21.0,63.0,0.889,42.0,45.81,84.0,57.66,64.68,61.79,59.38,61.39,60.175,59.3,61.99,61.41,59.48,60.49,59.66,57.58,61.79,64.14,70.26,-39.650999999999996,1.4609999999999985,3.0,36.0
2023_15_MIN_CIN,2023,15,REG,MIN,CIN,21.79,23.107,24.0,27.0,1.317,3.0,44.896,51.0,61.98,64.91,65.19,63.18,58.84,63.14,62.16,64.05,61.23,61.08,59.45,63.93,61.04,61.18,60.94,48.91,-3.8930000000000007,-2.210000000000001,3.0,41.5
2023_15_NYG_NO,2023,15,REG,NYG,NO,21.22,23.239,6.0,24.0,2.019,18.0,44.459,30.0,62.13,57.12,65.0,58.45,58.55,62.26,61.54,58.98,61.18,59.04,61.05,59.08,59.72,62.61,56.01,53.44,-0.7609999999999992,15.219999999999999,6.0,39.5
2023_15_NYJ_MIA,2023,15,REG,NYJ,MIA,20.884,22.854,0.0,30.0,1.97,30.0,43.738,30.0,64.58,55.46,57.38,58.81,62.535,58.79,62.72,57.63,59.39,59.35,64.37,60.5,60.26,64.36,53.7,57.67,-7.146000000000001,20.884,7.5,36.0
2023_15_PHI_SEA,2023,15,REG,PHI,SEA,22.25,23.093,17.0,20.0,0.843,3.0,45.343,37.0,60.62,64.13,58.42,63.0,62.585,66.41,60.67,64.19,60.35,63.68,60.41,62.54,64.62,59.58,59.5,64.4,3.093,5.25,-5.0,46.0
2023_15_PIT_IND,2023,15,REG,PIT,IND,21.688,22.35,13.0,30.0,0.662,17.0,44.039,43.0,59.13,58.77,59.5,60.31,60.02,60.415,59.65,59.58,58.56,59.65,59.87,63.55,61.19,68.01,65.55,62.12,-7.649999999999999,8.687999999999999,1.5,41.5
2023_15_SF_ARI,2023,15,REG,SF,ARI,23.256,23.049,45.0,29.0,-0.207,-16.0,46.305,74.0,59.82,68.81,62.77,60.18,60.89,68.36,60.66,66.32,61.73,64.22,56.64,60.23,57.59,65.7,61.35,59.86,-5.9510000000000005,-21.744,-12.5,48.0
2023_15_TB_GB,2023,15,REG,TB,GB,21.954,22.316,34.0,20.0,0.362,-14.0,44.27,54.0,58.49,60.53,60.97,59.3,62.45,61.5,60.12,60.56,61.7,59.45,59.73,61.49,58.24,64.65,45.81,60.65,2.315999999999999,-12.046,4.0,41.5
2023_15_WAS_LA,2023,15,REG,WAS,LA,21.443,23.352,20.0,28.0,1.909,8.0,44.795,48.0,63.38,57.69,61.57,61.39,62.44,59.32,62.64,59.11,61.28,59.48,57.68,59.91,61.2,62.89,58.47,51.85,-4.648,1.4430000000000014,6.5,48.5
2023_16_ARI_CHI,2023,16,REG,ARI,CHI,21.475,23.719,16.0,27.0,2.244,11.0,45.194,43.0,57.52,59.93,60.6,63.07,61.665,60.13,59.36,60.38,60.43,61.9,62.77,56.75,63.43,57.58,59.53,62.26,-3.280999999999999,5.475000000000001,4.5,42.0
2023_16_BAL_SF,2023,16,REG,BAL,SF,21.521,23.64,33.0,19.0,2.119,-14.0,45.161,52.0,68.87,63.73,60.31,63.6,68.47,60.06,66.41,62.32,64.31,58.33,60.41,63.1,65.78,64.13,60.77,63.37,4.640000000000001,-11.479,6.5,47.5
2023_16_BUF_LAC,2023,16,REG,BUF,LAC,22.416,22.894,24.0,22.0,0.477,-2.0,45.31,46.0,64.4,66.96,62.32,64.36,60.405,62.845,62.63,65.38,60.56,63.77,59.77,64.87,62.12,67.8,70.62,58.9,0.8939999999999984,-1.5839999999999996,-13.0,44.5
2023_16_CIN_PIT,2023,16,REG,CIN,PIT,21.148,23.442,11.0,34.0,2.294,23.0,44.59,45.0,58.72,62.79,60.7,65.5,60.365,58.045,59.64,62.49,61.64,60.97,63.79,59.08,68.09,59.71,59.69,61.79,-10.558,10.148,-3.0,39.5
2023_16_CLE_HOU,2023,16,REG,CLE,HOU,21.207,23.063,36.0,22.0,1.855,-14.0,44.27,58.0,65.78,56.26,60.64,61.75,61.69,59.685,63.19,58.09,60.36,59.3,59.93,63.29,63.14,64.49,63.38,58.49,1.0629999999999988,-14.793,-3.0,40.0
2023_16_DAL_MIA,2023,16,REG,DAL,MIA,22.16,22.904,20.0,22.0,0.743,2.0,45.064,42.0,64.52,65.84,56.37,63.13,62.61,63.505,62.52,64.33,58.8,63.03,66.44,62.24,61.08,60.41,53.65,72.08,0.9039999999999999,2.16,1.5,48.5
2023_16_DET_MIN,2023,16,REG,DET,MIN,21.519,23.222,30.0,24.0,1.703,-6.0,44.741,54.0,64.76,62.83,63.49,65.33,63.505,65.255,64.22,63.63,60.67,65.75,64.49,61.08,61.4,59.11,48.15,48.25,-0.7779999999999987,-8.481000000000002,-2.5,47.5
2023_16_GB_CAR,2023,16,REG,GB,CAR,20.925,23.33,33.0,30.0,2.405,-3.0,44.254,63.0,57.26,58.33,61.38,61.06,58.425,64.26,58.5,60.65,59.76,62.1,60.86,59.56,65.21,58.22,61.85,45.79,-6.670000000000002,-12.075,-3.5,39.5
2023_16_IND_ATL,2023,16,REG,IND,ATL,22.002,23.3,10.0,29.0,1.298,19.0,45.302,39.0,58.14,59.29,59.76,60.5,61.265,59.88,59.37,59.86,60.37,59.98,59.38,59.57,60.38,61.21,63.36,65.8,-5.699999999999999,12.001999999999999,3.0,44.0
2023_16_JAX_TB,2023,16,REG,JAX,TB,21.278,23.189,12.0,30.0,1.91,18.0,44.467,42.0,60.85,62.39,60.51,60.3,62.11,60.18,61.1,61.15,60.25,60.3,61.67,61.05,64.53,61.38,60.47,57.56,-6.811,9.277999999999999,-2.0,43.0
2023_16_LV_KC,2023,16,REG,LV,KC,21.28,24.389,20.0,14.0,3.11,-6.0,45.669,34.0,68.97,59.31,65.78,61.99,64.635,62.46,66.1,60.33,65.36,61.86,64.82,60.21,64.39,58.72,60.56,64.74,10.389,1.2800000000000011,11.0,40.5
2023_16_NE_DEN,2023,16,REG,NE,DEN,20.707,22.757,26.0,23.0,2.05,-3.0,43.464,49.0,62.51,56.57,62.84,60.4,61.785,62.72,62.35,59.03,60.25,60.64,61.37,62.81,63.33,63.07,54.2,45.12,-0.24299999999999855,-5.292999999999999,7.0,37.5
2023_16_NO_LA,2023,16,REG,NO,LA,22.398,23.063,22.0,30.0,0.665,8.0,45.461,52.0,63.44,62.49,61.89,65.16,62.68,62.295,62.87,62.6,61.09,62.57,57.75,60.77,61.43,60.07,47.92,61.39,-6.937000000000001,0.3979999999999997,4.0,45.5
2023_16_NYG_PHI,2023,16,REG,NYG,PHI,21.036,23.984,25.0,33.0,2.948,8.0,45.021,58.0,63.79,56.7,63.2,58.81,65.915,62.02,63.94,58.74,63.53,59.16,62.41,59.22,61.87,62.72,64.51,56.86,-9.015999999999998,-3.9639999999999986,14.0,41.0
2023_16_SEA_TEN,2023,16,REG,SEA,TEN,21.53,22.736,20.0,17.0,1.205,-3.0,44.266,37.0,59.89,60.45,56.54,58.39,61.63,62.34,59.8,60.59,59.33,60.02,61.72,61.17,61.53,64.46,60.41,60.31,5.736000000000001,1.5300000000000011,-3.0,42.0
2023_16_WAS_NYJ,2023,16,REG,WAS,NYJ,20.826,22.597,28.0,30.0,1.771,2.0,43.423,58.0,55.35,57.38,59.05,60.39,58.66,59.215,57.6,58.8,59.22,60.42,60.76,59.57,64.67,62.74,55.47,50.05,-7.402999999999999,-7.1739999999999995,3.0,36.5
2023_17_ARI_PHI,2023,17,REG,ARI,PHI,21.584,24.672,35.0,31.0,3.088,-4.0,46.256,66.0,63.84,59.93,63.47,63.16,66.46,59.845,64.3,60.32,63.68,62.11,62.49,56.69,61.93,57.56,64.12,61.17,-6.327999999999999,-13.416,12.0,48.0
2023_17_ATL_CHI,2023,17,REG,ATL,CHI,21.196,23.217,17.0,37.0,2.021,20.0,44.413,54.0,57.42,57.8,60.75,58.4,61.945,61.51,59.38,59.01,60.67,60.03,63.54,59.62,63.43,60.58,59.64,64.4,-13.783000000000001,4.1960000000000015,3.0,39.0
2023_17_CAR_JAX,2023,17,REG,CAR,JAX,21.2,22.764,0.0,26.0,1.564,26.0,43.965,26.0,62.21,57.46,60.5,59.12,58.555,58.955,60.32,58.33,60.33,58.84,60.93,59.72,61.61,65.13,55.36,58.28,-3.2360000000000007,21.2,3.5,38.0
2023_17_CIN_KC,2023,17,REG,CIN,KC,21.255,24.139,17.0,25.0,2.885,8.0,45.394,42.0,68.78,62.34,59.99,65.62,65.26,58.55,65.18,62.45,62.49,61.19,64.58,59.06,64.33,59.65,60.89,59.11,-0.8610000000000007,4.254999999999999,7.5,46.0
2023_17_DET_DAL,2023,17,REG,DET,DAL,21.908,24.275,19.0,20.0,2.367,1.0,46.183,39.0,65.84,62.98,63.18,65.5,63.575,65.335,64.38,63.75,63.08,65.81,63.59,62.18,61.15,59.24,72.63,54.72,4.274999999999999,2.9080000000000013,5.5,53.0
2023_17_GB_MIN,2023,17,REG,GB,MIN,20.917,23.313,33.0,10.0,2.396,-23.0,44.23,43.0,64.75,58.57,63.59,60.02,63.695,65.545,64.31,60.94,60.69,62.16,64.2,60.71,61.23,58.41,47.87,45.92,13.312999999999999,-12.082999999999998,1.0,42.5
2023_17_LAC_DEN,2023,17,REG,LAC,DEN,21.969,23.346,9.0,16.0,1.377,7.0,45.314,25.0,62.52,64.3,63.01,62.41,61.65,60.335,62.36,62.58,60.11,60.7,62.05,59.8,64.06,60.16,55.81,70.43,7.346,12.969000000000001,3.5,39.5
2023_17_LA_NYG,2023,17,REG,LA,NYG,21.595,23.032,26.0,25.0,1.437,-1.0,44.627,51.0,55.84,63.53,58.33,62.07,62.37,63.26,58.36,63.2,59.03,61.2,59.35,57.67,59.87,61.64,57.68,43.57,-1.968,-4.405000000000001,-6.0,43.5
2023_17_LV_IND,2023,17,REG,LV,IND,21.724,23.267,20.0,23.0,1.543,3.0,44.991,43.0,59.02,57.23,60.86,57.76,59.72,62.335,59.71,58.51,60.15,59.93,59.47,61.68,61.41,58.89,63.19,64.65,0.26699999999999946,1.7240000000000002,3.5,42.5
2023_17_MIA_BAL,2023,17,REG,MIA,BAL,21.382,22.674,19.0,56.0,1.292,37.0,44.056,75.0,63.79,64.58,59.77,56.65,60.44,62.955,61.66,62.67,56.76,61.98,62.92,65.98,64.06,60.82,64.54,55.38,-33.326,2.3820000000000014,3.0,47.0
2023_17_NE_BUF,2023,17,REG,NE,BUF,19.54,23.34,21.0,27.0,3.8,6.0,42.88,48.0,67.11,57.31,64.46,60.56,62.835,62.825,65.54,59.45,63.56,60.71,65.42,63.83,68.09,63.55,57.78,34.28,-3.66,-1.4600000000000009,15.0,40.0
2023_17_NO_TB,2023,17,REG,NO,TB,21.687,23.503,23.0,13.0,1.817,-10.0,45.19,36.0,60.95,62.49,59.96,65.22,62.275,65.93,61.11,64.41,59.99,62.56,60.93,59.29,64.8,59.51,60.68,53.57,10.503,-1.3129999999999988,2.5,42.5
2023_17_NYJ_CLE,2023,17,REG,NYJ,CLE,20.07,22.359,20.0,37.0,2.288,17.0,42.429,57.0,57.29,51.9,58.12,60.3,60.2,56.06,58.07,55.0,57.54,59.92,62.55,60.83,64.19,64.78,58.6,45.78,-14.640999999999998,0.07000000000000028,6.5,33.5
2023_17_PIT_SEA,2023,17,REG,PIT,SEA,21.434,22.369,30.0,23.0,0.935,-7.0,43.803,53.0,60.53,58.31,58.48,60.94,62.605,60.77,60.76,59.69,60.12,61.81,61.08,63.9,64.8,66.76,58.72,61.37,-0.6310000000000002,-8.565999999999999,4.5,40.5
2023_17_SF_WAS,2023,17,REG,SF,WAS,22.602,22.034,27.0,10.0,-0.568,-17.0,44.635,37.0,56.63,68.43,60.48,59.46,59.26,68.33,58.49,65.99,60.5,63.88,58.95,63.15,62.33,64.87,50.01,59.99,12.033999999999999,-4.398,-14.0,49.0
2023_17_TEN_HOU,2023,17,REG,TEN,HOU,21.819,23.31,3.0,26.0,1.492,23.0,45.129,29.0,65.7,59.44,61.03,57.01,59.485,62.02,62.19,59.77,60.51,59.96,58.39,61.85,62.02,62.18,63.78,62.01,-2.6900000000000013,18.819,5.0,44.0
2023_18_ATL_NO,2023,18,REG,ATL,NO,21.775,23.536,17.0,48.0,1.761,31.0,45.31,65.0,62.54,58.36,64.92,59.91,61.525,61.145,62.8,59.44,61.63,60.68,60.82,59.59,59.91,60.63,56.88,62.76,-24.464,4.774999999999999,3.5,41.5
2023_18_BUF_MIA,2023,18,REG,BUF,MIA,22.07,22.414,21.0,14.0,0.345,-7.0,44.484,35.0,63.95,66.74,57.7,64.59,63.49,63.355,62.71,65.53,63.41,63.59,64.27,65.54,60.4,68.53,56.17,58.67,8.414000000000001,1.0700000000000003,-2.5,47.5
2023_18_CHI_GB,2023,18,REG,CHI,GB,21.598,22.361,9.0,17.0,0.764,8.0,43.959,26.0,58.59,57.71,60.41,61.05,63.445,60.925,60.02,59.06,62.49,60.86,61.77,63.69,59.07,63.44,49.16,59.88,5.361000000000001,12.597999999999999,2.5,45.5
2023_18_CLE_CIN,2023,18,REG,CLE,CIN,21.516,22.904,14.0,31.0,1.388,17.0,44.42,45.0,61.88,57.54,65.83,59.36,58.665,60.335,62.33,58.44,61.25,58.35,59.79,63.43,59.63,64.51,60.39,60.09,-8.096,7.515999999999998,7.5,37.0
2023_18_DAL_WAS,2023,18,REG,DAL,WAS,23.068,22.302,38.0,10.0,-0.766,-28.0,45.37,48.0,56.38,65.67,60.48,63.24,59.295,63.54,58.4,64.35,60.51,62.96,59.02,64.13,62.25,60.63,51.49,77.7,12.302,-14.931999999999999,-13.0,47.5
2023_18_DEN_LV,2023,18,REG,DEN,LV,21.751,22.868,14.0,27.0,1.117,13.0,44.619,41.0,58.05,62.36,58.0,63.07,63.825,61.135,59.69,62.06,59.97,60.04,60.98,62.07,59.03,64.09,64.44,55.3,-4.1320000000000014,7.751000000000001,3.5,37.5
2023_18_HOU_IND,2023,18,REG,HOU,IND,22.123,23.317,23.0,19.0,1.194,-4.0,45.439,42.0,59.09,64.69,62.71,59.86,60.15,61.58,60.33,62.54,61.04,60.09,59.49,59.91,61.7,63.25,64.75,64.4,4.317,-0.8769999999999989,-1.5,47.5
2023_18_JAX_TEN,2023,18,REG,JAX,TEN,21.502,22.793,20.0,28.0,1.291,8.0,44.295,48.0,58.38,62.06,57.04,60.98,61.545,60.435,59.04,61.22,59.58,60.74,61.7,62.95,61.43,61.93,63.22,56.35,-5.207000000000001,1.501999999999999,-3.5,41.5
2023_18_KC_LAC,2023,18,REG,KC,LAC,22.317,22.662,13.0,12.0,0.346,-1.0,44.979,25.0,54.88,68.62,62.49,60.23,60.23,65.535,58.34,65.31,60.55,62.7,62.17,65.07,60.35,64.73,70.77,61.53,10.661999999999999,9.317,3.5,35.0
2023_18_LA_SF,2023,18,REG,LA,SF,20.706,24.221,21.0,20.0,3.516,-1.0,44.927,41.0,67.68,63.28,61.17,62.18,68.415,63.42,66.06,63.14,64.64,61.53,63.33,58.67,64.77,62.14,60.27,40.51,4.221,-0.2940000000000005,5.5,40.0
2023_18_MIN_DET,2023,18,REG,MIN,DET,21.604,23.336,20.0,30.0,1.731,10.0,44.94,50.0,62.63,64.51,65.62,63.62,65.365,63.735,63.71,64.22,65.48,60.84,62.63,64.06,59.38,61.19,54.95,49.45,-6.6640000000000015,1.6039999999999992,3.5,47.5
2023_18_NYJ_NE,2023,18,REG,NYJ,NE,19.888,21.68,17.0,3.0,1.793,-14.0,41.568,20.0,57.14,52.43,60.69,57.46,62.025,56.98,58.99,55.08,60.73,58.85,64.01,60.9,63.5,64.68,33.21,45.54,18.68,2.8880000000000017,2.5,28.5
2023_18_PHI_NYG,2023,18,REG,PHI,NYG,22.745,22.452,10.0,27.0,-0.293,17.0,45.197,37.0,55.7,63.78,60.99,63.47,62.145,66.7,58.79,64.33,60.09,63.83,59.49,62.43,60.07,61.75,52.69,65.14,-4.547999999999998,12.745000000000001,-4.5,43.0
2023_18_PIT_BAL,2023,18,REG,PIT,BAL,21.415,22.375,17.0,10.0,0.96,-7.0,43.79,27.0,64.16,58.27,59.75,61.39,61.825,61.29,62.26,59.94,57.13,62.3,63.17,64.3,63.59,68.04,64.07,62.5,12.375,4.414999999999999,-3.0,34.0
2023_18_SEA_ARI,2023,18,REG,SEA,ARI,22.341,23.307,21.0,20.0,0.966,-1.0,45.648,41.0,60.48,60.5,63.28,58.49,60.12,62.89,60.7,60.85,62.36,60.27,56.74,59.66,57.62,64.81,63.34,59.04,3.3069999999999986,1.341000000000001,-2.5,48.0
2023_18_TB_CAR,2023,18,REG,TB,CAR,21.462,22.887,9.0,0.0,1.425,-9.0,44.349,9.0,57.1,60.84,61.46,61.24,58.235,62.38,58.45,61.48,59.75,60.13,60.16,58.7,66.35,63.19,58.09,61.11,22.887,12.462,-5.0,36.5
