player_id,name,team,position,rating,uncertainty,seasons_used,opportunities,data_confidence,as_of_season,as_of_week,model_version,explanation
00-0038984,Kei'Trel Clark,ARI,CB,56.6,8.47,5,764.0,LOW,2026,2,RSM-v0.1-checkpoint1,"{""replacement_prior"":50.0,""sample_reliability"":0.2943,""season_count"":5.0,""weighted_observed_rating"":56.6}"
00-0039007,Garrett Williams,ARI,CB,55.31,6.81,5,1696.0,MEDIUM,2026,2,RSM-v0.1-checkpoint1,"{""replacement_prior"":50.0,""sample_reliability"":0.4324,""season_count"":5.0,""weighted_observed_rating"":55.31}"
00-0040195,Denzel Burke,ARI,CB,53.94,9.39,5,683.0,LOW,2026,2,RSM-v0.1-checkpoint1,"{""replacement_prior"":50.0,""sample_reliability"":0.2175,""season_count"":5.0,""weighted_observed_rating"":53.94}"
00-0039807,Max Melton,ARI,CB,53.79,8.05,5,991.0,LOW,2026,2,RSM-v0.1-checkpoint1,"{""replacement_prior"":50.0,""sample_reliability"":0.329,""season_count"":5.0,""weighted_observed_rating"":53.79}"
00-0040751,Will Johnson,ARI,CB,52.82,9.36,5,726.0,LOW,2026,2,RSM-v0.1-checkpoint1,"{""replacement_prior"":50.0,""sample_reliability"":0.2202,""season_count"":5.0,""weighted_observed_rating"":52.82}"
00-0038663,Starling Thomas V,ARI,CB,52.38,9.14,5,1297.0,LOW,2026,2,RSM-v0.1-checkpoint1,"{""replacement_prior"":50.0,""sample_reliability"":0.2384,""season_count"":5.0,""weighted_observed_rating"":52.38}"
00-0038877,D'Shawn Jamison,ARI,CB,50.51,10.9,5,145.0,LOW,2026,2,RSM-v0.1-checkpoint1,"{""replacement_prior"":50.0,""sample_reliability"":0.0921,""season_count"":5.0,""weighted_observed_rating"":50.51}"
00-0041597,Devyn Bobby,ARI,CB,50.02,11.93,5,5.0,LOW,2026,2,RSM-v0.1-checkpoint1,"{""replacement_prior"":50.0,""sample_reliability"":0.0055,""season_count"":5.0,""weighted_observed_rating"":50.02}"
00-0041364,Elijah Culp,ARI,CB,50.02,11.93,5,5.0,LOW,2026,2,RSM-v0.1-checkpoint1,"{""replacement_prior"":50.0,""sample_reliability"":0.0055,""season_count"":5.0,""weighted_observed_rating"":50.02}"
00-0040479,Hudson Clark,ARI,CB,50.02,11.93,5,5.0,LOW,2026,2,RSM-v0.1-checkpoint1,"{""replacement_prior"":50.0,""sample_reliability"":0.0055,""season_count"":5.0,""weighted_observed_rating"":50.02}"
00-0040576,Josh Minkins,ARI,CB,50.02,11.93,5,5.0,LOW,2026,2,RSM-v0.1-checkpoint1,"{""replacement_prior"":50.0,""sample_reliability"":0.0055,""season_count"":5.0,""weighted_observed_rating"":50.02}"
00-0039239,Kalen King,ARI,CB,50.02,11.93,5,5.0,LOW,2026,2,RSM-v0.1-checkpoint1,"{""replacement_prior"":50.0,""sample_reliability"":0.0055,""season_count"":5.0,""weighted_observed_rating"":50.02}"
00-0039767,Quinton Newsome,ARI,CB,50.02,11.93,5,5.0,LOW,2026,2,RSM-v0.1-checkpoint1,"{""replacement_prior"":50.0,""sample_reliability"":0.0055,""season_count"":5.0,""weighted_observed_rating"":50.02}"
00-0036568,Roy Lopez,ARI,DL,58.43,6.34,5,1846.0,MEDIUM,2026,2,RSM-v0.1-checkpoint1,"{""replacement_prior"":50.0,""sample_reliability"":0.4721,""season_count"":5.0,""weighted_observed_rating"":58.43}"
00-0033066,Andrew Billings,ARI,DL,57.03,6.38,5,1797.0,MEDIUM,2026,2,RSM-v0.1-checkpoint1,"{""replacement_prior"":50.0,""sample_reliability"":0.4682,""season_count"":5.0,""weighted_observed_rating"":57.03}"
00-0040706,Walter Nolen,ARI,DL,56.21,10.33,5,173.0,LOW,2026,2,RSM-v0.1-checkpoint1,"{""replacement_prior"":50.0,""sample_reliability"":0.1389,""season_count"":5.0,""weighted_observed_rating"":56.21}"
00-0037804,Zachary Carter,ARI,DL,55.31,7.72,5,1260.0,MEDIUM,2026,2,RSM-v0.1-checkpoint1,"{""replacement_prior"":50.0,""sample_reliability"":0.3569,""season_count"":5.0,""weighted_observed_rating"":55.31}"
00-0039854,Darius Robinson,ARI,DL,53.41,8.42,5,693.0,LOW,2026,2,RSM-v0.1-checkpoint1,"{""replacement_prior"":50.0,""sample_reliability"":0.2987,""season_count"":5.0,""weighted_observed_rating"":53.41}"
00-0038939,Brodric Martin,ARI,DL,50.22,11.31,5,65.0,LOW,2026,2,RSM-v0.1-checkpoint1,"{""replacement_prior"":50.0,""sample_reliability"":0.0576,""season_count"":5.0,""weighted_observed_rating"":50.22}"
00-0041369,Damonic Williams,ARI,DL,50.02,11.93,5,5.0,LOW,2026,2,RSM-v0.1-checkpoint1,"{""replacement_prior"":50.0,""sample_reliability"":0.0058,""season_count"":5.0,""weighted_observed_rating"":50.02}"
00-0040283,Jared Harrison-Hunte,ARI,DL,50.02,11.93,5,5.0,LOW,2026,2,RSM-v0.1-checkpoint1,"{""replacement_prior"":50.0,""sample_reliability"":0.0058,""season_count"":5.0,""weighted_observed_rating"":50.02}"
00-0041555,Kaleb Proctor,ARI,DL,50.02,11.93,5,5.0,LOW,2026,2,RSM-v0.1-checkpoint1,"{""replacement_prior"":50.0,""sample_reliability"":0.0058,""season_count"":5.0,""weighted_observed_rating"":50.02}"
00-0041594,Keveion'ta Spears,ARI,DL,50.02,11.93,5,5.0,LOW,2026,2,RSM-v0.1-checkpoint1,"{""replacement_prior"":50.0,""sample_reliability"":0.0058,""season_count"":5.0,""weighted_observed_rating"":50.02}"
00-0040517,Cam Horsley,ARI,DL,50.01,11.7,5,18.0,LOW,2026,2,RSM-v0.1-checkpoint1,"{""replacement_prior"":50.0,""sample_reliability"":0.0248,""season_count"":5.0,""weighted_observed_rating"":50.01}"
00-0034381,Josh Sweat,ARI,EDGE,67.17,5.71,5,2578.0,MEDIUM,2026,2,RSM-v0.1-checkpoint1,"{""replacement_prior"":50.0,""sample_reliability"":0.524,""season_count"":5.0,""weighted_observed_rating"":67.17}"
00-0036933,Zaven Collins,ARI,EDGE,57.76,5.7,5,2807.0,MEDIUM,2026,2,RSM-v0.1-checkpoint1,"{""replacement_prior"":50.0,""sample_reliability"":0.5249,""season_count"":5.0,""weighted_observed_rating"":57.76}"
00-0036995,Baron Browning,ARI,EDGE,57.59,6.07,5,1916.0,MEDIUM,2026,2,RSM-v0.1-checkpoint1,"{""replacement_prior"":50.0,""sample_reliability"":0.4939,""season_count"":5.0,""weighted_observed_rating"":57.59}"
00-0038623,Dante Stills,ARI,EDGE,54.04,6.61,5,1617.0,MEDIUM,2026,2,RSM-v0.1-checkpoint1,"{""replacement_prior"":50.0,""sample_reliability"":0.449,""season_count"":5.0,""weighted_observed_rating"":54.04}"
00-0035636,L.J. Collier,ARI,EDGE,53.37,8.21,5,875.0,LOW,2026,2,RSM-v0.1-checkpoint1,"{""replacement_prior"":50.0,""sample_reliability"":0.3161,""season_count"":5.0,""weighted_observed_rating"":53.37}"
00-0039155,BJ Ojulari,ARI,EDGE,53.24,9.03,5,616.0,LOW,2026,2,RSM-v0.1-checkpoint1,"{""replacement_prior"":50.0,""sample_reliability"":0.2474,""season_count"":5.0,""weighted_observed_rating"":53.24}"
00-0038782,Eku Leota,ARI,EDGE,51.83,10.18,5,183.0,LOW,2026,2,RSM-v0.1-checkpoint1,"{""replacement_prior"":50.0,""sample_reliability"":0.1513,""season_count"":5.0,""weighted_observed_rating"":51.83}"
00-0040137,Jordan Burch,ARI,EDGE,51.36,9.45,5,508.0,LOW,2026,2,RSM-v0.1-checkpoint1,"{""replacement_prior"":50.0,""sample_reliability"":0.2129,""season_count"":5.0,""weighted_observed_rating"":51.36}"
00-0041367,Cam Robertson,ARI,EDGE,50.02,11.92,5,5.0,LOW,2026,2,RSM-v0.1-checkpoint1,"{""replacement_prior"":50.0,""sample_reliability"":0.0066,""season_count"":5.0,""weighted_observed_rating"":50.02}"
00-0039956,Elliott Brown,ARI,EDGE,50.02,11.92,5,5.0,LOW,2026,2,RSM-v0.1-checkpoint1,"{""replacement_prior"":50.0,""sample_reliability"":0.0066,""season_count"":5.0,""weighted_observed_rating"":50.02}"
00-0038567,Chad Ryland,ARI,K,47.58,1.69,3,178.0,HIGH,2026,2,RSM-v0.1-checkpoint1,"{""replacement_prior"":50.0,""sample_reliability"":0.8592,""season_count"":3.0,""weighted_observed_rating"":47.58}"
00-0035144,Mack Wilson,ARI,LB,63.59,6.28,5,1826.0,MEDIUM,2026,2,RSM-v0.1-checkpoint1,"{""replacement_prior"":50.0,""sample_reliability"":0.4764,""season_count"":5.0,""weighted_observed_rating"":63.59}"
00-0037596,Jack Gibbens,ARI,LB,59.73,6.65,5,1570.0,MEDIUM,2026,2,RSM-v0.1-checkpoint1,"{""replacement_prior"":50.0,""sample_reliability"":0.4462,""season_count"":5.0,""weighted_observed_rating"":59.73}"
00-0040645,Cody Simon,ARI,LB,52.07,9.46,5,568.0,LOW,2026,2,RSM-v0.1-checkpoint1,"{""replacement_prior"":50.0,""sample_reliability"":0.2117,""season_count"":5.0,""weighted_observed_rating"":52.07}"
00-0040299,Eugene Asante,ARI,LB,50.02,11.93,5,5.0,LOW,2026,2,RSM-v0.1-checkpoint1,"{""replacement_prior"":50.0,""sample_reliability"":0.0058,""season_count"":5.0,""weighted_observed_rating"":50.02}"
00-0041093,Karson Sharar,ARI,LB,50.02,11.93,5,5.0,LOW,2026,2,RSM-v0.1-checkpoint1,"{""replacement_prior"":50.0,""sample_reliability"":0.0058,""season_count"":5.0,""weighted_observed_rating"":50.02}"
00-0032954,Isaac Seumalo,ARI,OL,68.64,2.52,4,3775.0,LOW,2026,2,RSM-v0.1-checkpoint1,"{""replacement_prior"":50.0,""sample_reliability"":0.7901,""season_count"":4.0,""weighted_observed_rating"":68.64}"
00-0035258,Hjalte Froholdt,ARI,OL,68.35,2.22,4,3917.0,LOW,2026,2,RSM-v0.1-checkpoint1,"{""replacement_prior"":50.0,""sample_reliability"":0.8148,""season_count"":4.0,""weighted_observed_rating"":68.35}"
00-0038540,Paris Johnson Jr.,ARI,OL,63.77,2.48,3,2805.0,LOW,2026,2,RSM-v0.1-checkpoint1,"{""replacement_prior"":50.0,""sample_reliability"":0.7931,""season_count"":3.0,""weighted_observed_rating"":63.77}"
00-0033676,Elijah Wilkinson,ARI,OL,63.53,5.29,4,2172.0,LOW,2026,2,RSM-v0.1-checkpoint1,"{""replacement_prior"":50.0,""sample_reliability"":0.5589,""season_count"":4.0,""weighted_observed_rating"":63.53}"
00-0034417,Matt Pryor,ARI,OL,56.2,6.17,4,1747.0,LOW,2026,2,RSM-v0.1-checkpoint1,"{""replacement_prior"":50.0,""sample_reliability"":0.4859,""season_count"":4.0,""weighted_observed_rating"":56.2}"
00-0039808,Isaiah Adams,ARI,OL,54.21,3.26,2,1225.0,LOW,2026,2,RSM-v0.1-checkpoint1,"{""replacement_prior"":50.0,""sample_reliability"":0.7281,""season_count"":2.0,""weighted_observed_rating"":54.21}"
00-0038792,Demontrey Jacobs,ARI,OL,53.95,6.62,2,932.0,LOW,2026,2,RSM-v0.1-checkpoint1,"{""replacement_prior"":50.0,""sample_reliability"":0.4483,""season_count"":2.0,""weighted_observed_rating"":53.95}"
00-0041468,Chase Bisontis,ARI,OL,50.0,12.0,0,0,LOW,2026,2,RSM-v0.1-checkpoint1,"{""replacement_prior"":50.0,""sample_reliability"":0.0,""season_count"":0.0,""weighted_observed_rating"":50.0}"
00-0041113,Jayden Williams,ARI,OL,50.0,12.0,0,0,LOW,2026,2,RSM-v0.1-checkpoint1,"{""replacement_prior"":50.0,""sample_reliability"":0.0,""season_count"":0.0,""weighted_observed_rating"":50.0}"
00-0040765,Valentin Senn,ARI,OL,50.0,12.0,0,0,LOW,2026,2,RSM-v0.1-checkpoint1,"{""replacement_prior"":50.0,""sample_reliability"":0.0,""season_count"":0.0,""weighted_observed_rating"":50.0}"
00-0040712,Vershon Lee,ARI,OL,50.0,12.0,0,0,LOW,2026,2,RSM-v0.1-checkpoint1,"{""replacement_prior"":50.0,""sample_reliability"":0.0,""season_count"":0.0,""weighted_observed_rating"":50.0}"
00-0038571,Jon Gaines II,ARI,OL,49.29,7.29,2,361.0,LOW,2026,2,RSM-v0.1-checkpoint1,"{""replacement_prior"":50.0,""sample_reliability"":0.3924,""season_count"":2.0,""weighted_observed_rating"":49.29}"
00-0040382,Josh Fryar,ARI,OL,48.87,5.32,1,289.0,LOW,2026,2,RSM-v0.1-checkpoint1,"{""replacement_prior"":50.0,""sample_reliability"":0.5568,""season_count"":1.0,""weighted_observed_rating"":48.87}"
00-0040219,Hayden Conner,ARI,OL,48.84,10.66,1,29.0,LOW,2026,2,RSM-v0.1-checkpoint1,"{""replacement_prior"":50.0,""sample_reliability"":0.112,""season_count"":1.0,""weighted_observed_rating"":48.84}"
00-0030957,Casey Kreiter,ARI,OTHER,55.67,5.09,4,562.0,MEDIUM,2026,2,RSM-v0.1-checkpoint1,"{""replacement_prior"":50.0,""sample_reliability"":0.5758,""season_count"":4.0,""weighted_observed_rating"":55.67}"
00-0035859,Blake Gillikin,ARI,OTHER,45.94,6.92,4,375.0,MEDIUM,2026,2,RSM-v0.1-checkpoint1,"{""replacement_prior"":50.0,""sample_reliability"":0.4235,""season_count"":4.0,""weighted_observed_rating"":45.94}"
00-0039477,Jack Browning,ARI,OTHER,44.11,7.1,1,69.0,MEDIUM,2026,2,RSM-v0.1-checkpoint1,"{""replacement_prior"":50.0,""sample_reliability"":0.4083,""season_count"":1.0,""weighted_observed_rating"":44.11}"
00-0033119,Jacoby Brissett,ARI,QB,58.52,4.09,4,1123.0,HIGH,2026,2,RSM-v0.1-checkpoint1,"{""replacement_prior"":50.0,""sample_reliability"":0.6595,""season_count"":4.0,""weighted_observed_rating"":58.52}"
00-0035289,Gardner Minshew,ARI,QB,52.16,6.34,4,954.0,MEDIUM,2026,2,RSM-v0.1-checkpoint1,"{""replacement_prior"":50.0,""sample_reliability"":0.4715,""season_count"":4.0,""weighted_observed_rating"":52.16}"
00-0041561,Carson Beck,ARI,QB,50.0,12.0,0,0,LOW,2026,2,RSM-v0.1-checkpoint1,"{""replacement_prior"":50.0,""sample_reliability"":0.0,""season_count"":0.0,""weighted_observed_rating"":50.0}"
00-0037263,Tyler Allgeier,ARI,RB,61.37,3.12,4,745.0,HIGH,2026,2,RSM-v0.1-checkpoint1,"{""replacement_prior"":50.0,""sample_reliability"":0.7402,""season_count"":4.0,""weighted_observed_rating"":61.37}"
00-0033553,James Conner,ARI,RB,59.41,4.27,4,814.0,MEDIUM,2026,2,RSM-v0.1-checkpoint1,"{""replacement_prior"":50.0,""sample_reliability"":0.6446,""season_count"":4.0,""weighted_observed_rating"":59.41}"
00-0039921,Trey Benson,ARI,RB,56.97,6.35,2,114.0,MEDIUM,2026,2,RSM-v0.1-checkpoint1,"{""replacement_prior"":50.0,""sample_reliability"":0.4711,""season_count"":2.0,""weighted_observed_rating"":56.97}"
00-0037157,Bam Knight,ARI,RB,53.39,6.03,3,216.0,MEDIUM,2026,2,RSM-v0.1-checkpoint1,"{""replacement_prior"":50.0,""sample_reliability"":0.4972,""season_count"":3.0,""weighted_observed_rating"":53.39}"
00-0041027,Jeremiyah Love,ARI,RB,50.0,12.0,0,0,LOW,2026,2,RSM-v0.1-checkpoint1,"{""replacement_prior"":50.0,""sample_reliability"":0.0,""season_count"":0.0,""weighted_observed_rating"":50.0}"
00-0040526,Tre Stewart,ARI,RB,50.0,12.0,0,0,LOW,2026,2,RSM-v0.1-checkpoint1,"{""replacement_prior"":50.0,""sample_reliability"":0.0,""season_count"":0.0,""weighted_observed_rating"":50.0}"
00-0038397,Evan Hull,ARI,RB,49.58,9.8,2,22.0,LOW,2026,2,RSM-v0.1-checkpoint1,"{""replacement_prior"":50.0,""sample_reliability"":0.183,""season_count"":2.0,""weighted_observed_rating"":49.58}"
00-0033890,Budda Baker,ARI,S,59.65,5.39,5,3842.0,MEDIUM,2026,2,RSM-v0.1-checkpoint1,"{""replacement_prior"":50.0,""sample_reliability"":0.5508,""season_count"":5.0,""weighted_observed_rating"":59.65}"
00-0039864,Dadrion Taylor-Demerson,ARI,S,57.9,8.37,5,713.0,LOW,2026,2,RSM-v0.1-checkpoint1,"{""replacement_prior"":50.0,""sample_reliability"":0.3022,""season_count"":5.0,""weighted_observed_rating"":57.9}"
00-0035378,Andrew Wingard,ARI,S,57.59,6.62,5,1723.0,MEDIUM,2026,2,RSM-v0.1-checkpoint1,"{""replacement_prior"":50.0,""sample_reliability"":0.4486,""season_count"":5.0,""weighted_observed_rating"":57.59}"
00-0040230,Kitan Crawford,ARI,S,51.11,10.52,5,146.0,LOW,2026,2,RSM-v0.1-checkpoint1,"{""replacement_prior"":50.0,""sample_reliability"":0.1231,""season_count"":5.0,""weighted_observed_rating"":51.11}"
00-0037141,Joey Blount,ARI,S,50.74,10.98,5,327.0,LOW,2026,2,RSM-v0.1-checkpoint1,"{""replacement_prior"":50.0,""sample_reliability"":0.0848,""season_count"":5.0,""weighted_observed_rating"":50.74}"
00-0041370,Wydett Williams Jr.,ARI,S,50.02,11.93,5,5.0,LOW,2026,2,RSM-v0.1-checkpoint1,"{""replacement_prior"":50.0,""sample_reliability"":0.0055,""season_count"":5.0,""weighted_observed_rating"":50.02}"
00-0037744,Trey McBride,ARI,TE,64.35,1.74,4,558.7,HIGH,2026,2,RSM-v0.1-checkpoint1,"{""replacement_prior"":50.0,""sample_reliability"":0.8548,""season_count"":4.0,""weighted_observed_rating"":64.35}"
00-0039041,Elijah Higgins,ARI,TE,60.79,3.49,3,179.7,HIGH,2026,2,RSM-v0.1-checkpoint1,"{""replacement_prior"":50.0,""sample_reliability"":0.7095,""season_count"":3.0,""weighted_observed_rating"":60.79}"
00-0037004,Hunter Long,ARI,TE,53.33,5.53,4,114.2,MEDIUM,2026,2,RSM-v0.1-checkpoint1,"{""replacement_prior"":50.0,""sample_reliability"":0.5394,""season_count"":4.0,""weighted_observed_rating"":53.33}"
00-0037277,Teagan Quitoriano,ARI,TE,52.28,6.17,4,119.3,MEDIUM,2026,2,RSM-v0.1-checkpoint1,"{""replacement_prior"":50.0,""sample_reliability"":0.4861,""season_count"":4.0,""weighted_observed_rating"":52.28}"
00-0039737,Tip Reiman,ARI,TE,51.36,5.55,2,91.3,MEDIUM,2026,2,RSM-v0.1-checkpoint1,"{""replacement_prior"":50.0,""sample_reliability"":0.5371,""season_count"":2.0,""weighted_observed_rating"":51.36}"
00-0041366,Jameson Geers,ARI,TE,50.0,12.0,0,0,LOW,2026,2,RSM-v0.1-checkpoint1,"{""replacement_prior"":50.0,""sample_reliability"":0.0,""season_count"":0.0,""weighted_observed_rating"":50.0}"
00-0040046,Rivaldo Fairweather,ARI,TE,50.0,12.0,0,0,LOW,2026,2,RSM-v0.1-checkpoint1,"{""replacement_prior"":50.0,""sample_reliability"":0.0,""season_count"":0.0,""weighted_observed_rating"":50.0}"
00-0039550,Shawn Bowman,ARI,TE,50.0,12.0,0,0,LOW,2026,2,RSM-v0.1-checkpoint1,"{""replacement_prior"":50.0,""sample_reliability"":0.0,""season_count"":0.0,""weighted_observed_rating"":50.0}"
00-0038559,Michael Wilson,ARI,WR,61.13,2.4,3,409.0,HIGH,2026,2,RSM-v0.1-checkpoint1,"{""replacement_prior"":50.0,""sample_reliability"":0.7998,""season_count"":3.0,""weighted_observed_rating"":61.13}"
00-0039849,Marvin Harrison Jr.,ARI,WR,60.69,2.89,2,238.5,HIGH,2026,2,RSM-v0.1-checkpoint1,"{""replacement_prior"":50.0,""sample_reliability"":0.7595,""season_count"":2.0,""weighted_observed_rating"":60.69}"
00-0033307,Kendrick Bourne,ARI,WR,59.18,3.63,4,310.3,HIGH,2026,2,RSM-v0.1-checkpoint1,"{""replacement_prior"":50.0,""sample_reliability"":0.6978,""season_count"":4.0,""weighted_observed_rating"":59.18}"
00-0038640,Jalen Brooks,ARI,WR,54.16,6.94,3,93.2,MEDIUM,2026,2,RSM-v0.1-checkpoint1,"{""replacement_prior"":50.0,""sample_reliability"":0.4219,""season_count"":3.0,""weighted_observed_rating"":54.16}"
00-0036331,Devin Duvernay,ARI,WR,52.33,7.64,4,166.3,MEDIUM,2026,2,RSM-v0.1-checkpoint1,"{""replacement_prior"":50.0,""sample_reliability"":0.3629,""season_count"":4.0,""weighted_observed_rating"":52.33}"
00-0036646,Simi Fehoko,ARI,WR,51.4,9.02,4,56.8,LOW,2026,2,RSM-v0.1-checkpoint1,"{""replacement_prior"":50.0,""sample_reliability"":0.248,""season_count"":4.0,""weighted_observed_rating"":51.4}"
00-0039521,Xavier Weaver,ARI,WR,50.1,6.91,2,54.8,MEDIUM,2026,2,RSM-v0.1-checkpoint1,"{""replacement_prior"":50.0,""sample_reliability"":0.424,""season_count"":2.0,""weighted_observed_rating"":50.1}"
00-0041368,Harrison Wallace III,ARI,WR,50.0,12.0,0,0,LOW,2026,2,RSM-v0.1-checkpoint1,"{""replacement_prior"":50.0,""sample_reliability"":0.0,""season_count"":0.0,""weighted_observed_rating"":50.0}"
00-0041070,Reggie Virgil,ARI,WR,50.0,12.0,0,0,LOW,2026,2,RSM-v0.1-checkpoint1,"{""replacement_prior"":50.0,""sample_reliability"":0.0,""season_count"":0.0,""weighted_observed_rating"":50.0}"
00-0036635,Ihmir Smith-Marsette,ARI,WR,49.71,9.79,3,33.3,LOW,2026,2,RSM-v0.1-checkpoint1,"{""replacement_prior"":50.0,""sample_reliability"":0.1846,""season_count"":3.0,""weighted_observed_rating"":49.71}"
00-0036394,Darnay Holmes,ATL,CB,59.67,7.73,5,1167.0,MEDIUM,2026,2,RSM-v0.1-checkpoint1,"{""replacement_prior"":50.0,""sample_reliability"":0.356,""season_count"":5.0,""weighted_observed_rating"":59.67}"
00-0040156,Billy Bowman Jr.,ATL,CB,57.78,9.93,5,304.0,LOW,2026,2,RSM-v0.1-checkpoint1,"{""replacement_prior"":50.0,""sample_reliability"":0.1728,""season_count"":5.0,""weighted_observed_rating"":57.78}"
00-0034843,Mike Hughes,ATL,CB,57.52,6.02,5,2305.0,MEDIUM,2026,2,RSM-v0.1-checkpoint1,"{""replacement_prior"":50.0,""sample_reliability"":0.4984,""season_count"":5.0,""weighted_observed_rating"":57.52}"
00-0036281,C.J. Henderson,ATL,CB,57.34,8.65,5,1337.0,LOW,2026,2,RSM-v0.1-checkpoint1,"{""replacement_prior"":50.0,""sample_reliability"":0.2792,""season_count"":5.0,""weighted_observed_rating"":57.34}"
00-0036285,A.J. Terrell,ATL,CB,56.25,5.38,5,3908.0,MEDIUM,2026,2,RSM-v0.1-checkpoint1,"{""replacement_prior"":50.0,""sample_reliability"":0.5516,""season_count"":5.0,""weighted_observed_rating"":56.25}"
00-0034639,Mike Ford,ATL,CB,52.6,8.33,5,652.0,LOW,2026,2,RSM-v0.1-checkpoint1,"{""replacement_prior"":50.0,""sample_reliability"":0.3058,""season_count"":5.0,""weighted_observed_rating"":52.6}"
00-0040546,Cobee Bryant,ATL,CB,51.76,10.78,5,106.0,LOW,2026,2,RSM-v0.1-checkpoint1,"{""replacement_prior"":50.0,""sample_reliability"":0.1017,""season_count"":5.0,""weighted_observed_rating"":51.76}"
00-0039685,A.J. Woods,ATL,CB,50.02,11.93,5,5.0,LOW,2026,2,RSM-v0.1-checkpoint1,"{""replacement_prior"":50.0,""sample_reliability"":0.0055,""season_count"":5.0,""weighted_observed_rating"":50.02}"
00-0041469,Avieon Terrell,ATL,CB,50.02,11.93,5,5.0,LOW,2026,2,RSM-v0.1-checkpoint1,"{""replacement_prior"":50.0,""sample_reliability"":0.0055,""season_count"":5.0,""weighted_observed_rating"":50.02}"
00-0041188,Malcolm DeWalt IV,ATL,CB,50.02,11.93,5,5.0,LOW,2026,2,RSM-v0.1-checkpoint1,"{""replacement_prior"":50.0,""sample_reliability"":0.0055,""season_count"":5.0,""weighted_observed_rating"":50.02}"
00-0039070,Gervon Dexter Sr.,ATL,DL,60.99,6.66,5,1716.0,MEDIUM,2026,2,RSM-v0.1-checkpoint1,"{""replacement_prior"":50.0,""sample_reliability"":0.4448,""season_count"":5.0,""weighted_observed_rating"":60.99}"
00-0034371,Da'Shawn Hand,ATL,DL,60.55,7.18,5,1215.0,MEDIUM,2026,2,RSM-v0.1-checkpoint1,"{""replacement_prior"":50.0,""sample_reliability"":0.4019,""season_count"":5.0,""weighted_observed_rating"":60.55}"
00-0036204,LaCale London,ATL,DL,57.98,9.18,5,477.0,LOW,2026,2,RSM-v0.1-checkpoint1,"{""replacement_prior"":50.0,""sample_reliability"":0.2347,""season_count"":5.0,""weighted_observed_rating"":57.98}"
00-0039859,Brandon Dorlus,ATL,DL,57.45,9.37,5,487.0,LOW,2026,2,RSM-v0.1-checkpoint1,"{""replacement_prior"":50.0,""sample_reliability"":0.219,""season_count"":5.0,""weighted_observed_rating"":57.45}"
00-0039889,Maason Smith,ATL,DL,53.61,8.37,5,698.0,LOW,2026,2,RSM-v0.1-checkpoint1,"{""replacement_prior"":50.0,""sample_reliability"":0.3026,""season_count"":5.0,""weighted_observed_rating"":53.61}"
00-0038937,Zacch Pickens,ATL,DL,53.44,9.02,5,553.0,LOW,2026,2,RSM-v0.1-checkpoint1,"{""replacement_prior"":50.0,""sample_reliability"":0.2482,""season_count"":5.0,""weighted_observed_rating"":53.44}"
00-0041484,Anterio Thompson,ATL,DL,50.02,11.93,5,5.0,LOW,2026,2,RSM-v0.1-checkpoint1,"{""replacement_prior"":50.0,""sample_reliability"":0.0058,""season_count"":5.0,""weighted_observed_rating"":50.02}"
00-0041184,Carlos Allen Jr.,ATL,DL,50.02,11.93,5,5.0,LOW,2026,2,RSM-v0.1-checkpoint1,"{""replacement_prior"":50.0,""sample_reliability"":0.0058,""season_count"":5.0,""weighted_observed_rating"":50.02}"
00-0038893,Devonnsha Maxwell,ATL,DL,50.02,11.93,5,5.0,LOW,2026,2,RSM-v0.1-checkpoint1,"{""replacement_prior"":50.0,""sample_reliability"":0.0058,""season_count"":5.0,""weighted_observed_rating"":50.02}"
00-0040056,Jared Ivey,ATL,DL,50.01,11.69,5,19.0,LOW,2026,2,RSM-v0.1-checkpoint1,"{""replacement_prior"":50.0,""sample_reliability"":0.0262,""season_count"":5.0,""weighted_observed_rating"":50.01}"
00-0031576,Za'Darius Smith,ATL,EDGE,61.76,6.77,5,2105.0,MEDIUM,2026,2,RSM-v0.1-checkpoint1,"{""replacement_prior"":50.0,""sample_reliability"":0.4355,""season_count"":5.0,""weighted_observed_rating"":61.76}"
00-0038980,Zach Harrison,ATL,EDGE,59.02,7.59,5,852.0,MEDIUM,2026,2,RSM-v0.1-checkpoint1,"{""replacement_prior"":50.0,""sample_reliability"":0.3678,""season_count"":5.0,""weighted_observed_rating"":59.02}"
00-0040578,James Pearce Jr.,ATL,EDGE,57.3,9.36,5,597.0,LOW,2026,2,RSM-v0.1-checkpoint1,"{""replacement_prior"":50.0,""sample_reliability"":0.2203,""season_count"":5.0,""weighted_observed_rating"":57.3}"
00-0033945,Samson Ebukam,ATL,EDGE,57.11,7.63,5,1678.0,MEDIUM,2026,2,RSM-v0.1-checkpoint1,"{""replacement_prior"":50.0,""sample_reliability"":0.3638,""season_count"":5.0,""weighted_observed_rating"":57.11}"
00-0037815,Cameron Thomas,ATL,EDGE,56.47,7.51,5,971.0,MEDIUM,2026,2,RSM-v0.1-checkpoint1,"{""replacement_prior"":50.0,""sample_reliability"":0.3743,""season_count"":5.0,""weighted_observed_rating"":56.47}"
00-0036850,Cameron Sample,ATL,EDGE,55.02,8.25,5,1024.0,LOW,2026,2,RSM-v0.1-checkpoint1,"{""replacement_prior"":50.0,""sample_reliability"":0.3125,""season_count"":5.0,""weighted_observed_rating"":55.02}"
00-0037808,DeAngelo Malone,ATL,EDGE,54.34,10.21,5,328.0,LOW,2026,2,RSM-v0.1-checkpoint1,"{""replacement_prior"":50.0,""sample_reliability"":0.149,""season_count"":5.0,""weighted_observed_rating"":54.34}"
00-0040577,Jalon Walker,ATL,EDGE,54.13,9.46,5,496.0,LOW,2026,2,RSM-v0.1-checkpoint1,"{""replacement_prior"":50.0,""sample_reliability"":0.2118,""season_count"":5.0,""weighted_observed_rating"":54.13}"
00-0038580,Yasir Abdullah,ATL,EDGE,50.52,10.45,5,218.0,LOW,2026,2,RSM-v0.1-checkpoint1,"{""replacement_prior"":50.0,""sample_reliability"":0.1295,""season_count"":5.0,""weighted_observed_rating"":50.52}"
00-0039837,Bralen Trice,ATL,EDGE,50.02,11.92,5,5.0,LOW,2026,2,RSM-v0.1-checkpoint1,"{""replacement_prior"":50.0,""sample_reliability"":0.0066,""season_count"":5.0,""weighted_observed_rating"":50.02}"
00-0038462,Keshawn Banks,ATL,EDGE,50.02,11.92,5,5.0,LOW,2026,2,RSM-v0.1-checkpoint1,"{""replacement_prior"":50.0,""sample_reliability"":0.0066,""season_count"":5.0,""weighted_observed_rating"":50.02}"
00-0025565,Nick Folk,ATL,K,72.64,1.9,4,230.0,HIGH,2026,2,RSM-v0.1-checkpoint1,"{""replacement_prior"":50.0,""sample_reliability"":0.8419,""season_count"":4.0,""weighted_observed_rating"":72.64}"
00-0037823,Christian Harris,ATL,LB,58.81,7.8,5,1732.0,LOW,2026,2,RSM-v0.1-checkpoint1,"{""replacement_prior"":50.0,""sample_reliability"":0.3499,""season_count"":5.0,""weighted_observed_rating"":58.81}"
00-0036990,Divine Deablo,ATL,LB,58.37,5.72,5,2676.0,MEDIUM,2026,2,RSM-v0.1-checkpoint1,"{""replacement_prior"":50.0,""sample_reliability"":0.5234,""season_count"":5.0,""weighted_observed_rating"":58.37}"
00-0039370,JD Bertrand,ATL,LB,54.44,9.19,5,357.0,LOW,2026,2,RSM-v0.1-checkpoint1,"{""replacement_prior"":50.0,""sample_reliability"":0.2346,""season_count"":5.0,""weighted_observed_rating"":54.44}"
00-0034801,Josh Woods,ATL,LB,51.57,10.15,5,632.0,LOW,2026,2,RSM-v0.1-checkpoint1,"{""replacement_prior"":50.0,""sample_reliability"":0.1542,""season_count"":5.0,""weighted_observed_rating"":51.57}"
00-0041409,Daveren Rayner,ATL,LB,50.02,11.93,5,5.0,LOW,2026,2,RSM-v0.1-checkpoint1,"{""replacement_prior"":50.0,""sample_reliability"":0.0058,""season_count"":5.0,""weighted_observed_rating"":50.02}"
00-0041112,Harold Perkins Jr.,ATL,LB,50.02,11.93,5,5.0,LOW,2026,2,RSM-v0.1-checkpoint1,"{""replacement_prior"":50.0,""sample_reliability"":0.0058,""season_count"":5.0,""weighted_observed_rating"":50.02}"
00-0041066,Kendal Daniels,ATL,LB,50.02,11.93,5,5.0,LOW,2026,2,RSM-v0.1-checkpoint1,"{""replacement_prior"":50.0,""sample_reliability"":0.0058,""season_count"":5.0,""weighted_observed_rating"":50.02}"
00-0040554,Malik Verdon,ATL,LB,50.02,11.93,5,5.0,LOW,2026,2,RSM-v0.1-checkpoint1,"{""replacement_prior"":50.0,""sample_reliability"":0.0058,""season_count"":5.0,""weighted_observed_rating"":50.02}"
00-0031279,Jake Matthews,ATL,OL,70.66,2.11,4,4290.0,LOW,2026,2,RSM-v0.1-checkpoint1,"{""replacement_prior"":50.0,""sample_reliability"":0.8238,""season_count"":4.0,""weighted_observed_rating"":70.66}"
00-0035630,Chris Lindstrom,ATL,OL,69.58,2.1,4,4300.0,LOW,2026,2,RSM-v0.1-checkpoint1,"{""replacement_prior"":50.0,""sample_reliability"":0.8246,""season_count"":4.0,""weighted_observed_rating"":69.58}"
00-0035237,Jawaan Taylor,ATL,OL,68.98,2.38,4,4027.0,LOW,2026,2,RSM-v0.1-checkpoint1,"{""replacement_prior"":50.0,""sample_reliability"":0.8015,""season_count"":4.0,""weighted_observed_rating"":68.98}"
00-0035235,Kaleb McGary,ATL,OL,68.05,2.29,3,2940.0,LOW,2026,2,RSM-v0.1-checkpoint1,"{""replacement_prior"":50.0,""sample_reliability"":0.8091,""season_count"":3.0,""weighted_observed_rating"":68.05}"
00-0039048,Matthew Bergeron,ATL,OL,63.81,2.23,3,3146.0,LOW,2026,2,RSM-v0.1-checkpoint1,"{""replacement_prior"":50.0,""sample_reliability"":0.8146,""season_count"":3.0,""weighted_observed_rating"":63.81}"
00-0036833,Ryan Neuzil,ATL,OL,58.49,4.43,4,1881.0,LOW,2026,2,RSM-v0.1-checkpoint1,"{""replacement_prior"":50.0,""sample_reliability"":0.6305,""season_count"":4.0,""weighted_observed_rating"":58.49}"
00-0040687,Cameron Williams,ATL,OL,51.85,9.82,1,51.0,LOW,2026,2,RSM-v0.1-checkpoint1,"{""replacement_prior"":50.0,""sample_reliability"":0.1815,""season_count"":1.0,""weighted_observed_rating"":51.85}"
00-0033793,Corey Levin,ATL,OL,50.82,7.63,4,588.0,LOW,2026,2,RSM-v0.1-checkpoint1,"{""replacement_prior"":50.0,""sample_reliability"":0.3638,""season_count"":4.0,""weighted_observed_rating"":50.82}"
00-0033752,Storm Norton,ATL,OL,50.59,7.2,3,496.0,LOW,2026,2,RSM-v0.1-checkpoint1,"{""replacement_prior"":50.0,""sample_reliability"":0.3998,""season_count"":3.0,""weighted_observed_rating"":50.59}"
00-0041121,Ethan Onianwa,ATL,OL,50.0,12.0,0,0,LOW,2026,2,RSM-v0.1-checkpoint1,"{""replacement_prior"":50.0,""sample_reliability"":0.0,""season_count"":0.0,""weighted_observed_rating"":50.0}"
00-0040924,Jaeden Roberts,ATL,OL,50.0,12.0,0,0,LOW,2026,2,RSM-v0.1-checkpoint1,"{""replacement_prior"":50.0,""sample_reliability"":0.0,""season_count"":0.0,""weighted_observed_rating"":50.0}"
00-0041186,James Brockermeyer,ATL,OL,50.0,12.0,0,0,LOW,2026,2,RSM-v0.1-checkpoint1,"{""replacement_prior"":50.0,""sample_reliability"":0.0,""season_count"":0.0,""weighted_observed_rating"":50.0}"
00-0040965,Josh Thompson,ATL,OL,50.0,12.0,0,0,LOW,2026,2,RSM-v0.1-checkpoint1,"{""replacement_prior"":50.0,""sample_reliability"":0.0,""season_count"":0.0,""weighted_observed_rating"":50.0}"
00-0041276,Kam Dewberry,ATL,OL,50.0,12.0,0,0,LOW,2026,2,RSM-v0.1-checkpoint1,"{""replacement_prior"":50.0,""sample_reliability"":0.0,""season_count"":0.0,""weighted_observed_rating"":50.0}"
00-0041192,Riley Mahlman,ATL,OL,50.0,12.0,0,0,LOW,2026,2,RSM-v0.1-checkpoint1,"{""replacement_prior"":50.0,""sample_reliability"":0.0,""season_count"":0.0,""weighted_observed_rating"":50.0}"
00-0037620,Andrew Stueber,ATL,OL,49.79,11.74,1,5.0,LOW,2026,2,RSM-v0.1-checkpoint1,"{""replacement_prior"":50.0,""sample_reliability"":0.0213,""season_count"":1.0,""weighted_observed_rating"":49.79}"
00-0039842,Michael Jerrell,ATL,OL,49.77,8.62,2,282.0,LOW,2026,2,RSM-v0.1-checkpoint1,"{""replacement_prior"":50.0,""sample_reliability"":0.2816,""season_count"":2.0,""weighted_observed_rating"":49.77}"
00-0036354,Kyle Hinton,ATL,OL,49.24,8.24,4,364.0,LOW,2026,2,RSM-v0.1-checkpoint1,"{""replacement_prior"":50.0,""sample_reliability"":0.3135,""season_count"":4.0,""weighted_observed_rating"":49.24}"
00-0036082,Liam McCullough,ATL,OTHER,55.57,5.1,4,542.0,MEDIUM,2026,2,RSM-v0.1-checkpoint1,"{""replacement_prior"":50.0,""sample_reliability"":0.5751,""season_count"":4.0,""weighted_observed_rating"":55.57}"
00-0035280,Jake Bailey,ATL,OTHER,54.6,5.17,4,533.0,MEDIUM,2026,2,RSM-v0.1-checkpoint1,"{""replacement_prior"":50.0,""sample_reliability"":0.5689,""season_count"":4.0,""weighted_observed_rating"":54.6}"
00-0036212,Tua Tagovailoa,ATL,QB,62.07,2.21,4,1844.0,HIGH,2026,2,RSM-v0.1-checkpoint1,"{""replacement_prior"":50.0,""sample_reliability"":0.8155,""season_count"":4.0,""weighted_observed_rating"":62.07}"
00-0039917,Michael Penix Jr.,ATL,QB,59.15,4.15,2,398.0,HIGH,2026,2,RSM-v0.1-checkpoint1,"{""replacement_prior"":50.0,""sample_reliability"":0.6544,""season_count"":2.0,""weighted_observed_rating"":59.15}"
00-0033662,Cooper Rush,ATL,QB,50.45,6.37,4,568.0,MEDIUM,2026,2,RSM-v0.1-checkpoint1,"{""replacement_prior"":50.0,""sample_reliability"":0.4693,""season_count"":4.0,""weighted_observed_rating"":50.45}"
00-0041194,Jack Strand,ATL,QB,50.0,12.0,0,0,LOW,2026,2,RSM-v0.1-checkpoint1,"{""replacement_prior"":50.0,""sample_reliability"":0.0,""season_count"":0.0,""weighted_observed_rating"":50.0}"
00-0038542,Bijan Robinson,ATL,RB,63.86,1.7,3,1066.0,HIGH,2026,2,RSM-v0.1-checkpoint1,"{""replacement_prior"":50.0,""sample_reliability"":0.8583,""season_count"":3.0,""weighted_observed_rating"":63.86}"
00-0037746,Brian Robinson,ATL,RB,58.45,3.35,4,754.0,HIGH,2026,2,RSM-v0.1-checkpoint1,"{""replacement_prior"":50.0,""sample_reliability"":0.7209,""season_count"":4.0,""weighted_observed_rating"":58.45}"
00-0037120,Tyler Goodson,ATL,RB,52.6,8.71,3,81.0,LOW,2026,2,RSM-v0.1-checkpoint1,"{""replacement_prior"":50.0,""sample_reliability"":0.2741,""season_count"":3.0,""weighted_observed_rating"":52.6}"
00-0036984,Trey Sermon,ATL,RB,52.4,7.22,3,118.0,MEDIUM,2026,2,RSM-v0.1-checkpoint1,"{""replacement_prior"":50.0,""sample_reliability"":0.3981,""season_count"":3.0,""weighted_observed_rating"":52.4}"
00-0041191,Cash Jones,ATL,RB,50.0,12.0,0,0,LOW,2026,2,RSM-v0.1-checkpoint1,"{""replacement_prior"":50.0,""sample_reliability"":0.0,""season_count"":0.0,""weighted_observed_rating"":50.0}"
00-0034675,Jessie Bates,ATL,S,59.11,5.28,5,4338.0,MEDIUM,2026,2,RSM-v0.1-checkpoint1,"{""replacement_prior"":50.0,""sample_reliability"":0.5598,""season_count"":5.0,""weighted_observed_rating"":59.11}"
00-0040148,Xavier Watts,ATL,S,54.09,9.17,5,1098.0,LOW,2026,2,RSM-v0.1-checkpoint1,"{""replacement_prior"":50.0,""sample_reliability"":0.2359,""season_count"":5.0,""weighted_observed_rating"":54.09}"
00-0039002,Sydney Brown,ATL,S,53.39,8.5,5,665.0,LOW,2026,2,RSM-v0.1-checkpoint1,"{""replacement_prior"":50.0,""sample_reliability"":0.2921,""season_count"":5.0,""weighted_observed_rating"":53.39}"
00-0038628,DeMarcco Hellams,ATL,S,51.09,10.77,5,385.0,LOW,2026,2,RSM-v0.1-checkpoint1,"{""replacement_prior"":50.0,""sample_reliability"":0.1022,""season_count"":5.0,""weighted_observed_rating"":51.09}"
00-0036956,Darren Hall,ATL,S,50.94,9.68,5,791.0,LOW,2026,2,RSM-v0.1-checkpoint1,"{""replacement_prior"":50.0,""sample_reliability"":0.1935,""season_count"":5.0,""weighted_observed_rating"":50.94}"
00-0038587,Jammie Robinson,ATL,S,50.21,10.94,5,112.0,LOW,2026,2,RSM-v0.1-checkpoint1,"{""replacement_prior"":50.0,""sample_reliability"":0.0882,""season_count"":5.0,""weighted_observed_rating"":50.21}"
00-0032392,Austin Hooper,ATL,TE,65.68,2.62,4,361.5,HIGH,2026,2,RSM-v0.1-checkpoint1,"{""replacement_prior"":50.0,""sample_reliability"":0.7821,""season_count"":4.0,""weighted_observed_rating"":65.68}"
00-0036970,Kyle Pitts,ATL,TE,62.37,2.01,4,471.7,HIGH,2026,2,RSM-v0.1-checkpoint1,"{""replacement_prior"":50.0,""sample_reliability"":0.8323,""season_count"":4.0,""weighted_observed_rating"":62.37}"
00-0036429,Charlie Woerner,ATL,TE,51.99,3.22,4,255.8,HIGH,2026,2,RSM-v0.1-checkpoint1,"{""replacement_prior"":50.0,""sample_reliability"":0.7319,""season_count"":4.0,""weighted_observed_rating"":51.99}"
00-0037317,Nick Muse,ATL,TE,50.22,11.08,2,3.8,LOW,2026,2,RSM-v0.1-checkpoint1,"{""replacement_prior"":50.0,""sample_reliability"":0.0765,""season_count"":2.0,""weighted_observed_rating"":50.22}"
00-0041195,Jack Velling,ATL,TE,50.0,12.0,0,0,LOW,2026,2,RSM-v0.1-checkpoint1,"{""replacement_prior"":50.0,""sample_reliability"":0.0,""season_count"":0.0,""weighted_observed_rating"":50.0}"
00-0037238,Drake London,ATL,WR,60.39,2.44,4,570.0,HIGH,2026,2,RSM-v0.1-checkpoint1,"{""replacement_prior"":50.0,""sample_reliability"":0.7969,""season_count"":4.0,""weighted_observed_rating"":60.39}"
00-0035208,Olamide Zaccheaus,ATL,WR,57.84,3.33,4,380.3,HIGH,2026,2,RSM-v0.1-checkpoint1,"{""replacement_prior"":50.0,""sample_reliability"":0.7228,""season_count"":4.0,""weighted_observed_rating"":57.84}"
00-0037741,Jahan Dotson,ATL,WR,55.39,2.86,4,472.3,HIGH,2026,2,RSM-v0.1-checkpoint1,"{""replacement_prior"":50.0,""sample_reliability"":0.7618,""season_count"":4.0,""weighted_observed_rating"":55.39}"
00-0040438,Antwane Wells Jr.,ATL,WR,50.0,12.0,0,0,LOW,2026,2,RSM-v0.1-checkpoint1,"{""replacement_prior"":50.0,""sample_reliability"":0.0,""season_count"":0.0,""weighted_observed_rating"":50.0}"
00-0041266,Keelan Marion,ATL,WR,50.0,12.0,0,0,LOW,2026,2,RSM-v0.1-checkpoint1,"{""replacement_prior"":50.0,""sample_reliability"":0.0,""season_count"":0.0,""weighted_observed_rating"":50.0}"
00-0041185,Vinny Anthony II,ATL,WR,50.0,12.0,0,0,LOW,2026,2,RSM-v0.1-checkpoint1,"{""replacement_prior"":50.0,""sample_reliability"":0.0,""season_count"":0.0,""weighted_observed_rating"":50.0}"
00-0041044,Zachariah Branch,ATL,WR,50.0,12.0,0,0,LOW,2026,2,RSM-v0.1-checkpoint1,"{""replacement_prior"":50.0,""sample_reliability"":0.0,""season_count"":0.0,""weighted_observed_rating"":50.0}"
00-0036463,Chris Blair,ATL,WR,49.54,11.16,3,8.0,LOW,2026,2,RSM-v0.1-checkpoint1,"{""replacement_prior"":50.0,""sample_reliability"":0.0702,""season_count"":3.0,""weighted_observed_rating"":49.54}"
00-0038953,Dylan Drummond,ATL,WR,48.33,8.86,2,21.2,LOW,2026,2,RSM-v0.1-checkpoint1,"{""replacement_prior"":50.0,""sample_reliability"":0.2616,""season_count"":2.0,""weighted_observed_rating"":48.33}"
00-0040432,Beaux Collins,ATL,WR,47.38,8.57,1,14.0,LOW,2026,2,RSM-v0.1-checkpoint1,"{""replacement_prior"":50.0,""sample_reliability"":0.2857,""season_count"":1.0,""weighted_observed_rating"":47.38}"
00-0033281,Marlon Humphrey,BAL,CB,69.25,5.59,5,3378.0,MEDIUM,2026,2,RSM-v0.1-checkpoint1,"{""replacement_prior"":50.0,""sample_reliability"":0.5345,""season_count"":5.0,""weighted_observed_rating"":69.25}"
00-0033548,Chidobe Awuzie,BAL,CB,55.94,6.22,5,2124.0,MEDIUM,2026,2,RSM-v0.1-checkpoint1,"{""replacement_prior"":50.0,""sample_reliability"":0.4813,""season_count"":5.0,""weighted_observed_rating"":55.94}"
00-0040636,Keyon Martin,BAL,CB,55.52,10.52,5,147.0,LOW,2026,2,RSM-v0.1-checkpoint1,"{""replacement_prior"":50.0,""sample_reliability"":0.1236,""season_count"":5.0,""weighted_observed_rating"":55.52}"
00-0039232,Nate Wiggins,BAL,CB,55.12,7.5,5,1712.0,MEDIUM,2026,2,RSM-v0.1-checkpoint1,"{""replacement_prior"":50.0,""sample_reliability"":0.3752,""season_count"":5.0,""weighted_observed_rating"":55.12}"
00-0035270,Amani Oruwariye,BAL,CB,52.48,9.42,5,800.0,LOW,2026,2,RSM-v0.1-checkpoint1,"{""replacement_prior"":50.0,""sample_reliability"":0.2151,""season_count"":5.0,""weighted_observed_rating"":52.48}"
00-0039234,T.J. Tampa,BAL,CB,52.44,10.31,5,168.0,LOW,2026,2,RSM-v0.1-checkpoint1,"{""replacement_prior"":50.0,""sample_reliability"":0.1408,""season_count"":5.0,""weighted_observed_rating"":52.44}"
00-0040073,Bilhal Kone,BAL,CB,50.02,11.93,5,5.0,LOW,2026,2,RSM-v0.1-checkpoint1,"{""replacement_prior"":50.0,""sample_reliability"":0.0055,""season_count"":5.0,""weighted_observed_rating"":50.02}"
00-0040885,Chandler Rivers,BAL,CB,50.02,11.93,5,5.0,LOW,2026,2,RSM-v0.1-checkpoint1,"{""replacement_prior"":50.0,""sample_reliability"":0.0055,""season_count"":5.0,""weighted_observed_rating"":50.02}"
00-0040993,Ladarius Webb Jr.,BAL,CB,50.02,11.93,5,5.0,LOW,2026,2,RSM-v0.1-checkpoint1,"{""replacement_prior"":50.0,""sample_reliability"":0.0055,""season_count"":5.0,""weighted_observed_rating"":50.02}"
00-0040112,Marquise Robinson,BAL,CB,50.02,11.93,5,5.0,LOW,2026,2,RSM-v0.1-checkpoint1,"{""replacement_prior"":50.0,""sample_reliability"":0.0055,""season_count"":5.0,""weighted_observed_rating"":50.02}"
00-0026190,Calais Campbell,BAL,DL,69.48,5.94,5,2402.0,MEDIUM,2026,2,RSM-v0.1-checkpoint1,"{""replacement_prior"":50.0,""sample_reliability"":0.5049,""season_count"":5.0,""weighted_observed_rating"":69.48}"
00-0036130,Nnamdi Madubuike,BAL,DL,64.88,7.04,5,2327.0,MEDIUM,2026,2,RSM-v0.1-checkpoint1,"{""replacement_prior"":50.0,""sample_reliability"":0.4136,""season_count"":5.0,""weighted_observed_rating"":64.88}"
00-0037756,Travis Jones,BAL,DL,60.23,5.98,5,2121.0,MEDIUM,2026,2,RSM-v0.1-checkpoint1,"{""replacement_prior"":50.0,""sample_reliability"":0.5018,""season_count"":5.0,""weighted_observed_rating"":60.23}"
00-0030070,John Jenkins,BAL,DL,58.46,6.14,5,1987.0,MEDIUM,2026,2,RSM-v0.1-checkpoint1,"{""replacement_prior"":50.0,""sample_reliability"":0.4882,""season_count"":5.0,""weighted_observed_rating"":58.46}"
00-0040076,Aeneas Peebles,BAL,DL,51.49,10.99,5,75.0,LOW,2026,2,RSM-v0.1-checkpoint1,"{""replacement_prior"":50.0,""sample_reliability"":0.0838,""season_count"":5.0,""weighted_observed_rating"":51.49}"
00-0040982,Aaron Graves,BAL,DL,50.02,11.93,5,5.0,LOW,2026,2,RSM-v0.1-checkpoint1,"{""replacement_prior"":50.0,""sample_reliability"":0.0058,""season_count"":5.0,""weighted_observed_rating"":50.02}"
00-0039938,David Olajiga,BAL,DL,50.02,11.93,5,5.0,LOW,2026,2,RSM-v0.1-checkpoint1,"{""replacement_prior"":50.0,""sample_reliability"":0.0058,""season_count"":5.0,""weighted_observed_rating"":50.02}"
00-0040995,Dion Wilson,BAL,DL,50.02,11.93,5,5.0,LOW,2026,2,RSM-v0.1-checkpoint1,"{""replacement_prior"":50.0,""sample_reliability"":0.0058,""season_count"":5.0,""weighted_observed_rating"":50.02}"
00-0033935,Trey Hendrickson,BAL,EDGE,68.45,6.05,5,2484.0,MEDIUM,2026,2,RSM-v0.1-checkpoint1,"{""replacement_prior"":50.0,""sample_reliability"":0.496,""season_count"":5.0,""weighted_observed_rating"":68.45}"
00-0038505,Tavius Robinson,BAL,EDGE,56.85,6.89,5,1274.0,MEDIUM,2026,2,RSM-v0.1-checkpoint1,"{""replacement_prior"":50.0,""sample_reliability"":0.4259,""season_count"":5.0,""weighted_observed_rating"":56.85}"
00-0036081,Broderick Washington,BAL,EDGE,54.39,7.25,5,1446.0,MEDIUM,2026,2,RSM-v0.1-checkpoint1,"{""replacement_prior"":50.0,""sample_reliability"":0.3955,""season_count"":5.0,""weighted_observed_rating"":54.39}"
00-0040722,Mike Green,BAL,EDGE,52.81,9.27,5,716.0,LOW,2026,2,RSM-v0.1-checkpoint1,"{""replacement_prior"":50.0,""sample_reliability"":0.2279,""season_count"":5.0,""weighted_observed_rating"":52.81}"
00-0039791,Adisa Isaac,BAL,EDGE,50.85,11.56,5,36.0,LOW,2026,2,RSM-v0.1-checkpoint1,"{""replacement_prior"":50.0,""sample_reliability"":0.0371,""season_count"":5.0,""weighted_observed_rating"":50.85}"
00-0040978,Ethan Burke,BAL,EDGE,50.02,11.92,5,5.0,LOW,2026,2,RSM-v0.1-checkpoint1,"{""replacement_prior"":50.0,""sample_reliability"":0.0066,""season_count"":5.0,""weighted_observed_rating"":50.02}"
00-0040658,Kaimon Rucker,BAL,EDGE,50.02,11.92,5,5.0,LOW,2026,2,RSM-v0.1-checkpoint1,"{""replacement_prior"":50.0,""sample_reliability"":0.0066,""season_count"":5.0,""weighted_observed_rating"":50.02}"
00-0040907,Rayshaun Benny,BAL,EDGE,50.02,11.92,5,5.0,LOW,2026,2,RSM-v0.1-checkpoint1,"{""replacement_prior"":50.0,""sample_reliability"":0.0066,""season_count"":5.0,""weighted_observed_rating"":50.02}"
00-0041494,Zion Young,BAL,EDGE,50.02,11.92,5,5.0,LOW,2026,2,RSM-v0.1-checkpoint1,"{""replacement_prior"":50.0,""sample_reliability"":0.0066,""season_count"":5.0,""weighted_observed_rating"":50.02}"
00-0040074,Tyler Loop,BAL,K,54.13,1.33,1,80.0,MEDIUM,2026,2,RSM-v0.1-checkpoint1,"{""replacement_prior"":50.0,""sample_reliability"":0.8889,""season_count"":1.0,""weighted_observed_rating"":54.13}"
00-0038562,Jake Moody,BAL,K,45.96,1.92,3,192.0,HIGH,2026,2,RSM-v0.1-checkpoint1,"{""replacement_prior"":50.0,""sample_reliability"":0.8404,""season_count"":3.0,""weighted_observed_rating"":45.96}"
00-0038504,Trenton Simpson,BAL,LB,60.33,7.66,5,1110.0,MEDIUM,2026,2,RSM-v0.1-checkpoint1,"{""replacement_prior"":50.0,""sample_reliability"":0.3614,""season_count"":5.0,""weighted_observed_rating"":60.33}"
00-0034874,Roquan Smith,BAL,LB,59.91,5.31,5,4052.0,MEDIUM,2026,2,RSM-v0.1-checkpoint1,"{""replacement_prior"":50.0,""sample_reliability"":0.5571,""season_count"":5.0,""weighted_observed_rating"":59.91}"
00-0040069,Teddye Buchanan,BAL,LB,52.27,9.38,5,655.0,LOW,2026,2,RSM-v0.1-checkpoint1,"{""replacement_prior"":50.0,""sample_reliability"":0.2184,""season_count"":5.0,""weighted_observed_rating"":52.27}"
00-0040037,Jamon Johnson,BAL,LB,51.21,11.03,5,71.0,LOW,2026,2,RSM-v0.1-checkpoint1,"{""replacement_prior"":50.0,""sample_reliability"":0.0806,""season_count"":5.0,""weighted_observed_rating"":51.21}"
00-0040100,Jay Higgins,BAL,LB,50.26,11.82,5,11.0,LOW,2026,2,RSM-v0.1-checkpoint1,"{""replacement_prior"":50.0,""sample_reliability"":0.0149,""season_count"":5.0,""weighted_observed_rating"":50.26}"
00-0039460,Carl Jones,BAL,LB,50.1,9.84,5,319.0,LOW,2026,2,RSM-v0.1-checkpoint1,"{""replacement_prior"":50.0,""sample_reliability"":0.1796,""season_count"":5.0,""weighted_observed_rating"":50.1}"
00-0040980,Dominic DeLuca,BAL,LB,50.02,11.93,5,5.0,LOW,2026,2,RSM-v0.1-checkpoint1,"{""replacement_prior"":50.0,""sample_reliability"":0.0058,""season_count"":5.0,""weighted_observed_rating"":50.02}"
00-0039429,Michael Barrett,BAL,LB,50.02,11.93,5,5.0,LOW,2026,2,RSM-v0.1-checkpoint1,"{""replacement_prior"":50.0,""sample_reliability"":0.0058,""season_count"":5.0,""weighted_observed_rating"":50.02}"
00-0033901,Ethan Pocic,BAL,OL,70.43,2.41,4,3717.0,LOW,2026,2,RSM-v0.1-checkpoint1,"{""replacement_prior"":50.0,""sample_reliability"":0.799,""season_count"":4.0,""weighted_observed_rating"":70.43}"
00-0032965,Ronnie Stanley,BAL,OL,67.56,2.58,4,3269.0,LOW,2026,2,RSM-v0.1-checkpoint1,"{""replacement_prior"":50.0,""sample_reliability"":0.7851,""season_count"":4.0,""weighted_observed_rating"":67.56}"
00-0036369,John Simpson,BAL,OL,64.82,2.77,4,3267.0,LOW,2026,2,RSM-v0.1-checkpoint1,"{""replacement_prior"":50.0,""sample_reliability"":0.769,""season_count"":4.0,""weighted_observed_rating"":64.82}"
00-0039233,Roger Rosengarten,BAL,OL,61.22,2.28,2,1947.0,LOW,2026,2,RSM-v0.1-checkpoint1,"{""replacement_prior"":50.0,""sample_reliability"":0.81,""season_count"":2.0,""weighted_observed_rating"":61.22}"
00-0038383,Andrew Vorhees,BAL,OL,56.9,3.6,2,1236.0,LOW,2026,2,RSM-v0.1-checkpoint1,"{""replacement_prior"":50.0,""sample_reliability"":0.7001,""season_count"":2.0,""weighted_observed_rating"":56.9}"
00-0031921,Kendall Lamm,BAL,OL,53.95,7.77,4,1163.0,LOW,2026,2,RSM-v0.1-checkpoint1,"{""replacement_prior"":50.0,""sample_reliability"":0.3525,""season_count"":4.0,""weighted_observed_rating"":53.95}"
00-0035698,Chuma Edoga,BAL,OL,52.64,7.13,4,801.0,LOW,2026,2,RSM-v0.1-checkpoint1,"{""replacement_prior"":50.0,""sample_reliability"":0.4058,""season_count"":4.0,""weighted_observed_rating"":52.64}"
00-0040909,Evan Beerntsen,BAL,OL,50.0,12.0,0,0,LOW,2026,2,RSM-v0.1-checkpoint1,"{""replacement_prior"":50.0,""sample_reliability"":0.0,""season_count"":0.0,""weighted_observed_rating"":50.0}"
00-0040098,Gerad Lichtenhan,BAL,OL,50.0,12.0,0,0,LOW,2026,2,RSM-v0.1-checkpoint1,"{""replacement_prior"":50.0,""sample_reliability"":0.0,""season_count"":0.0,""weighted_observed_rating"":50.0}"
00-0040979,Nick Dawkins,BAL,OL,50.0,12.0,0,0,LOW,2026,2,RSM-v0.1-checkpoint1,"{""replacement_prior"":50.0,""sample_reliability"":0.0,""season_count"":0.0,""weighted_observed_rating"":50.0}"
00-0040866,Olaivavega Ioane,BAL,OL,50.0,12.0,0,0,LOW,2026,2,RSM-v0.1-checkpoint1,"{""replacement_prior"":50.0,""sample_reliability"":0.0,""season_count"":0.0,""weighted_observed_rating"":50.0}"
00-0040070,Carson Vinson,BAL,OL,49.63,11.65,1,7.0,LOW,2026,2,RSM-v0.1-checkpoint1,"{""replacement_prior"":50.0,""sample_reliability"":0.0295,""season_count"":1.0,""weighted_observed_rating"":49.63}"
00-0038629,Jovaughn Gwyn,BAL,OL,49.56,11.45,1,11.0,LOW,2026,2,RSM-v0.1-checkpoint1,"{""replacement_prior"":50.0,""sample_reliability"":0.0456,""season_count"":1.0,""weighted_observed_rating"":49.56}"
00-0037845,A.J. Arcuri,BAL,OL,49.35,9.63,2,121.0,LOW,2026,2,RSM-v0.1-checkpoint1,"{""replacement_prior"":50.0,""sample_reliability"":0.1974,""season_count"":2.0,""weighted_observed_rating"":49.35}"
00-0036215,Danny Pinter,BAL,OL,49.14,7.17,3,568.0,LOW,2026,2,RSM-v0.1-checkpoint1,"{""replacement_prior"":50.0,""sample_reliability"":0.4028,""season_count"":3.0,""weighted_observed_rating"":49.14}"
00-0036310,Hakeem Adeniji,BAL,OL,49.06,8.36,2,296.0,LOW,2026,2,RSM-v0.1-checkpoint1,"{""replacement_prior"":50.0,""sample_reliability"":0.3033,""season_count"":2.0,""weighted_observed_rating"":49.06}"
00-0040068,Emery Jones Jr.,BAL,OL,48.51,9.89,1,49.0,LOW,2026,2,RSM-v0.1-checkpoint1,"{""replacement_prior"":50.0,""sample_reliability"":0.1756,""season_count"":1.0,""weighted_observed_rating"":48.51}"
00-0035408,Nick Moore,BAL,OTHER,56.54,5.03,3,415.0,MEDIUM,2026,2,RSM-v0.1-checkpoint1,"{""replacement_prior"":50.0,""sample_reliability"":0.5808,""season_count"":3.0,""weighted_observed_rating"":56.54}"
00-0040898,Ryan Eckley,BAL,OTHER,50.0,12.0,0,0,LOW,2026,2,RSM-v0.1-checkpoint1,"{""replacement_prior"":50.0,""sample_reliability"":0.0,""season_count"":0.0,""weighted_observed_rating"":50.0}"
00-0034796,Lamar Jackson,BAL,QB,65.59,2.39,4,1681.0,HIGH,2026,2,RSM-v0.1-checkpoint1,"{""replacement_prior"":50.0,""sample_reliability"":0.8005,""season_count"":4.0,""weighted_observed_rating"":65.59}"
00-0035993,Tyler Huntley,BAL,QB,54.7,6.43,4,383.0,MEDIUM,2026,2,RSM-v0.1-checkpoint1,"{""replacement_prior"":50.0,""sample_reliability"":0.4638,""season_count"":4.0,""weighted_observed_rating"":54.7}"
00-0039464,Austin Reed,BAL,QB,50.0,12.0,0,0,LOW,2026,2,RSM-v0.1-checkpoint1,"{""replacement_prior"":50.0,""sample_reliability"":0.0,""season_count"":0.0,""weighted_observed_rating"":50.0}"
00-0040981,Joe Fagnano,BAL,QB,50.0,12.0,0,0,LOW,2026,2,RSM-v0.1-checkpoint1,"{""replacement_prior"":50.0,""sample_reliability"":0.0,""season_count"":0.0,""weighted_observed_rating"":50.0}"
00-0037327,Skylar Thompson,BAL,QB,47.76,7.73,2,150.0,MEDIUM,2026,2,RSM-v0.1-checkpoint1,"{""replacement_prior"":50.0,""sample_reliability"":0.3561,""season_count"":2.0,""weighted_observed_rating"":47.76}"
00-0032764,Derrick Henry,BAL,RB,65.08,1.81,4,1381.0,HIGH,2026,2,RSM-v0.1-checkpoint1,"{""replacement_prior"":50.0,""sample_reliability"":0.8491,""season_count"":4.0,""weighted_observed_rating"":65.08}"
00-0034975,Justice Hill,BAL,RB,58.46,5.57,4,327.0,MEDIUM,2026,2,RSM-v0.1-checkpoint1,"{""replacement_prior"":50.0,""sample_reliability"":0.5359,""season_count"":4.0,""weighted_observed_rating"":58.46}"
00-0035924,Jonathan Ward,BAL,RB,50.76,11.09,3,16.0,LOW,2026,2,RSM-v0.1-checkpoint1,"{""replacement_prior"":50.0,""sample_reliability"":0.0762,""season_count"":3.0,""weighted_observed_rating"":50.76}"
00-0040888,Adam Randall,BAL,RB,50.0,12.0,0,0,LOW,2026,2,RSM-v0.1-checkpoint1,"{""replacement_prior"":50.0,""sample_reliability"":0.0,""season_count"":0.0,""weighted_observed_rating"":50.0}"
00-0040984,Dontae McMillan,BAL,RB,50.0,12.0,0,0,LOW,2026,2,RSM-v0.1-checkpoint1,"{""replacement_prior"":50.0,""sample_reliability"":0.0,""season_count"":0.0,""weighted_observed_rating"":50.0}"
00-0040991,Elijah Tau-Tolliver,BAL,RB,50.0,12.0,0,0,LOW,2026,2,RSM-v0.1-checkpoint1,"{""replacement_prior"":50.0,""sample_reliability"":0.0,""season_count"":0.0,""weighted_observed_rating"":50.0}"
00-0040637,Lucas Scott,BAL,RB,50.0,12.0,0,0,LOW,2026,2,RSM-v0.1-checkpoint1,"{""replacement_prior"":50.0,""sample_reliability"":0.0,""season_count"":0.0,""weighted_observed_rating"":50.0}"
00-0039796,Rasheen Ali,BAL,RB,49.8,9.54,2,30.0,LOW,2026,2,RSM-v0.1-checkpoint1,"{""replacement_prior"":50.0,""sample_reliability"":0.2051,""season_count"":2.0,""weighted_observed_rating"":49.8}"
00-0038038,Kyle Hamilton,BAL,S,67.29,5.46,5,3533.0,MEDIUM,2026,2,RSM-v0.1-checkpoint1,"{""replacement_prior"":50.0,""sample_reliability"":0.5453,""season_count"":5.0,""weighted_observed_rating"":67.29}"
00-0036302,Jaylinn Hawkins,BAL,S,59.09,6.21,5,2543.0,MEDIUM,2026,2,RSM-v0.1-checkpoint1,"{""replacement_prior"":50.0,""sample_reliability"":0.4825,""season_count"":5.0,""weighted_observed_rating"":59.09}"
00-0036395,K'Von Wallace,BAL,S,53.57,8.23,5,1207.0,LOW,2026,2,RSM-v0.1-checkpoint1,"{""replacement_prior"":50.0,""sample_reliability"":0.3139,""season_count"":5.0,""weighted_observed_rating"":53.57}"
00-0040688,Malaki Starks,BAL,S,52.04,9.18,5,1069.0,LOW,2026,2,RSM-v0.1-checkpoint1,"{""replacement_prior"":50.0,""sample_reliability"":0.235,""season_count"":5.0,""weighted_observed_rating"":52.04}"
00-0040104,Keondre Jackson,BAL,S,50.73,9.81,5,354.0,LOW,2026,2,RSM-v0.1-checkpoint1,"{""replacement_prior"":50.0,""sample_reliability"":0.1823,""season_count"":5.0,""weighted_observed_rating"":50.73}"
00-0040988,Jahquez Robinson,BAL,S,50.02,11.93,5,5.0,LOW,2026,2,RSM-v0.1-checkpoint1,"{""replacement_prior"":50.0,""sample_reliability"":0.0055,""season_count"":5.0,""weighted_observed_rating"":50.02}"
00-0034753,Mark Andrews,BAL,TE,65.16,2.33,4,427.7,HIGH,2026,2,RSM-v0.1-checkpoint1,"{""replacement_prior"":50.0,""sample_reliability"":0.8056,""season_count"":4.0,""weighted_observed_rating"":65.16}"
00-0034798,Durham Smythe,BAL,TE,53.21,3.33,4,333.2,HIGH,2026,2,RSM-v0.1-checkpoint1,"{""replacement_prior"":50.0,""sample_reliability"":0.7228,""season_count"":4.0,""weighted_observed_rating"":53.21}"
00-0032394,Nick Vannett,BAL,TE,52.7,6.38,4,131.0,MEDIUM,2026,2,RSM-v0.1-checkpoint1,"{""replacement_prior"":50.0,""sample_reliability"":0.468,""season_count"":4.0,""weighted_observed_rating"":52.7}"
00-0040887,Josh Cuevas,BAL,TE,50.0,12.0,0,0,LOW,2026,2,RSM-v0.1-checkpoint1,"{""replacement_prior"":50.0,""sample_reliability"":0.0,""season_count"":0.0,""weighted_observed_rating"":50.0}"
00-0040879,Matthew Hibner,BAL,TE,50.0,12.0,0,0,LOW,2026,2,RSM-v0.1-checkpoint1,"{""replacement_prior"":50.0,""sample_reliability"":0.0,""season_count"":0.0,""weighted_observed_rating"":50.0}"
00-0039792,Devontez Walker,BAL,WR,64.02,7.83,2,36.7,LOW,2026,2,RSM-v0.1-checkpoint1,"{""replacement_prior"":50.0,""sample_reliability"":0.3476,""season_count"":2.0,""weighted_observed_rating"":64.02}"
00-0039064,Zay Flowers,BAL,WR,63.05,2.34,3,435.8,HIGH,2026,2,RSM-v0.1-checkpoint1,"{""replacement_prior"":50.0,""sample_reliability"":0.8053,""season_count"":3.0,""weighted_observed_rating"":63.05}"
00-0032398,Chris Moore,BAL,WR,59.37,5.51,4,288.3,MEDIUM,2026,2,RSM-v0.1-checkpoint1,"{""replacement_prior"":50.0,""sample_reliability"":0.5409,""season_count"":4.0,""weighted_observed_rating"":59.37}"
00-0036550,Rashod Bateman,BAL,WR,58.52,3.44,4,352.7,HIGH,2026,2,RSM-v0.1-checkpoint1,"{""replacement_prior"":50.0,""sample_reliability"":0.7137,""season_count"":4.0,""weighted_observed_rating"":58.52}"
00-0039437,Cornelius Johnson,BAL,WR,50.0,12.0,0,0,LOW,2026,2,RSM-v0.1-checkpoint1,"{""replacement_prior"":50.0,""sample_reliability"":0.0,""season_count"":0.0,""weighted_observed_rating"":50.0}"
00-0040977,Cortez Braham,BAL,WR,50.0,12.0,0,0,LOW,2026,2,RSM-v0.1-checkpoint1,"{""replacement_prior"":50.0,""sample_reliability"":0.0,""season_count"":0.0,""weighted_observed_rating"":50.0}"
00-0039259,Dayton Wade,BAL,WR,50.0,12.0,0,0,LOW,2026,2,RSM-v0.1-checkpoint1,"{""replacement_prior"":50.0,""sample_reliability"":0.0,""season_count"":0.0,""weighted_observed_rating"":50.0}"
00-0040876,Elijah Sarratt,BAL,WR,50.0,12.0,0,0,LOW,2026,2,RSM-v0.1-checkpoint1,"{""replacement_prior"":50.0,""sample_reliability"":0.0,""season_count"":0.0,""weighted_observed_rating"":50.0}"
00-0040870,Ja'Kobi Lane,BAL,WR,50.0,12.0,0,0,LOW,2026,2,RSM-v0.1-checkpoint1,"{""replacement_prior"":50.0,""sample_reliability"":0.0,""season_count"":0.0,""weighted_observed_rating"":50.0}"
00-0040989,Octavian Smith,BAL,WR,50.0,12.0,0,0,LOW,2026,2,RSM-v0.1-checkpoint1,"{""replacement_prior"":50.0,""sample_reliability"":0.0,""season_count"":0.0,""weighted_observed_rating"":50.0}"
00-0040986,Ty Pezza,BAL,WR,50.0,12.0,0,0,LOW,2026,2,RSM-v0.1-checkpoint1,"{""replacement_prior"":50.0,""sample_reliability"":0.0,""season_count"":0.0,""weighted_observed_rating"":50.0}"
00-0040099,Xavier Guillory,BAL,WR,50.0,12.0,0,0,LOW,2026,2,RSM-v0.1-checkpoint1,"{""replacement_prior"":50.0,""sample_reliability"":0.0,""season_count"":0.0,""weighted_observed_rating"":50.0}"
00-0040075,LaJohntay Wester,BAL,WR,48.67,9.4,1,9.7,LOW,2026,2,RSM-v0.1-checkpoint1,"{""replacement_prior"":50.0,""sample_reliability"":0.2164,""season_count"":1.0,""weighted_observed_rating"":48.67}"
00-0037034,Dee Alford,BUF,CB,67.31,6.12,5,2122.0,MEDIUM,2026,2,RSM-v0.1-checkpoint1,"{""replacement_prior"":50.0,""sample_reliability"":0.4897,""season_count"":5.0,""weighted_observed_rating"":67.31}"
00-0037288,Christian Benford,BUF,CB,65.5,5.7,5,2917.0,MEDIUM,2026,2,RSM-v0.1-checkpoint1,"{""replacement_prior"":50.0,""sample_reliability"":0.525,""season_count"":5.0,""weighted_observed_rating"":65.5}"
00-0040709,Maxwell Hairston,BUF,CB,52.82,9.82,5,352.0,LOW,2026,2,RSM-v0.1-checkpoint1,"{""replacement_prior"":50.0,""sample_reliability"":0.182,""season_count"":5.0,""weighted_observed_rating"":52.82}"
00-0040192,Jordan Hancock,BUF,CB,50.4,10.49,5,152.0,LOW,2026,2,RSM-v0.1-checkpoint1,"{""replacement_prior"":50.0,""sample_reliability"":0.1259,""season_count"":5.0,""weighted_observed_rating"":50.4}"
00-0040197,Dorian Strong,BUF,CB,50.26,10.9,5,91.0,LOW,2026,2,RSM-v0.1-checkpoint1,"{""replacement_prior"":50.0,""sample_reliability"":0.092,""season_count"":5.0,""weighted_observed_rating"":50.26}"
00-0038848,Anthony Kendall,BUF,CB,50.05,11.92,5,7.0,LOW,2026,2,RSM-v0.1-checkpoint1,"{""replacement_prior"":50.0,""sample_reliability"":0.0068,""season_count"":5.0,""weighted_observed_rating"":50.05}"
00-0039322,D.J. Miller,BUF,CB,50.02,11.93,5,5.0,LOW,2026,2,RSM-v0.1-checkpoint1,"{""replacement_prior"":50.0,""sample_reliability"":0.0055,""season_count"":5.0,""weighted_observed_rating"":50.02}"
00-0041391,Davison Igbinosun,BUF,CB,50.02,11.93,5,5.0,LOW,2026,2,RSM-v0.1-checkpoint1,"{""replacement_prior"":50.0,""sample_reliability"":0.0055,""season_count"":5.0,""weighted_observed_rating"":50.02}"
00-0041269,Jordan Dunbar,BUF,CB,50.02,11.93,5,5.0,LOW,2026,2,RSM-v0.1-checkpoint1,"{""replacement_prior"":50.0,""sample_reliability"":0.0055,""season_count"":5.0,""weighted_observed_rating"":50.02}"
00-0041275,Kani Walker,BUF,CB,50.02,11.93,5,5.0,LOW,2026,2,RSM-v0.1-checkpoint1,"{""replacement_prior"":50.0,""sample_reliability"":0.0055,""season_count"":5.0,""weighted_observed_rating"":50.02}"
00-0039469,Te'Cory Couch,BUF,CB,50.02,11.93,5,5.0,LOW,2026,2,RSM-v0.1-checkpoint1,"{""replacement_prior"":50.0,""sample_reliability"":0.0055,""season_count"":5.0,""weighted_observed_rating"":50.02}"
00-0035667,Greg Gaines,BUF,DL,56.15,6.41,5,1970.0,MEDIUM,2026,2,RSM-v0.1-checkpoint1,"{""replacement_prior"":50.0,""sample_reliability"":0.4659,""season_count"":5.0,""weighted_observed_rating"":56.15}"
00-0040710,Deone Walker,BUF,DL,54.72,9.58,5,468.0,LOW,2026,2,RSM-v0.1-checkpoint1,"{""replacement_prior"":50.0,""sample_reliability"":0.2019,""season_count"":5.0,""weighted_observed_rating"":54.72}"
00-0038099,Phidarian Mathis,BUF,DL,51.9,8.53,5,584.0,LOW,2026,2,RSM-v0.1-checkpoint1,"{""replacement_prior"":50.0,""sample_reliability"":0.2888,""season_count"":5.0,""weighted_observed_rating"":51.9}"
00-0039873,DeWayne Carter,BUF,DL,51.72,10.54,5,319.0,LOW,2026,2,RSM-v0.1-checkpoint1,"{""replacement_prior"":50.0,""sample_reliability"":0.1217,""season_count"":5.0,""weighted_observed_rating"":51.72}"
00-0039930,Travis Clayton,BUF,DL,50.02,11.93,5,5.0,LOW,2026,2,RSM-v0.1-checkpoint1,"{""replacement_prior"":50.0,""sample_reliability"":0.0058,""season_count"":5.0,""weighted_observed_rating"":50.02}"
00-0036914,Greg Rousseau,BUF,EDGE,65.94,5.69,5,2413.0,MEDIUM,2026,2,RSM-v0.1-checkpoint1,"{""replacement_prior"":50.0,""sample_reliability"":0.5258,""season_count"":5.0,""weighted_observed_rating"":65.94}"
00-0035230,Ed Oliver,BUF,EDGE,61.79,6.94,5,1969.0,MEDIUM,2026,2,RSM-v0.1-checkpoint1,"{""replacement_prior"":50.0,""sample_reliability"":0.4213,""season_count"":5.0,""weighted_observed_rating"":61.79}"
00-0034832,Bradley Chubb,BUF,EDGE,60.03,7.23,5,2349.0,MEDIUM,2026,2,RSM-v0.1-checkpoint1,"{""replacement_prior"":50.0,""sample_reliability"":0.3976,""season_count"":5.0,""weighted_observed_rating"":60.03}"
00-0036378,Michael Danna,BUF,EDGE,58.12,6.05,5,2102.0,MEDIUM,2026,2,RSM-v0.1-checkpoint1,"{""replacement_prior"":50.0,""sample_reliability"":0.4959,""season_count"":5.0,""weighted_observed_rating"":58.12}"
00-0035933,Michael Hoecht,BUF,EDGE,58.08,7.31,5,2074.0,MEDIUM,2026,2,RSM-v0.1-checkpoint1,"{""replacement_prior"":50.0,""sample_reliability"":0.3912,""season_count"":5.0,""weighted_observed_rating"":58.08}"
00-0039879,Javon Solomon,BUF,EDGE,54.21,9.11,5,332.0,LOW,2026,2,RSM-v0.1-checkpoint1,"{""replacement_prior"":50.0,""sample_reliability"":0.2412,""season_count"":5.0,""weighted_observed_rating"":54.21}"
00-0040724,T.J. Sanders,BUF,EDGE,51.23,9.79,5,301.0,LOW,2026,2,RSM-v0.1-checkpoint1,"{""replacement_prior"":50.0,""sample_reliability"":0.1842,""season_count"":5.0,""weighted_observed_rating"":51.23}"
00-0038635,Andre Jones Jr.,BUF,EDGE,50.86,10.32,5,228.0,LOW,2026,2,RSM-v0.1-checkpoint1,"{""replacement_prior"":50.0,""sample_reliability"":0.1397,""season_count"":5.0,""weighted_observed_rating"":50.86}"
00-0041268,Cade Denhoff,BUF,EDGE,50.02,11.92,5,5.0,LOW,2026,2,RSM-v0.1-checkpoint1,"{""replacement_prior"":50.0,""sample_reliability"":0.0066,""season_count"":5.0,""weighted_observed_rating"":50.02}"
00-0041036,TJ Parker,BUF,EDGE,50.02,11.92,5,5.0,LOW,2026,2,RSM-v0.1-checkpoint1,"{""replacement_prior"":50.0,""sample_reliability"":0.0066,""season_count"":5.0,""weighted_observed_rating"":50.02}"
00-0041091,Zane Durant,BUF,EDGE,50.02,11.92,5,5.0,LOW,2026,2,RSM-v0.1-checkpoint1,"{""replacement_prior"":50.0,""sample_reliability"":0.0066,""season_count"":5.0,""weighted_observed_rating"":50.02}"
00-0040132,Landon Jackson,BUF,EDGE,49.98,11.4,5,34.0,LOW,2026,2,RSM-v0.1-checkpoint1,"{""replacement_prior"":50.0,""sample_reliability"":0.0498,""season_count"":5.0,""weighted_observed_rating"":49.98}"
00-0036162,Tyler Bass,BUF,K,52.61,1.26,3,253.0,HIGH,2026,2,RSM-v0.1-checkpoint1,"{""replacement_prior"":50.0,""sample_reliability"":0.8954,""season_count"":3.0,""weighted_observed_rating"":52.61}"
00-0037254,Terrel Bernard,BUF,LB,60.04,6.06,5,2480.0,MEDIUM,2026,2,RSM-v0.1-checkpoint1,"{""replacement_prior"":50.0,""sample_reliability"":0.4947,""season_count"":5.0,""weighted_observed_rating"":60.04}"
00-0035020,Demetrius Flannigan-Fowles,BUF,LB,58.27,8.1,5,619.0,LOW,2026,2,RSM-v0.1-checkpoint1,"{""replacement_prior"":50.0,""sample_reliability"":0.3247,""season_count"":5.0,""weighted_observed_rating"":58.27}"
00-0031550,Shaq Thompson,BUF,LB,56.56,7.15,5,1822.0,MEDIUM,2026,2,RSM-v0.1-checkpoint1,"{""replacement_prior"":50.0,""sample_reliability"":0.404,""season_count"":5.0,""weighted_observed_rating"":56.56}"
00-0038557,Dorian Williams,BUF,LB,54.5,7.13,5,1296.0,MEDIUM,2026,2,RSM-v0.1-checkpoint1,"{""replacement_prior"":50.0,""sample_reliability"":0.4056,""season_count"":5.0,""weighted_observed_rating"":54.5}"
00-0039763,Joe Andreessen,BUF,LB,53.32,9.93,5,213.0,LOW,2026,2,RSM-v0.1-checkpoint1,"{""replacement_prior"":50.0,""sample_reliability"":0.1729,""season_count"":5.0,""weighted_observed_rating"":53.32}"
00-0038853,Otis Reese,BUF,LB,52.67,10.71,5,182.0,LOW,2026,2,RSM-v0.1-checkpoint1,"{""replacement_prior"":50.0,""sample_reliability"":0.1075,""season_count"":5.0,""weighted_observed_rating"":52.67}"
00-0040362,Keonta Jenkins,BUF,LB,50.06,11.56,5,27.0,LOW,2026,2,RSM-v0.1-checkpoint1,"{""replacement_prior"":50.0,""sample_reliability"":0.0364,""season_count"":5.0,""weighted_observed_rating"":50.06}"
00-0039277,Jimmy Ciarlo,BUF,LB,50.02,11.93,5,5.0,LOW,2026,2,RSM-v0.1-checkpoint1,"{""replacement_prior"":50.0,""sample_reliability"":0.0058,""season_count"":5.0,""weighted_observed_rating"":50.02}"
00-0041444,Kaleb Elarms-Orr,BUF,LB,50.02,11.93,5,5.0,LOW,2026,2,RSM-v0.1-checkpoint1,"{""replacement_prior"":50.0,""sample_reliability"":0.0058,""season_count"":5.0,""weighted_observed_rating"":50.02}"
00-0041223,Theron Gaines,BUF,LB,50.02,11.93,5,5.0,LOW,2026,2,RSM-v0.1-checkpoint1,"{""replacement_prior"":50.0,""sample_reliability"":0.0058,""season_count"":5.0,""weighted_observed_rating"":50.02}"
00-0033904,Dion Dawkins,BUF,OL,70.31,2.27,4,3995.0,LOW,2026,2,RSM-v0.1-checkpoint1,"{""replacement_prior"":50.0,""sample_reliability"":0.8107,""season_count"":4.0,""weighted_observed_rating"":70.31}"
00-0035679,Connor McGovern,BUF,OL,69.0,2.22,4,4043.0,LOW,2026,2,RSM-v0.1-checkpoint1,"{""replacement_prior"":50.0,""sample_reliability"":0.8152,""season_count"":4.0,""weighted_observed_rating"":69.0}"
00-0036391,Lloyd Cushenberry III,BUF,OL,66.05,2.9,4,2992.0,LOW,2026,2,RSM-v0.1-checkpoint1,"{""replacement_prior"":50.0,""sample_reliability"":0.7583,""season_count"":4.0,""weighted_observed_rating"":66.05}"
00-0036976,Spencer Brown,BUF,OL,65.35,2.4,4,3787.0,LOW,2026,2,RSM-v0.1-checkpoint1,"{""replacement_prior"":50.0,""sample_reliability"":0.7996,""season_count"":4.0,""weighted_observed_rating"":65.35}"
00-0034261,Austin Corbett,BUF,OL,64.52,4.06,4,2205.0,LOW,2026,2,RSM-v0.1-checkpoint1,"{""replacement_prior"":50.0,""sample_reliability"":0.6617,""season_count"":4.0,""weighted_observed_rating"":64.52}"
00-0038548,O'Cyrus Torrence,BUF,OL,64.15,2.08,3,3306.0,LOW,2026,2,RSM-v0.1-checkpoint1,"{""replacement_prior"":50.0,""sample_reliability"":0.8267,""season_count"":3.0,""weighted_observed_rating"":64.15}"
00-0036267,Jedrick Wills,BUF,OL,61.81,4.26,3,1968.0,LOW,2026,2,RSM-v0.1-checkpoint1,"{""replacement_prior"":50.0,""sample_reliability"":0.6447,""season_count"":3.0,""weighted_observed_rating"":61.81}"
00-0039882,Tylan Grable,BUF,OL,52.08,9.12,2,146.0,LOW,2026,2,RSM-v0.1-checkpoint1,"{""replacement_prior"":50.0,""sample_reliability"":0.2404,""season_count"":2.0,""weighted_observed_rating"":52.08}"
00-0037428,Alec Anderson,BUF,OL,50.0,12.0,0,0,LOW,2026,2,RSM-v0.1-checkpoint1,"{""replacement_prior"":50.0,""sample_reliability"":0.0,""season_count"":0.0,""weighted_observed_rating"":50.0}"
00-0041128,Ar'maj Reed-Adams,BUF,OL,50.0,12.0,0,0,LOW,2026,2,RSM-v0.1-checkpoint1,"{""replacement_prior"":50.0,""sample_reliability"":0.0,""season_count"":0.0,""weighted_observed_rating"":50.0}"
00-0041270,Bruno Fina,BUF,OL,50.0,12.0,0,0,LOW,2026,2,RSM-v0.1-checkpoint1,"{""replacement_prior"":50.0,""sample_reliability"":0.0,""season_count"":0.0,""weighted_observed_rating"":50.0}"
00-0041224,Da'Metrius Weatherspoon,BUF,OL,50.0,12.0,0,0,LOW,2026,2,RSM-v0.1-checkpoint1,"{""replacement_prior"":50.0,""sample_reliability"":0.0,""season_count"":0.0,""weighted_observed_rating"":50.0}"
00-0041548,Jude Bowry,BUF,OL,50.0,12.0,0,0,LOW,2026,2,RSM-v0.1-checkpoint1,"{""replacement_prior"":50.0,""sample_reliability"":0.0,""season_count"":0.0,""weighted_observed_rating"":50.0}"
00-0039612,Sincere Haynesworth,BUF,OL,50.0,12.0,0,0,LOW,2026,2,RSM-v0.1-checkpoint1,"{""replacement_prior"":50.0,""sample_reliability"":0.0,""season_count"":0.0,""weighted_observed_rating"":50.0}"
00-0040217,Chase Lundt,BUF,OL,49.84,11.85,1,3.0,LOW,2026,2,RSM-v0.1-checkpoint1,"{""replacement_prior"":50.0,""sample_reliability"":0.0129,""season_count"":1.0,""weighted_observed_rating"":49.84}"
00-0038633,Nick Broeker,BUF,OL,49.75,11.76,2,9.0,LOW,2026,2,RSM-v0.1-checkpoint1,"{""replacement_prior"":50.0,""sample_reliability"":0.0204,""season_count"":2.0,""weighted_observed_rating"":49.75}"
00-0032497,Reid Ferguson,BUF,OTHER,54.78,5.15,4,533.0,MEDIUM,2026,2,RSM-v0.1-checkpoint1,"{""replacement_prior"":50.0,""sample_reliability"":0.5707,""season_count"":4.0,""weighted_observed_rating"":54.78}"
00-0041126,Tommy Doman Jr.,BUF,OTHER,50.0,12.0,0,0,LOW,2026,2,RSM-v0.1-checkpoint1,"{""replacement_prior"":50.0,""sample_reliability"":0.0,""season_count"":0.0,""weighted_observed_rating"":50.0}"
00-0034857,Josh Allen,BUF,QB,66.52,1.91,4,2200.0,HIGH,2026,2,RSM-v0.1-checkpoint1,"{""replacement_prior"":50.0,""sample_reliability"":0.8405,""season_count"":4.0,""weighted_observed_rating"":66.52}"
00-0036679,Shane Buechele,BUF,QB,49.31,10.08,1,19.0,LOW,2026,2,RSM-v0.1-checkpoint1,"{""replacement_prior"":50.0,""sample_reliability"":0.1597,""season_count"":1.0,""weighted_observed_rating"":49.31}"
00-0034577,Kyle Allen,BUF,QB,49.1,11.02,3,86.0,LOW,2026,2,RSM-v0.1-checkpoint1,"{""replacement_prior"":50.0,""sample_reliability"":0.0818,""season_count"":3.0,""weighted_observed_rating"":49.1}"
00-0037248,James Cook,BUF,RB,64.53,2.25,4,1006.0,HIGH,2026,2,RSM-v0.1-checkpoint1,"{""replacement_prior"":50.0,""sample_reliability"":0.8122,""season_count"":4.0,""weighted_observed_rating"":64.53}"
00-0039875,Ray Davis,BUF,RB,61.8,4.8,2,203.0,MEDIUM,2026,2,RSM-v0.1-checkpoint1,"{""replacement_prior"":50.0,""sample_reliability"":0.6002,""season_count"":2.0,""weighted_observed_rating"":61.8}"
00-0035537,Ty Johnson,BUF,RB,60.07,5.82,4,240.0,MEDIUM,2026,2,RSM-v0.1-checkpoint1,"{""replacement_prior"":50.0,""sample_reliability"":0.5149,""season_count"":4.0,""weighted_observed_rating"":60.07}"
00-0039471,Frank Gore Jr.,BUF,RB,50.0,12.0,0,0,LOW,2026,2,RSM-v0.1-checkpoint1,"{""replacement_prior"":50.0,""sample_reliability"":0.0,""season_count"":0.0,""weighted_observed_rating"":50.0}"
00-0039466,Ian Wheeler,BUF,RB,50.0,12.0,0,0,LOW,2026,2,RSM-v0.1-checkpoint1,"{""replacement_prior"":50.0,""sample_reliability"":0.0,""season_count"":0.0,""weighted_observed_rating"":50.0}"
00-0035253,C.J. Gardner-Johnson,BUF,S,63.2,6.05,5,2592.0,MEDIUM,2026,2,RSM-v0.1-checkpoint1,"{""replacement_prior"":50.0,""sample_reliability"":0.4961,""season_count"":5.0,""weighted_observed_rating"":63.2}"
00-0036199,Geno Stone,BUF,S,58.08,5.47,5,3520.0,MEDIUM,2026,2,RSM-v0.1-checkpoint1,"{""replacement_prior"":50.0,""sample_reliability"":0.5441,""season_count"":5.0,""weighted_observed_rating"":58.08}"
00-0039872,Cole Bishop,BUF,S,56.72,7.83,5,1256.0,LOW,2026,2,RSM-v0.1-checkpoint1,"{""replacement_prior"":50.0,""sample_reliability"":0.3476,""season_count"":5.0,""weighted_observed_rating"":56.72}"
00-0036888,Damar Hamlin,BUF,S,53.54,9.07,5,1750.0,LOW,2026,2,RSM-v0.1-checkpoint1,"{""replacement_prior"":50.0,""sample_reliability"":0.2444,""season_count"":5.0,""weighted_observed_rating"":53.54}"
00-0036037,Sam Franklin Jr.,BUF,S,51.9,10.62,5,388.0,LOW,2026,2,RSM-v0.1-checkpoint1,"{""replacement_prior"":50.0,""sample_reliability"":0.1148,""season_count"":5.0,""weighted_observed_rating"":51.9}"
00-0041086,Jalon Kilgore,BUF,S,50.02,11.93,5,5.0,LOW,2026,2,RSM-v0.1-checkpoint1,"{""replacement_prior"":50.0,""sample_reliability"":0.0055,""season_count"":5.0,""weighted_observed_rating"":50.02}"
00-0040364,Wande Owens,BUF,S,50.02,11.93,5,5.0,LOW,2026,2,RSM-v0.1-checkpoint1,"{""replacement_prior"":50.0,""sample_reliability"":0.0055,""season_count"":5.0,""weighted_observed_rating"":50.02}"
00-0040194,Jackson Hawes,BUF,TE,72.6,2.83,1,81.2,MEDIUM,2026,2,RSM-v0.1-checkpoint1,"{""replacement_prior"":50.0,""sample_reliability"":0.7645,""season_count"":1.0,""weighted_observed_rating"":72.6}"
00-0038933,Dalton Kincaid,BUF,TE,64.34,3.25,3,245.3,HIGH,2026,2,RSM-v0.1-checkpoint1,"{""replacement_prior"":50.0,""sample_reliability"":0.7293,""season_count"":3.0,""weighted_observed_rating"":64.34}"
00-0035689,Dawson Knox,BUF,TE,63.24,2.33,4,430.5,HIGH,2026,2,RSM-v0.1-checkpoint1,"{""replacement_prior"":50.0,""sample_reliability"":0.8059,""season_count"":4.0,""weighted_observed_rating"":63.24}"
00-0040363,Keleki Latu,BUF,TE,60.37,7.66,1,14.2,MEDIUM,2026,2,RSM-v0.1-checkpoint1,"{""replacement_prior"":50.0,""sample_reliability"":0.3617,""season_count"":1.0,""weighted_observed_rating"":60.37}"
00-0037261,Khalil Shakir,BUF,WR,61.58,3.31,4,352.3,HIGH,2026,2,RSM-v0.1-checkpoint1,"{""replacement_prior"":50.0,""sample_reliability"":0.7241,""season_count"":4.0,""weighted_observed_rating"":61.58}"
00-0034827,DJ Moore,BUF,WR,61.43,2.06,4,675.3,HIGH,2026,2,RSM-v0.1-checkpoint1,"{""replacement_prior"":50.0,""sample_reliability"":0.828,""season_count"":4.0,""weighted_observed_rating"":61.43}"
00-0038679,Tyrell Shavers,BUF,WR,61.15,6.49,2,78.8,MEDIUM,2026,2,RSM-v0.1-checkpoint1,"{""replacement_prior"":50.0,""sample_reliability"":0.4593,""season_count"":2.0,""weighted_observed_rating"":61.15}"
00-0039901,Keon Coleman,BUF,WR,60.46,3.17,2,195.7,HIGH,2026,2,RSM-v0.1-checkpoint1,"{""replacement_prior"":50.0,""sample_reliability"":0.7357,""season_count"":2.0,""weighted_observed_rating"":60.46}"
00-0036988,Josh Palmer,BUF,WR,59.32,3.49,4,405.3,HIGH,2026,2,RSM-v0.1-checkpoint1,"{""replacement_prior"":50.0,""sample_reliability"":0.7089,""season_count"":4.0,""weighted_observed_rating"":59.32}"
00-0035500,Greg Dortch,BUF,WR,55.64,4.37,4,272.3,MEDIUM,2026,2,RSM-v0.1-checkpoint1,"{""replacement_prior"":50.0,""sample_reliability"":0.636,""season_count"":4.0,""weighted_observed_rating"":55.64}"
00-0034487,Trent Sherfield,BUF,WR,52.43,5.59,4,228.0,MEDIUM,2026,2,RSM-v0.1-checkpoint1,"{""replacement_prior"":50.0,""sample_reliability"":0.5343,""season_count"":4.0,""weighted_observed_rating"":52.43}"
00-0040406,Quentin Skinner,BUF,WR,52.38,11.15,1,2.7,LOW,2026,2,RSM-v0.1-checkpoint1,"{""replacement_prior"":50.0,""sample_reliability"":0.0708,""season_count"":1.0,""weighted_observed_rating"":52.38}"
00-0041272,Ja'Mori Maclin,BUF,WR,50.0,12.0,0,0,LOW,2026,2,RSM-v0.1-checkpoint1,"{""replacement_prior"":50.0,""sample_reliability"":0.0,""season_count"":0.0,""weighted_observed_rating"":50.0}"
00-0041274,Max Tomczak,BUF,WR,50.0,12.0,0,0,LOW,2026,2,RSM-v0.1-checkpoint1,"{""replacement_prior"":50.0,""sample_reliability"":0.0,""season_count"":0.0,""weighted_observed_rating"":50.0}"
00-0041443,Skyler Bell,BUF,WR,50.0,12.0,0,0,LOW,2026,2,RSM-v0.1-checkpoint1,"{""replacement_prior"":50.0,""sample_reliability"":0.0,""season_count"":0.0,""weighted_observed_rating"":50.0}"
00-0040361,Stephen Gosnell,BUF,WR,50.0,12.0,0,0,LOW,2026,2,RSM-v0.1-checkpoint1,"{""replacement_prior"":50.0,""sample_reliability"":0.0,""season_count"":0.0,""weighted_observed_rating"":50.0}"
00-0036944,Jaycee Horn,CAR,CB,61.69,5.75,5,3080.0,MEDIUM,2026,2,RSM-v0.1-checkpoint1,"{""replacement_prior"":50.0,""sample_reliability"":0.5206,""season_count"":5.0,""weighted_observed_rating"":61.69}"
00-0035277,Mike Jackson,CAR,CB,59.73,5.47,5,3801.0,MEDIUM,2026,2,RSM-v0.1-checkpoint1,"{""replacement_prior"":50.0,""sample_reliability"":0.5442,""season_count"":5.0,""weighted_observed_rating"":59.73}"
00-0038101,Akayleb Evans,CAR,CB,53.66,9.29,5,1101.0,LOW,2026,2,RSM-v0.1-checkpoint1,"{""replacement_prior"":50.0,""sample_reliability"":0.2257,""season_count"":5.0,""weighted_observed_rating"":53.66}"
00-0039380,Chau Smith-Wade,CAR,CB,53.17,8.1,5,930.0,LOW,2026,2,RSM-v0.1-checkpoint1,"{""replacement_prior"":50.0,""sample_reliability"":0.3254,""season_count"":5.0,""weighted_observed_rating"":53.17}"
00-0040296,Corey Thornton,CAR,CB,52.63,10.61,5,131.0,LOW,2026,2,RSM-v0.1-checkpoint1,"{""replacement_prior"":50.0,""sample_reliability"":0.1157,""season_count"":5.0,""weighted_observed_rating"":52.63}"
00-0039586,Tyrek Funderburk,CAR,CB,50.86,10.92,5,166.0,LOW,2026,2,RSM-v0.1-checkpoint1,"{""replacement_prior"":50.0,""sample_reliability"":0.0898,""season_count"":5.0,""weighted_observed_rating"":50.86}"
00-0041150,Cam Miller,CAR,CB,50.02,11.93,5,5.0,LOW,2026,2,RSM-v0.1-checkpoint1,"{""replacement_prior"":50.0,""sample_reliability"":0.0055,""season_count"":5.0,""weighted_observed_rating"":50.02}"
00-0041283,DeCarlos Nicholson,CAR,CB,50.02,11.93,5,5.0,LOW,2026,2,RSM-v0.1-checkpoint1,"{""replacement_prior"":50.0,""sample_reliability"":0.0055,""season_count"":5.0,""weighted_observed_rating"":50.02}"
00-0041153,Devonta Smith,CAR,CB,50.02,11.93,5,5.0,LOW,2026,2,RSM-v0.1-checkpoint1,"{""replacement_prior"":50.0,""sample_reliability"":0.0055,""season_count"":5.0,""weighted_observed_rating"":50.02}"
00-0041063,Will Lee III,CAR,CB,50.02,11.93,5,5.0,LOW,2026,2,RSM-v0.1-checkpoint1,"{""replacement_prior"":50.0,""sample_reliability"":0.0055,""season_count"":5.0,""weighted_observed_rating"":50.02}"
00-0035890,Tershawn Wharton,CAR,DL,60.09,6.51,5,1621.0,MEDIUM,2026,2,RSM-v0.1-checkpoint1,"{""replacement_prior"":50.0,""sample_reliability"":0.4572,""season_count"":5.0,""weighted_observed_rating"":60.09}"
00-0036903,Bobby Brown III,CAR,DL,55.1,6.8,5,1301.0,MEDIUM,2026,2,RSM-v0.1-checkpoint1,"{""replacement_prior"":50.0,""sample_reliability"":0.4333,""season_count"":5.0,""weighted_observed_rating"":55.1}"
00-0040174,Cam Jackson,CAR,DL,50.43,10.87,5,89.0,LOW,2026,2,RSM-v0.1-checkpoint1,"{""replacement_prior"":50.0,""sample_reliability"":0.0943,""season_count"":5.0,""weighted_observed_rating"":50.43}"
00-0041148,Aaron Hall,CAR,DL,50.02,11.93,5,5.0,LOW,2026,2,RSM-v0.1-checkpoint1,"{""replacement_prior"":50.0,""sample_reliability"":0.0058,""season_count"":5.0,""weighted_observed_rating"":50.02}"
00-0039946,Kyon Barrs,CAR,DL,50.02,11.93,5,5.0,LOW,2026,2,RSM-v0.1-checkpoint1,"{""replacement_prior"":50.0,""sample_reliability"":0.0058,""season_count"":5.0,""weighted_observed_rating"":50.02}"
00-0041478,Lee Hunter,CAR,DL,50.02,11.93,5,5.0,LOW,2026,2,RSM-v0.1-checkpoint1,"{""replacement_prior"":50.0,""sample_reliability"":0.0058,""season_count"":5.0,""weighted_observed_rating"":50.02}"
00-0041151,Parker Petersen,CAR,DL,50.02,11.93,5,5.0,LOW,2026,2,RSM-v0.1-checkpoint1,"{""replacement_prior"":50.0,""sample_reliability"":0.0058,""season_count"":5.0,""weighted_observed_rating"":50.02}"
00-0040458,TeRah Edwards,CAR,DL,50.02,11.93,5,5.0,LOW,2026,2,RSM-v0.1-checkpoint1,"{""replacement_prior"":50.0,""sample_reliability"":0.0058,""season_count"":5.0,""weighted_observed_rating"":50.02}"
00-0041487,Tywone Malone,CAR,DL,50.02,11.93,5,5.0,LOW,2026,2,RSM-v0.1-checkpoint1,"{""replacement_prior"":50.0,""sample_reliability"":0.0058,""season_count"":5.0,""weighted_observed_rating"":50.02}"
00-0036934,Jaelan Phillips,CAR,EDGE,61.15,6.38,5,2161.0,MEDIUM,2026,2,RSM-v0.1-checkpoint1,"{""replacement_prior"":50.0,""sample_reliability"":0.4685,""season_count"":5.0,""weighted_observed_rating"":61.15}"
00-0037007,Patrick Jones II,CAR,EDGE,58.39,6.86,5,1562.0,MEDIUM,2026,2,RSM-v0.1-checkpoint1,"{""replacement_prior"":50.0,""sample_reliability"":0.4285,""season_count"":5.0,""weighted_observed_rating"":58.39}"
00-0036220,Derrick Brown,CAR,EDGE,57.05,6.56,5,2679.0,MEDIUM,2026,2,RSM-v0.1-checkpoint1,"{""replacement_prior"":50.0,""sample_reliability"":0.4532,""season_count"":5.0,""weighted_observed_rating"":57.05}"
00-0040746,Nic Scourton,CAR,EDGE,53.04,9.26,5,721.0,LOW,2026,2,RSM-v0.1-checkpoint1,"{""replacement_prior"":50.0,""sample_reliability"":0.2281,""season_count"":5.0,""weighted_observed_rating"":53.04}"
00-0036305,Trevis Gipson,CAR,EDGE,53.04,8.19,5,1009.0,LOW,2026,2,RSM-v0.1-checkpoint1,"{""replacement_prior"":50.0,""sample_reliability"":0.3177,""season_count"":5.0,""weighted_observed_rating"":53.04}"
00-0040136,Princely Umanmielen,CAR,EDGE,52.38,10.01,5,226.0,LOW,2026,2,RSM-v0.1-checkpoint1,"{""replacement_prior"":50.0,""sample_reliability"":0.166,""season_count"":5.0,""weighted_observed_rating"":52.38}"
00-0036045,Cam Gill,CAR,EDGE,51.73,10.24,5,286.0,LOW,2026,2,RSM-v0.1-checkpoint1,"{""replacement_prior"":50.0,""sample_reliability"":0.147,""season_count"":5.0,""weighted_observed_rating"":51.73}"
00-0039783,Anthony Goodlow,CAR,EDGE,50.91,11.31,5,40.0,LOW,2026,2,RSM-v0.1-checkpoint1,"{""replacement_prior"":50.0,""sample_reliability"":0.0571,""season_count"":5.0,""weighted_observed_rating"":50.91}"
00-0038791,Thomas Incoom,CAR,EDGE,50.84,10.89,5,86.0,LOW,2026,2,RSM-v0.1-checkpoint1,"{""replacement_prior"":50.0,""sample_reliability"":0.0927,""season_count"":5.0,""weighted_observed_rating"":50.84}"
00-0037179,Jeremiah Moon,CAR,EDGE,50.74,10.14,5,229.0,LOW,2026,2,RSM-v0.1-checkpoint1,"{""replacement_prior"":50.0,""sample_reliability"":0.1546,""season_count"":5.0,""weighted_observed_rating"":50.74}"
00-0037203,LaBryan Ray,CAR,EDGE,50.72,7.55,5,1141.0,MEDIUM,2026,2,RSM-v0.1-checkpoint1,"{""replacement_prior"":50.0,""sample_reliability"":0.3705,""season_count"":5.0,""weighted_observed_rating"":50.72}"
00-0041154,Isaiah Smith,CAR,EDGE,50.02,11.92,5,5.0,LOW,2026,2,RSM-v0.1-checkpoint1,"{""replacement_prior"":50.0,""sample_reliability"":0.0066,""season_count"":5.0,""weighted_observed_rating"":50.02}"
00-0040279,Ryan Fitzgerald,CAR,K,41.53,1.74,1,59.0,MEDIUM,2026,2,RSM-v0.1-checkpoint1,"{""replacement_prior"":50.0,""sample_reliability"":0.8551,""season_count"":1.0,""weighted_observed_rating"":41.53}"
00-0035352,Tyrel Dodson,CAR,LB,64.69,5.8,5,2535.0,MEDIUM,2026,2,RSM-v0.1-checkpoint1,"{""replacement_prior"":50.0,""sample_reliability"":0.5164,""season_count"":5.0,""weighted_observed_rating"":64.69}"
00-0037244,Devin Lloyd,CAR,LB,63.73,5.52,5,3482.0,MEDIUM,2026,2,RSM-v0.1-checkpoint1,"{""replacement_prior"":50.0,""sample_reliability"":0.5402,""season_count"":5.0,""weighted_observed_rating"":63.73}"
00-0035687,Bobby Okereke,CAR,LB,61.33,5.35,5,3937.0,MEDIUM,2026,2,RSM-v0.1-checkpoint1,"{""replacement_prior"":50.0,""sample_reliability"":0.5546,""season_count"":5.0,""weighted_observed_rating"":61.33}"
00-0038493,Claudin Cherelus,CAR,LB,51.41,9.14,5,368.0,LOW,2026,2,RSM-v0.1-checkpoint1,"{""replacement_prior"":50.0,""sample_reliability"":0.2382,""season_count"":5.0,""weighted_observed_rating"":51.41}"
00-0040289,Bam Martin-Scott,CAR,LB,51.09,11.17,5,58.0,LOW,2026,2,RSM-v0.1-checkpoint1,"{""replacement_prior"":50.0,""sample_reliability"":0.0694,""season_count"":5.0,""weighted_observed_rating"":51.09}"
00-0039637,Maema Njongmeta,CAR,LB,50.29,11.54,5,38.0,LOW,2026,2,RSM-v0.1-checkpoint1,"{""replacement_prior"":50.0,""sample_reliability"":0.0379,""season_count"":5.0,""weighted_observed_rating"":50.29}"
00-0041119,Jackson Kuwatch,CAR,LB,50.02,11.93,5,5.0,LOW,2026,2,RSM-v0.1-checkpoint1,"{""replacement_prior"":50.0,""sample_reliability"":0.0058,""season_count"":5.0,""weighted_observed_rating"":50.02}"
00-0040763,Mapalo Mwansa,CAR,LB,50.02,11.93,5,5.0,LOW,2026,2,RSM-v0.1-checkpoint1,"{""replacement_prior"":50.0,""sample_reliability"":0.0058,""season_count"":5.0,""weighted_observed_rating"":50.02}"
00-0033284,Taylor Moton,CAR,OL,68.84,2.37,4,3913.0,LOW,2026,2,RSM-v0.1-checkpoint1,"{""replacement_prior"":50.0,""sample_reliability"":0.8029,""season_count"":4.0,""weighted_observed_rating"":68.84}"
00-0036417,Damien Lewis,CAR,OL,66.45,2.31,4,3867.0,LOW,2026,2,RSM-v0.1-checkpoint1,"{""replacement_prior"":50.0,""sample_reliability"":0.8078,""season_count"":4.0,""weighted_observed_rating"":66.45}"
00-0037229,Ikem Ekwonu,CAR,OL,64.29,2.29,4,4018.0,LOW,2026,2,RSM-v0.1-checkpoint1,"{""replacement_prior"":50.0,""sample_reliability"":0.8092,""season_count"":4.0,""weighted_observed_rating"":64.29}"
00-0037196,Rasheed Walker,CAR,OL,63.29,2.28,3,2914.0,LOW,2026,2,RSM-v0.1-checkpoint1,"{""replacement_prior"":50.0,""sample_reliability"":0.8101,""season_count"":3.0,""weighted_observed_rating"":63.29}"
00-0036325,Robert Hunt,CAR,OL,61.58,4.78,4,2696.0,LOW,2026,2,RSM-v0.1-checkpoint1,"{""replacement_prior"":50.0,""sample_reliability"":0.6018,""season_count"":4.0,""weighted_observed_rating"":61.58}"
00-0037814,Luke Fortner,CAR,OL,56.91,5.02,4,2978.0,LOW,2026,2,RSM-v0.1-checkpoint1,"{""replacement_prior"":50.0,""sample_reliability"":0.5813,""season_count"":4.0,""weighted_observed_rating"":56.91}"
00-0036653,Stone Forsythe,CAR,OL,55.77,4.08,4,1741.0,LOW,2026,2,RSM-v0.1-checkpoint1,"{""replacement_prior"":50.0,""sample_reliability"":0.6603,""season_count"":4.0,""weighted_observed_rating"":55.77}"
00-0036968,Brady Christensen,CAR,OL,54.68,5.38,4,1725.0,LOW,2026,2,RSM-v0.1-checkpoint1,"{""replacement_prior"":50.0,""sample_reliability"":0.5515,""season_count"":4.0,""weighted_observed_rating"":54.68}"
00-0036795,Jake Curhan,CAR,OL,50.18,6.76,4,752.0,LOW,2026,2,RSM-v0.1-checkpoint1,"{""replacement_prior"":50.0,""sample_reliability"":0.4366,""season_count"":4.0,""weighted_observed_rating"":50.18}"
00-0038536,Chandler Zavala,CAR,OL,50.17,5.96,3,784.0,LOW,2026,2,RSM-v0.1-checkpoint1,"{""replacement_prior"":50.0,""sample_reliability"":0.5036,""season_count"":3.0,""weighted_observed_rating"":50.17}"
00-0041138,Albert Reese,CAR,OL,50.0,12.0,0,0,LOW,2026,2,RSM-v0.1-checkpoint1,"{""replacement_prior"":50.0,""sample_reliability"":0.0,""season_count"":0.0,""weighted_observed_rating"":50.0}"
00-0041146,Isaia Glass,CAR,OL,50.0,12.0,0,0,LOW,2026,2,RSM-v0.1-checkpoint1,"{""replacement_prior"":50.0,""sample_reliability"":0.0,""season_count"":0.0,""weighted_observed_rating"":50.0}"
00-0041034,Monroe Freeling,CAR,OL,50.0,12.0,0,0,LOW,2026,2,RSM-v0.1-checkpoint1,"{""replacement_prior"":50.0,""sample_reliability"":0.0,""season_count"":0.0,""weighted_observed_rating"":50.0}"
00-0039042,Ryan Hayes,CAR,OL,50.0,12.0,0,0,LOW,2026,2,RSM-v0.1-checkpoint1,"{""replacement_prior"":50.0,""sample_reliability"":0.0,""season_count"":0.0,""weighted_observed_rating"":50.0}"
00-0041071,Sam Hecht,CAR,OL,50.0,12.0,0,0,LOW,2026,2,RSM-v0.1-checkpoint1,"{""replacement_prior"":50.0,""sample_reliability"":0.0,""season_count"":0.0,""weighted_observed_rating"":50.0}"
00-0039242,Corey Bullock,CAR,OL,49.41,11.36,1,13.0,LOW,2026,2,RSM-v0.1-checkpoint1,"{""replacement_prior"":50.0,""sample_reliability"":0.0535,""season_count"":1.0,""weighted_observed_rating"":49.41}"
00-0040541,Torricelli Simpkins III,CAR,OL,46.7,6.75,1,179.0,LOW,2026,2,RSM-v0.1-checkpoint1,"{""replacement_prior"":50.0,""sample_reliability"":0.4377,""season_count"":1.0,""weighted_observed_rating"":46.7}"
00-0026027,J.J. Jansen,CAR,OTHER,54.18,5.22,4,545.0,MEDIUM,2026,2,RSM-v0.1-checkpoint1,"{""replacement_prior"":50.0,""sample_reliability"":0.5654,""season_count"":4.0,""weighted_observed_rating"":54.18}"
00-0030092,Sam Martin,CAR,OTHER,54.04,5.22,4,528.0,MEDIUM,2026,2,RSM-v0.1-checkpoint1,"{""replacement_prior"":50.0,""sample_reliability"":0.5651,""season_count"":4.0,""weighted_observed_rating"":54.04}"
00-0039150,Bryce Young,CAR,QB,57.11,2.04,3,1507.0,HIGH,2026,2,RSM-v0.1-checkpoint1,"{""replacement_prior"":50.0,""sample_reliability"":0.8296,""season_count"":3.0,""weighted_observed_rating"":57.11}"
00-0038102,Kenny Pickett,CAR,QB,50.96,6.32,4,862.0,MEDIUM,2026,2,RSM-v0.1-checkpoint1,"{""replacement_prior"":50.0,""sample_reliability"":0.4737,""season_count"":4.0,""weighted_observed_rating"":50.96}"
00-0041149,Haynes King,CAR,QB,50.0,12.0,0,0,LOW,2026,2,RSM-v0.1-checkpoint1,"{""replacement_prior"":50.0,""sample_reliability"":0.0,""season_count"":0.0,""weighted_observed_rating"":50.0}"
00-0035251,Will Grier,CAR,QB,50.0,12.0,0,0,LOW,2026,2,RSM-v0.1-checkpoint1,"{""replacement_prior"":50.0,""sample_reliability"":0.0,""season_count"":0.0,""weighted_observed_rating"":50.0}"
00-0036555,Chuba Hubbard,CAR,RB,58.6,2.74,4,871.0,HIGH,2026,2,RSM-v0.1-checkpoint1,"{""replacement_prior"":50.0,""sample_reliability"":0.7721,""season_count"":4.0,""weighted_observed_rating"":58.6}"
00-0040644,Trevor Etienne,CAR,RB,53.69,8.67,1,23.0,LOW,2026,2,RSM-v0.1-checkpoint1,"{""replacement_prior"":50.0,""sample_reliability"":0.2771,""season_count"":1.0,""weighted_observed_rating"":53.69}"
00-0036265,AJ Dillon,CAR,RB,53.18,6.63,3,450.0,MEDIUM,2026,2,RSM-v0.1-checkpoint1,"{""replacement_prior"":50.0,""sample_reliability"":0.4475,""season_count"":3.0,""weighted_observed_rating"":53.18}"
00-0040260,Ahmani Marshall,CAR,RB,50.0,12.0,0,0,LOW,2026,2,RSM-v0.1-checkpoint1,"{""replacement_prior"":50.0,""sample_reliability"":0.0,""season_count"":0.0,""weighted_observed_rating"":50.0}"
00-0040394,Anthony Tyus III,CAR,RB,50.0,12.0,0,0,LOW,2026,2,RSM-v0.1-checkpoint1,"{""replacement_prior"":50.0,""sample_reliability"":0.0,""season_count"":0.0,""weighted_observed_rating"":50.0}"
00-0041485,Miles Davis,CAR,RB,50.0,12.0,0,0,LOW,2026,2,RSM-v0.1-checkpoint1,"{""replacement_prior"":50.0,""sample_reliability"":0.0,""season_count"":0.0,""weighted_observed_rating"":50.0}"
00-0039344,Jonathon Brooks,CAR,RB,49.98,10.0,1,12.0,LOW,2026,2,RSM-v0.1-checkpoint1,"{""replacement_prior"":50.0,""sample_reliability"":0.1667,""season_count"":1.0,""weighted_observed_rating"":49.98}"
00-0036962,Tre'von Moehrig,CAR,S,62.5,5.34,5,4106.0,MEDIUM,2026,2,RSM-v0.1-checkpoint1,"{""replacement_prior"":50.0,""sample_reliability"":0.5551,""season_count"":5.0,""weighted_observed_rating"":62.5}"
00-0036356,Isaiah Simmons,CAR,S,57.65,9.1,5,1456.0,LOW,2026,2,RSM-v0.1-checkpoint1,"{""replacement_prior"":50.0,""sample_reliability"":0.2415,""season_count"":5.0,""weighted_observed_rating"":57.65}"
00-0040159,Lathan Ransom,CAR,S,55.04,9.84,5,340.0,LOW,2026,2,RSM-v0.1-checkpoint1,"{""replacement_prior"":50.0,""sample_reliability"":0.1798,""season_count"":5.0,""weighted_observed_rating"":55.04}"
00-0035669,Nick Scott,CAR,S,53.58,5.92,5,2916.0,MEDIUM,2026,2,RSM-v0.1-checkpoint1,"{""replacement_prior"":50.0,""sample_reliability"":0.5066,""season_count"":5.0,""weighted_observed_rating"":53.58}"
00-0039601,Demani Richardson,CAR,S,51.47,10.02,5,433.0,LOW,2026,2,RSM-v0.1-checkpoint1,"{""replacement_prior"":50.0,""sample_reliability"":0.1647,""season_count"":5.0,""weighted_observed_rating"":51.47}"
00-0040044,Zion Childress,CAR,S,50.05,11.86,5,9.0,LOW,2026,2,RSM-v0.1-checkpoint1,"{""replacement_prior"":50.0,""sample_reliability"":0.0113,""season_count"":5.0,""weighted_observed_rating"":50.05}"
00-0041076,Zakee Wheatley,CAR,S,50.02,11.93,5,5.0,LOW,2026,2,RSM-v0.1-checkpoint1,"{""replacement_prior"":50.0,""sample_reliability"":0.0055,""season_count"":5.0,""weighted_observed_rating"":50.02}"
00-0031610,Darren Waller,CAR,TE,64.33,3.96,3,191.0,HIGH,2026,2,RSM-v0.1-checkpoint1,"{""replacement_prior"":50.0,""sample_reliability"":0.6696,""season_count"":3.0,""weighted_observed_rating"":64.33}"
00-0040187,Mitchell Evans,CAR,TE,58.92,3.31,1,65.5,MEDIUM,2026,2,RSM-v0.1-checkpoint1,"{""replacement_prior"":50.0,""sample_reliability"":0.7238,""season_count"":1.0,""weighted_observed_rating"":58.92}"
00-0037005,Tommy Tremble,CAR,TE,58.67,2.5,4,369.8,HIGH,2026,2,RSM-v0.1-checkpoint1,"{""replacement_prior"":50.0,""sample_reliability"":0.7913,""season_count"":4.0,""weighted_observed_rating"":58.67}"
00-0039356,Ja'Tavion Sanders,CAR,TE,57.56,3.05,2,154.0,HIGH,2026,2,RSM-v0.1-checkpoint1,"{""replacement_prior"":50.0,""sample_reliability"":0.7461,""season_count"":2.0,""weighted_observed_rating"":57.56}"
00-0040392,Caden Prieskorn,CAR,TE,50.0,12.0,0,0,LOW,2026,2,RSM-v0.1-checkpoint1,"{""replacement_prior"":50.0,""sample_reliability"":0.0,""season_count"":0.0,""weighted_observed_rating"":50.0}"
00-0036825,Feleipe Franks,CAR,TE,48.13,10.02,3,19.0,LOW,2026,2,RSM-v0.1-checkpoint1,"{""replacement_prior"":50.0,""sample_reliability"":0.1646,""season_count"":3.0,""weighted_observed_rating"":48.13}"
00-0039491,Jalen Coker,CAR,WR,62.86,3.9,2,144.8,HIGH,2026,2,RSM-v0.1-checkpoint1,"{""replacement_prior"":50.0,""sample_reliability"":0.6746,""season_count"":2.0,""weighted_observed_rating"":62.86}"
00-0040124,Tetairoa McMillan,CAR,WR,61.2,2.22,1,154.2,MEDIUM,2026,2,RSM-v0.1-checkpoint1,"{""replacement_prior"":50.0,""sample_reliability"":0.815,""season_count"":1.0,""weighted_observed_rating"":61.2}"
00-0039342,Xavier Legette,CAR,WR,54.98,2.91,2,220.3,HIGH,2026,2,RSM-v0.1-checkpoint1,"{""replacement_prior"":50.0,""sample_reliability"":0.7577,""season_count"":2.0,""weighted_observed_rating"":54.98}"
00-0038840,Brycen Tremayne,CAR,WR,54.17,7.55,2,47.5,MEDIUM,2026,2,RSM-v0.1-checkpoint1,"{""replacement_prior"":50.0,""sample_reliability"":0.3705,""season_count"":2.0,""weighted_observed_rating"":54.17}"
00-0038667,Elijah Cooks,CAR,WR,53.79,10.04,2,19.7,LOW,2026,2,RSM-v0.1-checkpoint1,"{""replacement_prior"":50.0,""sample_reliability"":0.1631,""season_count"":2.0,""weighted_observed_rating"":53.79}"
00-0033589,David Moore,CAR,WR,53.24,6.81,3,125.7,MEDIUM,2026,2,RSM-v0.1-checkpoint1,"{""replacement_prior"":50.0,""sample_reliability"":0.4326,""season_count"":3.0,""weighted_observed_rating"":53.24}"
00-0040218,Jimmy Horn Jr.,CAR,WR,53.21,7.04,1,24.7,MEDIUM,2026,2,RSM-v0.1-checkpoint1,"{""replacement_prior"":50.0,""sample_reliability"":0.4134,""season_count"":1.0,""weighted_observed_rating"":53.21}"
00-0037614,John Metchie III,CAR,WR,53.13,4.19,3,189.3,HIGH,2026,2,RSM-v0.1-checkpoint1,"{""replacement_prior"":50.0,""sample_reliability"":0.6509,""season_count"":3.0,""weighted_observed_rating"":53.13}"
00-0039394,Casey Washington,CAR,WR,52.95,8.41,2,32.2,LOW,2026,2,RSM-v0.1-checkpoint1,"{""replacement_prior"":50.0,""sample_reliability"":0.2994,""season_count"":2.0,""weighted_observed_rating"":52.95}"
00-0041047,Chris Brazzell II,CAR,WR,50.0,12.0,0,0,LOW,2026,2,RSM-v0.1-checkpoint1,"{""replacement_prior"":50.0,""sample_reliability"":0.0,""season_count"":0.0,""weighted_observed_rating"":50.0}"
00-0040265,Ja'Seem Reed,CAR,WR,50.0,12.0,0,0,LOW,2026,2,RSM-v0.1-checkpoint1,"{""replacement_prior"":50.0,""sample_reliability"":0.0,""season_count"":0.0,""weighted_observed_rating"":50.0}"
00-0040531,Roc Taylor,CAR,WR,50.0,12.0,0,0,LOW,2026,2,RSM-v0.1-checkpoint1,"{""replacement_prior"":50.0,""sample_reliability"":0.0,""season_count"":0.0,""weighted_observed_rating"":50.0}"
00-0038111,Kyler Gordon,CHI,CB,64.43,7.05,5,2352.0,MEDIUM,2026,2,RSM-v0.1-checkpoint1,"{""replacement_prior"":50.0,""sample_reliability"":0.4125,""season_count"":5.0,""weighted_observed_rating"":64.43}"
00-0039071,Tyrique Stevenson,CHI,CB,58.61,6.54,5,2230.0,MEDIUM,2026,2,RSM-v0.1-checkpoint1,"{""replacement_prior"":50.0,""sample_reliability"":0.455,""season_count"":5.0,""weighted_observed_rating"":58.61}"
00-0036292,Jaylon Johnson,CHI,CB,57.03,6.23,5,2782.0,MEDIUM,2026,2,RSM-v0.1-checkpoint1,"{""replacement_prior"":50.0,""sample_reliability"":0.4812,""season_count"":5.0,""weighted_observed_rating"":57.03}"
00-0039454,Beanie Bishop,CHI,CB,54.15,10.32,5,552.0,LOW,2026,2,RSM-v0.1-checkpoint1,"{""replacement_prior"":50.0,""sample_reliability"":0.14,""season_count"":5.0,""weighted_observed_rating"":54.15}"
00-0037106,Jaylon Jones,CHI,CB,54.02,9.42,5,728.0,LOW,2026,2,RSM-v0.1-checkpoint1,"{""replacement_prior"":50.0,""sample_reliability"":0.2152,""season_count"":5.0,""weighted_observed_rating"":54.02}"
00-0038568,Clark Phillips III,CHI,CB,53.64,8.94,5,858.0,LOW,2026,2,RSM-v0.1-checkpoint1,"{""replacement_prior"":50.0,""sample_reliability"":0.2548,""season_count"":5.0,""weighted_observed_rating"":53.64}"
00-0037395,Dallis Flowers,CHI,CB,52.4,9.36,5,603.0,LOW,2026,2,RSM-v0.1-checkpoint1,"{""replacement_prior"":50.0,""sample_reliability"":0.2201,""season_count"":5.0,""weighted_observed_rating"":52.4}"
00-0037129,Josh Blackwell,CHI,CB,51.93,10.58,5,260.0,LOW,2026,2,RSM-v0.1-checkpoint1,"{""replacement_prior"":50.0,""sample_reliability"":0.118,""season_count"":5.0,""weighted_observed_rating"":51.93}"
00-0039378,Deantre Prince,CHI,CB,50.57,11.17,5,105.0,LOW,2026,2,RSM-v0.1-checkpoint1,"{""replacement_prior"":50.0,""sample_reliability"":0.0692,""season_count"":5.0,""weighted_observed_rating"":50.57}"
00-0040550,Dontae Manning,CHI,CB,50.02,11.93,5,5.0,LOW,2026,2,RSM-v0.1-checkpoint1,"{""replacement_prior"":50.0,""sample_reliability"":0.0055,""season_count"":5.0,""weighted_observed_rating"":50.02}"
00-0041060,Malik Muhammad,CHI,CB,50.02,11.93,5,5.0,LOW,2026,2,RSM-v0.1-checkpoint1,"{""replacement_prior"":50.0,""sample_reliability"":0.0055,""season_count"":5.0,""weighted_observed_rating"":50.02}"
00-0041300,William Wright,CHI,CB,50.02,11.93,5,5.0,LOW,2026,2,RSM-v0.1-checkpoint1,"{""replacement_prior"":50.0,""sample_reliability"":0.0055,""season_count"":5.0,""weighted_observed_rating"":50.02}"
00-0031583,Grady Jarrett,CHI,DL,60.68,5.94,5,2529.0,MEDIUM,2026,2,RSM-v0.1-checkpoint1,"{""replacement_prior"":50.0,""sample_reliability"":0.5047,""season_count"":5.0,""weighted_observed_rating"":60.68}"
00-0034320,Kentavius Street,CHI,DL,58.47,7.22,5,1282.0,MEDIUM,2026,2,RSM-v0.1-checkpoint1,"{""replacement_prior"":50.0,""sample_reliability"":0.3987,""season_count"":5.0,""weighted_observed_rating"":58.47}"
00-0036366,Neville Gallimore,CHI,DL,57.94,6.71,5,1423.0,MEDIUM,2026,2,RSM-v0.1-checkpoint1,"{""replacement_prior"":50.0,""sample_reliability"":0.4412,""season_count"":5.0,""weighted_observed_rating"":57.94}"
00-0041171,Jayden Loving,CHI,DL,50.02,11.93,5,5.0,LOW,2026,2,RSM-v0.1-checkpoint1,"{""replacement_prior"":50.0,""sample_reliability"":0.0058,""season_count"":5.0,""weighted_observed_rating"":50.02}"
00-0041110,Jordan van den Berg,CHI,DL,50.02,11.93,5,5.0,LOW,2026,2,RSM-v0.1-checkpoint1,"{""replacement_prior"":50.0,""sample_reliability"":0.0058,""season_count"":5.0,""weighted_observed_rating"":50.02}"
00-0035647,Montez Sweat,CHI,EDGE,65.32,5.52,5,2891.0,MEDIUM,2026,2,RSM-v0.1-checkpoint1,"{""replacement_prior"":50.0,""sample_reliability"":0.5402,""season_count"":5.0,""weighted_observed_rating"":65.32}"
00-0036480,Dayo Odeyingbo,CHI,EDGE,57.9,5.97,5,2255.0,MEDIUM,2026,2,RSM-v0.1-checkpoint1,"{""replacement_prior"":50.0,""sample_reliability"":0.5028,""season_count"":5.0,""weighted_observed_rating"":57.9}"
00-0035386,T.J. Edwards,CHI,EDGE,57.38,5.42,5,3707.0,MEDIUM,2026,2,RSM-v0.1-checkpoint1,"{""replacement_prior"":50.0,""sample_reliability"":0.5484,""season_count"":5.0,""weighted_observed_rating"":57.38}"
00-0037109,Jack Sanborn,CHI,EDGE,55.98,6.98,5,1209.0,MEDIUM,2026,2,RSM-v0.1-checkpoint1,"{""replacement_prior"":50.0,""sample_reliability"":0.4186,""season_count"":5.0,""weighted_observed_rating"":55.98}"
00-0039840,Austin Booker,CHI,EDGE,55.85,8.03,5,807.0,LOW,2026,2,RSM-v0.1-checkpoint1,"{""replacement_prior"":50.0,""sample_reliability"":0.3309,""season_count"":5.0,""weighted_observed_rating"":55.85}"
00-0034344,Marcus Davenport,CHI,EDGE,54.45,7.69,5,979.0,MEDIUM,2026,2,RSM-v0.1-checkpoint1,"{""replacement_prior"":50.0,""sample_reliability"":0.3595,""season_count"":5.0,""weighted_observed_rating"":54.45}"
00-0036337,James Lynch,CHI,EDGE,53.53,7.77,5,857.0,MEDIUM,2026,2,RSM-v0.1-checkpoint1,"{""replacement_prior"":50.0,""sample_reliability"":0.3529,""season_count"":5.0,""weighted_observed_rating"":53.53}"
00-0037271,D'Marco Jackson,CHI,EDGE,52.96,9.18,5,336.0,LOW,2026,2,RSM-v0.1-checkpoint1,"{""replacement_prior"":50.0,""sample_reliability"":0.2347,""season_count"":5.0,""weighted_observed_rating"":52.96}"
00-0037544,Nephi Sewell,CHI,EDGE,52.36,10.35,5,152.0,LOW,2026,2,RSM-v0.1-checkpoint1,"{""replacement_prior"":50.0,""sample_reliability"":0.1372,""season_count"":5.0,""weighted_observed_rating"":52.36}"
00-0036634,Tony Fields II,CHI,EDGE,51.34,10.26,5,528.0,LOW,2026,2,RSM-v0.1-checkpoint1,"{""replacement_prior"":50.0,""sample_reliability"":0.1447,""season_count"":5.0,""weighted_observed_rating"":51.34}"
00-0038390,Noah Sewell,CHI,EDGE,51.06,9.31,5,443.0,LOW,2026,2,RSM-v0.1-checkpoint1,"{""replacement_prior"":50.0,""sample_reliability"":0.2245,""season_count"":5.0,""weighted_observed_rating"":51.06}"
00-0037843,Daniel Hardy,CHI,EDGE,51.02,10.53,5,128.0,LOW,2026,2,RSM-v0.1-checkpoint1,"{""replacement_prior"":50.0,""sample_reliability"":0.1226,""season_count"":5.0,""weighted_observed_rating"":51.02}"
00-0040741,Shemar Turner,CHI,EDGE,50.81,10.87,5,78.0,LOW,2026,2,RSM-v0.1-checkpoint1,"{""replacement_prior"":50.0,""sample_reliability"":0.094,""season_count"":5.0,""weighted_observed_rating"":50.81}"
00-0036239,Jonathan Garvin,CHI,EDGE,50.66,11.39,5,197.0,LOW,2026,2,RSM-v0.1-checkpoint1,"{""replacement_prior"":50.0,""sample_reliability"":0.0511,""season_count"":5.0,""weighted_observed_rating"":50.66}"
00-0040167,Ruben Hyppolite II,CHI,EDGE,50.05,11.39,5,35.0,LOW,2026,2,RSM-v0.1-checkpoint1,"{""replacement_prior"":50.0,""sample_reliability"":0.0511,""season_count"":5.0,""weighted_observed_rating"":50.05}"
00-0039461,Jamree Kromah,CHI,EDGE,50.02,11.92,5,5.0,LOW,2026,2,RSM-v0.1-checkpoint1,"{""replacement_prior"":50.0,""sample_reliability"":0.0066,""season_count"":5.0,""weighted_observed_rating"":50.02}"
00-0038716,Jeremiah Martin,CHI,EDGE,50.02,11.92,5,5.0,LOW,2026,2,RSM-v0.1-checkpoint1,"{""replacement_prior"":50.0,""sample_reliability"":0.0066,""season_count"":5.0,""weighted_observed_rating"":50.02}"
00-0031203,Cairo Santos,CHI,K,59.21,1.68,4,246.0,HIGH,2026,2,RSM-v0.1-checkpoint1,"{""replacement_prior"":50.0,""sample_reliability"":0.8603,""season_count"":4.0,""weighted_observed_rating"":59.21}"
00-0035525,Devin Bush,CHI,LB,60.04,6.03,5,2278.0,MEDIUM,2026,2,RSM-v0.1-checkpoint1,"{""replacement_prior"":50.0,""sample_reliability"":0.4971,""season_count"":5.0,""weighted_observed_rating"":60.04}"
00-0036870,Buddy Johnson,CHI,LB,50.71,11.46,5,35.0,LOW,2026,2,RSM-v0.1-checkpoint1,"{""replacement_prior"":50.0,""sample_reliability"":0.0449,""season_count"":5.0,""weighted_observed_rating"":50.71}"
00-0039587,Antonio Grier Jr.,CHI,LB,50.03,11.92,5,6.0,LOW,2026,2,RSM-v0.1-checkpoint1,"{""replacement_prior"":50.0,""sample_reliability"":0.0069,""season_count"":5.0,""weighted_observed_rating"":50.03}"
00-0041085,Keyshaun Elliott,CHI,LB,50.02,11.93,5,5.0,LOW,2026,2,RSM-v0.1-checkpoint1,"{""replacement_prior"":50.0,""sample_reliability"":0.0058,""season_count"":5.0,""weighted_observed_rating"":50.02}"
00-0041408,Wayne Matthews II,CHI,LB,50.02,11.93,5,5.0,LOW,2026,2,RSM-v0.1-checkpoint1,"{""replacement_prior"":50.0,""sample_reliability"":0.0058,""season_count"":5.0,""weighted_observed_rating"":50.02}"
00-0032391,Joe Thuney,CHI,OL,71.48,2.06,4,4362.0,LOW,2026,2,RSM-v0.1-checkpoint1,"{""replacement_prior"":50.0,""sample_reliability"":0.8284,""season_count"":4.0,""weighted_observed_rating"":71.48}"
00-0035588,Garrett Bradbury,CHI,OL,69.24,2.24,4,3874.0,LOW,2026,2,RSM-v0.1-checkpoint1,"{""replacement_prior"":50.0,""sample_reliability"":0.8137,""season_count"":4.0,""weighted_observed_rating"":69.24}"
00-0036258,Jonah Jackson,CHI,OL,66.49,3.19,4,3055.0,LOW,2026,2,RSM-v0.1-checkpoint1,"{""replacement_prior"":50.0,""sample_reliability"":0.7342,""season_count"":4.0,""weighted_observed_rating"":66.49}"
00-0038932,Darnell Wright,CHI,OL,64.57,2.13,3,3229.0,LOW,2026,2,RSM-v0.1-checkpoint1,"{""replacement_prior"":50.0,""sample_reliability"":0.8229,""season_count"":3.0,""weighted_observed_rating"":64.57}"
00-0037081,Braxton Jones,CHI,OL,58.63,4.21,4,2694.0,LOW,2026,2,RSM-v0.1-checkpoint1,"{""replacement_prior"":50.0,""sample_reliability"":0.6492,""season_count"":4.0,""weighted_observed_rating"":58.63}"
00-0039459,Theo Benedet,CHI,OL,53.51,3.42,1,577.0,LOW,2026,2,RSM-v0.1-checkpoint1,"{""replacement_prior"":50.0,""sample_reliability"":0.715,""season_count"":1.0,""weighted_observed_rating"":53.51}"
00-0040740,Ozzy Trapilo,CHI,OL,51.99,3.83,1,490.0,LOW,2026,2,RSM-v0.1-checkpoint1,"{""replacement_prior"":50.0,""sample_reliability"":0.6806,""season_count"":1.0,""weighted_observed_rating"":51.99}"
00-0039382,Christian Jones,CHI,OL,50.77,9.08,1,74.0,LOW,2026,2,RSM-v0.1-checkpoint1,"{""replacement_prior"":50.0,""sample_reliability"":0.2434,""season_count"":1.0,""weighted_observed_rating"":50.77}"
00-0041164,Caden Barnett,CHI,OL,50.0,12.0,0,0,LOW,2026,2,RSM-v0.1-checkpoint1,"{""replacement_prior"":50.0,""sample_reliability"":0.0,""season_count"":0.0,""weighted_observed_rating"":50.0}"
00-0041169,Jaren Kump,CHI,OL,50.0,12.0,0,0,LOW,2026,2,RSM-v0.1-checkpoint1,"{""replacement_prior"":50.0,""sample_reliability"":0.0,""season_count"":0.0,""weighted_observed_rating"":50.0}"
00-0041539,Logan Jones,CHI,OL,50.0,12.0,0,0,LOW,2026,2,RSM-v0.1-checkpoint1,"{""replacement_prior"":50.0,""sample_reliability"":0.0,""season_count"":0.0,""weighted_observed_rating"":50.0}"
00-0038595,Jordan McFadden,CHI,OL,49.15,10.89,3,166.0,LOW,2026,2,RSM-v0.1-checkpoint1,"{""replacement_prior"":50.0,""sample_reliability"":0.0928,""season_count"":3.0,""weighted_observed_rating"":49.15}"
00-0040210,Luke Newman,CHI,OL,48.85,10.82,1,25.0,LOW,2026,2,RSM-v0.1-checkpoint1,"{""replacement_prior"":50.0,""sample_reliability"":0.098,""season_count"":1.0,""weighted_observed_rating"":48.85}"
00-0039624,Kyle Hergel,CHI,OL,48.22,10.04,1,45.0,LOW,2026,2,RSM-v0.1-checkpoint1,"{""replacement_prior"":50.0,""sample_reliability"":0.1636,""season_count"":1.0,""weighted_observed_rating"":48.22}"
00-0039745,Tory Taylor,CHI,OTHER,58.15,4.95,2,283.0,MEDIUM,2026,2,RSM-v0.1-checkpoint1,"{""replacement_prior"":50.0,""sample_reliability"":0.5873,""season_count"":2.0,""weighted_observed_rating"":58.15}"
00-0041167,Beau Gardner,CHI,OTHER,50.0,12.0,0,0,LOW,2026,2,RSM-v0.1-checkpoint1,"{""replacement_prior"":50.0,""sample_reliability"":0.0,""season_count"":0.0,""weighted_observed_rating"":50.0}"
00-0039918,Caleb Williams,CHI,QB,61.56,1.7,2,1222.0,HIGH,2026,2,RSM-v0.1-checkpoint1,"{""replacement_prior"":50.0,""sample_reliability"":0.8585,""season_count"":2.0,""weighted_observed_rating"":61.56}"
00-0038416,Tyson Bagent,CHI,QB,50.87,10.2,3,154.0,LOW,2026,2,RSM-v0.1-checkpoint1,"{""replacement_prior"":50.0,""sample_reliability"":0.15,""season_count"":3.0,""weighted_observed_rating"":50.87}"
00-0041172,Miller Moss,CHI,QB,50.0,12.0,0,0,LOW,2026,2,RSM-v0.1-checkpoint1,"{""replacement_prior"":50.0,""sample_reliability"":0.0,""season_count"":0.0,""weighted_observed_rating"":50.0}"
00-0028986,Case Keenum,CHI,QB,46.54,9.01,2,66.0,LOW,2026,2,RSM-v0.1-checkpoint1,"{""replacement_prior"":50.0,""sample_reliability"":0.2488,""season_count"":2.0,""weighted_observed_rating"":46.54}"
00-0036275,D'Andre Swift,CHI,RB,61.03,2.23,4,1023.0,HIGH,2026,2,RSM-v0.1-checkpoint1,"{""replacement_prior"":50.0,""sample_reliability"":0.8142,""season_count"":4.0,""weighted_observed_rating"":61.03}"
00-0040236,Kyle Monangai,CHI,RB,60.56,2.78,1,199.0,MEDIUM,2026,2,RSM-v0.1-checkpoint1,"{""replacement_prior"":50.0,""sample_reliability"":0.7683,""season_count"":1.0,""weighted_observed_rating"":60.56}"
00-0039021,Roschon Johnson,CHI,RB,54.58,8.02,3,198.0,LOW,2026,2,RSM-v0.1-checkpoint1,"{""replacement_prior"":50.0,""sample_reliability"":0.3315,""season_count"":3.0,""weighted_observed_rating"":54.58}"
00-0037329,Brittain Brown,CHI,RB,53.37,10.91,1,6.0,LOW,2026,2,RSM-v0.1-checkpoint1,"{""replacement_prior"":50.0,""sample_reliability"":0.0909,""season_count"":1.0,""weighted_observed_rating"":53.37}"
00-0036020,Salvon Ahmed,CHI,RB,52.71,8.06,2,58.0,LOW,2026,2,RSM-v0.1-checkpoint1,"{""replacement_prior"":50.0,""sample_reliability"":0.3284,""season_count"":2.0,""weighted_observed_rating"":52.71}"
00-0038440,Zavier Scott,CHI,RB,50.51,6.67,1,48.0,MEDIUM,2026,2,RSM-v0.1-checkpoint1,"{""replacement_prior"":50.0,""sample_reliability"":0.4444,""season_count"":1.0,""weighted_observed_rating"":50.51}"
00-0038136,Coby Bryant,CHI,S,59.5,6.06,5,2666.0,MEDIUM,2026,2,RSM-v0.1-checkpoint1,"{""replacement_prior"":50.0,""sample_reliability"":0.4947,""season_count"":5.0,""weighted_observed_rating"":59.5}"
00-0035357,Cam Lewis,CHI,S,57.1,7.14,5,1217.0,MEDIUM,2026,2,RSM-v0.1-checkpoint1,"{""replacement_prior"":50.0,""sample_reliability"":0.4049,""season_count"":5.0,""weighted_observed_rating"":57.1}"
00-0033579,Xavier Woods,CHI,S,57.06,5.69,5,3541.0,MEDIUM,2026,2,RSM-v0.1-checkpoint1,"{""replacement_prior"":50.0,""sample_reliability"":0.5256,""season_count"":5.0,""weighted_observed_rating"":57.06}"
00-0037096,Elijah Hicks,CHI,S,51.96,8.2,5,1074.0,LOW,2026,2,RSM-v0.1-checkpoint1,"{""replacement_prior"":50.0,""sample_reliability"":0.3169,""season_count"":5.0,""weighted_observed_rating"":51.96}"
00-0038411,Anthony Johnson,CHI,S,51.43,10.82,5,327.0,LOW,2026,2,RSM-v0.1-checkpoint1,"{""replacement_prior"":50.0,""sample_reliability"":0.098,""season_count"":5.0,""weighted_observed_rating"":51.43}"
00-0038696,Keidron Smith,CHI,S,50.27,10.89,5,88.0,LOW,2026,2,RSM-v0.1-checkpoint1,"{""replacement_prior"":50.0,""sample_reliability"":0.0926,""season_count"":5.0,""weighted_observed_rating"":50.27}"
00-0041538,Dillon Thieneman,CHI,S,50.02,11.93,5,5.0,LOW,2026,2,RSM-v0.1-checkpoint1,"{""replacement_prior"":50.0,""sample_reliability"":0.0055,""season_count"":5.0,""weighted_observed_rating"":50.02}"
00-0041021,Marlen Sewell,CHI,S,50.02,11.93,5,5.0,LOW,2026,2,RSM-v0.1-checkpoint1,"{""replacement_prior"":50.0,""sample_reliability"":0.0055,""season_count"":5.0,""weighted_observed_rating"":50.02}"
00-0041175,Skyler Thomas,CHI,S,50.02,11.93,5,5.0,LOW,2026,2,RSM-v0.1-checkpoint1,"{""replacement_prior"":50.0,""sample_reliability"":0.0055,""season_count"":5.0,""weighted_observed_rating"":50.02}"
00-0040126,Colston Loveland,CHI,TE,69.24,2.12,1,116.8,MEDIUM,2026,2,RSM-v0.1-checkpoint1,"{""replacement_prior"":50.0,""sample_reliability"":0.8237,""season_count"":1.0,""weighted_observed_rating"":69.24}"
00-0036290,Cole Kmet,CHI,TE,66.28,1.77,4,601.8,HIGH,2026,2,RSM-v0.1-checkpoint1,"{""replacement_prior"":50.0,""sample_reliability"":0.8524,""season_count"":4.0,""weighted_observed_rating"":66.28}"
00-0041170,Hayden Large,CHI,TE,50.0,12.0,0,0,LOW,2026,2,RSM-v0.1-checkpoint1,"{""replacement_prior"":50.0,""sample_reliability"":0.0,""season_count"":0.0,""weighted_observed_rating"":50.0}"
00-0039843,Qadir Ismail,CHI,TE,50.0,12.0,0,0,LOW,2026,2,RSM-v0.1-checkpoint1,"{""replacement_prior"":50.0,""sample_reliability"":0.0,""season_count"":0.0,""weighted_observed_rating"":50.0}"
00-0041558,Sam Roush,CHI,TE,50.0,12.0,0,0,LOW,2026,2,RSM-v0.1-checkpoint1,"{""replacement_prior"":50.0,""sample_reliability"":0.0,""season_count"":0.0,""weighted_observed_rating"":50.0}"
00-0035039,Stephen Carlson,CHI,TE,49.43,10.98,1,2.3,LOW,2026,2,RSM-v0.1-checkpoint1,"{""replacement_prior"":50.0,""sample_reliability"":0.0854,""season_count"":1.0,""weighted_observed_rating"":49.43}"
00-0037031,Nikola Kalinic,CHI,TE,47.54,9.14,1,7.8,LOW,2026,2,RSM-v0.1-checkpoint1,"{""replacement_prior"":50.0,""sample_reliability"":0.2386,""season_count"":1.0,""weighted_observed_rating"":47.54}"
00-0040735,Luther Burden III,CHI,WR,62.67,4.12,1,67.0,MEDIUM,2026,2,RSM-v0.1-checkpoint1,"{""replacement_prior"":50.0,""sample_reliability"":0.6569,""season_count"":1.0,""weighted_observed_rating"":62.67}"
00-0032464,Kalif Raymond,CHI,WR,61.84,4.74,4,245.3,MEDIUM,2026,2,RSM-v0.1-checkpoint1,"{""replacement_prior"":50.0,""sample_reliability"":0.605,""season_count"":4.0,""weighted_observed_rating"":61.84}"
00-0039919,Rome Odunze,CHI,WR,59.33,2.47,2,281.2,HIGH,2026,2,RSM-v0.1-checkpoint1,"{""replacement_prior"":50.0,""sample_reliability"":0.7942,""season_count"":2.0,""weighted_observed_rating"":59.33}"
00-0040277,Jahdae Walker,CHI,WR,56.13,8.51,1,14.3,LOW,2026,2,RSM-v0.1-checkpoint1,"{""replacement_prior"":50.0,""sample_reliability"":0.2905,""season_count"":1.0,""weighted_observed_rating"":56.13}"
00-0034407,Ray-Ray McCloud,CHI,WR,54.59,4.81,4,281.2,MEDIUM,2026,2,RSM-v0.1-checkpoint1,"{""replacement_prior"":50.0,""sample_reliability"":0.5993,""season_count"":4.0,""weighted_observed_rating"":54.59}"
00-0035298,Scott Miller,CHI,WR,54.45,6.14,4,148.8,MEDIUM,2026,2,RSM-v0.1-checkpoint1,"{""replacement_prior"":50.0,""sample_reliability"":0.488,""season_count"":4.0,""weighted_observed_rating"":54.45}"
00-0040275,JP Richardson,CHI,WR,50.0,12.0,0,0,LOW,2026,2,RSM-v0.1-checkpoint1,"{""replacement_prior"":50.0,""sample_reliability"":0.0,""season_count"":0.0,""weighted_observed_rating"":50.0}"
00-0041168,Omari Kelly,CHI,WR,50.0,12.0,0,0,LOW,2026,2,RSM-v0.1-checkpoint1,"{""replacement_prior"":50.0,""sample_reliability"":0.0,""season_count"":0.0,""weighted_observed_rating"":50.0}"
00-0041265,Squirrel White,CHI,WR,50.0,12.0,0,0,LOW,2026,2,RSM-v0.1-checkpoint1,"{""replacement_prior"":50.0,""sample_reliability"":0.0,""season_count"":0.0,""weighted_observed_rating"":50.0}"
00-0041051,Zavion Thomas,CHI,WR,50.0,12.0,0,0,LOW,2026,2,RSM-v0.1-checkpoint1,"{""replacement_prior"":50.0,""sample_reliability"":0.0,""season_count"":0.0,""weighted_observed_rating"":50.0}"
00-0037708,Maurice Alexander,CHI,WR,49.92,11.87,2,1.3,LOW,2026,2,RSM-v0.1-checkpoint1,"{""replacement_prior"":50.0,""sample_reliability"":0.011,""season_count"":2.0,""weighted_observed_rating"":49.92}"
00-0037380,Kaden Davis,CHI,WR,49.86,11.65,2,2.7,LOW,2026,2,RSM-v0.1-checkpoint1,"{""replacement_prior"":50.0,""sample_reliability"":0.0295,""season_count"":2.0,""weighted_observed_rating"":49.86}"
00-0037743,Daxton Hill,CIN,CB,62.85,6.3,5,2499.0,MEDIUM,2026,2,RSM-v0.1-checkpoint1,"{""replacement_prior"":50.0,""sample_reliability"":0.4749,""season_count"":5.0,""weighted_observed_rating"":62.85}"
00-0038549,DJ Turner II,CIN,CB,58.42,6.46,5,2312.0,MEDIUM,2026,2,RSM-v0.1-checkpoint1,"{""replacement_prior"":50.0,""sample_reliability"":0.4617,""season_count"":5.0,""weighted_observed_rating"":58.42}"
00-0034446,Jalen Davis,CIN,CB,58.13,9.03,5,423.0,LOW,2026,2,RSM-v0.1-checkpoint1,"{""replacement_prior"":50.0,""sample_reliability"":0.2471,""season_count"":5.0,""weighted_observed_rating"":58.13}"
00-0037307,Ja'Sir Taylor,CIN,CB,56.44,7.62,5,1183.0,MEDIUM,2026,2,RSM-v0.1-checkpoint1,"{""replacement_prior"":50.0,""sample_reliability"":0.3652,""season_count"":5.0,""weighted_observed_rating"":56.44}"
00-0039375,Josh Newton,CIN,CB,52.88,8.41,5,782.0,LOW,2026,2,RSM-v0.1-checkpoint1,"{""replacement_prior"":50.0,""sample_reliability"":0.2989,""season_count"":5.0,""weighted_observed_rating"":52.88}"
00-0038642,D.J. Ivey,CIN,CB,52.72,10.02,5,197.0,LOW,2026,2,RSM-v0.1-checkpoint1,"{""replacement_prior"":50.0,""sample_reliability"":0.1646,""season_count"":5.0,""weighted_observed_rating"":52.72}"
00-0040251,Trikweze Bridges,CIN,CB,52.06,10.07,5,252.0,LOW,2026,2,RSM-v0.1-checkpoint1,"{""replacement_prior"":50.0,""sample_reliability"":0.1605,""season_count"":5.0,""weighted_observed_rating"":52.06}"
00-0040372,Bralyn Lux,CIN,CB,50.1,11.64,5,23.0,LOW,2026,2,RSM-v0.1-checkpoint1,"{""replacement_prior"":50.0,""sample_reliability"":0.0298,""season_count"":5.0,""weighted_observed_rating"":50.1}"
00-0041249,Ceyair Wright,CIN,CB,50.02,11.93,5,5.0,LOW,2026,2,RSM-v0.1-checkpoint1,"{""replacement_prior"":50.0,""sample_reliability"":0.0055,""season_count"":5.0,""weighted_observed_rating"":50.02}"
00-0040518,Jalen Kimber,CIN,CB,50.02,11.93,5,5.0,LOW,2026,2,RSM-v0.1-checkpoint1,"{""replacement_prior"":50.0,""sample_reliability"":0.0055,""season_count"":5.0,""weighted_observed_rating"":50.02}"
00-0040983,Matthew McDoom,CIN,CB,50.02,11.93,5,5.0,LOW,2026,2,RSM-v0.1-checkpoint1,"{""replacement_prior"":50.0,""sample_reliability"":0.0055,""season_count"":5.0,""weighted_observed_rating"":50.02}"
00-0041464,Tacario Davis,CIN,CB,50.02,11.93,5,5.0,LOW,2026,2,RSM-v0.1-checkpoint1,"{""replacement_prior"":50.0,""sample_reliability"":0.0055,""season_count"":5.0,""weighted_observed_rating"":50.02}"
00-0035683,Dexter Lawrence,CIN,DL,66.06,5.72,5,2878.0,MEDIUM,2026,2,RSM-v0.1-checkpoint1,"{""replacement_prior"":50.0,""sample_reliability"":0.5236,""season_count"":5.0,""weighted_observed_rating"":66.06}"
00-0033523,Jonathan Allen,CIN,DL,62.82,5.92,5,2782.0,MEDIUM,2026,2,RSM-v0.1-checkpoint1,"{""replacement_prior"":50.0,""sample_reliability"":0.5066,""season_count"":5.0,""weighted_observed_rating"":62.82}"
00-0034800,B.J. Hill,CIN,DL,62.4,5.67,5,2975.0,MEDIUM,2026,2,RSM-v0.1-checkpoint1,"{""replacement_prior"":50.0,""sample_reliability"":0.5273,""season_count"":5.0,""weighted_observed_rating"":62.4}"
00-0036642,Tedarrell Slaton,CIN,DL,56.98,6.15,5,1969.0,MEDIUM,2026,2,RSM-v0.1-checkpoint1,"{""replacement_prior"":50.0,""sample_reliability"":0.4871,""season_count"":5.0,""weighted_observed_rating"":56.98}"
00-0039908,Kris Jenkins,CIN,DL,54.76,7.94,5,997.0,LOW,2026,2,RSM-v0.1-checkpoint1,"{""replacement_prior"":50.0,""sample_reliability"":0.3385,""season_count"":5.0,""weighted_observed_rating"":54.76}"
00-0039354,McKinnley Jackson,CIN,DL,52.92,9.28,5,381.0,LOW,2026,2,RSM-v0.1-checkpoint1,"{""replacement_prior"":50.0,""sample_reliability"":0.227,""season_count"":5.0,""weighted_observed_rating"":52.92}"
00-0040369,Howard Cross III,CIN,DL,50.22,11.21,5,54.0,LOW,2026,2,RSM-v0.1-checkpoint1,"{""replacement_prior"":50.0,""sample_reliability"":0.0656,""season_count"":5.0,""weighted_observed_rating"":50.22}"
00-0041118,Landon Robinson,CIN,DL,50.02,11.93,5,5.0,LOW,2026,2,RSM-v0.1-checkpoint1,"{""replacement_prior"":50.0,""sample_reliability"":0.0058,""season_count"":5.0,""weighted_observed_rating"":50.02}"
00-0038133,Boye Mafe,CIN,EDGE,60.1,5.76,5,2402.0,MEDIUM,2026,2,RSM-v0.1-checkpoint1,"{""replacement_prior"":50.0,""sample_reliability"":0.52,""season_count"":5.0,""weighted_observed_rating"":60.1}"
00-0038546,Myles Murphy,CIN,EDGE,55.91,6.83,5,1342.0,MEDIUM,2026,2,RSM-v0.1-checkpoint1,"{""replacement_prior"":50.0,""sample_reliability"":0.4309,""season_count"":5.0,""weighted_observed_rating"":55.91}"
00-0039752,Cedric Johnson,CIN,EDGE,54.6,9.31,5,293.0,LOW,2026,2,RSM-v0.1-checkpoint1,"{""replacement_prior"":50.0,""sample_reliability"":0.2243,""season_count"":5.0,""weighted_observed_rating"":54.6}"
00-0040756,Shemar Stewart,CIN,EDGE,52.01,9.83,5,284.0,LOW,2026,2,RSM-v0.1-checkpoint1,"{""replacement_prior"":50.0,""sample_reliability"":0.1806,""season_count"":5.0,""weighted_observed_rating"":52.01}"
00-0039143,Isaiah Foskey,CIN,EDGE,51.52,10.21,5,183.0,LOW,2026,2,RSM-v0.1-checkpoint1,"{""replacement_prior"":50.0,""sample_reliability"":0.1493,""season_count"":5.0,""weighted_observed_rating"":51.52}"
00-0040018,Antwaun Powell-Ryland,CIN,EDGE,50.02,11.92,5,5.0,LOW,2026,2,RSM-v0.1-checkpoint1,"{""replacement_prior"":50.0,""sample_reliability"":0.0066,""season_count"":5.0,""weighted_observed_rating"":50.02}"
00-0041546,Cashius Howell,CIN,EDGE,50.02,11.92,5,5.0,LOW,2026,2,RSM-v0.1-checkpoint1,"{""replacement_prior"":50.0,""sample_reliability"":0.0066,""season_count"":5.0,""weighted_observed_rating"":50.02}"
00-0040472,Garmon Randolph,CIN,EDGE,50.02,11.92,5,5.0,LOW,2026,2,RSM-v0.1-checkpoint1,"{""replacement_prior"":50.0,""sample_reliability"":0.0066,""season_count"":5.0,""weighted_observed_rating"":50.02}"
00-0036854,Evan McPherson,CIN,K,54.72,1.53,4,276.0,HIGH,2026,2,RSM-v0.1-checkpoint1,"{""replacement_prior"":50.0,""sample_reliability"":0.8722,""season_count"":4.0,""weighted_observed_rating"":54.72}"
00-0034754,Oren Burks,CIN,LB,56.67,7.41,5,971.0,MEDIUM,2026,2,RSM-v0.1-checkpoint1,"{""replacement_prior"":50.0,""sample_reliability"":0.3828,""season_count"":5.0,""weighted_observed_rating"":56.67}"
00-0040738,Demetrius Knight Jr.,CIN,LB,55.89,9.28,5,802.0,LOW,2026,2,RSM-v0.1-checkpoint1,"{""replacement_prior"":50.0,""sample_reliability"":0.2269,""season_count"":5.0,""weighted_observed_rating"":55.89}"
00-0040157,Barrett Carter,CIN,LB,51.68,9.28,5,796.0,LOW,2026,2,RSM-v0.1-checkpoint1,"{""replacement_prior"":50.0,""sample_reliability"":0.2266,""season_count"":5.0,""weighted_observed_rating"":51.68}"
00-0035363,Joe Giles-Harris,CIN,LB,51.3,11.09,5,86.0,LOW,2026,2,RSM-v0.1-checkpoint1,"{""replacement_prior"":50.0,""sample_reliability"":0.0755,""season_count"":5.0,""weighted_observed_rating"":51.3}"
00-0038890,Shaka Heyward,CIN,LB,51.2,11.25,5,51.0,LOW,2026,2,RSM-v0.1-checkpoint1,"{""replacement_prior"":50.0,""sample_reliability"":0.0623,""season_count"":5.0,""weighted_observed_rating"":51.2}"
00-0039313,Swayze Bozeman,CIN,LB,50.08,11.32,5,45.0,LOW,2026,2,RSM-v0.1-checkpoint1,"{""replacement_prior"":50.0,""sample_reliability"":0.0564,""season_count"":5.0,""weighted_observed_rating"":50.08}"
00-0041243,Eric Gentry,CIN,LB,50.02,11.93,5,5.0,LOW,2026,2,RSM-v0.1-checkpoint1,"{""replacement_prior"":50.0,""sample_reliability"":0.0058,""season_count"":5.0,""weighted_observed_rating"":50.02}"
00-0041242,Jack Dingle,CIN,LB,50.02,11.93,5,5.0,LOW,2026,2,RSM-v0.1-checkpoint1,"{""replacement_prior"":50.0,""sample_reliability"":0.0058,""season_count"":5.0,""weighted_observed_rating"":50.02}"
00-0032445,Ted Karras,CIN,OL,71.38,2.06,4,4424.0,LOW,2026,2,RSM-v0.1-checkpoint1,"{""replacement_prior"":50.0,""sample_reliability"":0.8284,""season_count"":4.0,""weighted_observed_rating"":71.38}"
00-0034752,Orlando Brown,CIN,OL,69.97,2.38,4,3938.0,LOW,2026,2,RSM-v0.1-checkpoint1,"{""replacement_prior"":50.0,""sample_reliability"":0.8016,""season_count"":4.0,""weighted_observed_rating"":69.97}"
00-0035702,Dalton Risner,CIN,OL,64.76,2.95,4,3018.0,LOW,2026,2,RSM-v0.1-checkpoint1,"{""replacement_prior"":50.0,""sample_reliability"":0.7541,""season_count"":4.0,""weighted_observed_rating"":64.76}"
00-0040140,Dylan Fairchild,CIN,OL,63.02,2.32,1,962.0,LOW,2026,2,RSM-v0.1-checkpoint1,"{""replacement_prior"":50.0,""sample_reliability"":0.807,""season_count"":1.0,""weighted_observed_rating"":63.02}"
00-0039925,Amarius Mims,CIN,OL,61.8,2.33,2,1887.0,LOW,2026,2,RSM-v0.1-checkpoint1,"{""replacement_prior"":50.0,""sample_reliability"":0.806,""season_count"":2.0,""weighted_observed_rating"":61.8}"
00-0039158,Blake Freeland,CIN,OL,50.93,7.73,2,725.0,LOW,2026,2,RSM-v0.1-checkpoint1,"{""replacement_prior"":50.0,""sample_reliability"":0.3558,""season_count"":2.0,""weighted_observed_rating"":50.93}"
00-0040180,Jalen Rivers,CIN,OL,50.37,3.91,1,476.0,LOW,2026,2,RSM-v0.1-checkpoint1,"{""replacement_prior"":50.0,""sample_reliability"":0.6742,""season_count"":1.0,""weighted_observed_rating"":50.37}"
00-0039535,Andrew Coker,CIN,OL,50.0,12.0,0,0,LOW,2026,2,RSM-v0.1-checkpoint1,"{""replacement_prior"":50.0,""sample_reliability"":0.0,""season_count"":0.0,""weighted_observed_rating"":50.0}"
00-0041098,Brian Parker II,CIN,OL,50.0,12.0,0,0,LOW,2026,2,RSM-v0.1-checkpoint1,"{""replacement_prior"":50.0,""sample_reliability"":0.0,""season_count"":0.0,""weighted_observed_rating"":50.0}"
00-0041245,Christian Jones,CIN,OL,50.0,12.0,0,0,LOW,2026,2,RSM-v0.1-checkpoint1,"{""replacement_prior"":50.0,""sample_reliability"":0.0,""season_count"":0.0,""weighted_observed_rating"":50.0}"
00-0041062,Connor Lew,CIN,OL,50.0,12.0,0,0,LOW,2026,2,RSM-v0.1-checkpoint1,"{""replacement_prior"":50.0,""sample_reliability"":0.0,""season_count"":0.0,""weighted_observed_rating"":50.0}"
00-0041247,Corey Robinson II,CIN,OL,50.0,12.0,0,0,LOW,2026,2,RSM-v0.1-checkpoint1,"{""replacement_prior"":50.0,""sample_reliability"":0.0,""season_count"":0.0,""weighted_observed_rating"":50.0}"
00-0040359,Jacob Bayer,CIN,OL,50.0,12.0,0,0,LOW,2026,2,RSM-v0.1-checkpoint1,"{""replacement_prior"":50.0,""sample_reliability"":0.0,""season_count"":0.0,""weighted_observed_rating"":50.0}"
00-0039742,Javon Foster,CIN,OL,50.0,12.0,0,0,LOW,2026,2,RSM-v0.1-checkpoint1,"{""replacement_prior"":50.0,""sample_reliability"":0.0,""season_count"":0.0,""weighted_observed_rating"":50.0}"
00-0041240,Liam Brown,CIN,OL,50.0,12.0,0,0,LOW,2026,2,RSM-v0.1-checkpoint1,"{""replacement_prior"":50.0,""sample_reliability"":0.0,""season_count"":0.0,""weighted_observed_rating"":50.0}"
00-0040015,Myles Hinton,CIN,OL,50.0,12.0,0,0,LOW,2026,2,RSM-v0.1-checkpoint1,"{""replacement_prior"":50.0,""sample_reliability"":0.0,""season_count"":0.0,""weighted_observed_rating"":50.0}"
00-0040379,William Wagner,CIN,OTHER,57.17,5.04,1,138.0,MEDIUM,2026,2,RSM-v0.1-checkpoint1,"{""replacement_prior"":50.0,""sample_reliability"":0.5798,""season_count"":1.0,""weighted_observed_rating"":57.17}"
00-0039323,Ryan Rehkow,CIN,OTHER,57.14,5.01,2,279.0,MEDIUM,2026,2,RSM-v0.1-checkpoint1,"{""replacement_prior"":50.0,""sample_reliability"":0.5823,""season_count"":2.0,""weighted_observed_rating"":57.14}"
00-0036442,Joe Burrow,CIN,QB,64.01,2.39,4,2012.0,HIGH,2026,2,RSM-v0.1-checkpoint1,"{""replacement_prior"":50.0,""sample_reliability"":0.8007,""season_count"":4.0,""weighted_observed_rating"":64.01}"
00-0026158,Joe Flacco,CIN,QB,56.67,3.04,4,1113.0,HIGH,2026,2,RSM-v0.1-checkpoint1,"{""replacement_prior"":50.0,""sample_reliability"":0.7465,""season_count"":4.0,""weighted_observed_rating"":56.67}"
00-0026300,Josh Johnson,CIN,QB,51.73,9.61,3,62.0,LOW,2026,2,RSM-v0.1-checkpoint1,"{""replacement_prior"":50.0,""sample_reliability"":0.1989,""season_count"":3.0,""weighted_observed_rating"":51.73}"
00-0038391,Sean Clifford,CIN,QB,50.46,11.88,1,1.0,LOW,2026,2,RSM-v0.1-checkpoint1,"{""replacement_prior"":50.0,""sample_reliability"":0.0099,""season_count"":1.0,""weighted_observed_rating"":50.46}"
00-0038597,Chase Brown,CIN,RB,60.22,2.81,3,673.0,HIGH,2026,2,RSM-v0.1-checkpoint1,"{""replacement_prior"":50.0,""sample_reliability"":0.7655,""season_count"":3.0,""weighted_observed_rating"":60.22}"
00-0033526,Samaje Perine,CIN,RB,58.98,4.76,4,415.0,MEDIUM,2026,2,RSM-v0.1-checkpoint1,"{""replacement_prior"":50.0,""sample_reliability"":0.6031,""season_count"":4.0,""weighted_observed_rating"":58.98}"
00-0039266,Kendall Milton,CIN,RB,50.34,11.61,1,2.0,LOW,2026,2,RSM-v0.1-checkpoint1,"{""replacement_prior"":50.0,""sample_reliability"":0.0323,""season_count"":1.0,""weighted_observed_rating"":50.34}"
00-0041244,Jamal Haynes,CIN,RB,50.0,12.0,0,0,LOW,2026,2,RSM-v0.1-checkpoint1,"{""replacement_prior"":50.0,""sample_reliability"":0.0,""season_count"":0.0,""weighted_observed_rating"":50.0}"
00-0041241,Kentrel Bullock,CIN,RB,50.0,12.0,0,0,LOW,2026,2,RSM-v0.1-checkpoint1,"{""replacement_prior"":50.0,""sample_reliability"":0.0,""season_count"":0.0,""weighted_observed_rating"":50.0}"
00-0040208,Tahj Brooks,CIN,RB,47.03,9.23,1,18.0,LOW,2026,2,RSM-v0.1-checkpoint1,"{""replacement_prior"":50.0,""sample_reliability"":0.2308,""season_count"":1.0,""weighted_observed_rating"":47.03}"
00-0036231,Kyle Dugger,CIN,S,62.94,5.61,5,3370.0,MEDIUM,2026,2,RSM-v0.1-checkpoint1,"{""replacement_prior"":50.0,""sample_reliability"":0.5326,""season_count"":5.0,""weighted_observed_rating"":62.94}"
00-0038560,Jordan Battle,CIN,S,59.42,6.58,5,2037.0,MEDIUM,2026,2,RSM-v0.1-checkpoint1,"{""replacement_prior"":50.0,""sample_reliability"":0.4517,""season_count"":5.0,""weighted_observed_rating"":59.42}"
00-0037193,Bryan Cook,CIN,S,55.7,5.74,5,2766.0,MEDIUM,2026,2,RSM-v0.1-checkpoint1,"{""replacement_prior"":50.0,""sample_reliability"":0.5214,""season_count"":5.0,""weighted_observed_rating"":55.7}"
00-0037844,Russ Yeast,CIN,S,51.39,10.19,5,938.0,LOW,2026,2,RSM-v0.1-checkpoint1,"{""replacement_prior"":50.0,""sample_reliability"":0.1511,""season_count"":5.0,""weighted_observed_rating"":51.39}"
00-0039414,Daijahn Anthony,CIN,S,50.37,11.35,5,46.0,LOW,2026,2,RSM-v0.1-checkpoint1,"{""replacement_prior"":50.0,""sample_reliability"":0.0542,""season_count"":5.0,""weighted_observed_rating"":50.37}"
00-0039632,PJ Jules,CIN,S,50.3,11.81,5,12.0,LOW,2026,2,RSM-v0.1-checkpoint1,"{""replacement_prior"":50.0,""sample_reliability"":0.0155,""season_count"":5.0,""weighted_observed_rating"":50.3}"
00-0034829,Mike Gesicki,CIN,TE,58.56,3.17,4,308.7,HIGH,2026,2,RSM-v0.1-checkpoint1,"{""replacement_prior"":50.0,""sample_reliability"":0.7359,""season_count"":4.0,""weighted_observed_rating"":58.56}"
00-0039814,Erick All,CIN,TE,56.98,4.72,1,38.5,MEDIUM,2026,2,RSM-v0.1-checkpoint1,"{""replacement_prior"":50.0,""sample_reliability"":0.6063,""season_count"":1.0,""weighted_observed_rating"":56.98}"
00-0035631,Drew Sample,CIN,TE,55.6,3.31,4,297.7,HIGH,2026,2,RSM-v0.1-checkpoint1,"{""replacement_prior"":50.0,""sample_reliability"":0.7243,""season_count"":4.0,""weighted_observed_rating"":55.6}"
00-0034613,Tanner Hudson,CIN,TE,55.53,5.52,4,140.8,MEDIUM,2026,2,RSM-v0.1-checkpoint1,"{""replacement_prior"":50.0,""sample_reliability"":0.54,""season_count"":4.0,""weighted_observed_rating"":55.53}"
00-0041116,Jack Endries,CIN,TE,50.0,12.0,0,0,LOW,2026,2,RSM-v0.1-checkpoint1,"{""replacement_prior"":50.0,""sample_reliability"":0.0,""season_count"":0.0,""weighted_observed_rating"":50.0}"
00-0041246,Josh Kattus,CIN,TE,50.0,12.0,0,0,LOW,2026,2,RSM-v0.1-checkpoint1,"{""replacement_prior"":50.0,""sample_reliability"":0.0,""season_count"":0.0,""weighted_observed_rating"":50.0}"
00-0036410,Tee Higgins,CIN,WR,63.43,2.79,4,458.8,HIGH,2026,2,RSM-v0.1-checkpoint1,"{""replacement_prior"":50.0,""sample_reliability"":0.7673,""season_count"":4.0,""weighted_observed_rating"":63.43}"
00-0036900,Ja'Marr Chase,CIN,WR,61.89,2.07,4,643.0,HIGH,2026,2,RSM-v0.1-checkpoint1,"{""replacement_prior"":50.0,""sample_reliability"":0.8272,""season_count"":4.0,""weighted_observed_rating"":61.89}"
00-0038619,Andrei Iosivas,CIN,WR,59.51,2.96,3,334.8,HIGH,2026,2,RSM-v0.1-checkpoint1,"{""replacement_prior"":50.0,""sample_reliability"":0.7532,""season_count"":3.0,""weighted_observed_rating"":59.51}"
00-0037422,Kendric Pryor,CIN,WR,50.65,11.0,1,3.2,LOW,2026,2,RSM-v0.1-checkpoint1,"{""replacement_prior"":50.0,""sample_reliability"":0.083,""season_count"":1.0,""weighted_observed_rating"":50.65}"
00-0041069,Colbie Young,CIN,WR,50.0,12.0,0,0,LOW,2026,2,RSM-v0.1-checkpoint1,"{""replacement_prior"":50.0,""sample_reliability"":0.0,""season_count"":0.0,""weighted_observed_rating"":50.0}"
00-0040785,Dohnte Meyers,CIN,WR,50.0,12.0,0,0,LOW,2026,2,RSM-v0.1-checkpoint1,"{""replacement_prior"":50.0,""sample_reliability"":0.0,""season_count"":0.0,""weighted_observed_rating"":50.0}"
00-0040375,Jordan Moore,CIN,WR,50.0,12.0,0,0,LOW,2026,2,RSM-v0.1-checkpoint1,"{""replacement_prior"":50.0,""sample_reliability"":0.0,""season_count"":0.0,""weighted_observed_rating"":50.0}"
00-0041248,Noah Thomas,CIN,WR,50.0,12.0,0,0,LOW,2026,2,RSM-v0.1-checkpoint1,"{""replacement_prior"":50.0,""sample_reliability"":0.0,""season_count"":0.0,""weighted_observed_rating"":50.0}"
00-0039473,Xavier Johnson,CIN,WR,50.0,12.0,0,0,LOW,2026,2,RSM-v0.1-checkpoint1,"{""replacement_prior"":50.0,""sample_reliability"":0.0,""season_count"":0.0,""weighted_observed_rating"":50.0}"
00-0040534,Ke'Shawn Williams,CIN,WR,49.89,10.82,1,3.8,LOW,2026,2,RSM-v0.1-checkpoint1,"{""replacement_prior"":50.0,""sample_reliability"":0.0987,""season_count"":1.0,""weighted_observed_rating"":49.89}"
00-0034856,Denzel Ward,CLE,CB,59.91,5.71,5,2909.0,MEDIUM,2026,2,RSM-v0.1-checkpoint1,"{""replacement_prior"":50.0,""sample_reliability"":0.5243,""season_count"":5.0,""weighted_observed_rating"":59.91}"
00-0036287,Noah Igbinoghene,CLE,CB,59.84,7.3,5,1455.0,MEDIUM,2026,2,RSM-v0.1-checkpoint1,"{""replacement_prior"":50.0,""sample_reliability"":0.3918,""season_count"":5.0,""weighted_observed_rating"":59.84}"
00-0036974,Tyson Campbell,CLE,CB,59.33,5.56,5,3460.0,MEDIUM,2026,2,RSM-v0.1-checkpoint1,"{""replacement_prior"":50.0,""sample_reliability"":0.5363,""season_count"":5.0,""weighted_observed_rating"":59.33}"
00-0038565,Mekhi Blackmon,CLE,CB,56.61,8.31,5,1221.0,LOW,2026,2,RSM-v0.1-checkpoint1,"{""replacement_prior"":50.0,""sample_reliability"":0.3078,""season_count"":5.0,""weighted_observed_rating"":56.61}"
00-0036087,Myles Bryant,CLE,CB,55.96,7.3,5,1953.0,MEDIUM,2026,2,RSM-v0.1-checkpoint1,"{""replacement_prior"":50.0,""sample_reliability"":0.3914,""season_count"":5.0,""weighted_observed_rating"":55.96}"
00-0039417,Myles Harden,CLE,CB,53.34,9.06,5,583.0,LOW,2026,2,RSM-v0.1-checkpoint1,"{""replacement_prior"":50.0,""sample_reliability"":0.2452,""season_count"":5.0,""weighted_observed_rating"":53.34}"
00-0038105,Damarri Mathis,CLE,CB,52.39,9.49,5,1315.0,LOW,2026,2,RSM-v0.1-checkpoint1,"{""replacement_prior"":50.0,""sample_reliability"":0.2091,""season_count"":5.0,""weighted_observed_rating"":52.39}"
00-0034966,D'Angelo Ross,CLE,CB,51.93,10.22,5,234.0,LOW,2026,2,RSM-v0.1-checkpoint1,"{""replacement_prior"":50.0,""sample_reliability"":0.1483,""season_count"":5.0,""weighted_observed_rating"":51.93}"
00-0041332,Jeremiah McClendon,CLE,CB,50.02,11.93,5,5.0,LOW,2026,2,RSM-v0.1-checkpoint1,"{""replacement_prior"":50.0,""sample_reliability"":0.0055,""season_count"":5.0,""weighted_observed_rating"":50.02}"
00-0041411,Michael Coats Jr.,CLE,CB,50.02,11.93,5,5.0,LOW,2026,2,RSM-v0.1-checkpoint1,"{""replacement_prior"":50.0,""sample_reliability"":0.0055,""season_count"":5.0,""weighted_observed_rating"":50.02}"
00-0041278,Nate Evans,CLE,CB,50.02,11.93,5,5.0,LOW,2026,2,RSM-v0.1-checkpoint1,"{""replacement_prior"":50.0,""sample_reliability"":0.0055,""season_count"":5.0,""weighted_observed_rating"":50.02}"
00-0041115,Toriano Pride Jr.,CLE,CB,50.02,11.93,5,5.0,LOW,2026,2,RSM-v0.1-checkpoint1,"{""replacement_prior"":50.0,""sample_reliability"":0.0055,""season_count"":5.0,""weighted_observed_rating"":50.02}"
00-0033131,Maliek Collins,CLE,DL,64.07,5.94,5,2493.0,MEDIUM,2026,2,RSM-v0.1-checkpoint1,"{""replacement_prior"":50.0,""sample_reliability"":0.5051,""season_count"":5.0,""weighted_observed_rating"":64.07}"
00-0039895,Mike Hall Jr.,CLE,DL,55.86,9.06,5,413.0,LOW,2026,2,RSM-v0.1-checkpoint1,"{""replacement_prior"":50.0,""sample_reliability"":0.2452,""season_count"":5.0,""weighted_observed_rating"":55.86}"
00-0037832,Kalia Davis,CLE,DL,55.39,7.91,5,808.0,LOW,2026,2,RSM-v0.1-checkpoint1,"{""replacement_prior"":50.0,""sample_reliability"":0.3409,""season_count"":5.0,""weighted_observed_rating"":55.39}"
00-0035857,Chris Williams,CLE,DL,55.12,8.47,5,633.0,LOW,2026,2,RSM-v0.1-checkpoint1,"{""replacement_prior"":50.0,""sample_reliability"":0.2945,""season_count"":5.0,""weighted_observed_rating"":55.12}"
00-0040685,Mason Graham,CLE,DL,53.04,9.3,5,767.0,LOW,2026,2,RSM-v0.1-checkpoint1,"{""replacement_prior"":50.0,""sample_reliability"":0.2251,""season_count"":5.0,""weighted_observed_rating"":53.04}"
00-0036705,Sam Kamara,CLE,DL,52.21,8.98,5,457.0,LOW,2026,2,RSM-v0.1-checkpoint1,"{""replacement_prior"":50.0,""sample_reliability"":0.252,""season_count"":5.0,""weighted_observed_rating"":52.21}"
00-0039400,Zion Logue,CLE,DL,52.08,10.75,5,98.0,LOW,2026,2,RSM-v0.1-checkpoint1,"{""replacement_prior"":50.0,""sample_reliability"":0.1042,""season_count"":5.0,""weighted_observed_rating"":52.08}"
00-0039764,Elijah Chatman,CLE,DL,51.55,9.36,5,509.0,LOW,2026,2,RSM-v0.1-checkpoint1,"{""replacement_prior"":50.0,""sample_reliability"":0.2202,""season_count"":5.0,""weighted_observed_rating"":51.55}"
00-0040255,Adin Huntington,CLE,DL,51.27,10.39,5,162.0,LOW,2026,2,RSM-v0.1-checkpoint1,"{""replacement_prior"":50.0,""sample_reliability"":0.1343,""season_count"":5.0,""weighted_observed_rating"":51.27}"
00-0038405,Travis Bell,CLE,DL,50.13,11.72,5,34.0,LOW,2026,2,RSM-v0.1-checkpoint1,"{""replacement_prior"":50.0,""sample_reliability"":0.0231,""season_count"":5.0,""weighted_observed_rating"":50.13}"
00-0040088,Coziah Izzard,CLE,DL,50.02,11.93,5,5.0,LOW,2026,2,RSM-v0.1-checkpoint1,"{""replacement_prior"":50.0,""sample_reliability"":0.0058,""season_count"":5.0,""weighted_observed_rating"":50.02}"
00-0040684,Patrick Jenkins,CLE,DL,50.02,11.93,5,5.0,LOW,2026,2,RSM-v0.1-checkpoint1,"{""replacement_prior"":50.0,""sample_reliability"":0.0058,""season_count"":5.0,""weighted_observed_rating"":50.02}"
00-0041288,Tyreak Sapp,CLE,DL,50.02,11.93,5,5.0,LOW,2026,2,RSM-v0.1-checkpoint1,"{""replacement_prior"":50.0,""sample_reliability"":0.0058,""season_count"":5.0,""weighted_observed_rating"":50.02}"
00-0033876,Derek Barnett,CLE,EDGE,60.14,7.09,5,1073.0,MEDIUM,2026,2,RSM-v0.1-checkpoint1,"{""replacement_prior"":50.0,""sample_reliability"":0.4089,""season_count"":5.0,""weighted_observed_rating"":60.14}"
00-0037251,Alex Wright,CLE,EDGE,59.6,6.85,5,1502.0,MEDIUM,2026,2,RSM-v0.1-checkpoint1,"{""replacement_prior"":50.0,""sample_reliability"":0.4293,""season_count"":5.0,""weighted_observed_rating"":59.6}"
00-0035680,Quincy Williams,CLE,EDGE,58.54,5.27,5,3809.0,MEDIUM,2026,2,RSM-v0.1-checkpoint1,"{""replacement_prior"":50.0,""sample_reliability"":0.5608,""season_count"":5.0,""weighted_observed_rating"":58.54}"
00-0039852,Jared Verse,CLE,EDGE,57.79,7.37,5,1693.0,MEDIUM,2026,2,RSM-v0.1-checkpoint1,"{""replacement_prior"":50.0,""sample_reliability"":0.3859,""season_count"":5.0,""weighted_observed_rating"":57.79}"
00-0036915,Jeremiah Owusu-Koramoah,CLE,EDGE,57.52,8.37,5,1760.0,LOW,2026,2,RSM-v0.1-checkpoint1,"{""replacement_prior"":50.0,""sample_reliability"":0.3028,""season_count"":5.0,""weighted_observed_rating"":57.52}"
00-0037665,Sam Williams,CLE,EDGE,57.03,7.91,5,1052.0,LOW,2026,2,RSM-v0.1-checkpoint1,"{""replacement_prior"":50.0,""sample_reliability"":0.3405,""season_count"":5.0,""weighted_observed_rating"":57.03}"
00-0038574,Isaiah McGuire,CLE,EDGE,56.27,7.38,5,992.0,MEDIUM,2026,2,RSM-v0.1-checkpoint1,"{""replacement_prior"":50.0,""sample_reliability"":0.3853,""season_count"":5.0,""weighted_observed_rating"":56.27}"
00-0036249,Julian Okwara,CLE,EDGE,54.45,9.32,5,631.0,LOW,2026,2,RSM-v0.1-checkpoint1,"{""replacement_prior"":50.0,""sample_reliability"":0.2235,""season_count"":5.0,""weighted_observed_rating"":54.45}"
00-0039515,Winston Reid,CLE,EDGE,52.15,10.88,5,148.0,LOW,2026,2,RSM-v0.1-checkpoint1,"{""replacement_prior"":50.0,""sample_reliability"":0.0936,""season_count"":5.0,""weighted_observed_rating"":52.15}"
00-0038958,Markees Watts,CLE,EDGE,52.06,11.02,5,83.0,LOW,2026,2,RSM-v0.1-checkpoint1,"{""replacement_prior"":50.0,""sample_reliability"":0.0817,""season_count"":5.0,""weighted_observed_rating"":52.06}"
00-0040261,Easton Mascarenas-Arnold,CLE,EDGE,50.12,11.7,5,16.0,LOW,2026,2,RSM-v0.1-checkpoint1,"{""replacement_prior"":50.0,""sample_reliability"":0.0248,""season_count"":5.0,""weighted_observed_rating"":50.12}"
00-0040594,Jamil Muhammad,CLE,EDGE,50.02,11.92,5,5.0,LOW,2026,2,RSM-v0.1-checkpoint1,"{""replacement_prior"":50.0,""sample_reliability"":0.0066,""season_count"":5.0,""weighted_observed_rating"":50.02}"
00-0041285,Khordae Sydnor,CLE,EDGE,50.02,11.92,5,5.0,LOW,2026,2,RSM-v0.1-checkpoint1,"{""replacement_prior"":50.0,""sample_reliability"":0.0066,""season_count"":5.0,""weighted_observed_rating"":50.02}"
00-0041279,Logan Fano,CLE,EDGE,50.02,11.92,5,5.0,LOW,2026,2,RSM-v0.1-checkpoint1,"{""replacement_prior"":50.0,""sample_reliability"":0.0066,""season_count"":5.0,""weighted_observed_rating"":50.02}"
00-0041385,Nadame Tucker,CLE,EDGE,50.02,11.92,5,5.0,LOW,2026,2,RSM-v0.1-checkpoint1,"{""replacement_prior"":50.0,""sample_reliability"":0.0066,""season_count"":5.0,""weighted_observed_rating"":50.02}"
00-0038428,Andre Szmyt,CLE,K,61.84,1.9,1,53.0,MEDIUM,2026,2,RSM-v0.1-checkpoint1,"{""replacement_prior"":50.0,""sample_reliability"":0.8413,""season_count"":1.0,""weighted_observed_rating"":61.84}"
00-0040579,Carson Schwesinger,CLE,LB,55.24,9.2,5,960.0,LOW,2026,2,RSM-v0.1-checkpoint1,"{""replacement_prior"":50.0,""sample_reliability"":0.2335,""season_count"":5.0,""weighted_observed_rating"":55.24}"
00-0039878,Edefuan Ulofoshio,CLE,LB,51.19,11.35,5,68.0,LOW,2026,2,RSM-v0.1-checkpoint1,"{""replacement_prior"":50.0,""sample_reliability"":0.054,""season_count"":5.0,""weighted_observed_rating"":51.19}"
00-0039406,Nathaniel Watson,CLE,LB,50.8,11.41,5,59.0,LOW,2026,2,RSM-v0.1-checkpoint1,"{""replacement_prior"":50.0,""sample_reliability"":0.0488,""season_count"":5.0,""weighted_observed_rating"":50.8}"
00-0041075,Justin Jefferson,CLE,LB,50.02,11.93,5,5.0,LOW,2026,2,RSM-v0.1-checkpoint1,"{""replacement_prior"":50.0,""sample_reliability"":0.0058,""season_count"":5.0,""weighted_observed_rating"":50.02}"
00-0035234,Tytus Howard,CLE,OL,68.0,2.61,4,3445.0,LOW,2026,2,RSM-v0.1-checkpoint1,"{""replacement_prior"":50.0,""sample_reliability"":0.7829,""season_count"":4.0,""weighted_observed_rating"":68.0}"
00-0035526,Elgton Jenkins,CLE,OL,67.18,2.82,4,3471.0,LOW,2026,2,RSM-v0.1-checkpoint1,"{""replacement_prior"":50.0,""sample_reliability"":0.7652,""season_count"":4.0,""weighted_observed_rating"":67.18}"
00-0037818,Zion Johnson,CLE,OL,64.9,2.13,4,4313.0,LOW,2026,2,RSM-v0.1-checkpoint1,"{""replacement_prior"":50.0,""sample_reliability"":0.8225,""season_count"":4.0,""weighted_observed_rating"":64.9}"
00-0039014,Dawand Jones,CLE,OL,56.89,5.3,3,1366.0,LOW,2026,2,RSM-v0.1-checkpoint1,"{""replacement_prior"":50.0,""sample_reliability"":0.5585,""season_count"":3.0,""weighted_observed_rating"":56.89}"
00-0036953,Teven Jenkins,CLE,OL,56.68,3.81,4,2373.0,LOW,2026,2,RSM-v0.1-checkpoint1,"{""replacement_prior"":50.0,""sample_reliability"":0.6824,""season_count"":4.0,""weighted_observed_rating"":56.68}"
00-0039755,KT Leveston,CLE,OL,55.2,3.13,1,652.0,LOW,2026,2,RSM-v0.1-checkpoint1,"{""replacement_prior"":50.0,""sample_reliability"":0.7392,""season_count"":1.0,""weighted_observed_rating"":55.2}"
00-0036983,Kendrick Green,CLE,OL,51.49,6.58,2,386.0,LOW,2026,2,RSM-v0.1-checkpoint1,"{""replacement_prior"":50.0,""sample_reliability"":0.4517,""season_count"":2.0,""weighted_observed_rating"":51.49}"
00-0041049,Austin Barber,CLE,OL,50.0,12.0,0,0,LOW,2026,2,RSM-v0.1-checkpoint1,"{""replacement_prior"":50.0,""sample_reliability"":0.0,""season_count"":0.0,""weighted_observed_rating"":50.0}"
00-0041282,Izavion Miller,CLE,OL,50.0,12.0,0,0,LOW,2026,2,RSM-v0.1-checkpoint1,"{""replacement_prior"":50.0,""sample_reliability"":0.0,""season_count"":0.0,""weighted_observed_rating"":50.0}"
00-0040380,Jeremiah Byers,CLE,OL,50.0,12.0,0,0,LOW,2026,2,RSM-v0.1-checkpoint1,"{""replacement_prior"":50.0,""sample_reliability"":0.0,""season_count"":0.0,""weighted_observed_rating"":50.0}"
00-0041073,Parker Brailsford,CLE,OL,50.0,12.0,0,0,LOW,2026,2,RSM-v0.1-checkpoint1,"{""replacement_prior"":50.0,""sample_reliability"":0.0,""season_count"":0.0,""weighted_observed_rating"":50.0}"
00-0041030,Spencer Fano,CLE,OL,50.0,12.0,0,0,LOW,2026,2,RSM-v0.1-checkpoint1,"{""replacement_prior"":50.0,""sample_reliability"":0.0,""season_count"":0.0,""weighted_observed_rating"":50.0}"
00-0038609,Luke Wypler,CLE,OL,48.37,6.77,2,329.0,LOW,2026,2,RSM-v0.1-checkpoint1,"{""replacement_prior"":50.0,""sample_reliability"":0.4362,""season_count"":2.0,""weighted_observed_rating"":48.37}"
00-0039350,Zak Zinter,CLE,OL,47.81,8.41,2,278.0,LOW,2026,2,RSM-v0.1-checkpoint1,"{""replacement_prior"":50.0,""sample_reliability"":0.2995,""season_count"":2.0,""weighted_observed_rating"":47.81}"
00-0034721,Corey Bojorquez,CLE,OTHER,58.75,4.87,4,582.0,MEDIUM,2026,2,RSM-v0.1-checkpoint1,"{""replacement_prior"":50.0,""sample_reliability"":0.5945,""season_count"":4.0,""weighted_observed_rating"":58.75}"
00-0036443,Rex Sunahara,CLE,OTHER,55.42,5.37,2,243.0,MEDIUM,2026,2,RSM-v0.1-checkpoint1,"{""replacement_prior"":50.0,""sample_reliability"":0.5527,""season_count"":2.0,""weighted_observed_rating"":55.42}"
00-0039567,Nik Constantinou,CLE,OTHER,50.0,12.0,0,0,LOW,2026,2,RSM-v0.1-checkpoint1,"{""replacement_prior"":50.0,""sample_reliability"":0.0,""season_count"":0.0,""weighted_observed_rating"":50.0}"
00-0041284,Wes Pahl,CLE,OTHER,50.0,12.0,0,0,LOW,2026,2,RSM-v0.1-checkpoint1,"{""replacement_prior"":50.0,""sample_reliability"":0.0,""season_count"":0.0,""weighted_observed_rating"":50.0}"
00-0040704,Dillon Gabriel,CLE,QB,53.41,3.95,1,204.0,MEDIUM,2026,2,RSM-v0.1-checkpoint1,"{""replacement_prior"":50.0,""sample_reliability"":0.6711,""season_count"":1.0,""weighted_observed_rating"":53.41}"
00-0033537,Deshaun Watson,CLE,QB,53.14,3.82,3,627.0,HIGH,2026,2,RSM-v0.1-checkpoint1,"{""replacement_prior"":50.0,""sample_reliability"":0.682,""season_count"":3.0,""weighted_observed_rating"":53.14}"
00-0040668,Shedeur Sanders,CLE,QB,52.31,3.58,1,235.0,MEDIUM,2026,2,RSM-v0.1-checkpoint1,"{""replacement_prior"":50.0,""sample_reliability"":0.7015,""season_count"":1.0,""weighted_observed_rating"":52.31}"
00-0041092,Taylen Green,CLE,QB,50.0,12.0,0,0,LOW,2026,2,RSM-v0.1-checkpoint1,"{""replacement_prior"":50.0,""sample_reliability"":0.0,""season_count"":0.0,""weighted_observed_rating"":50.0}"
00-0038794,Jaleel McLaughlin,CLE,RB,57.3,5.33,3,295.0,MEDIUM,2026,2,RSM-v0.1-checkpoint1,"{""replacement_prior"":50.0,""sample_reliability"":0.5559,""season_count"":3.0,""weighted_observed_rating"":57.3}"
00-0040784,Quinshon Judkins,CLE,RB,56.33,2.21,1,266.0,MEDIUM,2026,2,RSM-v0.1-checkpoint1,"{""replacement_prior"":50.0,""sample_reliability"":0.816,""season_count"":1.0,""weighted_observed_rating"":56.33}"
00-0040466,Raheim Sanders,CLE,RB,55.47,7.91,1,31.0,LOW,2026,2,RSM-v0.1-checkpoint1,"{""replacement_prior"":50.0,""sample_reliability"":0.3407,""season_count"":1.0,""weighted_observed_rating"":55.47}"
00-0040162,Dylan Sampson,CLE,RB,51.94,4.36,1,105.0,MEDIUM,2026,2,RSM-v0.1-checkpoint1,"{""replacement_prior"":50.0,""sample_reliability"":0.6364,""season_count"":1.0,""weighted_observed_rating"":51.94}"
00-0031595,Michael Burton,CLE,RB,51.5,9.91,3,35.0,LOW,2026,2,RSM-v0.1-checkpoint1,"{""replacement_prior"":50.0,""sample_reliability"":0.1745,""season_count"":3.0,""weighted_observed_rating"":51.5}"
00-0036282,Grant Delpit,CLE,S,63.95,5.42,5,3820.0,MEDIUM,2026,2,RSM-v0.1-checkpoint1,"{""replacement_prior"":50.0,""sample_reliability"":0.5484,""season_count"":5.0,""weighted_observed_rating"":63.95}"
00-0038715,Ronnie Hickman Jr.,CLE,S,54.74,6.74,5,1816.0,MEDIUM,2026,2,RSM-v0.1-checkpoint1,"{""replacement_prior"":50.0,""sample_reliability"":0.4382,""season_count"":5.0,""weighted_observed_rating"":54.74}"
00-0036306,Daniel Thomas,CLE,S,51.96,10.15,5,192.0,LOW,2026,2,RSM-v0.1-checkpoint1,"{""replacement_prior"":50.0,""sample_reliability"":0.1543,""season_count"":5.0,""weighted_observed_rating"":51.96}"
00-0040263,Donovan McMillon,CLE,S,51.48,11.57,5,28.0,LOW,2026,2,RSM-v0.1-checkpoint1,"{""replacement_prior"":50.0,""sample_reliability"":0.0358,""season_count"":5.0,""weighted_observed_rating"":51.48}"
00-0039513,Chris Edmonds,CLE,S,50.12,11.79,5,14.0,LOW,2026,2,RSM-v0.1-checkpoint1,"{""replacement_prior"":50.0,""sample_reliability"":0.0175,""season_count"":5.0,""weighted_observed_rating"":50.12}"
00-0041471,Emmanuel McNeil-Warren,CLE,S,50.02,11.93,5,5.0,LOW,2026,2,RSM-v0.1-checkpoint1,"{""replacement_prior"":50.0,""sample_reliability"":0.0055,""season_count"":5.0,""weighted_observed_rating"":50.02}"
00-0041286,Zion Washington,CLE,S,50.02,11.93,5,5.0,LOW,2026,2,RSM-v0.1-checkpoint1,"{""replacement_prior"":50.0,""sample_reliability"":0.0055,""season_count"":5.0,""weighted_observed_rating"":50.02}"
00-0040663,Harold Fannin Jr.,CLE,TE,60.42,1.92,1,131.0,MEDIUM,2026,2,RSM-v0.1-checkpoint1,"{""replacement_prior"":50.0,""sample_reliability"":0.8397,""season_count"":1.0,""weighted_observed_rating"":60.42}"
00-0041131,Carsen Ryan,CLE,TE,50.0,12.0,0,0,LOW,2026,2,RSM-v0.1-checkpoint1,"{""replacement_prior"":50.0,""sample_reliability"":0.0,""season_count"":0.0,""weighted_observed_rating"":50.0}"
00-0041576,Drew Biber,CLE,TE,50.0,12.0,0,0,LOW,2026,2,RSM-v0.1-checkpoint1,"{""replacement_prior"":50.0,""sample_reliability"":0.0,""season_count"":0.0,""weighted_observed_rating"":50.0}"
00-0040457,Jermaine Terry,CLE,TE,50.0,12.0,0,0,LOW,2026,2,RSM-v0.1-checkpoint1,"{""replacement_prior"":50.0,""sample_reliability"":0.0,""season_count"":0.0,""weighted_observed_rating"":50.0}"
00-0041087,Joe Royer,CLE,TE,50.0,12.0,0,0,LOW,2026,2,RSM-v0.1-checkpoint1,"{""replacement_prior"":50.0,""sample_reliability"":0.0,""season_count"":0.0,""weighted_observed_rating"":50.0}"
00-0039275,Messiah Swinson,CLE,TE,50.0,12.0,0,0,LOW,2026,2,RSM-v0.1-checkpoint1,"{""replacement_prior"":50.0,""sample_reliability"":0.0,""season_count"":0.0,""weighted_observed_rating"":50.0}"
00-0038710,Blake Whiteheart,CLE,TE,46.85,6.24,3,75.7,MEDIUM,2026,2,RSM-v0.1-checkpoint1,"{""replacement_prior"":50.0,""sample_reliability"":0.4797,""season_count"":3.0,""weighted_observed_rating"":46.85}"
00-0036407,Jerry Jeudy,CLE,WR,57.43,2.34,4,559.5,HIGH,2026,2,RSM-v0.1-checkpoint1,"{""replacement_prior"":50.0,""sample_reliability"":0.8047,""season_count"":4.0,""weighted_observed_rating"":57.43}"
00-0036630,Tylan Wallace,CLE,WR,56.05,6.86,4,100.3,MEDIUM,2026,2,RSM-v0.1-checkpoint1,"{""replacement_prior"":50.0,""sample_reliability"":0.4282,""season_count"":4.0,""weighted_observed_rating"":56.05}"
00-0039386,Bub Means,CLE,WR,55.36,7.1,1,24.2,MEDIUM,2026,2,RSM-v0.1-checkpoint1,"{""replacement_prior"":50.0,""sample_reliability"":0.4085,""season_count"":1.0,""weighted_observed_rating"":55.36}"
00-0040782,Isaiah Bond,CLE,WR,54.86,3.58,1,82.3,MEDIUM,2026,2,RSM-v0.1-checkpoint1,"{""replacement_prior"":50.0,""sample_reliability"":0.7017,""season_count"":1.0,""weighted_observed_rating"":54.86}"
00-0039379,Jamari Thrash,CLE,WR,53.07,6.4,2,59.8,MEDIUM,2026,2,RSM-v0.1-checkpoint1,"{""replacement_prior"":50.0,""sample_reliability"":0.4663,""season_count"":2.0,""weighted_observed_rating"":53.07}"
00-0039650,Bryce Oliver,CLE,WR,52.12,9.94,2,16.2,LOW,2026,2,RSM-v0.1-checkpoint1,"{""replacement_prior"":50.0,""sample_reliability"":0.1718,""season_count"":2.0,""weighted_observed_rating"":52.12}"
00-0041215,Ben Patterson,CLE,WR,50.0,12.0,0,0,LOW,2026,2,RSM-v0.1-checkpoint1,"{""replacement_prior"":50.0,""sample_reliability"":0.0,""season_count"":0.0,""weighted_observed_rating"":50.0}"
00-0041037,Denzel Boston,CLE,WR,50.0,12.0,0,0,LOW,2026,2,RSM-v0.1-checkpoint1,"{""replacement_prior"":50.0,""sample_reliability"":0.0,""season_count"":0.0,""weighted_observed_rating"":50.0}"
00-0041547,KC Concepcion,CLE,WR,50.0,12.0,0,0,LOW,2026,2,RSM-v0.1-checkpoint1,"{""replacement_prior"":50.0,""sample_reliability"":0.0,""season_count"":0.0,""weighted_observed_rating"":50.0}"
00-0041287,Kole Wilson,CLE,WR,50.0,12.0,0,0,LOW,2026,2,RSM-v0.1-checkpoint1,"{""replacement_prior"":50.0,""sample_reliability"":0.0,""season_count"":0.0,""weighted_observed_rating"":50.0}"
00-0040617,Luke Floriea,CLE,WR,50.0,12.0,0,0,LOW,2026,2,RSM-v0.1-checkpoint1,"{""replacement_prior"":50.0,""sample_reliability"":0.0,""season_count"":0.0,""weighted_observed_rating"":50.0}"
00-0039920,Malachi Corley,CLE,WR,49.91,7.18,2,46.2,MEDIUM,2026,2,RSM-v0.1-checkpoint1,"{""replacement_prior"":50.0,""sample_reliability"":0.4014,""season_count"":2.0,""weighted_observed_rating"":49.91}"
00-0040259,Gage Larvadain,CLE,WR,49.18,6.36,1,31.0,MEDIUM,2026,2,RSM-v0.1-checkpoint1,"{""replacement_prior"":50.0,""sample_reliability"":0.4697,""season_count"":1.0,""weighted_observed_rating"":49.18}"
00-0037839,Cobie Durant,DAL,CB,61.71,5.86,5,2521.0,MEDIUM,2026,2,RSM-v0.1-checkpoint1,"{""replacement_prior"":50.0,""sample_reliability"":0.5119,""season_count"":5.0,""weighted_observed_rating"":61.71}"
00-0037275,DaRon Bland,DAL,CB,59.64,5.89,5,2745.0,MEDIUM,2026,2,RSM-v0.1-checkpoint1,"{""replacement_prior"":50.0,""sample_reliability"":0.5094,""season_count"":5.0,""weighted_observed_rating"":59.64}"
00-0039465,Reddy Steward,DAL,CB,59.59,9.36,5,540.0,LOW,2026,2,RSM-v0.1-checkpoint1,"{""replacement_prior"":50.0,""sample_reliability"":0.2199,""season_count"":5.0,""weighted_observed_rating"":59.59}"
00-0037842,Derion Kendrick,DAL,CB,57.09,8.69,5,1477.0,LOW,2026,2,RSM-v0.1-checkpoint1,"{""replacement_prior"":50.0,""sample_reliability"":0.2756,""season_count"":5.0,""weighted_observed_rating"":57.09}"
00-0038348,Josh Butler,DAL,CB,53.97,10.54,5,189.0,LOW,2026,2,RSM-v0.1-checkpoint1,"{""replacement_prior"":50.0,""sample_reliability"":0.1218,""season_count"":5.0,""weighted_observed_rating"":53.97}"
00-0039387,Caelen Carson,DAL,CB,53.07,8.96,5,466.0,LOW,2026,2,RSM-v0.1-checkpoint1,"{""replacement_prior"":50.0,""sample_reliability"":0.2537,""season_count"":5.0,""weighted_observed_rating"":53.07}"
00-0040008,Shavon Revel Jr.,DAL,CB,51.76,9.85,5,338.0,LOW,2026,2,RSM-v0.1-checkpoint1,"{""replacement_prior"":50.0,""sample_reliability"":0.1795,""season_count"":5.0,""weighted_observed_rating"":51.76}"
00-0038624,Ameer Speed,DAL,CB,50.31,10.94,5,87.0,LOW,2026,2,RSM-v0.1-checkpoint1,"{""replacement_prior"":50.0,""sample_reliability"":0.0884,""season_count"":5.0,""weighted_observed_rating"":50.31}"
00-0040875,Devin Moore,DAL,CB,50.02,11.93,5,5.0,LOW,2026,2,RSM-v0.1-checkpoint1,"{""replacement_prior"":50.0,""sample_reliability"":0.0055,""season_count"":5.0,""weighted_observed_rating"":50.02}"
00-0035718,Quinnen Williams,DAL,DL,67.9,5.71,5,2834.0,MEDIUM,2026,2,RSM-v0.1-checkpoint1,"{""replacement_prior"":50.0,""sample_reliability"":0.5238,""season_count"":5.0,""weighted_observed_rating"":67.9}"
00-0033120,Kenny Clark,DAL,DL,59.89,5.62,5,3052.0,MEDIUM,2026,2,RSM-v0.1-checkpoint1,"{""replacement_prior"":50.0,""sample_reliability"":0.5316,""season_count"":5.0,""weighted_observed_rating"":59.89}"
00-0037051,Elijah Garcia,DAL,DL,54.37,9.56,5,282.0,LOW,2026,2,RSM-v0.1-checkpoint1,"{""replacement_prior"":50.0,""sample_reliability"":0.2032,""season_count"":5.0,""weighted_observed_rating"":54.37}"
00-0040019,Jay Toia,DAL,DL,50.51,10.83,5,94.0,LOW,2026,2,RSM-v0.1-checkpoint1,"{""replacement_prior"":50.0,""sample_reliability"":0.0977,""season_count"":5.0,""weighted_observed_rating"":50.51}"
00-0038144,Adedayo Odeleye,DAL,DL,50.02,11.93,5,5.0,LOW,2026,2,RSM-v0.1-checkpoint1,"{""replacement_prior"":50.0,""sample_reliability"":0.0058,""season_count"":5.0,""weighted_observed_rating"":50.02}"
00-0040940,DJ Withers,DAL,DL,50.02,11.93,5,5.0,LOW,2026,2,RSM-v0.1-checkpoint1,"{""replacement_prior"":50.0,""sample_reliability"":0.0058,""season_count"":5.0,""weighted_observed_rating"":50.02}"
00-0040933,Kelvin Gilliam,DAL,DL,50.02,11.93,5,5.0,LOW,2026,2,RSM-v0.1-checkpoint1,"{""replacement_prior"":50.0,""sample_reliability"":0.0058,""season_count"":5.0,""weighted_observed_rating"":50.02}"
00-0040880,LT Overton,DAL,DL,50.02,11.93,5,5.0,LOW,2026,2,RSM-v0.1-checkpoint1,"{""replacement_prior"":50.0,""sample_reliability"":0.0058,""season_count"":5.0,""weighted_observed_rating"":50.02}"
00-0040931,Tommy Dunn,DAL,DL,50.02,11.93,5,5.0,LOW,2026,2,RSM-v0.1-checkpoint1,"{""replacement_prior"":50.0,""sample_reliability"":0.0058,""season_count"":5.0,""weighted_observed_rating"":50.02}"
00-0034967,Rashan Gary,DAL,EDGE,63.97,5.75,5,2258.0,MEDIUM,2026,2,RSM-v0.1-checkpoint1,"{""replacement_prior"":50.0,""sample_reliability"":0.5205,""season_count"":5.0,""weighted_observed_rating"":63.97}"
00-0027940,Von Miller,DAL,EDGE,63.3,6.55,5,1408.0,MEDIUM,2026,2,RSM-v0.1-checkpoint1,"{""replacement_prior"":50.0,""sample_reliability"":0.4542,""season_count"":5.0,""weighted_observed_rating"":63.3}"
00-0037310,James Houston,DAL,EDGE,59.29,8.03,5,621.0,LOW,2026,2,RSM-v0.1-checkpoint1,"{""replacement_prior"":50.0,""sample_reliability"":0.3306,""season_count"":5.0,""weighted_observed_rating"":59.29}"
00-0033093,Jonathan Bullard,DAL,EDGE,54.52,6.22,5,1865.0,MEDIUM,2026,2,RSM-v0.1-checkpoint1,"{""replacement_prior"":50.0,""sample_reliability"":0.4819,""season_count"":5.0,""weighted_observed_rating"":54.52}"
00-0038742,Tyrus Wheat,DAL,EDGE,54.52,9.6,5,264.0,LOW,2026,2,RSM-v0.1-checkpoint1,"{""replacement_prior"":50.0,""sample_reliability"":0.2002,""season_count"":5.0,""weighted_observed_rating"":54.52}"
00-0039352,Marist Liufau,DAL,EDGE,53.75,8.42,5,726.0,LOW,2026,2,RSM-v0.1-checkpoint1,"{""replacement_prior"":50.0,""sample_reliability"":0.2983,""season_count"":5.0,""weighted_observed_rating"":53.75}"
00-0040725,Donovan Ezeiruaku,DAL,EDGE,52.91,9.35,5,608.0,LOW,2026,2,RSM-v0.1-checkpoint1,"{""replacement_prior"":50.0,""sample_reliability"":0.2211,""season_count"":5.0,""weighted_observed_rating"":52.91}"
00-0037270,Otito Ogbonnia,DAL,EDGE,52.53,7.43,5,1005.0,MEDIUM,2026,2,RSM-v0.1-checkpoint1,"{""replacement_prior"":50.0,""sample_reliability"":0.3805,""season_count"":5.0,""weighted_observed_rating"":52.53}"
00-0038737,Isaiah Land,DAL,EDGE,51.0,10.92,5,114.0,LOW,2026,2,RSM-v0.1-checkpoint1,"{""replacement_prior"":50.0,""sample_reliability"":0.0903,""season_count"":5.0,""weighted_observed_rating"":51.0}"
00-0041537,Malachi Lawrence,DAL,EDGE,50.02,11.92,5,5.0,LOW,2026,2,RSM-v0.1-checkpoint1,"{""replacement_prior"":50.0,""sample_reliability"":0.0066,""season_count"":5.0,""weighted_observed_rating"":50.02}"
00-0037692,Brandon Aubrey,DAL,K,67.11,1.26,3,257.0,HIGH,2026,2,RSM-v0.1-checkpoint1,"{""replacement_prior"":50.0,""sample_reliability"":0.8953,""season_count"":3.0,""weighted_observed_rating"":67.11}"
00-0038556,DeMarvion Overshown,DAL,LB,56.27,8.4,5,930.0,LOW,2026,2,RSM-v0.1-checkpoint1,"{""replacement_prior"":50.0,""sample_reliability"":0.3001,""season_count"":5.0,""weighted_observed_rating"":56.27}"
00-0038625,Dee Winters,DAL,LB,54.87,7.31,5,1453.0,MEDIUM,2026,2,RSM-v0.1-checkpoint1,"{""replacement_prior"":50.0,""sample_reliability"":0.3905,""season_count"":5.0,""weighted_observed_rating"":54.87}"
00-0040011,Shemar James,DAL,LB,53.24,9.48,5,548.0,LOW,2026,2,RSM-v0.1-checkpoint1,"{""replacement_prior"":50.0,""sample_reliability"":0.21,""season_count"":5.0,""weighted_observed_rating"":53.24}"
00-0036728,Curtis Robinson,DAL,LB,51.18,9.65,5,288.0,LOW,2026,2,RSM-v0.1-checkpoint1,"{""replacement_prior"":50.0,""sample_reliability"":0.1955,""season_count"":5.0,""weighted_observed_rating"":51.18}"
00-0040872,Jaishawn Barham,DAL,LB,50.02,11.93,5,5.0,LOW,2026,2,RSM-v0.1-checkpoint1,"{""replacement_prior"":50.0,""sample_reliability"":0.0058,""season_count"":5.0,""weighted_observed_rating"":50.02}"
00-0040043,Justin Barron,DAL,LB,50.02,11.93,5,5.0,LOW,2026,2,RSM-v0.1-checkpoint1,"{""replacement_prior"":50.0,""sample_reliability"":0.0058,""season_count"":5.0,""weighted_observed_rating"":50.02}"
00-0040935,Langston Patterson,DAL,LB,50.02,11.93,5,5.0,LOW,2026,2,RSM-v0.1-checkpoint1,"{""replacement_prior"":50.0,""sample_reliability"":0.0058,""season_count"":5.0,""weighted_observed_rating"":50.02}"
00-0036036,Terence Steele,DAL,OL,68.52,2.06,4,4328.0,LOW,2026,2,RSM-v0.1-checkpoint1,"{""replacement_prior"":50.0,""sample_reliability"":0.8287,""season_count"":4.0,""weighted_observed_rating"":68.52}"
00-0037243,Tyler Smith,DAL,OL,65.55,2.13,4,4249.0,LOW,2026,2,RSM-v0.1-checkpoint1,"{""replacement_prior"":50.0,""sample_reliability"":0.8222,""season_count"":4.0,""weighted_observed_rating"":65.55}"
00-0032234,Laken Tomlinson,DAL,OL,64.51,3.44,4,3594.0,LOW,2026,2,RSM-v0.1-checkpoint1,"{""replacement_prior"":50.0,""sample_reliability"":0.7131,""season_count"":4.0,""weighted_observed_rating"":64.51}"
00-0039348,Cooper Beebe,DAL,OL,63.49,2.52,2,1828.0,LOW,2026,2,RSM-v0.1-checkpoint1,"{""replacement_prior"":50.0,""sample_reliability"":0.7903,""season_count"":2.0,""weighted_observed_rating"":63.49}"
00-0040007,Tyler Booker,DAL,OL,63.44,2.24,1,1002.0,LOW,2026,2,RSM-v0.1-checkpoint1,"{""replacement_prior"":50.0,""sample_reliability"":0.8133,""season_count"":1.0,""weighted_observed_rating"":63.44}"
00-0039109,Broderick Jones,DAL,OL,60.81,2.77,3,2472.0,LOW,2026,2,RSM-v0.1-checkpoint1,"{""replacement_prior"":50.0,""sample_reliability"":0.7693,""season_count"":3.0,""weighted_observed_rating"":60.81}"
00-0039341,Tyler Guyton,DAL,OL,59.96,3.11,2,1320.0,LOW,2026,2,RSM-v0.1-checkpoint1,"{""replacement_prior"":50.0,""sample_reliability"":0.741,""season_count"":2.0,""weighted_observed_rating"":59.96}"
00-0036105,Nick Leverett,DAL,OL,55.14,6.29,2,882.0,LOW,2026,2,RSM-v0.1-checkpoint1,"{""replacement_prior"":50.0,""sample_reliability"":0.4762,""season_count"":2.0,""weighted_observed_rating"":55.14}"
00-0038981,Wanya Morris,DAL,OL,50.53,6.34,3,1139.0,LOW,2026,2,RSM-v0.1-checkpoint1,"{""replacement_prior"":50.0,""sample_reliability"":0.4715,""season_count"":3.0,""weighted_observed_rating"":50.53}"
00-0040017,Ajani Cornelius,DAL,OL,50.0,12.0,0,0,LOW,2026,2,RSM-v0.1-checkpoint1,"{""replacement_prior"":50.0,""sample_reliability"":0.0,""season_count"":0.0,""weighted_observed_rating"":50.0}"
00-0041437,DJ Wingfield,DAL,OL,50.0,12.0,0,0,LOW,2026,2,RSM-v0.1-checkpoint1,"{""replacement_prior"":50.0,""sample_reliability"":0.0,""season_count"":0.0,""weighted_observed_rating"":50.0}"
00-0040874,Drew Shelton,DAL,OL,50.0,12.0,0,0,LOW,2026,2,RSM-v0.1-checkpoint1,"{""replacement_prior"":50.0,""sample_reliability"":0.0,""season_count"":0.0,""weighted_observed_rating"":50.0}"
00-0039507,Marcellus Johnson,DAL,OL,50.0,12.0,0,0,LOW,2026,2,RSM-v0.1-checkpoint1,"{""replacement_prior"":50.0,""sample_reliability"":0.0,""season_count"":0.0,""weighted_observed_rating"":50.0}"
00-0040936,Shiyazh Pete,DAL,OL,50.0,12.0,0,0,LOW,2026,2,RSM-v0.1-checkpoint1,"{""replacement_prior"":50.0,""sample_reliability"":0.0,""season_count"":0.0,""weighted_observed_rating"":50.0}"
00-0037381,Sebastian Gutierrez,DAL,OL,49.89,11.85,1,3.0,LOW,2026,2,RSM-v0.1-checkpoint1,"{""replacement_prior"":50.0,""sample_reliability"":0.0129,""season_count"":1.0,""weighted_observed_rating"":49.89}"
00-0036295,Matt Hennessy,DAL,OL,49.45,8.39,3,345.0,LOW,2026,2,RSM-v0.1-checkpoint1,"{""replacement_prior"":50.0,""sample_reliability"":0.3007,""season_count"":3.0,""weighted_observed_rating"":49.45}"
00-0037225,Chris Glaser,DAL,OL,49.38,10.7,2,84.0,LOW,2026,2,RSM-v0.1-checkpoint1,"{""replacement_prior"":50.0,""sample_reliability"":0.1087,""season_count"":2.0,""weighted_observed_rating"":49.38}"
00-0038731,TJ Bass,DAL,OL,48.83,4.86,3,1009.0,LOW,2026,2,RSM-v0.1-checkpoint1,"{""replacement_prior"":50.0,""sample_reliability"":0.5947,""season_count"":3.0,""weighted_observed_rating"":48.83}"
00-0029692,Bryan Anger,DAL,OTHER,56.53,5.02,4,568.0,MEDIUM,2026,2,RSM-v0.1-checkpoint1,"{""replacement_prior"":50.0,""sample_reliability"":0.582,""season_count"":4.0,""weighted_observed_rating"":56.53}"
00-0034198,Trent Sieg,DAL,OTHER,55.8,5.07,4,547.0,MEDIUM,2026,2,RSM-v0.1-checkpoint1,"{""replacement_prior"":50.0,""sample_reliability"":0.5777,""season_count"":4.0,""weighted_observed_rating"":55.8}"
00-0033077,Dak Prescott,DAL,QB,63.77,2.09,4,1981.0,HIGH,2026,2,RSM-v0.1-checkpoint1,"{""replacement_prior"":50.0,""sample_reliability"":0.8259,""season_count"":4.0,""weighted_observed_rating"":63.77}"
00-0039398,Joe Milton III,DAL,QB,52.98,9.53,2,53.0,LOW,2026,2,RSM-v0.1-checkpoint1,"{""replacement_prior"":50.0,""sample_reliability"":0.2061,""season_count"":2.0,""weighted_observed_rating"":52.98}"
00-0037077,Sam Howell,DAL,QB,49.49,7.38,3,717.0,MEDIUM,2026,2,RSM-v0.1-checkpoint1,"{""replacement_prior"":50.0,""sample_reliability"":0.3854,""season_count"":3.0,""weighted_observed_rating"":49.49}"
00-0038705,Emari Demercado,DAL,RB,59.87,5.96,3,196.0,MEDIUM,2026,2,RSM-v0.1-checkpoint1,"{""replacement_prior"":50.0,""sample_reliability"":0.5033,""season_count"":3.0,""weighted_observed_rating"":59.87}"
00-0036997,Javonte Williams,DAL,RB,57.0,2.65,4,856.0,HIGH,2026,2,RSM-v0.1-checkpoint1,"{""replacement_prior"":50.0,""sample_reliability"":0.7793,""season_count"":4.0,""weighted_observed_rating"":57.0}"
00-0038738,Hunter Luepke,DAL,RB,56.19,8.5,3,69.0,LOW,2026,2,RSM-v0.1-checkpoint1,"{""replacement_prior"":50.0,""sample_reliability"":0.2919,""season_count"":3.0,""weighted_observed_rating"":56.19}"
00-0037563,Malik Davis,DAL,RB,54.24,6.31,2,102.0,MEDIUM,2026,2,RSM-v0.1-checkpoint1,"{""replacement_prior"":50.0,""sample_reliability"":0.4738,""season_count"":2.0,""weighted_observed_rating"":54.24}"
00-0037410,Jashaun Corbin,DAL,RB,52.88,11.25,1,4.0,LOW,2026,2,RSM-v0.1-checkpoint1,"{""replacement_prior"":50.0,""sample_reliability"":0.0625,""season_count"":1.0,""weighted_observed_rating"":52.88}"
00-0038389,Israel Abanikanda,DAL,RB,52.33,7.74,1,33.0,MEDIUM,2026,2,RSM-v0.1-checkpoint1,"{""replacement_prior"":50.0,""sample_reliability"":0.3548,""season_count"":1.0,""weighted_observed_rating"":52.33}"
00-0040021,Phil Mafah,DAL,RB,52.1,10.75,1,7.0,LOW,2026,2,RSM-v0.1-checkpoint1,"{""replacement_prior"":50.0,""sample_reliability"":0.1045,""season_count"":1.0,""weighted_observed_rating"":52.1}"
00-0035227,P.J. Locke,DAL,S,59.82,7.11,5,1824.0,MEDIUM,2026,2,RSM-v0.1-checkpoint1,"{""replacement_prior"":50.0,""sample_reliability"":0.4073,""season_count"":5.0,""weighted_observed_rating"":59.82}"
00-0035705,Jalen Thompson,DAL,S,58.54,5.39,5,3960.0,MEDIUM,2026,2,RSM-v0.1-checkpoint1,"{""replacement_prior"":50.0,""sample_reliability"":0.5506,""season_count"":5.0,""weighted_observed_rating"":58.54}"
00-0037561,Markquese Bell,DAL,S,55.49,8.25,5,1062.0,LOW,2026,2,RSM-v0.1-checkpoint1,"{""replacement_prior"":50.0,""sample_reliability"":0.3125,""season_count"":5.0,""weighted_observed_rating"":55.49}"
00-0033877,Malik Hooker,DAL,S,54.3,5.67,5,3345.0,MEDIUM,2026,2,RSM-v0.1-checkpoint1,"{""replacement_prior"":50.0,""sample_reliability"":0.5278,""season_count"":5.0,""weighted_observed_rating"":54.3}"
00-0040045,Alijah Clark,DAL,S,51.15,11.36,5,44.0,LOW,2026,2,RSM-v0.1-checkpoint1,"{""replacement_prior"":50.0,""sample_reliability"":0.0531,""season_count"":5.0,""weighted_observed_rating"":51.15}"
00-0040865,Caleb Downs,DAL,S,50.02,11.93,5,5.0,LOW,2026,2,RSM-v0.1-checkpoint1,"{""replacement_prior"":50.0,""sample_reliability"":0.0055,""season_count"":5.0,""weighted_observed_rating"":50.02}"
00-0038041,Jake Ferguson,DAL,TE,59.23,2.15,4,452.0,HIGH,2026,2,RSM-v0.1-checkpoint1,"{""replacement_prior"":50.0,""sample_reliability"":0.8205,""season_count"":4.0,""weighted_observed_rating"":59.23}"
00-0037282,James Mitchell,DAL,TE,56.92,8.39,4,68.7,LOW,2026,2,RSM-v0.1-checkpoint1,"{""replacement_prior"":50.0,""sample_reliability"":0.3007,""season_count"":4.0,""weighted_observed_rating"":56.92}"
00-0039530,Brevyn Spann-Ford,DAL,TE,56.66,3.98,2,100.8,HIGH,2026,2,RSM-v0.1-checkpoint1,"{""replacement_prior"":50.0,""sample_reliability"":0.6681,""season_count"":2.0,""weighted_observed_rating"":56.66}"
00-0038547,Luke Schoonmaker,DAL,TE,55.37,3.32,3,195.0,HIGH,2026,2,RSM-v0.1-checkpoint1,"{""replacement_prior"":50.0,""sample_reliability"":0.7233,""season_count"":3.0,""weighted_observed_rating"":55.37}"
00-0040938,DJ Rogers,DAL,TE,50.0,12.0,0,0,LOW,2026,2,RSM-v0.1-checkpoint1,"{""replacement_prior"":50.0,""sample_reliability"":0.0,""season_count"":0.0,""weighted_observed_rating"":50.0}"
00-0040939,Michael Trigg,DAL,TE,50.0,12.0,0,0,LOW,2026,2,RSM-v0.1-checkpoint1,"{""replacement_prior"":50.0,""sample_reliability"":0.0,""season_count"":0.0,""weighted_observed_rating"":50.0}"
00-0040702,Mitch Van Vooren,DAL,TE,50.0,12.0,0,0,LOW,2026,2,RSM-v0.1-checkpoint1,"{""replacement_prior"":50.0,""sample_reliability"":0.0,""season_count"":0.0,""weighted_observed_rating"":50.0}"
00-0038406,Zack Kuntz,DAL,TE,49.89,11.89,2,0.5,LOW,2026,2,RSM-v0.1-checkpoint1,"{""replacement_prior"":50.0,""sample_reliability"":0.0092,""season_count"":2.0,""weighted_observed_rating"":49.89}"
00-0038735,Princeton Fant,DAL,TE,49.3,10.98,1,2.3,LOW,2026,2,RSM-v0.1-checkpoint1,"{""replacement_prior"":50.0,""sample_reliability"":0.0854,""season_count"":1.0,""weighted_observed_rating"":49.3}"
00-0037247,George Pickens,DAL,WR,66.21,2.29,4,592.2,HIGH,2026,2,RSM-v0.1-checkpoint1,"{""replacement_prior"":50.0,""sample_reliability"":0.8091,""season_count"":4.0,""weighted_observed_rating"":66.21}"
00-0036358,CeeDee Lamb,DAL,WR,62.3,2.35,4,624.2,HIGH,2026,2,RSM-v0.1-checkpoint1,"{""replacement_prior"":50.0,""sample_reliability"":0.8046,""season_count"":4.0,""weighted_observed_rating"":62.3}"
00-0039410,Ryan Flournoy,DAL,WR,58.21,4.95,2,105.8,MEDIUM,2026,2,RSM-v0.1-checkpoint1,"{""replacement_prior"":50.0,""sample_reliability"":0.5876,""season_count"":2.0,""weighted_observed_rating"":58.21}"
00-0037801,KaVontae Turpin,DAL,WR,57.88,5.57,4,149.5,MEDIUM,2026,2,RSM-v0.1-checkpoint1,"{""replacement_prior"":50.0,""sample_reliability"":0.5356,""season_count"":4.0,""weighted_observed_rating"":57.88}"
00-0035639,Parris Campbell,DAL,WR,50.04,8.31,4,221.5,LOW,2026,2,RSM-v0.1-checkpoint1,"{""replacement_prior"":50.0,""sample_reliability"":0.3077,""season_count"":4.0,""weighted_observed_rating"":50.04}"
00-0040900,Anthony Smith,DAL,WR,50.0,12.0,0,0,LOW,2026,2,RSM-v0.1-checkpoint1,"{""replacement_prior"":50.0,""sample_reliability"":0.0,""season_count"":0.0,""weighted_observed_rating"":50.0}"
00-0040930,Camden Brown,DAL,WR,50.0,12.0,0,0,LOW,2026,2,RSM-v0.1-checkpoint1,"{""replacement_prior"":50.0,""sample_reliability"":0.0,""season_count"":0.0,""weighted_observed_rating"":50.0}"
00-0040769,Jaden Smith,DAL,WR,50.0,12.0,0,0,LOW,2026,2,RSM-v0.1-checkpoint1,"{""replacement_prior"":50.0,""sample_reliability"":0.0,""season_count"":0.0,""weighted_observed_rating"":50.0}"
00-0040934,Jordan Hudson,DAL,WR,50.0,12.0,0,0,LOW,2026,2,RSM-v0.1-checkpoint1,"{""replacement_prior"":50.0,""sample_reliability"":0.0,""season_count"":0.0,""weighted_observed_rating"":50.0}"
00-0039062,Jonathan Mingo,DAL,WR,49.33,5.77,3,242.0,MEDIUM,2026,2,RSM-v0.1-checkpoint1,"{""replacement_prior"":50.0,""sample_reliability"":0.5188,""season_count"":3.0,""weighted_observed_rating"":49.33}"
00-0037384,Ja'Quan McMillian,DEN,CB,69.53,6.18,5,2350.0,MEDIUM,2026,2,RSM-v0.1-checkpoint1,"{""replacement_prior"":50.0,""sample_reliability"":0.4849,""season_count"":5.0,""weighted_observed_rating"":69.53}"
00-0038552,Riley Moss,DEN,CB,57.13,7.25,5,1949.0,MEDIUM,2026,2,RSM-v0.1-checkpoint1,"{""replacement_prior"":50.0,""sample_reliability"":0.3958,""season_count"":5.0,""weighted_observed_rating"":57.13}"
00-0036874,Pat Surtain II,DEN,CB,56.9,5.4,5,4070.0,MEDIUM,2026,2,RSM-v0.1-checkpoint1,"{""replacement_prior"":50.0,""sample_reliability"":0.5496,""season_count"":5.0,""weighted_observed_rating"":56.9}"
00-0039371,Kris Abrams-Draine,DEN,CB,52.59,9.34,5,336.0,LOW,2026,2,RSM-v0.1-checkpoint1,"{""replacement_prior"":50.0,""sample_reliability"":0.2215,""season_count"":5.0,""weighted_observed_rating"":52.59}"
00-0040720,Jahdae Barron,DEN,CB,52.33,9.85,5,338.0,LOW,2026,2,RSM-v0.1-checkpoint1,"{""replacement_prior"":50.0,""sample_reliability"":0.1795,""season_count"":5.0,""weighted_observed_rating"":52.33}"
00-0041289,Brent Austin,DEN,CB,50.02,11.93,5,5.0,LOW,2026,2,RSM-v0.1-checkpoint1,"{""replacement_prior"":50.0,""sample_reliability"":0.0055,""season_count"":5.0,""weighted_observed_rating"":50.02}"
00-0041589,Ricardo Hallman,DEN,CB,50.02,11.93,5,5.0,LOW,2026,2,RSM-v0.1-checkpoint1,"{""replacement_prior"":50.0,""sample_reliability"":0.0055,""season_count"":5.0,""weighted_observed_rating"":50.02}"
00-0040679,Sean Fresch,DEN,CB,50.02,11.93,5,5.0,LOW,2026,2,RSM-v0.1-checkpoint1,"{""replacement_prior"":50.0,""sample_reliability"":0.0055,""season_count"":5.0,""weighted_observed_rating"":50.02}"
00-0035763,Malcolm Roach,DEN,DL,61.17,6.57,5,1496.0,MEDIUM,2026,2,RSM-v0.1-checkpoint1,"{""replacement_prior"":50.0,""sample_reliability"":0.4528,""season_count"":5.0,""weighted_observed_rating"":61.17}"
00-0033297,D.J. Jones,DEN,DL,59.83,6.23,5,2025.0,MEDIUM,2026,2,RSM-v0.1-checkpoint1,"{""replacement_prior"":50.0,""sample_reliability"":0.4812,""season_count"":5.0,""weighted_observed_rating"":59.83}"
00-0037230,Israel Antwine,DEN,DL,50.02,11.93,5,5.0,LOW,2026,2,RSM-v0.1-checkpoint1,"{""replacement_prior"":50.0,""sample_reliability"":0.0058,""season_count"":5.0,""weighted_observed_rating"":50.02}"
00-0040454,Kristian Williams,DEN,DL,50.02,11.93,5,5.0,LOW,2026,2,RSM-v0.1-checkpoint1,"{""replacement_prior"":50.0,""sample_reliability"":0.0058,""season_count"":5.0,""weighted_observed_rating"":50.02}"
00-0041552,Tyler Onyedim,DEN,DL,50.02,11.93,5,5.0,LOW,2026,2,RSM-v0.1-checkpoint1,"{""replacement_prior"":50.0,""sample_reliability"":0.0058,""season_count"":5.0,""weighted_observed_rating"":50.02}"
00-0037249,Nik Bonitto,DEN,EDGE,68.3,5.74,5,2274.0,MEDIUM,2026,2,RSM-v0.1-checkpoint1,"{""replacement_prior"":50.0,""sample_reliability"":0.5219,""season_count"":5.0,""weighted_observed_rating"":68.3}"
00-0035248,Zach Allen,DEN,EDGE,64.04,5.36,5,3333.0,MEDIUM,2026,2,RSM-v0.1-checkpoint1,"{""replacement_prior"":50.0,""sample_reliability"":0.5535,""season_count"":5.0,""weighted_observed_rating"":64.04}"
00-0036952,Jonathon Cooper,DEN,EDGE,62.0,5.55,5,2780.0,MEDIUM,2026,2,RSM-v0.1-checkpoint1,"{""replacement_prior"":50.0,""sample_reliability"":0.5372,""season_count"":5.0,""weighted_observed_rating"":62.0}"
00-0037799,Dondrea Tillman,DEN,EDGE,58.05,8.24,5,662.0,LOW,2026,2,RSM-v0.1-checkpoint1,"{""replacement_prior"":50.0,""sample_reliability"":0.3133,""season_count"":5.0,""weighted_observed_rating"":58.05}"
00-0039809,Jonah Elliss,DEN,EDGE,56.73,8.15,5,755.0,LOW,2026,2,RSM-v0.1-checkpoint1,"{""replacement_prior"":50.0,""sample_reliability"":0.3209,""season_count"":5.0,""weighted_observed_rating"":56.73}"
00-0038106,Eyioma Uwazurike,DEN,EDGE,54.13,8.45,5,639.0,LOW,2026,2,RSM-v0.1-checkpoint1,"{""replacement_prior"":50.0,""sample_reliability"":0.2958,""season_count"":5.0,""weighted_observed_rating"":54.13}"
00-0040168,Que Robinson,DEN,EDGE,52.65,10.32,5,154.0,LOW,2026,2,RSM-v0.1-checkpoint1,"{""replacement_prior"":50.0,""sample_reliability"":0.1398,""season_count"":5.0,""weighted_observed_rating"":52.65}"
00-0037303,Matt Henningsen,DEN,EDGE,51.39,10.49,5,456.0,LOW,2026,2,RSM-v0.1-checkpoint1,"{""replacement_prior"":50.0,""sample_reliability"":0.1255,""season_count"":5.0,""weighted_observed_rating"":51.39}"
00-0039003,Drew Sanders,DEN,EDGE,51.18,10.8,5,279.0,LOW,2026,2,RSM-v0.1-checkpoint1,"{""replacement_prior"":50.0,""sample_reliability"":0.0998,""season_count"":5.0,""weighted_observed_rating"":51.18}"
00-0037294,Jordan Jackson,DEN,EDGE,51.15,9.33,5,398.0,LOW,2026,2,RSM-v0.1-checkpoint1,"{""replacement_prior"":50.0,""sample_reliability"":0.2226,""season_count"":5.0,""weighted_observed_rating"":51.15}"
00-0041295,Dasan McCullough,DEN,EDGE,50.02,11.92,5,5.0,LOW,2026,2,RSM-v0.1-checkpoint1,"{""replacement_prior"":50.0,""sample_reliability"":0.0066,""season_count"":5.0,""weighted_observed_rating"":50.02}"
00-0039177,David Agoha,DEN,EDGE,50.02,11.92,5,5.0,LOW,2026,2,RSM-v0.1-checkpoint1,"{""replacement_prior"":50.0,""sample_reliability"":0.0066,""season_count"":5.0,""weighted_observed_rating"":50.02}"
00-0040452,Johnny Walker Jr.,DEN,EDGE,50.02,11.92,5,5.0,LOW,2026,2,RSM-v0.1-checkpoint1,"{""replacement_prior"":50.0,""sample_reliability"":0.0066,""season_count"":5.0,""weighted_observed_rating"":50.02}"
00-0039548,Ron Stone Jr.,DEN,EDGE,50.02,11.92,5,5.0,LOW,2026,2,RSM-v0.1-checkpoint1,"{""replacement_prior"":50.0,""sample_reliability"":0.0066,""season_count"":5.0,""weighted_observed_rating"":50.02}"
00-0040153,Sai'vion Jones,DEN,EDGE,49.98,11.36,5,37.0,LOW,2026,2,RSM-v0.1-checkpoint1,"{""replacement_prior"":50.0,""sample_reliability"":0.0535,""season_count"":5.0,""weighted_observed_rating"":49.98}"
00-0032569,Wil Lutz,DEN,K,60.33,1.48,4,280.0,HIGH,2026,2,RSM-v0.1-checkpoint1,"{""replacement_prior"":50.0,""sample_reliability"":0.8767,""season_count"":4.0,""weighted_observed_rating"":60.33}"
00-0036428,Justin Strnad,DEN,LB,62.68,6.52,5,1602.0,MEDIUM,2026,2,RSM-v0.1-checkpoint1,"{""replacement_prior"":50.0,""sample_reliability"":0.4567,""season_count"":5.0,""weighted_observed_rating"":62.68}"
00-0031898,Alex Singleton,DEN,LB,57.56,6.02,5,3082.0,MEDIUM,2026,2,RSM-v0.1-checkpoint1,"{""replacement_prior"":50.0,""sample_reliability"":0.4981,""season_count"":5.0,""weighted_observed_rating"":57.56}"
00-0040634,Jordan Turner,DEN,LB,50.62,11.56,5,27.0,LOW,2026,2,RSM-v0.1-checkpoint1,"{""replacement_prior"":50.0,""sample_reliability"":0.0364,""season_count"":5.0,""weighted_observed_rating"":50.62}"
00-0039565,Levelle Bailey,DEN,LB,50.06,11.7,5,19.0,LOW,2026,2,RSM-v0.1-checkpoint1,"{""replacement_prior"":50.0,""sample_reliability"":0.0248,""season_count"":5.0,""weighted_observed_rating"":50.06}"
00-0040449,Karene Reid,DEN,LB,50.04,11.89,5,7.0,LOW,2026,2,RSM-v0.1-checkpoint1,"{""replacement_prior"":50.0,""sample_reliability"":0.009,""season_count"":5.0,""weighted_observed_rating"":50.04}"
00-0041134,Red Murdock,DEN,LB,50.02,11.93,5,5.0,LOW,2026,2,RSM-v0.1-checkpoint1,"{""replacement_prior"":50.0,""sample_reliability"":0.0058,""season_count"":5.0,""weighted_observed_rating"":50.02}"
00-0041301,Taurean York,DEN,LB,50.02,11.93,5,5.0,LOW,2026,2,RSM-v0.1-checkpoint1,"{""replacement_prior"":50.0,""sample_reliability"":0.0058,""season_count"":5.0,""weighted_observed_rating"":50.02}"
00-0034847,Mike McGlinchey,DEN,OL,70.5,2.26,4,3958.0,LOW,2026,2,RSM-v0.1-checkpoint1,"{""replacement_prior"":50.0,""sample_reliability"":0.812,""season_count"":4.0,""weighted_observed_rating"":70.5}"
00-0033538,Garett Bolles,DEN,OL,70.38,2.44,4,3590.0,LOW,2026,2,RSM-v0.1-checkpoint1,"{""replacement_prior"":50.0,""sample_reliability"":0.7968,""season_count"":4.0,""weighted_observed_rating"":70.38}"
00-0034978,Ben Powers,DEN,OL,67.13,2.88,4,3715.0,LOW,2026,2,RSM-v0.1-checkpoint1,"{""replacement_prior"":50.0,""sample_reliability"":0.7599,""season_count"":4.0,""weighted_observed_rating"":67.13}"
00-0037001,Quinn Meinerz,DEN,OL,66.24,2.18,4,3985.0,LOW,2026,2,RSM-v0.1-checkpoint1,"{""replacement_prior"":50.0,""sample_reliability"":0.8179,""season_count"":4.0,""weighted_observed_rating"":66.24}"
00-0037278,Luke Wattenberg,DEN,OL,60.44,4.62,4,1957.0,LOW,2026,2,RSM-v0.1-checkpoint1,"{""replacement_prior"":50.0,""sample_reliability"":0.6153,""season_count"":4.0,""weighted_observed_rating"":60.44}"
00-0035686,Michael Deiter,DEN,OL,54.14,4.79,2,918.0,LOW,2026,2,RSM-v0.1-checkpoint1,"{""replacement_prior"":50.0,""sample_reliability"":0.6009,""season_count"":2.0,""weighted_observed_rating"":54.14}"
00-0038796,Alex Palczewski,DEN,OL,52.43,4.54,2,845.0,LOW,2026,2,RSM-v0.1-checkpoint1,"{""replacement_prior"":50.0,""sample_reliability"":0.6214,""season_count"":2.0,""weighted_observed_rating"":52.43}"
00-0035764,Calvin Throckmorton,DEN,OL,51.2,8.75,4,1064.0,LOW,2026,2,RSM-v0.1-checkpoint1,"{""replacement_prior"":50.0,""sample_reliability"":0.2704,""season_count"":4.0,""weighted_observed_rating"":51.2}"
00-0041297,Gavin Ortega,DEN,OL,50.0,12.0,0,0,LOW,2026,2,RSM-v0.1-checkpoint1,"{""replacement_prior"":50.0,""sample_reliability"":0.0,""season_count"":0.0,""weighted_observed_rating"":50.0}"
00-0041498,Kage Casey,DEN,OL,50.0,12.0,0,0,LOW,2026,2,RSM-v0.1-checkpoint1,"{""replacement_prior"":50.0,""sample_reliability"":0.0,""season_count"":0.0,""weighted_observed_rating"":50.0}"
00-0039438,Nick Gargiulo,DEN,OL,50.0,12.0,0,0,LOW,2026,2,RSM-v0.1-checkpoint1,"{""replacement_prior"":50.0,""sample_reliability"":0.0,""season_count"":0.0,""weighted_observed_rating"":50.0}"
00-0041296,Tyler Miller,DEN,OL,50.0,12.0,0,0,LOW,2026,2,RSM-v0.1-checkpoint1,"{""replacement_prior"":50.0,""sample_reliability"":0.0,""season_count"":0.0,""weighted_observed_rating"":50.0}"
00-0036392,Matt Peart,DEN,OL,49.44,8.1,4,504.0,LOW,2026,2,RSM-v0.1-checkpoint1,"{""replacement_prior"":50.0,""sample_reliability"":0.325,""season_count"":4.0,""weighted_observed_rating"":49.44}"
00-0039568,Frank Crum,DEN,OL,48.65,10.23,2,74.0,LOW,2026,2,RSM-v0.1-checkpoint1,"{""replacement_prior"":50.0,""sample_reliability"":0.1473,""season_count"":2.0,""weighted_observed_rating"":48.65}"
00-0038649,Alex Forsyth,DEN,OL,47.68,6.65,2,426.0,LOW,2026,2,RSM-v0.1-checkpoint1,"{""replacement_prior"":50.0,""sample_reliability"":0.446,""season_count"":2.0,""weighted_observed_rating"":47.68}"
00-0040223,Jeremy Crawshaw,DEN,OTHER,59.61,4.88,1,146.0,MEDIUM,2026,2,RSM-v0.1-checkpoint1,"{""replacement_prior"":50.0,""sample_reliability"":0.5935,""season_count"":1.0,""weighted_observed_rating"":59.61}"
00-0036943,Mitchell Fraboni,DEN,OTHER,57.68,5.25,4,495.0,MEDIUM,2026,2,RSM-v0.1-checkpoint1,"{""replacement_prior"":50.0,""sample_reliability"":0.5627,""season_count"":4.0,""weighted_observed_rating"":57.68}"
00-0041290,Luke Basso,DEN,OTHER,50.0,12.0,0,0,LOW,2026,2,RSM-v0.1-checkpoint1,"{""replacement_prior"":50.0,""sample_reliability"":0.0,""season_count"":0.0,""weighted_observed_rating"":50.0}"
00-0039732,Bo Nix,DEN,QB,62.47,1.68,2,1225.0,HIGH,2026,2,RSM-v0.1-checkpoint1,"{""replacement_prior"":50.0,""sample_reliability"":0.8604,""season_count"":2.0,""weighted_observed_rating"":62.47}"
00-0035264,Jarrett Stidham,DEN,QB,54.77,6.69,2,163.0,MEDIUM,2026,2,RSM-v0.1-checkpoint1,"{""replacement_prior"":50.0,""sample_reliability"":0.4427,""season_count"":2.0,""weighted_observed_rating"":54.77}"
00-0036879,Sam Ehlinger,DEN,QB,46.95,5.58,1,115.0,MEDIUM,2026,2,RSM-v0.1-checkpoint1,"{""replacement_prior"":50.0,""sample_reliability"":0.5349,""season_count"":1.0,""weighted_observed_rating"":46.95}"
00-0036158,J.K. Dobbins,DEN,RB,58.27,4.42,4,511.0,MEDIUM,2026,2,RSM-v0.1-checkpoint1,"{""replacement_prior"":50.0,""sample_reliability"":0.6313,""season_count"":4.0,""weighted_observed_rating"":58.27}"
00-0040730,RJ Harvey,DEN,RB,58.23,2.73,1,204.0,MEDIUM,2026,2,RSM-v0.1-checkpoint1,"{""replacement_prior"":50.0,""sample_reliability"":0.7727,""season_count"":1.0,""weighted_observed_rating"":58.23}"
00-0036727,Adam Prentice,DEN,RB,52.19,10.32,4,34.0,LOW,2026,2,RSM-v0.1-checkpoint1,"{""replacement_prior"":50.0,""sample_reliability"":0.1402,""season_count"":4.0,""weighted_observed_rating"":52.19}"
00-0037085,Tyler Badie,DEN,RB,50.59,8.76,3,55.0,LOW,2026,2,RSM-v0.1-checkpoint1,"{""replacement_prior"":50.0,""sample_reliability"":0.2698,""season_count"":3.0,""weighted_observed_rating"":50.59}"
00-0039703,Cody Schrader,DEN,RB,50.02,11.61,1,2.0,LOW,2026,2,RSM-v0.1-checkpoint1,"{""replacement_prior"":50.0,""sample_reliability"":0.0323,""season_count"":1.0,""weighted_observed_rating"":50.02}"
00-0041496,Jonah Coleman,DEN,RB,50.0,12.0,0,0,LOW,2026,2,RSM-v0.1-checkpoint1,"{""replacement_prior"":50.0,""sample_reliability"":0.0,""season_count"":0.0,""weighted_observed_rating"":50.0}"
00-0036564,Talanoa Hufanga,DEN,S,60.56,5.92,5,2998.0,MEDIUM,2026,2,RSM-v0.1-checkpoint1,"{""replacement_prior"":50.0,""sample_reliability"":0.5066,""season_count"":5.0,""weighted_observed_rating"":60.56}"
00-0036221,Brandon Jones,DEN,S,60.2,5.8,5,2660.0,MEDIUM,2026,2,RSM-v0.1-checkpoint1,"{""replacement_prior"":50.0,""sample_reliability"":0.5169,""season_count"":5.0,""weighted_observed_rating"":60.2}"
00-0036683,Devon Key,DEN,S,55.61,9.77,5,327.0,LOW,2026,2,RSM-v0.1-checkpoint1,"{""replacement_prior"":50.0,""sample_reliability"":0.1858,""season_count"":5.0,""weighted_observed_rating"":55.61}"
00-0035663,Taylor Rapp,DEN,S,54.89,6.28,5,2520.0,MEDIUM,2026,2,RSM-v0.1-checkpoint1,"{""replacement_prior"":50.0,""sample_reliability"":0.4768,""season_count"":5.0,""weighted_observed_rating"":54.89}"
00-0037752,Tycen Anderson,DEN,S,51.85,9.1,5,521.0,LOW,2026,2,RSM-v0.1-checkpoint1,"{""replacement_prior"":50.0,""sample_reliability"":0.2419,""season_count"":5.0,""weighted_observed_rating"":51.85}"
00-0038605,JL Skinner,DEN,S,50.28,11.24,5,56.0,LOW,2026,2,RSM-v0.1-checkpoint1,"{""replacement_prior"":50.0,""sample_reliability"":0.0631,""season_count"":5.0,""weighted_observed_rating"":50.28}"
00-0041130,Miles Scott,DEN,S,50.02,11.93,5,5.0,LOW,2026,2,RSM-v0.1-checkpoint1,"{""replacement_prior"":50.0,""sample_reliability"":0.0055,""season_count"":5.0,""weighted_observed_rating"":50.02}"
00-0041298,Parker Robertson,DEN,S,50.02,11.93,5,5.0,LOW,2026,2,RSM-v0.1-checkpoint1,"{""replacement_prior"":50.0,""sample_reliability"":0.0055,""season_count"":5.0,""weighted_observed_rating"":50.02}"
00-0036422,Adam Trautman,DEN,TE,63.78,2.32,4,416.8,HIGH,2026,2,RSM-v0.1-checkpoint1,"{""replacement_prior"":50.0,""sample_reliability"":0.8067,""season_count"":4.0,""weighted_observed_rating"":63.78}"
00-0033881,Evan Engram,DEN,TE,57.0,2.69,4,437.8,HIGH,2026,2,RSM-v0.1-checkpoint1,"{""replacement_prior"":50.0,""sample_reliability"":0.7756,""season_count"":4.0,""weighted_observed_rating"":57.0}"
00-0038783,Nate Adkins,DEN,TE,56.14,5.24,3,113.2,MEDIUM,2026,2,RSM-v0.1-checkpoint1,"{""replacement_prior"":50.0,""sample_reliability"":0.5629,""season_count"":3.0,""weighted_observed_rating"":56.14}"
00-0037539,Lucas Krull,DEN,TE,51.58,7.22,4,88.2,MEDIUM,2026,2,RSM-v0.1-checkpoint1,"{""replacement_prior"":50.0,""sample_reliability"":0.3983,""season_count"":4.0,""weighted_observed_rating"":51.58}"
00-0040240,Caleb Lohner,DEN,TE,50.0,12.0,0,0,LOW,2026,2,RSM-v0.1-checkpoint1,"{""replacement_prior"":50.0,""sample_reliability"":0.0,""season_count"":0.0,""weighted_observed_rating"":50.0}"
00-0041133,Dallen Bentley,DEN,TE,50.0,12.0,0,0,LOW,2026,2,RSM-v0.1-checkpoint1,"{""replacement_prior"":50.0,""sample_reliability"":0.0,""season_count"":0.0,""weighted_observed_rating"":50.0}"
00-0036613,Jaylen Waddle,DEN,WR,64.47,2.69,4,487.3,HIGH,2026,2,RSM-v0.1-checkpoint1,"{""replacement_prior"":50.0,""sample_reliability"":0.776,""season_count"":4.0,""weighted_observed_rating"":64.47}"
00-0034348,Courtland Sutton,DEN,WR,62.2,2.25,4,595.8,HIGH,2026,2,RSM-v0.1-checkpoint1,"{""replacement_prior"":50.0,""sample_reliability"":0.8129,""season_count"":4.0,""weighted_observed_rating"":62.2}"
00-0040134,Pat Bryant,DEN,WR,58.24,3.68,1,79.2,MEDIUM,2026,2,RSM-v0.1-checkpoint1,"{""replacement_prior"":50.0,""sample_reliability"":0.6934,""season_count"":1.0,""weighted_observed_rating"":58.24}"
00-0038976,Marvin Mims Jr.,DEN,WR,57.74,4.44,3,179.2,MEDIUM,2026,2,RSM-v0.1-checkpoint1,"{""replacement_prior"":50.0,""sample_reliability"":0.6296,""season_count"":3.0,""weighted_observed_rating"":57.74}"
00-0035406,Lil'Jordan Humphrey,DEN,WR,56.35,4.51,4,238.5,MEDIUM,2026,2,RSM-v0.1-checkpoint1,"{""replacement_prior"":50.0,""sample_reliability"":0.624,""season_count"":4.0,""weighted_observed_rating"":56.35}"
00-0039868,Troy Franklin,DEN,WR,54.46,3.41,2,176.0,HIGH,2026,2,RSM-v0.1-checkpoint1,"{""replacement_prior"":50.0,""sample_reliability"":0.7159,""season_count"":2.0,""weighted_observed_rating"":54.46}"
00-0036959,Michael Bandy,DEN,WR,52.62,10.26,3,38.5,LOW,2026,2,RSM-v0.1-checkpoint1,"{""replacement_prior"":50.0,""sample_reliability"":0.1454,""season_count"":3.0,""weighted_observed_rating"":52.62}"
00-0041299,Cameron Ross,DEN,WR,50.0,12.0,0,0,LOW,2026,2,RSM-v0.1-checkpoint1,"{""replacement_prior"":50.0,""sample_reliability"":0.0,""season_count"":0.0,""weighted_observed_rating"":50.0}"
00-0041293,Dane Key,DEN,WR,50.0,12.0,0,0,LOW,2026,2,RSM-v0.1-checkpoint1,"{""replacement_prior"":50.0,""sample_reliability"":0.0,""season_count"":0.0,""weighted_observed_rating"":50.0}"
00-0041294,Joseph Manjack,DEN,WR,50.0,12.0,0,0,LOW,2026,2,RSM-v0.1-checkpoint1,"{""replacement_prior"":50.0,""sample_reliability"":0.0,""season_count"":0.0,""weighted_observed_rating"":50.0}"
00-0041292,Kolbe Katsis,DEN,WR,50.0,12.0,0,0,LOW,2026,2,RSM-v0.1-checkpoint1,"{""replacement_prior"":50.0,""sample_reliability"":0.0,""season_count"":0.0,""weighted_observed_rating"":50.0}"
00-0038125,Roger McCreary,DET,CB,68.36,6.12,5,3097.0,MEDIUM,2026,2,RSM-v0.1-checkpoint1,"{""replacement_prior"":50.0,""sample_reliability"":0.4902,""season_count"":5.0,""weighted_observed_rating"":68.36}"
00-0034384,D.J. Reed,DET,CB,59.86,5.66,5,3594.0,MEDIUM,2026,2,RSM-v0.1-checkpoint1,"{""replacement_prior"":50.0,""sample_reliability"":0.5284,""season_count"":5.0,""weighted_observed_rating"":59.86}"
00-0035637,Rock Ya-Sin,DET,CB,56.45,7.29,5,1618.0,MEDIUM,2026,2,RSM-v0.1-checkpoint1,"{""replacement_prior"":50.0,""sample_reliability"":0.3925,""season_count"":5.0,""weighted_observed_rating"":56.45}"
00-0036124,Khalil Dorsey,DET,CB,52.5,10.58,5,175.0,LOW,2026,2,RSM-v0.1-checkpoint1,"{""replacement_prior"":50.0,""sample_reliability"":0.1182,""season_count"":5.0,""weighted_observed_rating"":52.5}"
00-0038966,Natrone Brooks,DET,CB,52.33,10.62,5,118.0,LOW,2026,2,RSM-v0.1-checkpoint1,"{""replacement_prior"":50.0,""sample_reliability"":0.1152,""season_count"":5.0,""weighted_observed_rating"":52.33}"
00-0038841,Nick Whiteside,DET,CB,51.16,11.13,5,69.0,LOW,2026,2,RSM-v0.1-checkpoint1,"{""replacement_prior"":50.0,""sample_reliability"":0.0722,""season_count"":5.0,""weighted_observed_rating"":51.16}"
00-0039862,Ennis Rakestraw Jr.,DET,CB,50.27,11.51,5,50.0,LOW,2026,2,RSM-v0.1-checkpoint1,"{""replacement_prior"":50.0,""sample_reliability"":0.0412,""season_count"":5.0,""weighted_observed_rating"":50.27}"
00-0038956,Ekow Boye-Doe,DET,CB,50.05,11.83,5,19.0,LOW,2026,2,RSM-v0.1-checkpoint1,"{""replacement_prior"":50.0,""sample_reliability"":0.0141,""season_count"":5.0,""weighted_observed_rating"":50.05}"
00-0038604,Eric Scott Jr.,DET,CB,50.02,11.93,5,5.0,LOW,2026,2,RSM-v0.1-checkpoint1,"{""replacement_prior"":50.0,""sample_reliability"":0.0055,""season_count"":5.0,""weighted_observed_rating"":50.02}"
00-0041445,Keith Abney II,DET,CB,50.02,11.93,5,5.0,LOW,2026,2,RSM-v0.1-checkpoint1,"{""replacement_prior"":50.0,""sample_reliability"":0.0055,""season_count"":5.0,""weighted_observed_rating"":50.02}"
00-0039245,Ryan Cooper Jr.,DET,CB,50.02,11.93,5,5.0,LOW,2026,2,RSM-v0.1-checkpoint1,"{""replacement_prior"":50.0,""sample_reliability"":0.0055,""season_count"":5.0,""weighted_observed_rating"":50.02}"
00-0036624,Alim McNeill,DET,DL,60.23,5.93,5,2498.0,MEDIUM,2026,2,RSM-v0.1-checkpoint1,"{""replacement_prior"":50.0,""sample_reliability"":0.5055,""season_count"":5.0,""weighted_observed_rating"":60.23}"
00-0040672,Tyleik Williams,DET,DL,53.21,9.6,5,450.0,LOW,2026,2,RSM-v0.1-checkpoint1,"{""replacement_prior"":50.0,""sample_reliability"":0.1998,""season_count"":5.0,""weighted_observed_rating"":53.21}"
00-0037356,Ben Stille,DET,DL,52.74,10.11,5,340.0,LOW,2026,2,RSM-v0.1-checkpoint1,"{""replacement_prior"":50.0,""sample_reliability"":0.1575,""season_count"":5.0,""weighted_observed_rating"":52.74}"
00-0039396,Mekhi Wingo,DET,DL,50.67,10.03,5,238.0,LOW,2026,2,RSM-v0.1-checkpoint1,"{""replacement_prior"":50.0,""sample_reliability"":0.1643,""season_count"":5.0,""weighted_observed_rating"":50.67}"
00-0038661,Chris Smith,DET,DL,50.4,11.12,5,109.0,LOW,2026,2,RSM-v0.1-checkpoint1,"{""replacement_prior"":50.0,""sample_reliability"":0.0735,""season_count"":5.0,""weighted_observed_rating"":50.4}"
00-0041447,Skyler Gill-Howard,DET,DL,50.02,11.93,5,5.0,LOW,2026,2,RSM-v0.1-checkpoint1,"{""replacement_prior"":50.0,""sample_reliability"":0.0058,""season_count"":5.0,""weighted_observed_rating"":50.02}"
00-0041448,Tyre West,DET,DL,50.02,11.93,5,5.0,LOW,2026,2,RSM-v0.1-checkpoint1,"{""replacement_prior"":50.0,""sample_reliability"":0.0058,""season_count"":5.0,""weighted_observed_rating"":50.02}"
00-0037236,Aidan Hutchinson,DET,EDGE,67.74,5.67,5,3232.0,MEDIUM,2026,2,RSM-v0.1-checkpoint1,"{""replacement_prior"":50.0,""sample_reliability"":0.5278,""season_count"":5.0,""weighted_observed_rating"":67.74}"
00-0036335,D.J. Wonnum,DET,EDGE,58.36,5.71,5,2533.0,MEDIUM,2026,2,RSM-v0.1-checkpoint1,"{""replacement_prior"":50.0,""sample_reliability"":0.524,""season_count"":5.0,""weighted_observed_rating"":58.36}"
00-0035707,Devin White,DET,EDGE,55.82,5.87,5,3265.0,MEDIUM,2026,2,RSM-v0.1-checkpoint1,"{""replacement_prior"":50.0,""sample_reliability"":0.5105,""season_count"":5.0,""weighted_observed_rating"":55.82}"
00-0036964,Derrick Barnes,DET,EDGE,54.58,6.36,5,2115.0,MEDIUM,2026,2,RSM-v0.1-checkpoint1,"{""replacement_prior"":50.0,""sample_reliability"":0.4701,""season_count"":5.0,""weighted_observed_rating"":54.58}"
00-0038660,Trevor Nowaske,DET,EDGE,54.55,9.14,5,443.0,LOW,2026,2,RSM-v0.1-checkpoint1,"{""replacement_prior"":50.0,""sample_reliability"":0.2387,""season_count"":5.0,""weighted_observed_rating"":54.55}"
00-0036926,Payton Turner,DET,EDGE,54.46,9.74,5,533.0,LOW,2026,2,RSM-v0.1-checkpoint1,"{""replacement_prior"":50.0,""sample_reliability"":0.1882,""season_count"":5.0,""weighted_observed_rating"":54.46}"
00-0037289,Malcolm Rodriguez,DET,EDGE,53.86,8.04,5,1125.0,LOW,2026,2,RSM-v0.1-checkpoint1,"{""replacement_prior"":50.0,""sample_reliability"":0.3298,""season_count"":5.0,""weighted_observed_rating"":53.86}"
00-0037281,Damone Clark,DET,EDGE,53.4,7.63,5,1448.0,MEDIUM,2026,2,RSM-v0.1-checkpoint1,"{""replacement_prior"":50.0,""sample_reliability"":0.3642,""season_count"":5.0,""weighted_observed_rating"":53.4}"
00-0038940,Tyler Lacy,DET,EDGE,52.38,7.78,5,724.0,MEDIUM,2026,2,RSM-v0.1-checkpoint1,"{""replacement_prior"":50.0,""sample_reliability"":0.3521,""season_count"":5.0,""weighted_observed_rating"":52.38}"
00-0036954,Levi Onwuzurike,DET,EDGE,52.08,9.52,5,770.0,LOW,2026,2,RSM-v0.1-checkpoint1,"{""replacement_prior"":50.0,""sample_reliability"":0.2064,""season_count"":5.0,""weighted_observed_rating"":52.08}"
00-0036716,Amen Ogbongbemiga,DET,EDGE,51.74,10.5,5,117.0,LOW,2026,2,RSM-v0.1-checkpoint1,"{""replacement_prior"":50.0,""sample_reliability"":0.1248,""season_count"":5.0,""weighted_observed_rating"":51.74}"
00-0035895,Joe Bachie,DET,EDGE,50.83,9.73,5,217.0,LOW,2026,2,RSM-v0.1-checkpoint1,"{""replacement_prior"":50.0,""sample_reliability"":0.1895,""season_count"":5.0,""weighted_observed_rating"":50.83}"
00-0040761,Ahmed Hassanein,DET,EDGE,50.02,11.92,5,5.0,LOW,2026,2,RSM-v0.1-checkpoint1,"{""replacement_prior"":50.0,""sample_reliability"":0.0066,""season_count"":5.0,""weighted_observed_rating"":50.02}"
00-0041458,Anthony Lucas,DET,EDGE,50.02,11.92,5,5.0,LOW,2026,2,RSM-v0.1-checkpoint1,"{""replacement_prior"":50.0,""sample_reliability"":0.0066,""season_count"":5.0,""weighted_observed_rating"":50.02}"
00-0041441,Derrick Moore,DET,EDGE,50.02,11.92,5,5.0,LOW,2026,2,RSM-v0.1-checkpoint1,"{""replacement_prior"":50.0,""sample_reliability"":0.0066,""season_count"":5.0,""weighted_observed_rating"":50.02}"
00-0041459,Eric O'Neill,DET,EDGE,50.02,11.92,5,5.0,LOW,2026,2,RSM-v0.1-checkpoint1,"{""replacement_prior"":50.0,""sample_reliability"":0.0066,""season_count"":5.0,""weighted_observed_rating"":50.02}"
00-0039172,Jake Bates,DET,K,53.13,1.17,2,186.0,HIGH,2026,2,RSM-v0.1-checkpoint1,"{""replacement_prior"":50.0,""sample_reliability"":0.9023,""season_count"":2.0,""weighted_observed_rating"":53.13}"
00-0039018,Jack Campbell,DET,LB,60.33,6.19,5,2712.0,MEDIUM,2026,2,RSM-v0.1-checkpoint1,"{""replacement_prior"":50.0,""sample_reliability"":0.4843,""season_count"":5.0,""weighted_observed_rating"":60.33}"
00-0041442,Jimmy Rolder,DET,LB,50.02,11.93,5,5.0,LOW,2026,2,RSM-v0.1-checkpoint1,"{""replacement_prior"":50.0,""sample_reliability"":0.0058,""season_count"":5.0,""weighted_observed_rating"":50.02}"
00-0036880,Penei Sewell,DET,OL,66.62,2.1,4,4462.0,LOW,2026,2,RSM-v0.1-checkpoint1,"{""replacement_prior"":50.0,""sample_reliability"":0.825,""season_count"":4.0,""weighted_observed_rating"":66.62}"
00-0040728,Tate Ratledge,DET,OL,63.25,2.1,1,1087.0,LOW,2026,2,RSM-v0.1-checkpoint1,"{""replacement_prior"":50.0,""sample_reliability"":0.8254,""season_count"":1.0,""weighted_observed_rating"":63.25}"
00-0039408,Christian Mahogany,DET,OL,57.0,5.4,2,774.0,LOW,2026,2,RSM-v0.1-checkpoint1,"{""replacement_prior"":50.0,""sample_reliability"":0.5498,""season_count"":2.0,""weighted_observed_rating"":57.0}"
00-0037297,Cade Mays,DET,OL,56.3,4.23,4,1708.0,LOW,2026,2,RSM-v0.1-checkpoint1,"{""replacement_prior"":50.0,""sample_reliability"":0.6477,""season_count"":4.0,""weighted_observed_rating"":56.3}"
00-0038936,Juice Scruggs,DET,OL,56.08,3.91,3,1663.0,LOW,2026,2,RSM-v0.1-checkpoint1,"{""replacement_prior"":50.0,""sample_reliability"":0.6743,""season_count"":3.0,""weighted_observed_rating"":56.08}"
00-0036905,Larry Borom,DET,OL,55.85,3.89,4,1931.0,LOW,2026,2,RSM-v0.1-checkpoint1,"{""replacement_prior"":50.0,""sample_reliability"":0.6756,""season_count"":4.0,""weighted_observed_rating"":55.85}"
00-0036272,Ben Bartch,DET,OL,53.11,6.99,4,799.0,LOW,2026,2,RSM-v0.1-checkpoint1,"{""replacement_prior"":50.0,""sample_reliability"":0.4176,""season_count"":4.0,""weighted_observed_rating"":53.11}"
00-0041439,Blake Miller,DET,OL,50.0,12.0,0,0,LOW,2026,2,RSM-v0.1-checkpoint1,"{""replacement_prior"":50.0,""sample_reliability"":0.0,""season_count"":0.0,""weighted_observed_rating"":50.0}"
00-0040401,Gus Hartwig,DET,OL,50.0,12.0,0,0,LOW,2026,2,RSM-v0.1-checkpoint1,"{""replacement_prior"":50.0,""sample_reliability"":0.0,""season_count"":0.0,""weighted_observed_rating"":50.0}"
00-0040391,Mason Miller,DET,OL,50.0,12.0,0,0,LOW,2026,2,RSM-v0.1-checkpoint1,"{""replacement_prior"":50.0,""sample_reliability"":0.0,""season_count"":0.0,""weighted_observed_rating"":50.0}"
00-0041460,Melvin Priestly,DET,OL,50.0,12.0,0,0,LOW,2026,2,RSM-v0.1-checkpoint1,"{""replacement_prior"":50.0,""sample_reliability"":0.0,""season_count"":0.0,""weighted_observed_rating"":50.0}"
00-0040374,Seth McLaughlin,DET,OL,50.0,12.0,0,0,LOW,2026,2,RSM-v0.1-checkpoint1,"{""replacement_prior"":50.0,""sample_reliability"":0.0,""season_count"":0.0,""weighted_observed_rating"":50.0}"
00-0037385,Michael Niese,DET,OL,49.29,11.01,2,47.0,LOW,2026,2,RSM-v0.1-checkpoint1,"{""replacement_prior"":50.0,""sample_reliability"":0.0826,""season_count"":2.0,""weighted_observed_rating"":49.29}"
00-0039362,Giovanni Manu,DET,OL,49.16,9.23,1,69.0,LOW,2026,2,RSM-v0.1-checkpoint1,"{""replacement_prior"":50.0,""sample_reliability"":0.2308,""season_count"":1.0,""weighted_observed_rating"":49.16}"
00-0037414,Devin Cochran,DET,OL,49.03,7.23,1,152.0,LOW,2026,2,RSM-v0.1-checkpoint1,"{""replacement_prior"":50.0,""sample_reliability"":0.3979,""season_count"":1.0,""weighted_observed_rating"":49.03}"
00-0039411,Elijah Klein,DET,OL,48.57,9.84,2,96.0,LOW,2026,2,RSM-v0.1-checkpoint1,"{""replacement_prior"":50.0,""sample_reliability"":0.1797,""season_count"":2.0,""weighted_observed_rating"":48.57}"
00-0040193,Miles Frazier,DET,OL,48.54,10.0,1,46.0,LOW,2026,2,RSM-v0.1-checkpoint1,"{""replacement_prior"":50.0,""sample_reliability"":0.1667,""season_count"":1.0,""weighted_observed_rating"":48.54}"
00-0038592,Colby Sorsdal,DET,OL,45.8,5.71,1,253.0,LOW,2026,2,RSM-v0.1-checkpoint1,"{""replacement_prior"":50.0,""sample_reliability"":0.5238,""season_count"":1.0,""weighted_observed_rating"":45.8}"
00-0035156,Jack Fox,DET,OTHER,64.37,4.57,4,712.0,MEDIUM,2026,2,RSM-v0.1-checkpoint1,"{""replacement_prior"":50.0,""sample_reliability"":0.6194,""season_count"":4.0,""weighted_observed_rating"":64.37}"
00-0039445,Hogan Hatten,DET,OTHER,58.89,4.89,2,290.0,MEDIUM,2026,2,RSM-v0.1-checkpoint1,"{""replacement_prior"":50.0,""sample_reliability"":0.5925,""season_count"":2.0,""weighted_observed_rating"":58.89}"
00-0033106,Jared Goff,DET,QB,65.55,1.7,4,2431.0,HIGH,2026,2,RSM-v0.1-checkpoint1,"{""replacement_prior"":50.0,""sample_reliability"":0.8582,""season_count"":4.0,""weighted_observed_rating"":65.55}"
00-0033949,Joshua Dobbs,DET,QB,52.09,8.02,4,580.0,LOW,2026,2,RSM-v0.1-checkpoint1,"{""replacement_prior"":50.0,""sample_reliability"":0.332,""season_count"":4.0,""weighted_observed_rating"":52.09}"
00-0031237,Teddy Bridgewater,DET,QB,50.39,9.39,2,103.0,LOW,2026,2,RSM-v0.1-checkpoint1,"{""replacement_prior"":50.0,""sample_reliability"":0.2178,""season_count"":2.0,""weighted_observed_rating"":50.39}"
00-0041453,Luke Altmyer,DET,QB,50.0,12.0,0,0,LOW,2026,2,RSM-v0.1-checkpoint1,"{""replacement_prior"":50.0,""sample_reliability"":0.0,""season_count"":0.0,""weighted_observed_rating"":50.0}"
00-0039139,Jahmyr Gibbs,DET,RB,65.94,1.95,3,903.0,HIGH,2026,2,RSM-v0.1-checkpoint1,"{""replacement_prior"":50.0,""sample_reliability"":0.8373,""season_count"":3.0,""weighted_observed_rating"":65.94}"
00-0037197,Isiah Pacheco,DET,RB,57.02,3.51,4,681.0,HIGH,2026,2,RSM-v0.1-checkpoint1,"{""replacement_prior"":50.0,""sample_reliability"":0.7078,""season_count"":4.0,""weighted_observed_rating"":57.02}"
00-0038896,Jacob Saylors,DET,RB,50.35,11.61,1,2.0,LOW,2026,2,RSM-v0.1-checkpoint1,"{""replacement_prior"":50.0,""sample_reliability"":0.0323,""season_count"":1.0,""weighted_observed_rating"":50.35}"
00-0039364,Sione Vaki,DET,RB,50.15,11.26,2,10.0,LOW,2026,2,RSM-v0.1-checkpoint1,"{""replacement_prior"":50.0,""sample_reliability"":0.062,""season_count"":2.0,""weighted_observed_rating"":50.15}"
00-0039652,Jabari Small,DET,RB,50.0,12.0,0,0,LOW,2026,2,RSM-v0.1-checkpoint1,"{""replacement_prior"":50.0,""sample_reliability"":0.0,""season_count"":0.0,""weighted_observed_rating"":50.0}"
00-0041572,Roydell Williams,DET,RB,50.0,12.0,0,0,LOW,2026,2,RSM-v0.1-checkpoint1,"{""replacement_prior"":50.0,""sample_reliability"":0.0,""season_count"":0.0,""weighted_observed_rating"":50.0}"
00-0039141,Brian Branch,DET,S,67.92,6.4,5,2404.0,MEDIUM,2026,2,RSM-v0.1-checkpoint1,"{""replacement_prior"":50.0,""sample_reliability"":0.4669,""season_count"":5.0,""weighted_observed_rating"":67.92}"
00-0037667,Kerby Joseph,DET,S,59.74,6.06,5,3191.0,MEDIUM,2026,2,RSM-v0.1-checkpoint1,"{""replacement_prior"":50.0,""sample_reliability"":0.4949,""season_count"":5.0,""weighted_observed_rating"":59.74}"
00-0034377,Avonte Maddox,DET,S,59.23,7.11,5,1286.0,MEDIUM,2026,2,RSM-v0.1-checkpoint1,"{""replacement_prior"":50.0,""sample_reliability"":0.4072,""season_count"":5.0,""weighted_observed_rating"":59.23}"
00-0039660,Thomas Harper,DET,S,56.29,8.49,5,677.0,LOW,2026,2,RSM-v0.1-checkpoint1,"{""replacement_prior"":50.0,""sample_reliability"":0.2924,""season_count"":5.0,""weighted_observed_rating"":56.29}"
00-0033294,Chuck Clark,DET,S,55.67,7.13,5,2241.0,MEDIUM,2026,2,RSM-v0.1-checkpoint1,"{""replacement_prior"":50.0,""sample_reliability"":0.4061,""season_count"":5.0,""weighted_observed_rating"":55.67}"
00-0038820,Christian Izien,DET,S,54.78,7.55,5,1584.0,MEDIUM,2026,2,RSM-v0.1-checkpoint1,"{""replacement_prior"":50.0,""sample_reliability"":0.3709,""season_count"":5.0,""weighted_observed_rating"":54.78}"
00-0039060,Jason Taylor II,DET,S,50.09,11.69,5,43.0,LOW,2026,2,RSM-v0.1-checkpoint1,"{""replacement_prior"":50.0,""sample_reliability"":0.0262,""season_count"":5.0,""weighted_observed_rating"":50.09}"
00-0041454,Aamaris Brown,DET,S,50.02,11.93,5,5.0,LOW,2026,2,RSM-v0.1-checkpoint1,"{""replacement_prior"":50.0,""sample_reliability"":0.0055,""season_count"":5.0,""weighted_observed_rating"":50.02}"
00-0040233,Dan Jackson,DET,S,50.02,11.93,5,5.0,LOW,2026,2,RSM-v0.1-checkpoint1,"{""replacement_prior"":50.0,""sample_reliability"":0.0055,""season_count"":5.0,""weighted_observed_rating"":50.02}"
00-0039065,Sam LaPorta,DET,TE,69.75,2.15,3,401.3,HIGH,2026,2,RSM-v0.1-checkpoint1,"{""replacement_prior"":50.0,""sample_reliability"":0.8209,""season_count"":3.0,""weighted_observed_rating"":69.75}"
00-0036754,Brock Wright,DET,TE,59.59,2.92,4,333.0,HIGH,2026,2,RSM-v0.1-checkpoint1,"{""replacement_prior"":50.0,""sample_reliability"":0.757,""season_count"":4.0,""weighted_observed_rating"":59.59}"
00-0034270,Tyler Conklin,DET,TE,57.59,3.45,4,434.5,HIGH,2026,2,RSM-v0.1-checkpoint1,"{""replacement_prior"":50.0,""sample_reliability"":0.7129,""season_count"":4.0,""weighted_observed_rating"":57.59}"
00-0040697,Thomas Gordon,DET,TE,50.0,12.0,0,0,LOW,2026,2,RSM-v0.1-checkpoint1,"{""replacement_prior"":50.0,""sample_reliability"":0.0,""season_count"":0.0,""weighted_observed_rating"":50.0}"
00-0040390,Jackson Meeks,DET,TE,49.77,11.61,1,0.8,LOW,2026,2,RSM-v0.1-checkpoint1,"{""replacement_prior"":50.0,""sample_reliability"":0.0323,""season_count"":1.0,""weighted_observed_rating"":49.77}"
00-0040387,Zach Horton,DET,TE,49.53,11.18,1,1.8,LOW,2026,2,RSM-v0.1-checkpoint1,"{""replacement_prior"":50.0,""sample_reliability"":0.0683,""season_count"":1.0,""weighted_observed_rating"":49.53}"
00-0040669,Isaac TeSlaa,DET,WR,65.69,3.9,1,72.7,MEDIUM,2026,2,RSM-v0.1-checkpoint1,"{""replacement_prior"":50.0,""sample_reliability"":0.6749,""season_count"":1.0,""weighted_observed_rating"":65.69}"
00-0036963,Amon-Ra St. Brown,DET,WR,64.09,2.08,4,654.7,HIGH,2026,2,RSM-v0.1-checkpoint1,"{""replacement_prior"":50.0,""sample_reliability"":0.8265,""season_count"":4.0,""weighted_observed_rating"":64.09}"
00-0037240,Jameson Williams,DET,WR,63.91,3.33,4,390.0,HIGH,2026,2,RSM-v0.1-checkpoint1,"{""replacement_prior"":50.0,""sample_reliability"":0.7223,""season_count"":4.0,""weighted_observed_rating"":63.91}"
00-0035544,Tom Kennedy,DET,WR,53.3,9.63,3,48.5,LOW,2026,2,RSM-v0.1-checkpoint1,"{""replacement_prior"":50.0,""sample_reliability"":0.1972,""season_count"":3.0,""weighted_observed_rating"":53.3}"
00-0037524,Tay Martin,DET,WR,51.88,11.16,4,7.7,LOW,2026,2,RSM-v0.1-checkpoint1,"{""replacement_prior"":50.0,""sample_reliability"":0.0701,""season_count"":4.0,""weighted_observed_rating"":51.88}"
00-0041446,Kendrick Law,DET,WR,50.0,12.0,0,0,LOW,2026,2,RSM-v0.1-checkpoint1,"{""replacement_prior"":50.0,""sample_reliability"":0.0,""season_count"":0.0,""weighted_observed_rating"":50.0}"
00-0036491,Tarik Black,DET,WR,50.0,12.0,0,0,LOW,2026,2,RSM-v0.1-checkpoint1,"{""replacement_prior"":50.0,""sample_reliability"":0.0,""season_count"":0.0,""weighted_observed_rating"":50.0}"
00-0038181,Lucky Jackson,DET,WR,49.86,11.83,1,0.5,LOW,2026,2,RSM-v0.1-checkpoint1,"{""replacement_prior"":50.0,""sample_reliability"":0.0141,""season_count"":1.0,""weighted_observed_rating"":49.86}"
00-0038911,Malik Cunningham,DET,WR,49.84,11.79,2,1.8,LOW,2026,2,RSM-v0.1-checkpoint1,"{""replacement_prior"":50.0,""sample_reliability"":0.0173,""season_count"":2.0,""weighted_observed_rating"":49.84}"
00-0040241,Dominic Lovett,DET,WR,49.62,11.25,1,2.3,LOW,2026,2,RSM-v0.1-checkpoint1,"{""replacement_prior"":50.0,""sample_reliability"":0.0625,""season_count"":1.0,""weighted_observed_rating"":49.62}"
00-0035133,Keisean Nixon,GB,CB,64.5,5.62,5,3133.0,MEDIUM,2026,2,RSM-v0.1-checkpoint1,"{""replacement_prior"":50.0,""sample_reliability"":0.5317,""season_count"":5.0,""weighted_observed_rating"":64.5}"
00-0036625,Benjamin St-Juste,GB,CB,60.2,6.06,5,2913.0,MEDIUM,2026,2,RSM-v0.1-checkpoint1,"{""replacement_prior"":50.0,""sample_reliability"":0.4948,""season_count"":5.0,""weighted_observed_rating"":60.2}"
00-0038408,Carrington Valentine,GB,CB,53.42,6.57,5,2024.0,MEDIUM,2026,2,RSM-v0.1-checkpoint1,"{""replacement_prior"":50.0,""sample_reliability"":0.4525,""season_count"":5.0,""weighted_observed_rating"":53.42}"
00-0039831,Kamal Hadden,GB,CB,50.22,11.06,5,75.0,LOW,2026,2,RSM-v0.1-checkpoint1,"{""replacement_prior"":50.0,""sample_reliability"":0.0784,""season_count"":5.0,""weighted_observed_rating"":50.22}"
00-0041470,Brandon Cisse,GB,CB,50.02,11.93,5,5.0,LOW,2026,2,RSM-v0.1-checkpoint1,"{""replacement_prior"":50.0,""sample_reliability"":0.0055,""season_count"":5.0,""weighted_observed_rating"":50.02}"
00-0040896,Domani Jackson,GB,CB,50.02,11.93,5,5.0,LOW,2026,2,RSM-v0.1-checkpoint1,"{""replacement_prior"":50.0,""sample_reliability"":0.0055,""season_count"":5.0,""weighted_observed_rating"":50.02}"
00-0039418,MJ Devonshire,GB,CB,50.02,11.93,5,5.0,LOW,2026,2,RSM-v0.1-checkpoint1,"{""replacement_prior"":50.0,""sample_reliability"":0.0055,""season_count"":5.0,""weighted_observed_rating"":50.02}"
00-0041493,Marlon Jones,GB,CB,50.02,11.93,5,5.0,LOW,2026,2,RSM-v0.1-checkpoint1,"{""replacement_prior"":50.0,""sample_reliability"":0.0055,""season_count"":5.0,""weighted_observed_rating"":50.02}"
00-0037075,Devonte Wyatt,GB,DL,64.93,6.62,5,1518.0,MEDIUM,2026,2,RSM-v0.1-checkpoint1,"{""replacement_prior"":50.0,""sample_reliability"":0.4481,""season_count"":5.0,""weighted_observed_rating"":64.93}"
00-0033109,Javon Hargrave,GB,DL,62.92,6.78,5,1986.0,MEDIUM,2026,2,RSM-v0.1-checkpoint1,"{""replacement_prior"":50.0,""sample_reliability"":0.4346,""season_count"":5.0,""weighted_observed_rating"":62.92}"
00-0038398,Karl Brooks,GB,DL,59.39,6.87,5,1442.0,MEDIUM,2026,2,RSM-v0.1-checkpoint1,"{""replacement_prior"":50.0,""sample_reliability"":0.4272,""season_count"":5.0,""weighted_observed_rating"":59.39}"
00-0040016,Warren Brinson,GB,DL,51.31,9.95,5,277.0,LOW,2026,2,RSM-v0.1-checkpoint1,"{""replacement_prior"":50.0,""sample_reliability"":0.1707,""season_count"":5.0,""weighted_observed_rating"":51.31}"
00-0039402,Jaden Crumedy,GB,DL,51.19,10.4,5,168.0,LOW,2026,2,RSM-v0.1-checkpoint1,"{""replacement_prior"":50.0,""sample_reliability"":0.1336,""season_count"":5.0,""weighted_observed_rating"":51.19}"
00-0037094,Jonathan Ford,GB,DL,50.87,9.91,5,206.0,LOW,2026,2,RSM-v0.1-checkpoint1,"{""replacement_prior"":50.0,""sample_reliability"":0.1743,""season_count"":5.0,""weighted_observed_rating"":50.87}"
00-0040689,Anthony Campbell,GB,DL,50.02,11.93,5,5.0,LOW,2026,2,RSM-v0.1-checkpoint1,"{""replacement_prior"":50.0,""sample_reliability"":0.0058,""season_count"":5.0,""weighted_observed_rating"":50.02}"
00-0040869,Chris McClellan,GB,DL,50.02,11.93,5,5.0,LOW,2026,2,RSM-v0.1-checkpoint1,"{""replacement_prior"":50.0,""sample_reliability"":0.0058,""season_count"":5.0,""weighted_observed_rating"":50.02}"
00-0036932,Micah Parsons,GB,EDGE,67.98,5.47,5,3187.0,MEDIUM,2026,2,RSM-v0.1-checkpoint1,"{""replacement_prior"":50.0,""sample_reliability"":0.5442,""season_count"":5.0,""weighted_observed_rating"":67.98}"
00-0039112,Lukas Van Ness,GB,EDGE,57.16,7.28,5,1058.0,MEDIUM,2026,2,RSM-v0.1-checkpoint1,"{""replacement_prior"":50.0,""sample_reliability"":0.3931,""season_count"":5.0,""weighted_observed_rating"":57.16}"
00-0038463,Brenton Cox Jr.,GB,EDGE,56.71,9.7,5,245.0,LOW,2026,2,RSM-v0.1-checkpoint1,"{""replacement_prior"":50.0,""sample_reliability"":0.192,""season_count"":5.0,""weighted_observed_rating"":56.71}"
00-0037364,Arron Mosby,GB,EDGE,52.27,10.54,5,171.0,LOW,2026,2,RSM-v0.1-checkpoint1,"{""replacement_prior"":50.0,""sample_reliability"":0.1217,""season_count"":5.0,""weighted_observed_rating"":52.27}"
00-0040010,Barryn Sorrell,GB,EDGE,51.99,10.18,5,182.0,LOW,2026,2,RSM-v0.1-checkpoint1,"{""replacement_prior"":50.0,""sample_reliability"":0.1514,""season_count"":5.0,""weighted_observed_rating"":51.99}"
00-0040012,Collin Oliver,GB,EDGE,51.13,11.39,5,35.0,LOW,2026,2,RSM-v0.1-checkpoint1,"{""replacement_prior"":50.0,""sample_reliability"":0.0511,""season_count"":5.0,""weighted_observed_rating"":51.13}"
00-0038506,Jordon Riley,GB,EDGE,50.65,8.96,5,451.0,LOW,2026,2,RSM-v0.1-checkpoint1,"{""replacement_prior"":50.0,""sample_reliability"":0.253,""season_count"":5.0,""weighted_observed_rating"":50.65}"
00-0041355,Arden Walker,GB,EDGE,50.02,11.92,5,5.0,LOW,2026,2,RSM-v0.1-checkpoint1,"{""replacement_prior"":50.0,""sample_reliability"":0.0066,""season_count"":5.0,""weighted_observed_rating"":50.02}"
00-0040877,Dani Dennis-Sutton,GB,EDGE,50.02,11.92,5,5.0,LOW,2026,2,RSM-v0.1-checkpoint1,"{""replacement_prior"":50.0,""sample_reliability"":0.0066,""season_count"":5.0,""weighted_observed_rating"":50.02}"
00-0040944,Nyjalik Kelly,GB,EDGE,50.02,11.92,5,5.0,LOW,2026,2,RSM-v0.1-checkpoint1,"{""replacement_prior"":50.0,""sample_reliability"":0.0066,""season_count"":5.0,""weighted_observed_rating"":50.02}"
00-0040003,Lenny Krieg,GB,K,50.0,12.0,0,0,LOW,2026,2,RSM-v0.1-checkpoint1,"{""replacement_prior"":50.0,""sample_reliability"":0.0,""season_count"":0.0,""weighted_observed_rating"":50.0}"
00-0040899,Trey Smack,GB,K,50.0,12.0,0,0,LOW,2026,2,RSM-v0.1-checkpoint1,"{""replacement_prior"":50.0,""sample_reliability"":0.0,""season_count"":0.0,""weighted_observed_rating"":50.0}"
00-0034431,Zaire Franklin,GB,LB,62.72,5.2,5,4492.0,MEDIUM,2026,2,RSM-v0.1-checkpoint1,"{""replacement_prior"":50.0,""sample_reliability"":0.5665,""season_count"":5.0,""weighted_observed_rating"":62.72}"
00-0039850,Edgerrin Cooper,GB,LB,58.47,7.57,5,1540.0,MEDIUM,2026,2,RSM-v0.1-checkpoint1,"{""replacement_prior"":50.0,""sample_reliability"":0.3692,""season_count"":5.0,""weighted_observed_rating"":58.47}"
00-0036658,Isaiah McDuffie,GB,LB,56.78,6.25,5,1892.0,MEDIUM,2026,2,RSM-v0.1-checkpoint1,"{""replacement_prior"":50.0,""sample_reliability"":0.4794,""season_count"":5.0,""weighted_observed_rating"":56.78}"
00-0036648,Nick Niemann,GB,LB,51.9,8.99,5,473.0,LOW,2026,2,RSM-v0.1-checkpoint1,"{""replacement_prior"":50.0,""sample_reliability"":0.2505,""season_count"":5.0,""weighted_observed_rating"":51.9}"
00-0039812,Ty'Ron Hopper,GB,LB,50.92,10.38,5,147.0,LOW,2026,2,RSM-v0.1-checkpoint1,"{""replacement_prior"":50.0,""sample_reliability"":0.1354,""season_count"":5.0,""weighted_observed_rating"":50.92}"
00-0036157,Kristian Welch,GB,LB,50.33,10.67,5,235.0,LOW,2026,2,RSM-v0.1-checkpoint1,"{""replacement_prior"":50.0,""sample_reliability"":0.1107,""season_count"":5.0,""weighted_observed_rating"":50.33}"
00-0040947,TJ Quinn,GB,LB,50.02,11.93,5,5.0,LOW,2026,2,RSM-v0.1-checkpoint1,"{""replacement_prior"":50.0,""sample_reliability"":0.0058,""season_count"":5.0,""weighted_observed_rating"":50.02}"
00-0036551,Aaron Banks,GB,OL,62.48,2.69,4,3330.0,LOW,2026,2,RSM-v0.1-checkpoint1,"{""replacement_prior"":50.0,""sample_reliability"":0.7755,""season_count"":4.0,""weighted_observed_rating"":62.48}"
00-0037817,Zach Bako-Bewele,GB,OL,61.67,2.83,4,3231.0,LOW,2026,2,RSM-v0.1-checkpoint1,"{""replacement_prior"":50.0,""sample_reliability"":0.7645,""season_count"":4.0,""weighted_observed_rating"":61.67}"
00-0037076,Sean Rhyan,GB,OL,58.17,3.4,3,1954.0,LOW,2026,2,RSM-v0.1-checkpoint1,"{""replacement_prior"":50.0,""sample_reliability"":0.7169,""season_count"":3.0,""weighted_observed_rating"":58.17}"
00-0039904,Jordan Morgan,GB,OL,54.0,4.35,2,935.0,LOW,2026,2,RSM-v0.1-checkpoint1,"{""replacement_prior"":50.0,""sample_reliability"":0.6379,""season_count"":2.0,""weighted_observed_rating"":54.0}"
00-0040726,Anthony Belton,GB,OL,51.94,3.84,1,488.0,LOW,2026,2,RSM-v0.1-checkpoint1,"{""replacement_prior"":50.0,""sample_reliability"":0.6797,""season_count"":1.0,""weighted_observed_rating"":51.94}"
00-0040083,Dalton Cooper,GB,OL,50.0,12.0,0,0,LOW,2026,2,RSM-v0.1-checkpoint1,"{""replacement_prior"":50.0,""sample_reliability"":0.0,""season_count"":0.0,""weighted_observed_rating"":50.0}"
00-0040949,Dillon Wade,GB,OL,50.0,12.0,0,0,LOW,2026,2,RSM-v0.1-checkpoint1,"{""replacement_prior"":50.0,""sample_reliability"":0.0,""season_count"":0.0,""weighted_observed_rating"":50.0}"
00-0040941,Dylan Barrett,GB,OL,50.0,12.0,0,0,LOW,2026,2,RSM-v0.1-checkpoint1,"{""replacement_prior"":50.0,""sample_reliability"":0.0,""season_count"":0.0,""weighted_observed_rating"":50.0}"
00-0040884,Jager Burton,GB,OL,50.0,12.0,0,0,LOW,2026,2,RSM-v0.1-checkpoint1,"{""replacement_prior"":50.0,""sample_reliability"":0.0,""season_count"":0.0,""weighted_observed_rating"":50.0}"
00-0040023,John Williams,GB,OL,50.0,12.0,0,0,LOW,2026,2,RSM-v0.1-checkpoint1,"{""replacement_prior"":50.0,""sample_reliability"":0.0,""season_count"":0.0,""weighted_observed_rating"":50.0}"
00-0040943,Josh Gesky,GB,OL,50.0,12.0,0,0,LOW,2026,2,RSM-v0.1-checkpoint1,"{""replacement_prior"":50.0,""sample_reliability"":0.0,""season_count"":0.0,""weighted_observed_rating"":50.0}"
00-0039272,Donovan Jennings,GB,OL,49.74,11.69,1,6.0,LOW,2026,2,RSM-v0.1-checkpoint1,"{""replacement_prior"":50.0,""sample_reliability"":0.0254,""season_count"":1.0,""weighted_observed_rating"":49.74}"
00-0039819,Travis Glover,GB,OL,49.33,11.36,1,13.0,LOW,2026,2,RSM-v0.1-checkpoint1,"{""replacement_prior"":50.0,""sample_reliability"":0.0535,""season_count"":1.0,""weighted_observed_rating"":49.33}"
00-0039817,Jacob Monk,GB,OL,48.46,9.62,1,57.0,LOW,2026,2,RSM-v0.1-checkpoint1,"{""replacement_prior"":50.0,""sample_reliability"":0.1986,""season_count"":1.0,""weighted_observed_rating"":48.46}"
00-0037547,Daniel Whelan,GB,OTHER,55.03,5.14,3,404.0,MEDIUM,2026,2,RSM-v0.1-checkpoint1,"{""replacement_prior"":50.0,""sample_reliability"":0.5714,""season_count"":3.0,""weighted_observed_rating"":55.03}"
00-0035118,Matthew Orzech,GB,OTHER,54.93,5.14,4,541.0,MEDIUM,2026,2,RSM-v0.1-checkpoint1,"{""replacement_prior"":50.0,""sample_reliability"":0.5718,""season_count"":4.0,""weighted_observed_rating"":54.93}"
00-0034067,Scott Daly,GB,OTHER,53.87,5.46,4,474.0,MEDIUM,2026,2,RSM-v0.1-checkpoint1,"{""replacement_prior"":50.0,""sample_reliability"":0.5446,""season_count"":4.0,""weighted_observed_rating"":53.87}"
00-0036264,Jordan Love,GB,QB,64.49,3.04,4,1529.0,HIGH,2026,2,RSM-v0.1-checkpoint1,"{""replacement_prior"":50.0,""sample_reliability"":0.7467,""season_count"":4.0,""weighted_observed_rating"":64.49}"
00-0028118,Tyrod Taylor,GB,QB,54.32,6.81,4,378.0,MEDIUM,2026,2,RSM-v0.1-checkpoint1,"{""replacement_prior"":50.0,""sample_reliability"":0.4325,""season_count"":4.0,""weighted_observed_rating"":54.32}"
00-0039577,Kedon Slovis,GB,QB,49.62,11.76,1,2.0,LOW,2026,2,RSM-v0.1-checkpoint1,"{""replacement_prior"":50.0,""sample_reliability"":0.0196,""season_count"":1.0,""weighted_observed_rating"":49.62}"
00-0035700,Josh Jacobs,GB,RB,60.17,1.95,4,1313.0,HIGH,2026,2,RSM-v0.1-checkpoint1,"{""replacement_prior"":50.0,""sample_reliability"":0.8373,""season_count"":4.0,""weighted_observed_rating"":60.17}"
00-0038098,Pierre Strong,GB,RB,55.37,6.86,3,136.0,MEDIUM,2026,2,RSM-v0.1-checkpoint1,"{""replacement_prior"":50.0,""sample_reliability"":0.4282,""season_count"":3.0,""weighted_observed_rating"":55.37}"
00-0038685,Chris Brooks,GB,RB,54.82,7.28,3,112.0,MEDIUM,2026,2,RSM-v0.1-checkpoint1,"{""replacement_prior"":50.0,""sample_reliability"":0.393,""season_count"":3.0,""weighted_observed_rating"":54.82}"
00-0040142,Kaleb Johnson,GB,RB,50.29,8.0,1,30.0,LOW,2026,2,RSM-v0.1-checkpoint1,"{""replacement_prior"":50.0,""sample_reliability"":0.3333,""season_count"":1.0,""weighted_observed_rating"":50.29}"
00-0040651,Damien Martinez,GB,RB,50.0,12.0,0,0,LOW,2026,2,RSM-v0.1-checkpoint1,"{""replacement_prior"":50.0,""sample_reliability"":0.0,""season_count"":0.0,""weighted_observed_rating"":50.0}"
00-0041139,Damon Bankston,GB,RB,50.0,12.0,0,0,LOW,2026,2,RSM-v0.1-checkpoint1,"{""replacement_prior"":50.0,""sample_reliability"":0.0,""season_count"":0.0,""weighted_observed_rating"":50.0}"
00-0040946,Jaden Nixon,GB,RB,50.0,12.0,0,0,LOW,2026,2,RSM-v0.1-checkpoint1,"{""replacement_prior"":50.0,""sample_reliability"":0.0,""season_count"":0.0,""weighted_observed_rating"":50.0}"
00-0039811,MarShawn Lloyd,GB,RB,49.26,10.75,1,7.0,LOW,2026,2,RSM-v0.1-checkpoint1,"{""replacement_prior"":50.0,""sample_reliability"":0.1045,""season_count"":1.0,""weighted_observed_rating"":49.26}"
00-0036388,Xavier McKinney,GB,S,60.79,5.4,5,3803.0,MEDIUM,2026,2,RSM-v0.1-checkpoint1,"{""replacement_prior"":50.0,""sample_reliability"":0.5504,""season_count"":5.0,""weighted_observed_rating"":60.79}"
00-0039813,Evan Williams,GB,S,54.59,7.7,5,1380.0,MEDIUM,2026,2,RSM-v0.1-checkpoint1,"{""replacement_prior"":50.0,""sample_reliability"":0.3586,""season_count"":5.0,""weighted_observed_rating"":54.59}"
00-0039867,Javon Bullard,GB,S,52.86,7.61,5,1513.0,MEDIUM,2026,2,RSM-v0.1-checkpoint1,"{""replacement_prior"":50.0,""sample_reliability"":0.3657,""season_count"":5.0,""weighted_observed_rating"":52.86}"
00-0039818,Kitan Oladapo,GB,S,51.43,10.48,5,139.0,LOW,2026,2,RSM-v0.1-checkpoint1,"{""replacement_prior"":50.0,""sample_reliability"":0.1264,""season_count"":5.0,""weighted_observed_rating"":51.43}"
00-0038523,Kahlef Hailassie,GB,S,50.94,11.41,5,109.0,LOW,2026,2,RSM-v0.1-checkpoint1,"{""replacement_prior"":50.0,""sample_reliability"":0.0491,""season_count"":5.0,""weighted_observed_rating"":50.94}"
00-0040033,Johnathan Baldwin,GB,S,50.1,11.08,5,70.0,LOW,2026,2,RSM-v0.1-checkpoint1,"{""replacement_prior"":50.0,""sample_reliability"":0.0765,""season_count"":5.0,""weighted_observed_rating"":50.1}"
00-0039488,Mark Perry,GB,S,50.02,11.93,5,5.0,LOW,2026,2,RSM-v0.1-checkpoint1,"{""replacement_prior"":50.0,""sample_reliability"":0.0055,""season_count"":5.0,""weighted_observed_rating"":50.02}"
00-0040968,Murvin Kenion,GB,S,50.02,11.93,5,5.0,LOW,2026,2,RSM-v0.1-checkpoint1,"{""replacement_prior"":50.0,""sample_reliability"":0.0055,""season_count"":5.0,""weighted_observed_rating"":50.02}"
00-0039959,Tra Fluellen,GB,S,50.02,11.93,5,5.0,LOW,2026,2,RSM-v0.1-checkpoint1,"{""replacement_prior"":50.0,""sample_reliability"":0.0055,""season_count"":5.0,""weighted_observed_rating"":50.02}"
00-0038494,Trey Dean III,GB,S,50.02,11.93,5,5.0,LOW,2026,2,RSM-v0.1-checkpoint1,"{""replacement_prior"":50.0,""sample_reliability"":0.0055,""season_count"":5.0,""weighted_observed_rating"":50.02}"
00-0038996,Tucker Kraft,GB,TE,71.91,2.47,3,330.8,HIGH,2026,2,RSM-v0.1-checkpoint1,"{""replacement_prior"":50.0,""sample_reliability"":0.7943,""season_count"":3.0,""weighted_observed_rating"":71.91}"
00-0033858,Jonnu Smith,GB,TE,58.34,2.5,4,379.7,HIGH,2026,2,RSM-v0.1-checkpoint1,"{""replacement_prior"":50.0,""sample_reliability"":0.7916,""season_count"":4.0,""weighted_observed_rating"":58.34}"
00-0038589,Josh Whyle,GB,TE,58.21,5.0,3,112.8,MEDIUM,2026,2,RSM-v0.1-checkpoint1,"{""replacement_prior"":50.0,""sample_reliability"":0.5832,""season_count"":3.0,""weighted_observed_rating"":58.21}"
00-0039144,Luke Musgrave,GB,TE,57.0,4.02,3,173.5,HIGH,2026,2,RSM-v0.1-checkpoint1,"{""replacement_prior"":50.0,""sample_reliability"":0.6654,""season_count"":3.0,""weighted_observed_rating"":57.0}"
00-0040598,Mark Redman,GB,TE,50.0,12.0,0,0,LOW,2026,2,RSM-v0.1-checkpoint1,"{""replacement_prior"":50.0,""sample_reliability"":0.0,""season_count"":0.0,""weighted_observed_rating"":50.0}"
00-0039263,McCallan Castles,GB,TE,50.0,12.0,0,0,LOW,2026,2,RSM-v0.1-checkpoint1,"{""replacement_prior"":50.0,""sample_reliability"":0.0,""season_count"":0.0,""weighted_observed_rating"":50.0}"
00-0039936,Thomas Yassmin,GB,TE,50.0,12.0,0,0,LOW,2026,2,RSM-v0.1-checkpoint1,"{""replacement_prior"":50.0,""sample_reliability"":0.0,""season_count"":0.0,""weighted_observed_rating"":50.0}"
00-0040628,Drake Dabney,GB,TE,48.07,8.91,1,8.7,LOW,2026,2,RSM-v0.1-checkpoint1,"{""replacement_prior"":50.0,""sample_reliability"":0.2574,""season_count"":1.0,""weighted_observed_rating"":48.07}"
00-0038124,Christian Watson,GB,WR,63.94,3.72,4,321.0,HIGH,2026,2,RSM-v0.1-checkpoint1,"{""replacement_prior"":50.0,""sample_reliability"":0.6899,""season_count"":4.0,""weighted_observed_rating"":63.94}"
00-0039146,Jayden Reed,GB,WR,61.33,4.71,3,238.7,MEDIUM,2026,2,RSM-v0.1-checkpoint1,"{""replacement_prior"":50.0,""sample_reliability"":0.6073,""season_count"":3.0,""weighted_observed_rating"":61.33}"
00-0040667,Matthew Golden,GB,WR,58.95,3.81,1,75.3,MEDIUM,2026,2,RSM-v0.1-checkpoint1,"{""replacement_prior"":50.0,""sample_reliability"":0.6828,""season_count"":1.0,""weighted_observed_rating"":58.95}"
00-0040009,Savion Williams,GB,WR,54.3,8.37,1,15.2,LOW,2026,2,RSM-v0.1-checkpoint1,"{""replacement_prior"":50.0,""sample_reliability"":0.3023,""season_count"":1.0,""weighted_observed_rating"":54.3}"
00-0038090,Skyy Moore,GB,WR,54.29,6.91,4,166.7,MEDIUM,2026,2,RSM-v0.1-checkpoint1,"{""replacement_prior"":50.0,""sample_reliability"":0.4238,""season_count"":4.0,""weighted_observed_rating"":54.29}"
00-0037091,Bo Melton,GB,WR,53.83,7.13,3,81.8,MEDIUM,2026,2,RSM-v0.1-checkpoint1,"{""replacement_prior"":50.0,""sample_reliability"":0.4062,""season_count"":3.0,""weighted_observed_rating"":53.83}"
00-0041179,Chris Hilton Jr.,GB,WR,50.0,12.0,0,0,LOW,2026,2,RSM-v0.1-checkpoint1,"{""replacement_prior"":50.0,""sample_reliability"":0.0,""season_count"":0.0,""weighted_observed_rating"":50.0}"
00-0040558,Isaiah Neyor,GB,WR,50.0,12.0,0,0,LOW,2026,2,RSM-v0.1-checkpoint1,"{""replacement_prior"":50.0,""sample_reliability"":0.0,""season_count"":0.0,""weighted_observed_rating"":50.0}"
00-0040948,J. Michael Sturdivant,GB,WR,50.0,12.0,0,0,LOW,2026,2,RSM-v0.1-checkpoint1,"{""replacement_prior"":50.0,""sample_reliability"":0.0,""season_count"":0.0,""weighted_observed_rating"":50.0}"
00-0040239,Kaden Prather,GB,WR,50.0,12.0,0,0,LOW,2026,2,RSM-v0.1-checkpoint1,"{""replacement_prior"":50.0,""sample_reliability"":0.0,""season_count"":0.0,""weighted_observed_rating"":50.0}"
00-0040616,Kisean Johnson,GB,WR,50.0,12.0,0,0,LOW,2026,2,RSM-v0.1-checkpoint1,"{""replacement_prior"":50.0,""sample_reliability"":0.0,""season_count"":0.0,""weighted_observed_rating"":50.0}"
00-0037237,Derek Stingley Jr.,HOU,CB,60.83,5.56,5,3214.0,MEDIUM,2026,2,RSM-v0.1-checkpoint1,"{""replacement_prior"":50.0,""sample_reliability"":0.537,""season_count"":5.0,""weighted_observed_rating"":60.83}"
00-0039343,Kamari Lassiter,HOU,CB,58.56,7.47,5,1760.0,MEDIUM,2026,2,RSM-v0.1-checkpoint1,"{""replacement_prior"":50.0,""sample_reliability"":0.3772,""season_count"":5.0,""weighted_observed_rating"":58.56}"
00-0037661,Ja'Marcus Ingram,HOU,CB,55.72,9.39,5,366.0,LOW,2026,2,RSM-v0.1-checkpoint1,"{""replacement_prior"":50.0,""sample_reliability"":0.2175,""season_count"":5.0,""weighted_observed_rating"":55.72}"
00-0034278,Tremon Smith,HOU,CB,53.99,9.66,5,398.0,LOW,2026,2,RSM-v0.1-checkpoint1,"{""replacement_prior"":50.0,""sample_reliability"":0.1952,""season_count"":5.0,""weighted_observed_rating"":53.99}"
00-0036241,Bryce Hall,HOU,CB,51.28,11.07,5,172.0,LOW,2026,2,RSM-v0.1-checkpoint1,"{""replacement_prior"":50.0,""sample_reliability"":0.0772,""season_count"":5.0,""weighted_observed_rating"":51.28}"
00-0040411,Alijah Huzzie,HOU,CB,51.03,11.6,5,26.0,LOW,2026,2,RSM-v0.1-checkpoint1,"{""replacement_prior"":50.0,""sample_reliability"":0.0334,""season_count"":5.0,""weighted_observed_rating"":51.03}"
00-0040149,Jaylin Smith,HOU,CB,50.17,11.48,5,35.0,LOW,2026,2,RSM-v0.1-checkpoint1,"{""replacement_prior"":50.0,""sample_reliability"":0.0437,""season_count"":5.0,""weighted_observed_rating"":50.17}"
00-0041313,Collin Wright,HOU,CB,50.02,11.93,5,5.0,LOW,2026,2,RSM-v0.1-checkpoint1,"{""replacement_prior"":50.0,""sample_reliability"":0.0055,""season_count"":5.0,""weighted_observed_rating"":50.02}"
00-0041304,Stephen Hall,HOU,CB,50.02,11.93,5,5.0,LOW,2026,2,RSM-v0.1-checkpoint1,"{""replacement_prior"":50.0,""sample_reliability"":0.0055,""season_count"":5.0,""weighted_observed_rating"":50.02}"
00-0032265,Mario Edwards,HOU,DL,59.76,6.67,5,1604.0,MEDIUM,2026,2,RSM-v0.1-checkpoint1,"{""replacement_prior"":50.0,""sample_reliability"":0.4446,""season_count"":5.0,""weighted_observed_rating"":59.76}"
00-0032759,Sheldon Rankins,HOU,DL,59.14,6.22,5,2067.0,MEDIUM,2026,2,RSM-v0.1-checkpoint1,"{""replacement_prior"":50.0,""sample_reliability"":0.4821,""season_count"":5.0,""weighted_observed_rating"":59.14}"
00-0036883,Tommy Togiai,HOU,DL,58.44,7.77,5,934.0,MEDIUM,2026,2,RSM-v0.1-checkpoint1,"{""replacement_prior"":50.0,""sample_reliability"":0.3522,""season_count"":5.0,""weighted_observed_rating"":58.44}"
00-0040414,Junior Tafuna,HOU,DL,50.02,11.93,5,5.0,LOW,2026,2,RSM-v0.1-checkpoint1,"{""replacement_prior"":50.0,""sample_reliability"":0.0058,""season_count"":5.0,""weighted_observed_rating"":50.02}"
00-0041440,Kayden McDonald,HOU,DL,50.02,11.93,5,5.0,LOW,2026,2,RSM-v0.1-checkpoint1,"{""replacement_prior"":50.0,""sample_reliability"":0.0058,""season_count"":5.0,""weighted_observed_rating"":50.02}"
00-0040229,Kyonte Hamilton,HOU,DL,50.02,11.93,5,5.0,LOW,2026,2,RSM-v0.1-checkpoint1,"{""replacement_prior"":50.0,""sample_reliability"":0.0058,""season_count"":5.0,""weighted_observed_rating"":50.02}"
00-0031565,Danielle Hunter,HOU,EDGE,68.53,5.4,5,3407.0,MEDIUM,2026,2,RSM-v0.1-checkpoint1,"{""replacement_prior"":50.0,""sample_reliability"":0.5498,""season_count"":5.0,""weighted_observed_rating"":68.53}"
00-0031364,Jadeveon Clowney,HOU,EDGE,66.84,6.0,5,2173.0,MEDIUM,2026,2,RSM-v0.1-checkpoint1,"{""replacement_prior"":50.0,""sample_reliability"":0.5002,""season_count"":5.0,""weighted_observed_rating"":66.84}"
00-0039108,Will Anderson Jr.,HOU,EDGE,66.3,6.43,5,1887.0,MEDIUM,2026,2,RSM-v0.1-checkpoint1,"{""replacement_prior"":50.0,""sample_reliability"":0.4638,""season_count"":5.0,""weighted_observed_rating"":66.3}"
00-0034987,E.J. Speed,HOU,EDGE,56.37,5.85,5,2482.0,MEDIUM,2026,2,RSM-v0.1-checkpoint1,"{""replacement_prior"":50.0,""sample_reliability"":0.5127,""season_count"":5.0,""weighted_observed_rating"":56.37}"
00-0038127,Logan Hall,HOU,EDGE,55.96,5.85,5,2096.0,MEDIUM,2026,2,RSM-v0.1-checkpoint1,"{""replacement_prior"":50.0,""sample_reliability"":0.5122,""season_count"":5.0,""weighted_observed_rating"":55.96}"
00-0039054,Marte Mapu,HOU,EDGE,55.92,8.05,5,812.0,LOW,2026,2,RSM-v0.1-checkpoint1,"{""replacement_prior"":50.0,""sample_reliability"":0.3295,""season_count"":5.0,""weighted_observed_rating"":55.92}"
00-0038599,Henry To'oTo'o,HOU,EDGE,55.22,6.33,5,2086.0,MEDIUM,2026,2,RSM-v0.1-checkpoint1,"{""replacement_prior"":50.0,""sample_reliability"":0.4727,""season_count"":5.0,""weighted_observed_rating"":55.22}"
00-0037082,Dominique Robinson,HOU,EDGE,53.82,7.65,5,1092.0,MEDIUM,2026,2,RSM-v0.1-checkpoint1,"{""replacement_prior"":50.0,""sample_reliability"":0.3629,""season_count"":5.0,""weighted_observed_rating"":53.82}"
00-0039902,Chris Braswell,HOU,EDGE,53.63,8.36,5,615.0,LOW,2026,2,RSM-v0.1-checkpoint1,"{""replacement_prior"":50.0,""sample_reliability"":0.3037,""season_count"":5.0,""weighted_observed_rating"":53.63}"
00-0039009,Dylan Horton,HOU,EDGE,52.96,7.92,5,633.0,LOW,2026,2,RSM-v0.1-checkpoint1,"{""replacement_prior"":50.0,""sample_reliability"":0.3401,""season_count"":5.0,""weighted_observed_rating"":52.96}"
00-0038724,Ali Gaye,HOU,EDGE,51.12,10.14,5,218.0,LOW,2026,2,RSM-v0.1-checkpoint1,"{""replacement_prior"":50.0,""sample_reliability"":0.1547,""season_count"":5.0,""weighted_observed_rating"":51.12}"
00-0037633,Jacob Hummel,HOU,EDGE,51.08,9.89,5,291.0,LOW,2026,2,RSM-v0.1-checkpoint1,"{""replacement_prior"":50.0,""sample_reliability"":0.1758,""season_count"":5.0,""weighted_observed_rating"":51.08}"
00-0039427,Solomon Byrd,HOU,EDGE,50.65,11.68,5,24.0,LOW,2026,2,RSM-v0.1-checkpoint1,"{""replacement_prior"":50.0,""sample_reliability"":0.0266,""season_count"":5.0,""weighted_observed_rating"":50.65}"
00-0039395,Jamal Hill,HOU,EDGE,50.15,10.73,5,181.0,LOW,2026,2,RSM-v0.1-checkpoint1,"{""replacement_prior"":50.0,""sample_reliability"":0.1059,""season_count"":5.0,""weighted_observed_rating"":50.15}"
00-0038638,Derek Parish,HOU,EDGE,50.02,11.92,5,5.0,LOW,2026,2,RSM-v0.1-checkpoint1,"{""replacement_prior"":50.0,""sample_reliability"":0.0066,""season_count"":5.0,""weighted_observed_rating"":50.02}"
00-0041302,Dominic Bailey,HOU,EDGE,50.02,11.92,5,5.0,LOW,2026,2,RSM-v0.1-checkpoint1,"{""replacement_prior"":50.0,""sample_reliability"":0.0066,""season_count"":5.0,""weighted_observed_rating"":50.02}"
00-0041305,Sabastian Harsh,HOU,EDGE,50.02,11.92,5,5.0,LOW,2026,2,RSM-v0.1-checkpoint1,"{""replacement_prior"":50.0,""sample_reliability"":0.0066,""season_count"":5.0,""weighted_observed_rating"":50.02}"
00-0041465,Wade Woodaz,HOU,EDGE,50.02,11.92,5,5.0,LOW,2026,2,RSM-v0.1-checkpoint1,"{""replacement_prior"":50.0,""sample_reliability"":0.0066,""season_count"":5.0,""weighted_observed_rating"":50.02}"
00-0032726,Ka'imi Fairbairn,HOU,K,68.82,1.55,4,259.0,HIGH,2026,2,RSM-v0.1-checkpoint1,"{""replacement_prior"":50.0,""sample_reliability"":0.8705,""season_count"":4.0,""weighted_observed_rating"":68.82}"
00-0035166,Azeez Al-Shaair,HOU,LB,60.57,5.7,5,2916.0,MEDIUM,2026,2,RSM-v0.1-checkpoint1,"{""replacement_prior"":50.0,""sample_reliability"":0.5248,""season_count"":5.0,""weighted_observed_rating"":60.57}"
00-0037457,Jake Hansen,HOU,LB,54.22,10.04,5,392.0,LOW,2026,2,RSM-v0.1-checkpoint1,"{""replacement_prior"":50.0,""sample_reliability"":0.1629,""season_count"":5.0,""weighted_observed_rating"":54.22}"
00-0041449,Aiden Fisher,HOU,LB,50.02,11.93,5,5.0,LOW,2026,2,RSM-v0.1-checkpoint1,"{""replacement_prior"":50.0,""sample_reliability"":0.0058,""season_count"":5.0,""weighted_observed_rating"":50.02}"
00-0040413,K.C. Ossai,HOU,LB,50.02,11.93,5,5.0,LOW,2026,2,RSM-v0.1-checkpoint1,"{""replacement_prior"":50.0,""sample_reliability"":0.0058,""season_count"":5.0,""weighted_observed_rating"":50.02}"
00-0034495,Evan Brown,HOU,OL,69.54,2.5,4,3568.0,LOW,2026,2,RSM-v0.1-checkpoint1,"{""replacement_prior"":50.0,""sample_reliability"":0.7914,""season_count"":4.0,""weighted_observed_rating"":69.54}"
00-0034399,Wyatt Teller,HOU,OL,69.5,2.49,4,3763.0,LOW,2026,2,RSM-v0.1-checkpoint1,"{""replacement_prior"":50.0,""sample_reliability"":0.7923,""season_count"":4.0,""weighted_observed_rating"":69.5}"
00-0034836,Braden Smith,HOU,OL,68.09,2.84,4,3141.0,LOW,2026,2,RSM-v0.1-checkpoint1,"{""replacement_prior"":50.0,""sample_reliability"":0.7633,""season_count"":4.0,""weighted_observed_rating"":68.09}"
00-0032071,Trent Brown,HOU,OL,64.18,4.59,4,2231.0,LOW,2026,2,RSM-v0.1-checkpoint1,"{""replacement_prior"":50.0,""sample_reliability"":0.6179,""season_count"":4.0,""weighted_observed_rating"":64.18}"
00-0040745,Aireontae Ersery,HOU,OL,63.63,2.1,1,1082.0,LOW,2026,2,RSM-v0.1-checkpoint1,"{""replacement_prior"":50.0,""sample_reliability"":0.8247,""season_count"":1.0,""weighted_observed_rating"":63.63}"
00-0038131,Ed Ingram,HOU,OL,62.14,2.6,4,3635.0,LOW,2026,2,RSM-v0.1-checkpoint1,"{""replacement_prior"":50.0,""sample_reliability"":0.7829,""season_count"":4.0,""weighted_observed_rating"":62.14}"
00-0039030,Jake Andrews,HOU,OL,60.21,4.28,2,1163.0,LOW,2026,2,RSM-v0.1-checkpoint1,"{""replacement_prior"":50.0,""sample_reliability"":0.6437,""season_count"":2.0,""weighted_observed_rating"":60.21}"
00-0041559,Febechi Nwaiwu,HOU,OL,50.0,12.0,0,0,LOW,2026,2,RSM-v0.1-checkpoint1,"{""replacement_prior"":50.0,""sample_reliability"":0.0,""season_count"":0.0,""weighted_observed_rating"":50.0}"
00-0041124,Gavin Gerhardt,HOU,OL,50.0,12.0,0,0,LOW,2026,2,RSM-v0.1-checkpoint1,"{""replacement_prior"":50.0,""sample_reliability"":0.0,""season_count"":0.0,""weighted_observed_rating"":50.0}"
00-0041306,James Neal III,HOU,OL,50.0,12.0,0,0,LOW,2026,2,RSM-v0.1-checkpoint1,"{""replacement_prior"":50.0,""sample_reliability"":0.0,""season_count"":0.0,""weighted_observed_rating"":50.0}"
00-0041365,Ka'ena Decambra,HOU,OL,50.0,12.0,0,0,LOW,2026,2,RSM-v0.1-checkpoint1,"{""replacement_prior"":50.0,""sample_reliability"":0.0,""season_count"":0.0,""weighted_observed_rating"":50.0}"
00-0041532,Keylan Rutledge,HOU,OL,50.0,12.0,0,0,LOW,2026,2,RSM-v0.1-checkpoint1,"{""replacement_prior"":50.0,""sample_reliability"":0.0,""season_count"":0.0,""weighted_observed_rating"":50.0}"
00-0036605,Max Pircher,HOU,OL,50.0,12.0,0,0,LOW,2026,2,RSM-v0.1-checkpoint1,"{""replacement_prior"":50.0,""sample_reliability"":0.0,""season_count"":0.0,""weighted_observed_rating"":50.0}"
00-0041303,Sam Hagen,HOU,OL,50.0,12.0,0,0,LOW,2026,2,RSM-v0.1-checkpoint1,"{""replacement_prior"":50.0,""sample_reliability"":0.0,""season_count"":0.0,""weighted_observed_rating"":50.0}"
00-0039422,Nathan Thomas,HOU,OL,48.59,4.83,1,341.0,LOW,2026,2,RSM-v0.1-checkpoint1,"{""replacement_prior"":50.0,""sample_reliability"":0.5972,""season_count"":1.0,""weighted_observed_rating"":48.59}"
00-0039857,Blake Fisher,HOU,OL,48.53,4.87,2,674.0,LOW,2026,2,RSM-v0.1-checkpoint1,"{""replacement_prior"":50.0,""sample_reliability"":0.5944,""season_count"":2.0,""weighted_observed_rating"":48.53}"
00-0040409,Austin Brinkman,HOU,OTHER,62.45,4.71,1,155.0,MEDIUM,2026,2,RSM-v0.1-checkpoint1,"{""replacement_prior"":50.0,""sample_reliability"":0.6078,""season_count"":1.0,""weighted_observed_rating"":62.45}"
00-0040654,Kai Kroeger,HOU,OTHER,55.4,5.17,1,132.0,MEDIUM,2026,2,RSM-v0.1-checkpoint1,"{""replacement_prior"":50.0,""sample_reliability"":0.569,""season_count"":1.0,""weighted_observed_rating"":55.4}"
00-0039163,C.J. Stroud,HOU,QB,62.16,1.99,3,1567.0,HIGH,2026,2,RSM-v0.1-checkpoint1,"{""replacement_prior"":50.0,""sample_reliability"":0.834,""season_count"":3.0,""weighted_observed_rating"":62.16}"
00-0036898,Davis Mills,HOU,QB,54.1,6.09,4,756.0,MEDIUM,2026,2,RSM-v0.1-checkpoint1,"{""replacement_prior"":50.0,""sample_reliability"":0.4926,""season_count"":4.0,""weighted_observed_rating"":54.1}"
00-0040211,Graham Mertz,HOU,QB,50.0,12.0,0,0,LOW,2026,2,RSM-v0.1-checkpoint1,"{""replacement_prior"":50.0,""sample_reliability"":0.0,""season_count"":0.0,""weighted_observed_rating"":50.0}"
00-0041156,Mark Gronowski,HOU,QB,50.0,12.0,0,0,LOW,2026,2,RSM-v0.1-checkpoint1,"{""replacement_prior"":50.0,""sample_reliability"":0.0,""season_count"":0.0,""weighted_observed_rating"":50.0}"
00-0035685,David Montgomery,HOU,RB,61.6,2.65,4,894.0,HIGH,2026,2,RSM-v0.1-checkpoint1,"{""replacement_prior"":50.0,""sample_reliability"":0.7793,""season_count"":4.0,""weighted_observed_rating"":61.6}"
00-0040583,Woody Marks,HOU,RB,58.14,2.47,1,232.0,MEDIUM,2026,2,RSM-v0.1-checkpoint1,"{""replacement_prior"":50.0,""sample_reliability"":0.7945,""season_count"":1.0,""weighted_observed_rating"":58.14}"
00-0039405,Jawhar Jordan,HOU,RB,54.42,6.55,1,50.0,MEDIUM,2026,2,RSM-v0.1-checkpoint1,"{""replacement_prior"":50.0,""sample_reliability"":0.4545,""season_count"":1.0,""weighted_observed_rating"":54.42}"
00-0039603,British Brooks,HOU,RB,52.54,10.33,2,18.0,LOW,2026,2,RSM-v0.1-checkpoint1,"{""replacement_prior"":50.0,""sample_reliability"":0.139,""season_count"":2.0,""weighted_observed_rating"":52.54}"
00-0041312,Noah Whittington,HOU,RB,50.0,12.0,0,0,LOW,2026,2,RSM-v0.1-checkpoint1,"{""replacement_prior"":50.0,""sample_reliability"":0.0,""season_count"":0.0,""weighted_observed_rating"":50.0}"
00-0038458,Owen Wright,HOU,RB,49.77,11.43,1,3.0,LOW,2026,2,RSM-v0.1-checkpoint1,"{""replacement_prior"":50.0,""sample_reliability"":0.0476,""season_count"":1.0,""weighted_observed_rating"":49.77}"
00-0038622,Deuce Vaughn,HOU,RB,49.66,8.47,2,52.0,LOW,2026,2,RSM-v0.1-checkpoint1,"{""replacement_prior"":50.0,""sample_reliability"":0.2943,""season_count"":2.0,""weighted_observed_rating"":49.66}"
00-0037246,Jalen Pitre,HOU,S,63.52,5.64,5,3407.0,MEDIUM,2026,2,RSM-v0.1-checkpoint1,"{""replacement_prior"":50.0,""sample_reliability"":0.5299,""season_count"":5.0,""weighted_observed_rating"":63.52}"
00-0039838,Calen Bullock,HOU,S,56.09,7.4,5,1972.0,MEDIUM,2026,2,RSM-v0.1-checkpoint1,"{""replacement_prior"":50.0,""sample_reliability"":0.3836,""season_count"":5.0,""weighted_observed_rating"":56.09}"
00-0037130,Reed Blankenship,HOU,S,55.85,5.65,5,3064.0,MEDIUM,2026,2,RSM-v0.1-checkpoint1,"{""replacement_prior"":50.0,""sample_reliability"":0.5288,""season_count"":5.0,""weighted_observed_rating"":55.85}"
00-0034355,M.J. Stewart,HOU,S,54.85,8.26,5,668.0,LOW,2026,2,RSM-v0.1-checkpoint1,"{""replacement_prior"":50.0,""sample_reliability"":0.312,""season_count"":5.0,""weighted_observed_rating"":54.85}"
00-0034091,George Odum,HOU,S,52.74,9.72,5,284.0,LOW,2026,2,RSM-v0.1-checkpoint1,"{""replacement_prior"":50.0,""sample_reliability"":0.1901,""season_count"":5.0,""weighted_observed_rating"":52.74}"
00-0041466,Kamari Ramsey,HOU,S,50.02,11.93,5,5.0,LOW,2026,2,RSM-v0.1-checkpoint1,"{""replacement_prior"":50.0,""sample_reliability"":0.0055,""season_count"":5.0,""weighted_observed_rating"":50.02}"
00-0034383,Dalton Schultz,HOU,TE,61.45,1.86,4,541.3,HIGH,2026,2,RSM-v0.1-checkpoint1,"{""replacement_prior"":50.0,""sample_reliability"":0.8451,""season_count"":4.0,""weighted_observed_rating"":61.45}"
00-0034981,Foster Moreau,HOU,TE,59.56,3.13,4,383.2,HIGH,2026,2,RSM-v0.1-checkpoint1,"{""replacement_prior"":50.0,""sample_reliability"":0.7391,""season_count"":4.0,""weighted_observed_rating"":59.56}"
00-0036556,Brevin Jordan,HOU,TE,57.17,6.14,3,103.7,MEDIUM,2026,2,RSM-v0.1-checkpoint1,"{""replacement_prior"":50.0,""sample_reliability"":0.4883,""season_count"":3.0,""weighted_observed_rating"":57.17}"
00-0039359,Cade Stover,HOU,TE,54.82,3.92,2,110.5,HIGH,2026,2,RSM-v0.1-checkpoint1,"{""replacement_prior"":50.0,""sample_reliability"":0.673,""season_count"":2.0,""weighted_observed_rating"":54.82}"
00-0037340,Zaire Mitchell-Paden,HOU,TE,53.75,7.0,1,17.8,MEDIUM,2026,2,RSM-v0.1-checkpoint1,"{""replacement_prior"":50.0,""sample_reliability"":0.4163,""season_count"":1.0,""weighted_observed_rating"":53.75}"
00-0040792,Layne Pryor,HOU,TE,50.0,12.0,0,0,LOW,2026,2,RSM-v0.1-checkpoint1,"{""replacement_prior"":50.0,""sample_reliability"":0.0,""season_count"":0.0,""weighted_observed_rating"":50.0}"
00-0041535,Louis Hansen,HOU,TE,50.0,12.0,0,0,LOW,2026,2,RSM-v0.1-checkpoint1,"{""replacement_prior"":50.0,""sample_reliability"":0.0,""season_count"":0.0,""weighted_observed_rating"":50.0}"
00-0041472,Marlin Klein,HOU,TE,50.0,12.0,0,0,LOW,2026,2,RSM-v0.1-checkpoint1,"{""replacement_prior"":50.0,""sample_reliability"":0.0,""season_count"":0.0,""weighted_observed_rating"":50.0}"
00-0036554,Nico Collins,HOU,WR,63.83,2.93,4,413.7,HIGH,2026,2,RSM-v0.1-checkpoint1,"{""replacement_prior"":50.0,""sample_reliability"":0.7556,""season_count"":4.0,""weighted_observed_rating"":63.83}"
00-0038608,Kayshon Boutte,HOU,WR,62.95,3.91,3,247.2,HIGH,2026,2,RSM-v0.1-checkpoint1,"{""replacement_prior"":50.0,""sample_reliability"":0.6743,""season_count"":3.0,""weighted_observed_rating"":62.95}"
00-0038977,Tank Dell,HOU,WR,62.11,3.23,2,187.8,HIGH,2026,2,RSM-v0.1-checkpoint1,"{""replacement_prior"":50.0,""sample_reliability"":0.7312,""season_count"":2.0,""weighted_observed_rating"":62.11}"
00-0040130,Jayden Higgins,HOU,WR,59.62,2.86,1,111.8,MEDIUM,2026,2,RSM-v0.1-checkpoint1,"{""replacement_prior"":50.0,""sample_reliability"":0.7616,""season_count"":1.0,""weighted_observed_rating"":59.62}"
00-0040138,Jaylin Noel,HOU,WR,59.04,4.9,1,50.7,MEDIUM,2026,2,RSM-v0.1-checkpoint1,"{""replacement_prior"":50.0,""sample_reliability"":0.5914,""season_count"":1.0,""weighted_observed_rating"":59.04}"
00-0038618,Xavier Hutchinson,HOU,WR,53.79,3.57,3,241.0,HIGH,2026,2,RSM-v0.1-checkpoint1,"{""replacement_prior"":50.0,""sample_reliability"":0.7028,""season_count"":3.0,""weighted_observed_rating"":53.79}"
00-0038839,Mitchell Tinsley,HOU,WR,52.26,7.14,2,48.5,MEDIUM,2026,2,RSM-v0.1-checkpoint1,"{""replacement_prior"":50.0,""sample_reliability"":0.4047,""season_count"":2.0,""weighted_observed_rating"":52.26}"
00-0038728,Jared Wayne,HOU,WR,50.8,10.2,2,12.5,LOW,2026,2,RSM-v0.1-checkpoint1,"{""replacement_prior"":50.0,""sample_reliability"":0.1497,""season_count"":2.0,""weighted_observed_rating"":50.8}"
00-0041309,Daniel Sobkowicz,HOU,WR,50.0,12.0,0,0,LOW,2026,2,RSM-v0.1-checkpoint1,"{""replacement_prior"":50.0,""sample_reliability"":0.0,""season_count"":0.0,""weighted_observed_rating"":50.0}"
00-0040049,Josh Kelly,HOU,WR,50.0,12.0,0,0,LOW,2026,2,RSM-v0.1-checkpoint1,"{""replacement_prior"":50.0,""sample_reliability"":0.0,""season_count"":0.0,""weighted_observed_rating"":50.0}"
00-0041467,Lewis Bond,HOU,WR,50.0,12.0,0,0,LOW,2026,2,RSM-v0.1-checkpoint1,"{""replacement_prior"":50.0,""sample_reliability"":0.0,""season_count"":0.0,""weighted_observed_rating"":50.0}"
00-0041308,Treyvhon Saunders,HOU,WR,50.0,12.0,0,0,LOW,2026,2,RSM-v0.1-checkpoint1,"{""replacement_prior"":50.0,""sample_reliability"":0.0,""season_count"":0.0,""weighted_observed_rating"":50.0}"
00-0037753,Cam Taylor-Britt,IND,CB,60.44,6.13,5,2634.0,MEDIUM,2026,2,RSM-v0.1-checkpoint1,"{""replacement_prior"":50.0,""sample_reliability"":0.4888,""season_count"":5.0,""weighted_observed_rating"":60.44}"
00-0037190,Sauce Gardner,IND,CB,58.91,5.69,5,3590.0,MEDIUM,2026,2,RSM-v0.1-checkpoint1,"{""replacement_prior"":50.0,""sample_reliability"":0.5255,""season_count"":5.0,""weighted_observed_rating"":58.91}"
00-0038585,Cameron Mitchell,IND,CB,57.86,7.72,5,916.0,MEDIUM,2026,2,RSM-v0.1-checkpoint1,"{""replacement_prior"":50.0,""sample_reliability"":0.3566,""season_count"":5.0,""weighted_observed_rating"":57.86}"
00-0034573,Charvarius Ward,IND,CB,57.51,5.92,5,3045.0,MEDIUM,2026,2,RSM-v0.1-checkpoint1,"{""replacement_prior"":50.0,""sample_reliability"":0.5068,""season_count"":5.0,""weighted_observed_rating"":57.51}"
00-0040347,Johnathan Edwards,IND,CB,51.16,9.89,5,317.0,LOW,2026,2,RSM-v0.1-checkpoint1,"{""replacement_prior"":50.0,""sample_reliability"":0.1755,""season_count"":5.0,""weighted_observed_rating"":51.16}"
00-0040139,Justin Walley,IND,CB,50.02,11.93,5,5.0,LOW,2026,2,RSM-v0.1-checkpoint1,"{""replacement_prior"":50.0,""sample_reliability"":0.0055,""season_count"":5.0,""weighted_observed_rating"":50.02}"
00-0040928,Kapena Gushiken,IND,CB,50.02,11.93,5,5.0,LOW,2026,2,RSM-v0.1-checkpoint1,"{""replacement_prior"":50.0,""sample_reliability"":0.0055,""season_count"":5.0,""weighted_observed_rating"":50.02}"
00-0041320,Kenneth Harris,IND,CB,50.02,11.93,5,5.0,LOW,2026,2,RSM-v0.1-checkpoint1,"{""replacement_prior"":50.0,""sample_reliability"":0.0055,""season_count"":5.0,""weighted_observed_rating"":50.02}"
00-0041574,Mekhi Rodgers,IND,CB,50.02,11.93,5,5.0,LOW,2026,2,RSM-v0.1-checkpoint1,"{""replacement_prior"":50.0,""sample_reliability"":0.0055,""season_count"":5.0,""weighted_observed_rating"":50.02}"
00-0040790,Rob Carter Jr.,IND,CB,50.02,11.93,5,5.0,LOW,2026,2,RSM-v0.1-checkpoint1,"{""replacement_prior"":50.0,""sample_reliability"":0.0055,""season_count"":5.0,""weighted_observed_rating"":50.02}"
00-0032378,DeForest Buckner,IND,DL,68.77,5.93,5,2761.0,MEDIUM,2026,2,RSM-v0.1-checkpoint1,"{""replacement_prior"":50.0,""sample_reliability"":0.5061,""season_count"":5.0,""weighted_observed_rating"":68.77}"
00-0033952,Grover Stewart,IND,DL,62.94,5.82,5,2597.0,MEDIUM,2026,2,RSM-v0.1-checkpoint1,"{""replacement_prior"":50.0,""sample_reliability"":0.5151,""season_count"":5.0,""weighted_observed_rating"":62.94}"
00-0039031,Adetomiwa Adebawore,IND,DL,57.47,7.91,5,818.0,LOW,2026,2,RSM-v0.1-checkpoint1,"{""replacement_prior"":50.0,""sample_reliability"":0.341,""season_count"":5.0,""weighted_observed_rating"":57.47}"
00-0035674,Jerry Tillery,IND,DL,56.76,6.39,5,1796.0,MEDIUM,2026,2,RSM-v0.1-checkpoint1,"{""replacement_prior"":50.0,""sample_reliability"":0.4677,""season_count"":5.0,""weighted_observed_rating"":56.76}"
00-0041225,Cameron Ball,IND,DL,50.02,11.93,5,5.0,LOW,2026,2,RSM-v0.1-checkpoint1,"{""replacement_prior"":50.0,""sample_reliability"":0.0058,""season_count"":5.0,""weighted_observed_rating"":50.02}"
00-0040207,Tim Smith,IND,DL,50.02,11.93,5,5.0,LOW,2026,2,RSM-v0.1-checkpoint1,"{""replacement_prior"":50.0,""sample_reliability"":0.0058,""season_count"":5.0,""weighted_observed_rating"":50.02}"
00-0034825,Arden Key,IND,EDGE,60.23,5.83,5,2388.0,MEDIUM,2026,2,RSM-v0.1-checkpoint1,"{""replacement_prior"":50.0,""sample_reliability"":0.5145,""season_count"":5.0,""weighted_observed_rating"":60.23}"
00-0039340,Laiatu Latu,IND,EDGE,58.59,7.51,5,1377.0,MEDIUM,2026,2,RSM-v0.1-checkpoint1,"{""replacement_prior"":50.0,""sample_reliability"":0.3738,""season_count"":5.0,""weighted_observed_rating"":58.59}"
00-0038107,Micheal Clemons,IND,EDGE,55.14,5.99,5,1883.0,MEDIUM,2026,2,RSM-v0.1-checkpoint1,"{""replacement_prior"":50.0,""sample_reliability"":0.5011,""season_count"":5.0,""weighted_observed_rating"":55.14}"
00-0040744,Jaylahn Tuimoloau,IND,EDGE,51.47,10.03,5,219.0,LOW,2026,2,RSM-v0.1-checkpoint1,"{""replacement_prior"":50.0,""sample_reliability"":0.1639,""season_count"":5.0,""weighted_observed_rating"":51.47}"
00-0041111,Caden Curry,IND,EDGE,50.02,11.92,5,5.0,LOW,2026,2,RSM-v0.1-checkpoint1,"{""replacement_prior"":50.0,""sample_reliability"":0.0066,""season_count"":5.0,""weighted_observed_rating"":50.02}"
00-0041080,George Gumbs Jr.,IND,EDGE,50.02,11.92,5,5.0,LOW,2026,2,RSM-v0.1-checkpoint1,"{""replacement_prior"":50.0,""sample_reliability"":0.0066,""season_count"":5.0,""weighted_observed_rating"":50.02}"
00-0041230,Mitchell Melton,IND,EDGE,50.02,11.92,5,5.0,LOW,2026,2,RSM-v0.1-checkpoint1,"{""replacement_prior"":50.0,""sample_reliability"":0.0066,""season_count"":5.0,""weighted_observed_rating"":50.02}"
00-0039207,Durell Nchami,IND,EDGE,50.0,11.36,5,37.0,LOW,2026,2,RSM-v0.1-checkpoint1,"{""replacement_prior"":50.0,""sample_reliability"":0.0535,""season_count"":5.0,""weighted_observed_rating"":50.0}"
00-0039576,Spencer Shrader,IND,K,62.87,3.89,2,42.0,HIGH,2026,2,RSM-v0.1-checkpoint1,"{""replacement_prior"":50.0,""sample_reliability"":0.6754,""season_count"":2.0,""weighted_observed_rating"":62.87}"
00-0036298,Akeem Davis-Gaither,IND,LB,55.75,6.6,5,1642.0,MEDIUM,2026,2,RSM-v0.1-checkpoint1,"{""replacement_prior"":50.0,""sample_reliability"":0.4502,""season_count"":5.0,""weighted_observed_rating"":55.75}"
00-0039377,Jaylon Carlies,IND,LB,52.69,10.65,5,247.0,LOW,2026,2,RSM-v0.1-checkpoint1,"{""replacement_prior"":50.0,""sample_reliability"":0.1121,""season_count"":5.0,""weighted_observed_rating"":52.69}"
00-0039178,Austin Ajiake,IND,LB,52.15,10.39,5,161.0,LOW,2026,2,RSM-v0.1-checkpoint1,"{""replacement_prior"":50.0,""sample_reliability"":0.1339,""season_count"":5.0,""weighted_observed_rating"":52.15}"
00-0041518,Bryce Boettcher,IND,LB,50.02,11.93,5,5.0,LOW,2026,2,RSM-v0.1-checkpoint1,"{""replacement_prior"":50.0,""sample_reliability"":0.0058,""season_count"":5.0,""weighted_observed_rating"":50.02}"
00-0041039,CJ Allen,IND,LB,50.02,11.93,5,5.0,LOW,2026,2,RSM-v0.1-checkpoint1,"{""replacement_prior"":50.0,""sample_reliability"":0.0058,""season_count"":5.0,""weighted_observed_rating"":50.02}"
00-0040787,Devin Veresuk,IND,LB,50.02,11.93,5,5.0,LOW,2026,2,RSM-v0.1-checkpoint1,"{""replacement_prior"":50.0,""sample_reliability"":0.0058,""season_count"":5.0,""weighted_observed_rating"":50.02}"
00-0041227,Tahj Chambers,IND,LB,50.02,11.93,5,5.0,LOW,2026,2,RSM-v0.1-checkpoint1,"{""replacement_prior"":50.0,""sample_reliability"":0.0058,""season_count"":5.0,""weighted_observed_rating"":50.02}"
00-0041236,West Weeks,IND,LB,50.02,11.93,5,5.0,LOW,2026,2,RSM-v0.1-checkpoint1,"{""replacement_prior"":50.0,""sample_reliability"":0.0058,""season_count"":5.0,""weighted_observed_rating"":50.02}"
00-0034342,Quenton Nelson,IND,OL,70.66,2.1,4,4412.0,LOW,2026,2,RSM-v0.1-checkpoint1,"{""replacement_prior"":50.0,""sample_reliability"":0.8247,""season_count"":4.0,""weighted_observed_rating"":70.66}"
00-0037757,Bernhard Raimann,IND,OL,63.34,2.42,4,3563.0,LOW,2026,2,RSM-v0.1-checkpoint1,"{""replacement_prior"":50.0,""sample_reliability"":0.7984,""season_count"":4.0,""weighted_observed_rating"":63.34}"
00-0039736,Matt Goncalves,IND,OL,58.78,2.73,2,1573.0,LOW,2026,2,RSM-v0.1-checkpoint1,"{""replacement_prior"":50.0,""sample_reliability"":0.7729,""season_count"":2.0,""weighted_observed_rating"":58.78}"
00-0039744,Tanor Bortolini,IND,OL,57.21,3.32,2,1288.0,LOW,2026,2,RSM-v0.1-checkpoint1,"{""replacement_prior"":50.0,""sample_reliability"":0.7234,""season_count"":2.0,""weighted_observed_rating"":57.21}"
00-0041517,Jalen Farmer,IND,OL,50.0,12.0,0,0,LOW,2026,2,RSM-v0.1-checkpoint1,"{""replacement_prior"":50.0,""sample_reliability"":0.0,""season_count"":0.0,""weighted_observed_rating"":50.0}"
00-0041513,Josh Kreutz,IND,OL,50.0,12.0,0,0,LOW,2026,2,RSM-v0.1-checkpoint1,"{""replacement_prior"":50.0,""sample_reliability"":0.0,""season_count"":0.0,""weighted_observed_rating"":50.0}"
00-0041232,Nolan Rucci,IND,OL,50.0,12.0,0,0,LOW,2026,2,RSM-v0.1-checkpoint1,"{""replacement_prior"":50.0,""sample_reliability"":0.0,""season_count"":0.0,""weighted_observed_rating"":50.0}"
00-0040101,Reid Holskey,IND,OL,50.0,12.0,0,0,LOW,2026,2,RSM-v0.1-checkpoint1,"{""replacement_prior"":50.0,""sample_reliability"":0.0,""season_count"":0.0,""weighted_observed_rating"":50.0}"
00-0037040,Roy Mbaeteka,IND,OL,50.0,12.0,0,0,LOW,2026,2,RSM-v0.1-checkpoint1,"{""replacement_prior"":50.0,""sample_reliability"":0.0,""season_count"":0.0,""weighted_observed_rating"":50.0}"
00-0040602,Trey Wedig,IND,OL,50.0,12.0,0,0,LOW,2026,2,RSM-v0.1-checkpoint1,"{""replacement_prior"":50.0,""sample_reliability"":0.0,""season_count"":0.0,""weighted_observed_rating"":50.0}"
00-0037305,Luke Tenuta,IND,OL,49.46,10.91,2,35.0,LOW,2026,2,RSM-v0.1-checkpoint1,"{""replacement_prior"":50.0,""sample_reliability"":0.0905,""season_count"":2.0,""weighted_observed_rating"":49.46}"
00-0037138,Josh Sills,IND,OL,49.38,11.35,2,41.0,LOW,2026,2,RSM-v0.1-checkpoint1,"{""replacement_prior"":50.0,""sample_reliability"":0.0545,""season_count"":2.0,""weighted_observed_rating"":49.38}"
00-0036859,Jimmy Morrissey,IND,OL,49.14,10.95,2,60.0,LOW,2026,2,RSM-v0.1-checkpoint1,"{""replacement_prior"":50.0,""sample_reliability"":0.0872,""season_count"":2.0,""weighted_observed_rating"":49.14}"
00-0039578,Dalton Tucker,IND,OL,48.68,5.94,2,615.0,LOW,2026,2,RSM-v0.1-checkpoint1,"{""replacement_prior"":50.0,""sample_reliability"":0.5052,""season_count"":2.0,""weighted_observed_rating"":48.68}"
00-0040163,Jalen Travis,IND,OL,47.37,5.06,1,315.0,LOW,2026,2,RSM-v0.1-checkpoint1,"{""replacement_prior"":50.0,""sample_reliability"":0.578,""season_count"":1.0,""weighted_observed_rating"":47.37}"
00-0039876,Sedrick Van Pran-Granger,IND,OL,47.11,8.22,2,217.0,LOW,2026,2,RSM-v0.1-checkpoint1,"{""replacement_prior"":50.0,""sample_reliability"":0.3151,""season_count"":2.0,""weighted_observed_rating"":47.11}"
00-0033269,Rigoberto Sanchez,IND,OTHER,57.64,4.94,3,434.0,MEDIUM,2026,2,RSM-v0.1-checkpoint1,"{""replacement_prior"":50.0,""sample_reliability"":0.5885,""season_count"":3.0,""weighted_observed_rating"":57.64}"
00-0032753,Luke Rhodes,IND,OTHER,56.22,5.03,4,561.0,MEDIUM,2026,2,RSM-v0.1-checkpoint1,"{""replacement_prior"":50.0,""sample_reliability"":0.5806,""season_count"":4.0,""weighted_observed_rating"":56.22}"
00-0035710,Daniel Jones,IND,QB,58.58,2.7,4,1482.0,HIGH,2026,2,RSM-v0.1-checkpoint1,"{""replacement_prior"":50.0,""sample_reliability"":0.7753,""season_count"":4.0,""weighted_observed_rating"":58.58}"
00-0040206,Riley Leonard,IND,QB,53.6,7.1,1,69.0,MEDIUM,2026,2,RSM-v0.1-checkpoint1,"{""replacement_prior"":50.0,""sample_reliability"":0.4083,""season_count"":1.0,""weighted_observed_rating"":53.6}"
00-0039164,Anthony Richardson,IND,QB,52.15,7.9,3,371.0,LOW,2026,2,RSM-v0.1-checkpoint1,"{""replacement_prior"":50.0,""sample_reliability"":0.3418,""season_count"":3.0,""weighted_observed_rating"":52.15}"
00-0036223,Jonathan Taylor,IND,RB,61.26,2.02,4,1136.0,HIGH,2026,2,RSM-v0.1-checkpoint1,"{""replacement_prior"":50.0,""sample_reliability"":0.8317,""season_count"":4.0,""weighted_observed_rating"":61.26}"
00-0040179,DJ Giddens,IND,RB,51.33,8.18,1,28.0,LOW,2026,2,RSM-v0.1-checkpoint1,"{""replacement_prior"":50.0,""sample_reliability"":0.3182,""season_count"":1.0,""weighted_observed_rating"":51.33}"
00-0041486,Anderson Castle,IND,RB,50.0,12.0,0,0,LOW,2026,2,RSM-v0.1-checkpoint1,"{""replacement_prior"":50.0,""sample_reliability"":0.0,""season_count"":0.0,""weighted_observed_rating"":50.0}"
00-0041277,Davon Booth,IND,RB,50.0,12.0,0,0,LOW,2026,2,RSM-v0.1-checkpoint1,"{""replacement_prior"":50.0,""sample_reliability"":0.0,""season_count"":0.0,""weighted_observed_rating"":50.0}"
00-0041125,Seth McGowan,IND,RB,50.0,12.0,0,0,LOW,2026,2,RSM-v0.1-checkpoint1,"{""replacement_prior"":50.0,""sample_reliability"":0.0,""season_count"":0.0,""weighted_observed_rating"":50.0}"
00-0040476,Ulysses Bentley IV,IND,RB,49.66,11.8,1,1.0,LOW,2026,2,RSM-v0.1-checkpoint1,"{""replacement_prior"":50.0,""sample_reliability"":0.0164,""season_count"":1.0,""weighted_observed_rating"":49.66}"
00-0036629,Camryn Bynum,IND,S,58.55,5.28,5,4420.0,MEDIUM,2026,2,RSM-v0.1-checkpoint1,"{""replacement_prior"":50.0,""sample_reliability"":0.56,""season_count"":5.0,""weighted_observed_rating"":58.55}"
00-0034485,Jonathan Owens,IND,S,54.26,7.81,5,2223.0,LOW,2026,2,RSM-v0.1-checkpoint1,"{""replacement_prior"":50.0,""sample_reliability"":0.3495,""season_count"":5.0,""weighted_observed_rating"":54.26}"
00-0040106,Reuben Lowery,IND,S,50.08,10.99,5,80.0,LOW,2026,2,RSM-v0.1-checkpoint1,"{""replacement_prior"":50.0,""sample_reliability"":0.0842,""season_count"":5.0,""weighted_observed_rating"":50.08}"
00-0040357,Trey Washington,IND,S,50.07,11.41,5,40.0,LOW,2026,2,RSM-v0.1-checkpoint1,"{""replacement_prior"":50.0,""sample_reliability"":0.049,""season_count"":5.0,""weighted_observed_rating"":50.07}"
00-0038392,Daniel Scott,IND,S,50.05,11.73,5,17.0,LOW,2026,2,RSM-v0.1-checkpoint1,"{""replacement_prior"":50.0,""sample_reliability"":0.0222,""season_count"":5.0,""weighted_observed_rating"":50.05}"
00-0041043,A.J. Haulcy,IND,S,50.02,11.93,5,5.0,LOW,2026,2,RSM-v0.1-checkpoint1,"{""replacement_prior"":50.0,""sample_reliability"":0.0055,""season_count"":5.0,""weighted_observed_rating"":50.02}"
00-0041226,Austin Brown,IND,S,50.02,11.93,5,5.0,LOW,2026,2,RSM-v0.1-checkpoint1,"{""replacement_prior"":50.0,""sample_reliability"":0.0055,""season_count"":5.0,""weighted_observed_rating"":50.02}"
00-0040235,Hunter Wohler,IND,S,50.02,11.93,5,5.0,LOW,2026,2,RSM-v0.1-checkpoint1,"{""replacement_prior"":50.0,""sample_reliability"":0.0055,""season_count"":5.0,""weighted_observed_rating"":50.02}"
00-0040128,Tyler Warren,IND,TE,63.5,1.72,1,149.8,MEDIUM,2026,2,RSM-v0.1-checkpoint1,"{""replacement_prior"":50.0,""sample_reliability"":0.857,""season_count"":1.0,""weighted_observed_rating"":63.5}"
00-0037292,Andrew Ogletree,IND,TE,58.57,4.01,3,166.8,HIGH,2026,2,RSM-v0.1-checkpoint1,"{""replacement_prior"":50.0,""sample_reliability"":0.6656,""season_count"":3.0,""weighted_observed_rating"":58.57}"
00-0033217,Mo Alie-Cox,IND,TE,57.76,2.98,4,319.0,HIGH,2026,2,RSM-v0.1-checkpoint1,"{""replacement_prior"":50.0,""sample_reliability"":0.7515,""season_count"":4.0,""weighted_observed_rating"":57.76}"
00-0033439,Pharaoh Brown,IND,TE,51.79,5.84,4,177.2,MEDIUM,2026,2,RSM-v0.1-checkpoint1,"{""replacement_prior"":50.0,""sample_reliability"":0.5135,""season_count"":4.0,""weighted_observed_rating"":51.79}"
00-0038394,Will Mallory,IND,TE,51.75,8.7,3,44.7,LOW,2026,2,RSM-v0.1-checkpoint1,"{""replacement_prior"":50.0,""sample_reliability"":0.2748,""season_count"":3.0,""weighted_observed_rating"":51.75}"
00-0040853,Carson Towt,IND,TE,50.0,12.0,0,0,LOW,2026,2,RSM-v0.1-checkpoint1,"{""replacement_prior"":50.0,""sample_reliability"":0.0,""season_count"":0.0,""weighted_observed_rating"":50.0}"
00-0040528,JJ Galbreath,IND,TE,50.0,12.0,0,0,LOW,2026,2,RSM-v0.1-checkpoint1,"{""replacement_prior"":50.0,""sample_reliability"":0.0,""season_count"":0.0,""weighted_observed_rating"":50.0}"
00-0041252,Kenny Fletcher Jr.,IND,TE,50.0,12.0,0,0,LOW,2026,2,RSM-v0.1-checkpoint1,"{""replacement_prior"":50.0,""sample_reliability"":0.0,""season_count"":0.0,""weighted_observed_rating"":50.0}"
00-0041570,Tyler Moore,IND,TE,50.0,12.0,0,0,LOW,2026,2,RSM-v0.1-checkpoint1,"{""replacement_prior"":50.0,""sample_reliability"":0.0,""season_count"":0.0,""weighted_observed_rating"":50.0}"
00-0037664,Alec Pierce,IND,WR,66.23,2.39,4,574.2,HIGH,2026,2,RSM-v0.1-checkpoint1,"{""replacement_prior"":50.0,""sample_reliability"":0.8006,""season_count"":4.0,""weighted_observed_rating"":66.23}"
00-0030279,Keenan Allen,IND,WR,59.17,2.61,4,502.7,HIGH,2026,2,RSM-v0.1-checkpoint1,"{""replacement_prior"":50.0,""sample_reliability"":0.7829,""season_count"":4.0,""weighted_observed_rating"":59.17}"
00-0036182,Nick Westbrook-Ikhine,IND,WR,58.05,3.35,4,424.2,HIGH,2026,2,RSM-v0.1-checkpoint1,"{""replacement_prior"":50.0,""sample_reliability"":0.721,""season_count"":4.0,""weighted_observed_rating"":58.05}"
00-0038997,Josh Downs,IND,WR,57.74,2.95,3,337.3,HIGH,2026,2,RSM-v0.1-checkpoint1,"{""replacement_prior"":50.0,""sample_reliability"":0.7541,""season_count"":3.0,""weighted_observed_rating"":57.74}"
00-0035021,Ashton Dulin,IND,WR,56.78,6.49,3,95.7,MEDIUM,2026,2,RSM-v0.1-checkpoint1,"{""replacement_prior"":50.0,""sample_reliability"":0.459,""season_count"":3.0,""weighted_observed_rating"":56.78}"
00-0035045,D.J. Montgomery,IND,WR,52.36,7.54,1,20.7,MEDIUM,2026,2,RSM-v0.1-checkpoint1,"{""replacement_prior"":50.0,""sample_reliability"":0.3713,""season_count"":1.0,""weighted_observed_rating"":52.36}"
00-0039816,Anthony Gould,IND,WR,50.2,10.12,2,12.2,LOW,2026,2,RSM-v0.1-checkpoint1,"{""replacement_prior"":50.0,""sample_reliability"":0.1565,""season_count"":2.0,""weighted_observed_rating"":50.2}"
00-0039679,Ben Nikkel,IND,WR,50.0,12.0,0,0,LOW,2026,2,RSM-v0.1-checkpoint1,"{""replacement_prior"":50.0,""sample_reliability"":0.0,""season_count"":0.0,""weighted_observed_rating"":50.0}"
00-0041132,Deion Burks,IND,WR,50.0,12.0,0,0,LOW,2026,2,RSM-v0.1-checkpoint1,"{""replacement_prior"":50.0,""sample_reliability"":0.0,""season_count"":0.0,""weighted_observed_rating"":50.0}"
00-0040337,Eli Pancol,IND,WR,50.0,12.0,0,0,LOW,2026,2,RSM-v0.1-checkpoint1,"{""replacement_prior"":50.0,""sample_reliability"":0.0,""season_count"":0.0,""weighted_observed_rating"":50.0}"
00-0041233,Raylen Sharpe,IND,WR,50.0,12.0,0,0,LOW,2026,2,RSM-v0.1-checkpoint1,"{""replacement_prior"":50.0,""sample_reliability"":0.0,""season_count"":0.0,""weighted_observed_rating"":50.0}"
00-0041228,Sahmir Hagans,IND,WR,50.0,12.0,0,0,LOW,2026,2,RSM-v0.1-checkpoint1,"{""replacement_prior"":50.0,""sample_reliability"":0.0,""season_count"":0.0,""weighted_observed_rating"":50.0}"
00-0032951,Laquon Treadwell,IND,WR,49.54,10.05,4,41.0,LOW,2026,2,RSM-v0.1-checkpoint1,"{""replacement_prior"":50.0,""sample_reliability"":0.1622,""season_count"":4.0,""weighted_observed_rating"":49.54}"
00-0040352,Coleman Owen,IND,WR,49.42,11.67,1,1.0,LOW,2026,2,RSM-v0.1-checkpoint1,"{""replacement_prior"":50.0,""sample_reliability"":0.0278,""season_count"":1.0,""weighted_observed_rating"":49.42}"
00-0033928,Jourdan Lewis,JAX,CB,63.61,5.92,5,2533.0,MEDIUM,2026,2,RSM-v0.1-checkpoint1,"{""replacement_prior"":50.0,""sample_reliability"":0.5071,""season_count"":5.0,""weighted_observed_rating"":63.61}"
00-0039353,Jarrian Jones,JAX,CB,63.23,7.84,5,1218.0,LOW,2026,2,RSM-v0.1-checkpoint1,"{""replacement_prior"":50.0,""sample_reliability"":0.3464,""season_count"":5.0,""weighted_observed_rating"":63.23}"
00-0037313,Montaric Brown,JAX,CB,56.34,6.3,5,2129.0,MEDIUM,2026,2,RSM-v0.1-checkpoint1,"{""replacement_prior"":50.0,""sample_reliability"":0.4753,""season_count"":5.0,""weighted_observed_rating"":56.34}"
00-0036166,Dane Jackson,JAX,CB,54.03,8.78,5,1576.0,LOW,2026,2,RSM-v0.1-checkpoint1,"{""replacement_prior"":50.0,""sample_reliability"":0.2681,""season_count"":5.0,""weighted_observed_rating"":54.03}"
00-0038616,Christian Braswell,JAX,CB,53.12,10.04,5,204.0,LOW,2026,2,RSM-v0.1-checkpoint1,"{""replacement_prior"":50.0,""sample_reliability"":0.1637,""season_count"":5.0,""weighted_observed_rating"":53.12}"
00-0040336,Jabbar Muhammad,JAX,CB,50.02,11.93,5,5.0,LOW,2026,2,RSM-v0.1-checkpoint1,"{""replacement_prior"":50.0,""sample_reliability"":0.0055,""season_count"":5.0,""weighted_observed_rating"":50.02}"
00-0041210,Preston Hodge,JAX,CB,50.02,11.93,5,5.0,LOW,2026,2,RSM-v0.1-checkpoint1,"{""replacement_prior"":50.0,""sample_reliability"":0.0055,""season_count"":5.0,""weighted_observed_rating"":50.02}"
00-0032164,Arik Armstead,JAX,DL,60.85,6.04,5,2048.0,MEDIUM,2026,2,RSM-v0.1-checkpoint1,"{""replacement_prior"":50.0,""sample_reliability"":0.4963,""season_count"":5.0,""weighted_observed_rating"":60.85}"
00-0036262,DaVon Hamilton,JAX,DL,55.9,6.37,5,1913.0,MEDIUM,2026,2,RSM-v0.1-checkpoint1,"{""replacement_prior"":50.0,""sample_reliability"":0.4695,""season_count"":5.0,""weighted_observed_rating"":55.9}"
00-0039733,Ruke Orhorhoro,JAX,DL,54.08,8.43,5,750.0,LOW,2026,2,RSM-v0.1-checkpoint1,"{""replacement_prior"":50.0,""sample_reliability"":0.2973,""season_count"":5.0,""weighted_observed_rating"":54.08}"
00-0034657,Matt Dickerson,JAX,DL,52.78,8.96,5,498.0,LOW,2026,2,RSM-v0.1-checkpoint1,"{""replacement_prior"":50.0,""sample_reliability"":0.2534,""season_count"":5.0,""weighted_observed_rating"":52.78}"
00-0041045,Albert Regis,JAX,DL,50.02,11.93,5,5.0,LOW,2026,2,RSM-v0.1-checkpoint1,"{""replacement_prior"":50.0,""sample_reliability"":0.0058,""season_count"":5.0,""weighted_observed_rating"":50.02}"
00-0040338,Keivie Rose,JAX,DL,50.02,11.93,5,5.0,LOW,2026,2,RSM-v0.1-checkpoint1,"{""replacement_prior"":50.0,""sample_reliability"":0.0058,""season_count"":5.0,""weighted_observed_rating"":50.02}"
00-0041204,T.J. Bollers,JAX,DL,50.02,11.93,5,5.0,LOW,2026,2,RSM-v0.1-checkpoint1,"{""replacement_prior"":50.0,""sample_reliability"":0.0058,""season_count"":5.0,""weighted_observed_rating"":50.02}"
00-0040022,Tommy Akingbesote,JAX,DL,50.02,11.93,5,5.0,LOW,2026,2,RSM-v0.1-checkpoint1,"{""replacement_prior"":50.0,""sample_reliability"":0.0058,""season_count"":5.0,""weighted_observed_rating"":50.02}"
00-0035642,Josh Hines-Allen,JAX,EDGE,64.84,5.34,5,3441.0,MEDIUM,2026,2,RSM-v0.1-checkpoint1,"{""replacement_prior"":50.0,""sample_reliability"":0.5548,""season_count"":5.0,""weighted_observed_rating"":64.84}"
00-0034473,Dennis Gardeck,JAX,EDGE,62.43,6.66,5,1350.0,MEDIUM,2026,2,RSM-v0.1-checkpoint1,"{""replacement_prior"":50.0,""sample_reliability"":0.4453,""season_count"":5.0,""weighted_observed_rating"":62.43}"
00-0037235,Travon Walker,JAX,EDGE,61.15,5.56,5,3094.0,MEDIUM,2026,2,RSM-v0.1-checkpoint1,"{""replacement_prior"":50.0,""sample_reliability"":0.5364,""season_count"":5.0,""weighted_observed_rating"":61.15}"
00-0038570,Ventrell Miller,JAX,EDGE,54.23,8.38,5,705.0,LOW,2026,2,RSM-v0.1-checkpoint1,"{""replacement_prior"":50.0,""sample_reliability"":0.3015,""season_count"":5.0,""weighted_observed_rating"":54.23}"
00-0040329,BJ Green II,JAX,EDGE,52.84,10.61,5,109.0,LOW,2026,2,RSM-v0.1-checkpoint1,"{""replacement_prior"":50.0,""sample_reliability"":0.116,""season_count"":5.0,""weighted_observed_rating"":52.84}"
00-0038617,Amari Burney,JAX,EDGE,51.9,10.54,5,193.0,LOW,2026,2,RSM-v0.1-checkpoint1,"{""replacement_prior"":50.0,""sample_reliability"":0.1218,""season_count"":5.0,""weighted_observed_rating"":51.9}"
00-0040342,Danny Striggow,JAX,EDGE,51.22,10.41,5,139.0,LOW,2026,2,RSM-v0.1-checkpoint1,"{""replacement_prior"":50.0,""sample_reliability"":0.1327,""season_count"":5.0,""weighted_observed_rating"":51.22}"
00-0040326,Branson Combs,JAX,EDGE,50.41,11.43,5,32.0,LOW,2026,2,RSM-v0.1-checkpoint1,"{""replacement_prior"":50.0,""sample_reliability"":0.0473,""season_count"":5.0,""weighted_observed_rating"":50.41}"
00-0041218,Bryan Thomas Jr.,JAX,EDGE,50.02,11.92,5,5.0,LOW,2026,2,RSM-v0.1-checkpoint1,"{""replacement_prior"":50.0,""sample_reliability"":0.0066,""season_count"":5.0,""weighted_observed_rating"":50.02}"
00-0040209,Jalen McLeod,JAX,EDGE,50.02,11.92,5,5.0,LOW,2026,2,RSM-v0.1-checkpoint1,"{""replacement_prior"":50.0,""sample_reliability"":0.0066,""season_count"":5.0,""weighted_observed_rating"":50.02}"
00-0041209,Quindarius Dunnigan,JAX,EDGE,50.02,11.92,5,5.0,LOW,2026,2,RSM-v0.1-checkpoint1,"{""replacement_prior"":50.0,""sample_reliability"":0.0066,""season_count"":5.0,""weighted_observed_rating"":50.02}"
00-0041059,Wesley Williams,JAX,EDGE,50.02,11.92,5,5.0,LOW,2026,2,RSM-v0.1-checkpoint1,"{""replacement_prior"":50.0,""sample_reliability"":0.0066,""season_count"":5.0,""weighted_observed_rating"":50.02}"
00-0041122,Zach Durfee,JAX,EDGE,50.02,11.92,5,5.0,LOW,2026,2,RSM-v0.1-checkpoint1,"{""replacement_prior"":50.0,""sample_reliability"":0.0066,""season_count"":5.0,""weighted_observed_rating"":50.02}"
00-0039409,Cam Little,JAX,K,67.97,1.49,2,141.0,HIGH,2026,2,RSM-v0.1-checkpoint1,"{""replacement_prior"":50.0,""sample_reliability"":0.8762,""season_count"":2.0,""weighted_observed_rating"":67.97}"
00-0034413,Foye Oluokun,JAX,LB,62.36,5.32,5,4107.0,MEDIUM,2026,2,RSM-v0.1-checkpoint1,"{""replacement_prior"":50.0,""sample_reliability"":0.5566,""season_count"":5.0,""weighted_observed_rating"":62.36}"
00-0035240,Jahlani Tavai,JAX,LB,58.81,6.36,5,2551.0,MEDIUM,2026,2,RSM-v0.1-checkpoint1,"{""replacement_prior"":50.0,""sample_reliability"":0.4699,""season_count"":5.0,""weighted_observed_rating"":58.81}"
00-0040723,Jack Kiser,JAX,LB,50.08,11.29,5,47.0,LOW,2026,2,RSM-v0.1-checkpoint1,"{""replacement_prior"":50.0,""sample_reliability"":0.0588,""season_count"":5.0,""weighted_observed_rating"":50.08}"
00-0040395,Jared Bartlett,JAX,LB,50.02,11.93,5,5.0,LOW,2026,2,RSM-v0.1-checkpoint1,"{""replacement_prior"":50.0,""sample_reliability"":0.0058,""season_count"":5.0,""weighted_observed_rating"":50.02}"
00-0041127,Parker Hughes,JAX,LB,50.02,11.93,5,5.0,LOW,2026,2,RSM-v0.1-checkpoint1,"{""replacement_prior"":50.0,""sample_reliability"":0.0058,""season_count"":5.0,""weighted_observed_rating"":50.02}"
00-0036327,Ezra Cleveland,JAX,OL,66.68,2.33,4,3852.0,LOW,2026,2,RSM-v0.1-checkpoint1,"{""replacement_prior"":50.0,""sample_reliability"":0.8059,""season_count"":4.0,""weighted_observed_rating"":66.68}"
00-0035112,Patrick Mekari,JAX,OL,64.12,2.85,4,2829.0,LOW,2026,2,RSM-v0.1-checkpoint1,"{""replacement_prior"":50.0,""sample_reliability"":0.7625,""season_count"":4.0,""weighted_observed_rating"":64.12}"
00-0038934,Anton Harrison,JAX,OL,63.77,2.26,3,3029.0,LOW,2026,2,RSM-v0.1-checkpoint1,"{""replacement_prior"":50.0,""sample_reliability"":0.8115,""season_count"":3.0,""weighted_observed_rating"":63.77}"
00-0036985,Robert Hainsey,JAX,OL,61.41,3.95,4,3322.0,LOW,2026,2,RSM-v0.1-checkpoint1,"{""replacement_prior"":50.0,""sample_reliability"":0.671,""season_count"":4.0,""weighted_observed_rating"":61.41}"
00-0034817,Geron Christian,JAX,OL,60.6,6.49,2,648.0,LOW,2026,2,RSM-v0.1-checkpoint1,"{""replacement_prior"":50.0,""sample_reliability"":0.4591,""season_count"":2.0,""weighted_observed_rating"":60.6}"
00-0036975,Walker Little,JAX,OL,59.83,3.29,4,2372.0,LOW,2026,2,RSM-v0.1-checkpoint1,"{""replacement_prior"":50.0,""sample_reliability"":0.7254,""season_count"":4.0,""weighted_observed_rating"":59.83}"
00-0038118,Daniel Faalele,JAX,OL,59.44,3.57,4,2474.0,LOW,2026,2,RSM-v0.1-checkpoint1,"{""replacement_prior"":50.0,""sample_reliability"":0.7025,""season_count"":4.0,""weighted_observed_rating"":59.44}"
00-0036655,Cole Van Lanen,JAX,OL,53.54,6.09,4,955.0,LOW,2026,2,RSM-v0.1-checkpoint1,"{""replacement_prior"":50.0,""sample_reliability"":0.4928,""season_count"":4.0,""weighted_observed_rating"":53.54}"
00-0035062,Sam Mustipher,JAX,OL,52.11,8.63,4,1332.0,LOW,2026,2,RSM-v0.1-checkpoint1,"{""replacement_prior"":50.0,""sample_reliability"":0.2807,""season_count"":4.0,""weighted_observed_rating"":52.11}"
00-0035992,Trystan Colon,JAX,OL,50.89,6.16,4,941.0,LOW,2026,2,RSM-v0.1-checkpoint1,"{""replacement_prior"":50.0,""sample_reliability"":0.487,""season_count"":4.0,""weighted_observed_rating"":50.89}"
00-0040410,Eli Cox,JAX,OL,50.0,12.0,0,0,LOW,2026,2,RSM-v0.1-checkpoint1,"{""replacement_prior"":50.0,""sample_reliability"":0.0,""season_count"":0.0,""weighted_observed_rating"":50.0}"
00-0041050,Emmanuel Pregnon,JAX,OL,50.0,12.0,0,0,LOW,2026,2,RSM-v0.1-checkpoint1,"{""replacement_prior"":50.0,""sample_reliability"":0.0,""season_count"":0.0,""weighted_observed_rating"":50.0}"
00-0041208,Garrett DiGiorgio,JAX,OL,50.0,12.0,0,0,LOW,2026,2,RSM-v0.1-checkpoint1,"{""replacement_prior"":50.0,""sample_reliability"":0.0,""season_count"":0.0,""weighted_observed_rating"":50.0}"
00-0038509,Jerome Carvin,JAX,OL,50.0,12.0,0,0,LOW,2026,2,RSM-v0.1-checkpoint1,"{""replacement_prior"":50.0,""sample_reliability"":0.0,""season_count"":0.0,""weighted_observed_rating"":50.0}"
00-0041214,Jimto Obidegwu,JAX,OL,50.0,12.0,0,0,LOW,2026,2,RSM-v0.1-checkpoint1,"{""replacement_prior"":50.0,""sample_reliability"":0.0,""season_count"":0.0,""weighted_observed_rating"":50.0}"
00-0041219,Jordan White,JAX,OL,50.0,12.0,0,0,LOW,2026,2,RSM-v0.1-checkpoint1,"{""replacement_prior"":50.0,""sample_reliability"":0.0,""season_count"":0.0,""weighted_observed_rating"":50.0}"
00-0038729,Kilian Zierer,JAX,OL,50.0,12.0,0,0,LOW,2026,2,RSM-v0.1-checkpoint1,"{""replacement_prior"":50.0,""sample_reliability"":0.0,""season_count"":0.0,""weighted_observed_rating"":50.0}"
00-0038776,Ricky Lee,JAX,OL,50.0,12.0,0,0,LOW,2026,2,RSM-v0.1-checkpoint1,"{""replacement_prior"":50.0,""sample_reliability"":0.0,""season_count"":0.0,""weighted_observed_rating"":50.0}"
00-0040320,Timothy McKay,JAX,OL,50.0,12.0,0,0,LOW,2026,2,RSM-v0.1-checkpoint1,"{""replacement_prior"":50.0,""sample_reliability"":0.0,""season_count"":0.0,""weighted_observed_rating"":50.0}"
00-0040146,Wyatt Milum,JAX,OL,47.47,8.47,1,96.0,LOW,2026,2,RSM-v0.1-checkpoint1,"{""replacement_prior"":50.0,""sample_reliability"":0.2945,""season_count"":1.0,""weighted_observed_rating"":47.47}"
00-0040227,Jonah Monheim,JAX,OL,46.48,6.32,1,207.0,LOW,2026,2,RSM-v0.1-checkpoint1,"{""replacement_prior"":50.0,""sample_reliability"":0.4737,""season_count"":1.0,""weighted_observed_rating"":46.48}"
00-0034437,Logan Cooke,JAX,OTHER,56.57,5.05,4,543.0,MEDIUM,2026,2,RSM-v0.1-checkpoint1,"{""replacement_prior"":50.0,""sample_reliability"":0.5795,""season_count"":4.0,""weighted_observed_rating"":56.57}"
00-0035827,Ross Matiscik,JAX,OTHER,55.74,5.11,4,534.0,MEDIUM,2026,2,RSM-v0.1-checkpoint1,"{""replacement_prior"":50.0,""sample_reliability"":0.5745,""season_count"":4.0,""weighted_observed_rating"":55.74}"
00-0036971,Trevor Lawrence,JAX,QB,61.68,2.06,4,2113.0,HIGH,2026,2,RSM-v0.1-checkpoint1,"{""replacement_prior"":50.0,""sample_reliability"":0.8281,""season_count"":4.0,""weighted_observed_rating"":61.68}"
00-0040234,Quinn Ewers,JAX,QB,53.95,6.28,1,91.0,MEDIUM,2026,2,RSM-v0.1-checkpoint1,"{""replacement_prior"":50.0,""sample_reliability"":0.4764,""season_count"":1.0,""weighted_observed_rating"":53.95}"
00-0033319,Nick Mullens,JAX,QB,52.53,10.13,4,190.0,LOW,2026,2,RSM-v0.1-checkpoint1,"{""replacement_prior"":50.0,""sample_reliability"":0.1558,""season_count"":4.0,""weighted_observed_rating"":52.53}"
00-0039534,Carter Bradley,JAX,QB,50.0,12.0,0,0,LOW,2026,2,RSM-v0.1-checkpoint1,"{""replacement_prior"":50.0,""sample_reliability"":0.0,""season_count"":0.0,""weighted_observed_rating"":50.0}"
00-0041203,Joey Aguilar,JAX,QB,50.0,12.0,0,0,LOW,2026,2,RSM-v0.1-checkpoint1,"{""replacement_prior"":50.0,""sample_reliability"":0.0,""season_count"":0.0,""weighted_observed_rating"":50.0}"
00-0038611,Chris Rodriguez Jr.,JAX,RB,58.42,5.65,3,205.0,MEDIUM,2026,2,RSM-v0.1-checkpoint1,"{""replacement_prior"":50.0,""sample_reliability"":0.5294,""season_count"":3.0,""weighted_observed_rating"":58.42}"
00-0040719,Bhayshul Tuten,JAX,RB,57.93,4.59,1,97.0,MEDIUM,2026,2,RSM-v0.1-checkpoint1,"{""replacement_prior"":50.0,""sample_reliability"":0.6178,""season_count"":1.0,""weighted_observed_rating"":57.93}"
00-0032104,Ameer Abdullah,JAX,RB,56.99,6.7,4,219.0,MEDIUM,2026,2,RSM-v0.1-checkpoint1,"{""replacement_prior"":50.0,""sample_reliability"":0.4413,""season_count"":4.0,""weighted_observed_rating"":56.99}"
00-0040238,LeQuint Allen Jr.,JAX,RB,52.54,7.66,1,34.0,MEDIUM,2026,2,RSM-v0.1-checkpoint1,"{""replacement_prior"":50.0,""sample_reliability"":0.3617,""season_count"":1.0,""weighted_observed_rating"":52.54}"
00-0041217,J'Mari Taylor,JAX,RB,50.0,12.0,0,0,LOW,2026,2,RSM-v0.1-checkpoint1,"{""replacement_prior"":50.0,""sample_reliability"":0.0,""season_count"":0.0,""weighted_observed_rating"":50.0}"
00-0038596,Antonio Johnson,JAX,S,61.17,7.02,5,1516.0,MEDIUM,2026,2,RSM-v0.1-checkpoint1,"{""replacement_prior"":50.0,""sample_reliability"":0.4154,""season_count"":5.0,""weighted_observed_rating"":61.17}"
00-0033038,Eric Murray,JAX,S,59.18,6.6,5,1755.0,MEDIUM,2026,2,RSM-v0.1-checkpoint1,"{""replacement_prior"":50.0,""sample_reliability"":0.4498,""season_count"":5.0,""weighted_observed_rating"":59.18}"
00-0038823,Kaevon Merriweather,JAX,S,53.54,9.63,5,445.0,LOW,2026,2,RSM-v0.1-checkpoint1,"{""replacement_prior"":50.0,""sample_reliability"":0.1978,""season_count"":5.0,""weighted_observed_rating"":53.54}"
00-0040213,Rayuan Lane III,JAX,S,51.63,10.68,5,121.0,LOW,2026,2,RSM-v0.1-checkpoint1,"{""replacement_prior"":50.0,""sample_reliability"":0.1104,""season_count"":5.0,""weighted_observed_rating"":51.63}"
00-0040339,Cam'Ron Silmon-Craig,JAX,S,50.05,11.61,5,25.0,LOW,2026,2,RSM-v0.1-checkpoint1,"{""replacement_prior"":50.0,""sample_reliability"":0.0322,""season_count"":5.0,""weighted_observed_rating"":50.05}"
00-0040295,Trevian Thomas,JAX,S,50.04,11.42,5,39.0,LOW,2026,2,RSM-v0.1-checkpoint1,"{""replacement_prior"":50.0,""sample_reliability"":0.048,""season_count"":5.0,""weighted_observed_rating"":50.04}"
00-0040145,Caleb Ransaw,JAX,S,50.02,11.93,5,5.0,LOW,2026,2,RSM-v0.1-checkpoint1,"{""replacement_prior"":50.0,""sample_reliability"":0.0055,""season_count"":5.0,""weighted_observed_rating"":50.02}"
00-0041213,Devin Neal,JAX,S,50.02,11.93,5,5.0,LOW,2026,2,RSM-v0.1-checkpoint1,"{""replacement_prior"":50.0,""sample_reliability"":0.0055,""season_count"":5.0,""weighted_observed_rating"":50.02}"
00-0041055,Jalen Huskey,JAX,S,50.02,11.93,5,5.0,LOW,2026,2,RSM-v0.1-checkpoint1,"{""replacement_prior"":50.0,""sample_reliability"":0.0055,""season_count"":5.0,""weighted_observed_rating"":50.02}"
00-0038935,Brenton Strange,JAX,TE,63.42,2.76,3,245.5,HIGH,2026,2,RSM-v0.1-checkpoint1,"{""replacement_prior"":50.0,""sample_reliability"":0.7697,""season_count"":3.0,""weighted_observed_rating"":63.42}"
00-0036590,Quintin Morris,JAX,TE,56.63,4.93,4,149.0,MEDIUM,2026,2,RSM-v0.1-checkpoint1,"{""replacement_prior"":50.0,""sample_reliability"":0.5892,""season_count"":4.0,""weighted_observed_rating"":56.63}"
00-0041503,Nate Boerkircher,JAX,TE,50.0,12.0,0,0,LOW,2026,2,RSM-v0.1-checkpoint1,"{""replacement_prior"":50.0,""sample_reliability"":0.0,""season_count"":0.0,""weighted_observed_rating"":50.0}"
00-0041084,Tanner Koziol,JAX,TE,50.0,12.0,0,0,LOW,2026,2,RSM-v0.1-checkpoint1,"{""replacement_prior"":50.0,""sample_reliability"":0.0,""season_count"":0.0,""weighted_observed_rating"":50.0}"
00-0039489,Hayden Rucci,JAX,TE,48.68,9.52,1,6.5,LOW,2026,2,RSM-v0.1-checkpoint1,"{""replacement_prior"":50.0,""sample_reliability"":0.2063,""season_count"":1.0,""weighted_observed_rating"":48.68}"
00-0039893,Brian Thomas Jr.,JAX,WR,60.28,2.57,2,260.3,HIGH,2026,2,RSM-v0.1-checkpoint1,"{""replacement_prior"":50.0,""sample_reliability"":0.786,""season_count"":2.0,""weighted_observed_rating"":60.28}"
00-0034960,Jakobi Meyers,JAX,WR,59.94,2.36,4,560.5,HIGH,2026,2,RSM-v0.1-checkpoint1,"{""replacement_prior"":50.0,""sample_reliability"":0.8033,""season_count"":4.0,""weighted_observed_rating"":59.94}"
00-0038606,Parker Washington,JAX,WR,58.97,3.54,3,249.2,HIGH,2026,2,RSM-v0.1-checkpoint1,"{""replacement_prior"":50.0,""sample_reliability"":0.7052,""season_count"":3.0,""weighted_observed_rating"":58.97}"
00-0036497,Tim Jones,JAX,WR,54.38,8.0,4,113.2,LOW,2026,2,RSM-v0.1-checkpoint1,"{""replacement_prior"":50.0,""sample_reliability"":0.3335,""season_count"":4.0,""weighted_observed_rating"":54.38}"
00-0040718,Travis Hunter,JAX,WR,53.56,4.72,1,54.0,MEDIUM,2026,2,RSM-v0.1-checkpoint1,"{""replacement_prior"":50.0,""sample_reliability"":0.6067,""season_count"":1.0,""weighted_observed_rating"":53.56}"
00-0036841,Austin Trammell,JAX,WR,50.47,9.17,4,41.8,LOW,2026,2,RSM-v0.1-checkpoint1,"{""replacement_prior"":50.0,""sample_reliability"":0.236,""season_count"":4.0,""weighted_observed_rating"":50.47}"
00-0041206,Alex Bullock,JAX,WR,50.0,12.0,0,0,LOW,2026,2,RSM-v0.1-checkpoint1,"{""replacement_prior"":50.0,""sample_reliability"":0.0,""season_count"":0.0,""weighted_observed_rating"":50.0}"
00-0041205,Brady Boyd,JAX,WR,50.0,12.0,0,0,LOW,2026,2,RSM-v0.1-checkpoint1,"{""replacement_prior"":50.0,""sample_reliability"":0.0,""season_count"":0.0,""weighted_observed_rating"":50.0}"
00-0041106,C.J. Williams,JAX,WR,50.0,12.0,0,0,LOW,2026,2,RSM-v0.1-checkpoint1,"{""replacement_prior"":50.0,""sample_reliability"":0.0,""season_count"":0.0,""weighted_observed_rating"":50.0}"
00-0040323,Chandler Brayboy,JAX,WR,50.0,12.0,0,0,LOW,2026,2,RSM-v0.1-checkpoint1,"{""replacement_prior"":50.0,""sample_reliability"":0.0,""season_count"":0.0,""weighted_observed_rating"":50.0}"
00-0041100,Josh Cameron,JAX,WR,50.0,12.0,0,0,LOW,2026,2,RSM-v0.1-checkpoint1,"{""replacement_prior"":50.0,""sample_reliability"":0.0,""season_count"":0.0,""weighted_observed_rating"":50.0}"
00-0041220,Michael Wortham,JAX,WR,50.0,12.0,0,0,LOW,2026,2,RSM-v0.1-checkpoint1,"{""replacement_prior"":50.0,""sample_reliability"":0.0,""season_count"":0.0,""weighted_observed_rating"":50.0}"
00-0041216,Trebor Pena,JAX,WR,50.0,12.0,0,0,LOW,2026,2,RSM-v0.1-checkpoint1,"{""replacement_prior"":50.0,""sample_reliability"":0.0,""season_count"":0.0,""weighted_observed_rating"":50.0}"
00-0036374,L'Jarius Sneed,KC,CB,58.48,6.42,5,2761.0,MEDIUM,2026,2,RSM-v0.1-checkpoint1,"{""replacement_prior"":50.0,""sample_reliability"":0.4651,""season_count"":5.0,""weighted_observed_rating"":58.48}"
00-0037353,Kader Kohou,KC,CB,58.25,8.23,5,2546.0,LOW,2026,2,RSM-v0.1-checkpoint1,"{""replacement_prior"":50.0,""sample_reliability"":0.3143,""season_count"":5.0,""weighted_observed_rating"":58.25}"
00-0040670,Nohl Williams,KC,CB,57.67,9.63,5,461.0,LOW,2026,2,RSM-v0.1-checkpoint1,"{""replacement_prior"":50.0,""sample_reliability"":0.1977,""season_count"":5.0,""weighted_observed_rating"":57.67}"
00-0036416,Kristian Fulton,KC,CB,56.76,6.62,5,2267.0,MEDIUM,2026,2,RSM-v0.1-checkpoint1,"{""replacement_prior"":50.0,""sample_reliability"":0.4487,""season_count"":5.0,""weighted_observed_rating"":56.76}"
00-0040961,D'Arco Perkins-McAllister,KC,CB,50.02,11.93,5,5.0,LOW,2026,2,RSM-v0.1-checkpoint1,"{""replacement_prior"":50.0,""sample_reliability"":0.0055,""season_count"":5.0,""weighted_observed_rating"":50.02}"
00-0041497,Jadon Canady,KC,CB,50.02,11.93,5,5.0,LOW,2026,2,RSM-v0.1-checkpoint1,"{""replacement_prior"":50.0,""sample_reliability"":0.0055,""season_count"":5.0,""weighted_observed_rating"":50.02}"
00-0041543,Mansoor Delane,KC,CB,50.02,11.93,5,5.0,LOW,2026,2,RSM-v0.1-checkpoint1,"{""replacement_prior"":50.0,""sample_reliability"":0.0055,""season_count"":5.0,""weighted_observed_rating"":50.02}"
00-0040966,Zelmar Vedder,KC,CB,50.02,11.93,5,5.0,LOW,2026,2,RSM-v0.1-checkpoint1,"{""replacement_prior"":50.0,""sample_reliability"":0.0055,""season_count"":5.0,""weighted_observed_rating"":50.02}"
00-0032762,Chris Jones,KC,DL,68.96,5.58,5,3190.0,MEDIUM,2026,2,RSM-v0.1-checkpoint1,"{""replacement_prior"":50.0,""sample_reliability"":0.5353,""season_count"":5.0,""weighted_observed_rating"":68.96}"
00-0036909,Khyiris Tonga,KC,DL,54.96,7.23,5,1031.0,MEDIUM,2026,2,RSM-v0.1-checkpoint1,"{""replacement_prior"":50.0,""sample_reliability"":0.3973,""season_count"":5.0,""weighted_observed_rating"":54.96}"
00-0040748,Omarr Norman-Lott,KC,DL,52.27,10.98,5,76.0,LOW,2026,2,RSM-v0.1-checkpoint1,"{""replacement_prior"":50.0,""sample_reliability"":0.0846,""season_count"":5.0,""weighted_observed_rating"":52.27}"
00-0040956,Amari McNeill,KC,DL,50.02,11.93,5,5.0,LOW,2026,2,RSM-v0.1-checkpoint1,"{""replacement_prior"":50.0,""sample_reliability"":0.0058,""season_count"":5.0,""weighted_observed_rating"":50.02}"
00-0041358,Bryson Eason,KC,DL,50.02,11.93,5,5.0,LOW,2026,2,RSM-v0.1-checkpoint1,"{""replacement_prior"":50.0,""sample_reliability"":0.0058,""season_count"":5.0,""weighted_observed_rating"":50.02}"
00-0040952,Cole Brevard,KC,DL,50.02,11.93,5,5.0,LOW,2026,2,RSM-v0.1-checkpoint1,"{""replacement_prior"":50.0,""sample_reliability"":0.0058,""season_count"":5.0,""weighted_observed_rating"":50.02}"
00-0040960,Damon Payne,KC,DL,50.02,11.93,5,5.0,LOW,2026,2,RSM-v0.1-checkpoint1,"{""replacement_prior"":50.0,""sample_reliability"":0.0058,""season_count"":5.0,""weighted_observed_rating"":50.02}"
00-0039433,Marcus Harris,KC,DL,50.02,11.93,5,5.0,LOW,2026,2,RSM-v0.1-checkpoint1,"{""replacement_prior"":50.0,""sample_reliability"":0.0058,""season_count"":5.0,""weighted_observed_rating"":50.02}"
00-0041545,Peter Woods,KC,DL,50.02,11.93,5,5.0,LOW,2026,2,RSM-v0.1-checkpoint1,"{""replacement_prior"":50.0,""sample_reliability"":0.0058,""season_count"":5.0,""weighted_observed_rating"":50.02}"
00-0037192,George Karlaftis,KC,EDGE,63.25,5.44,5,3079.0,MEDIUM,2026,2,RSM-v0.1-checkpoint1,"{""replacement_prior"":50.0,""sample_reliability"":0.5469,""season_count"":5.0,""weighted_observed_rating"":63.25}"
00-0033073,Emmanuel Ogbah,KC,EDGE,58.35,6.41,5,1631.0,MEDIUM,2026,2,RSM-v0.1-checkpoint1,"{""replacement_prior"":50.0,""sample_reliability"":0.4656,""season_count"":5.0,""weighted_observed_rating"":58.35}"
00-0035262,Drue Tranquill,KC,EDGE,56.99,5.41,5,3237.0,MEDIUM,2026,2,RSM-v0.1-checkpoint1,"{""replacement_prior"":50.0,""sample_reliability"":0.5492,""season_count"":5.0,""weighted_observed_rating"":56.99}"
00-0039006,Felix Anudike-Uzomah,KC,EDGE,53.79,9.6,5,553.0,LOW,2026,2,RSM-v0.1-checkpoint1,"{""replacement_prior"":50.0,""sample_reliability"":0.1997,""season_count"":5.0,""weighted_observed_rating"":53.79}"
00-0040640,Ashton Gillotte,KC,EDGE,52.26,9.47,5,489.0,LOW,2026,2,RSM-v0.1-checkpoint1,"{""replacement_prior"":50.0,""sample_reliability"":0.2111,""season_count"":5.0,""weighted_observed_rating"":52.26}"
00-0038513,Cam Jones,KC,EDGE,50.61,10.63,5,167.0,LOW,2026,2,RSM-v0.1-checkpoint1,"{""replacement_prior"":50.0,""sample_reliability"":0.1145,""season_count"":5.0,""weighted_observed_rating"":50.61}"
00-0040072,Jeffrey Bassa,KC,EDGE,50.44,11.27,5,43.0,LOW,2026,2,RSM-v0.1-checkpoint1,"{""replacement_prior"":50.0,""sample_reliability"":0.0605,""season_count"":5.0,""weighted_observed_rating"":50.44}"
00-0040328,Ethan Downs,KC,EDGE,50.31,11.72,5,15.0,LOW,2026,2,RSM-v0.1-checkpoint1,"{""replacement_prior"":50.0,""sample_reliability"":0.0233,""season_count"":5.0,""weighted_observed_rating"":50.31}"
00-0037080,Tyreke Smith,KC,EDGE,50.04,11.77,5,23.0,LOW,2026,2,RSM-v0.1-checkpoint1,"{""replacement_prior"":50.0,""sample_reliability"":0.0193,""season_count"":5.0,""weighted_observed_rating"":50.04}"
00-0035900,Cole Christiansen,KC,EDGE,50.03,10.06,5,177.0,LOW,2026,2,RSM-v0.1-checkpoint1,"{""replacement_prior"":50.0,""sample_reliability"":0.1614,""season_count"":5.0,""weighted_observed_rating"":50.03}"
00-0040969,Ethan Hurkett,KC,EDGE,50.02,11.92,5,5.0,LOW,2026,2,RSM-v0.1-checkpoint1,"{""replacement_prior"":50.0,""sample_reliability"":0.0066,""season_count"":5.0,""weighted_observed_rating"":50.02}"
00-0041256,Jack Pyburn,KC,EDGE,50.02,11.92,5,5.0,LOW,2026,2,RSM-v0.1-checkpoint1,"{""replacement_prior"":50.0,""sample_reliability"":0.0066,""season_count"":5.0,""weighted_observed_rating"":50.02}"
00-0041379,Niles King,KC,EDGE,50.02,11.92,5,5.0,LOW,2026,2,RSM-v0.1-checkpoint1,"{""replacement_prior"":50.0,""sample_reliability"":0.0066,""season_count"":5.0,""weighted_observed_rating"":50.02}"
00-0041501,R Mason Thomas,KC,EDGE,50.02,11.92,5,5.0,LOW,2026,2,RSM-v0.1-checkpoint1,"{""replacement_prior"":50.0,""sample_reliability"":0.0066,""season_count"":5.0,""weighted_observed_rating"":50.02}"
00-0040951,Wesley Bissainthe,KC,EDGE,50.02,11.92,5,5.0,LOW,2026,2,RSM-v0.1-checkpoint1,"{""replacement_prior"":50.0,""sample_reliability"":0.0066,""season_count"":5.0,""weighted_observed_rating"":50.02}"
00-0033303,Harrison Butker,KC,K,52.05,1.57,4,267.0,HIGH,2026,2,RSM-v0.1-checkpoint1,"{""replacement_prior"":50.0,""sample_reliability"":0.8693,""season_count"":4.0,""weighted_observed_rating"":52.05}"
00-0036621,Nick Bolton,KC,LB,62.54,5.5,5,3514.0,MEDIUM,2026,2,RSM-v0.1-checkpoint1,"{""replacement_prior"":50.0,""sample_reliability"":0.5418,""season_count"":5.0,""weighted_observed_rating"":62.54}"
00-0037208,Jack Cochrane,KC,LB,52.54,9.67,5,531.0,LOW,2026,2,RSM-v0.1-checkpoint1,"{""replacement_prior"":50.0,""sample_reliability"":0.1939,""season_count"":5.0,""weighted_observed_rating"":52.54}"
00-0040118,Cooper McDonald,KC,LB,50.75,11.14,5,61.0,LOW,2026,2,RSM-v0.1-checkpoint1,"{""replacement_prior"":50.0,""sample_reliability"":0.0721,""season_count"":5.0,""weighted_observed_rating"":50.75}"
00-0040313,Kam Arnold,KC,LB,50.02,11.93,5,5.0,LOW,2026,2,RSM-v0.1-checkpoint1,"{""replacement_prior"":50.0,""sample_reliability"":0.0058,""season_count"":5.0,""weighted_observed_rating"":50.02}"
00-0036623,Creed Humphrey,KC,OL,66.94,2.07,4,4438.0,LOW,2026,2,RSM-v0.1-checkpoint1,"{""replacement_prior"":50.0,""sample_reliability"":0.8277,""season_count"":4.0,""weighted_observed_rating"":66.94}"
00-0036660,Trey Smith,KC,OL,64.87,2.5,4,3905.0,LOW,2026,2,RSM-v0.1-checkpoint1,"{""replacement_prior"":50.0,""sample_reliability"":0.7914,""season_count"":4.0,""weighted_observed_rating"":64.87}"
00-0040116,Josh Simmons,KC,OL,61.5,3.65,1,526.0,LOW,2026,2,RSM-v0.1-checkpoint1,"{""replacement_prior"":50.0,""sample_reliability"":0.6958,""season_count"":1.0,""weighted_observed_rating"":61.5}"
00-0039844,Kingsley Suamataia,KC,OL,57.36,3.85,2,1286.0,LOW,2026,2,RSM-v0.1-checkpoint1,"{""replacement_prior"":50.0,""sample_reliability"":0.6791,""season_count"":2.0,""weighted_observed_rating"":57.36}"
00-0036557,Jaylon Moore,KC,OL,50.69,5.21,4,1109.0,LOW,2026,2,RSM-v0.1-checkpoint1,"{""replacement_prior"":50.0,""sample_reliability"":0.5661,""season_count"":4.0,""weighted_observed_rating"":50.69}"
00-0040987,Diego Pounds,KC,OL,50.0,12.0,0,0,LOW,2026,2,RSM-v0.1-checkpoint1,"{""replacement_prior"":50.0,""sample_reliability"":0.0,""season_count"":0.0,""weighted_observed_rating"":50.0}"
00-0041019,Kahlil Benson,KC,OL,50.0,12.0,0,0,LOW,2026,2,RSM-v0.1-checkpoint1,"{""replacement_prior"":50.0,""sample_reliability"":0.0,""season_count"":0.0,""weighted_observed_rating"":50.0}"
00-0040958,Pete Nygra,KC,OL,50.0,12.0,0,0,LOW,2026,2,RSM-v0.1-checkpoint1,"{""replacement_prior"":50.0,""sample_reliability"":0.0,""season_count"":0.0,""weighted_observed_rating"":50.0}"
00-0039833,C.J. Hanson,KC,OL,49.99,11.4,2,32.0,LOW,2026,2,RSM-v0.1-checkpoint1,"{""replacement_prior"":50.0,""sample_reliability"":0.0501,""season_count"":2.0,""weighted_observed_rating"":49.99}"
00-0037807,Joshua Ezeudu,KC,OL,49.86,6.05,3,737.0,LOW,2026,2,RSM-v0.1-checkpoint1,"{""replacement_prior"":50.0,""sample_reliability"":0.4957,""season_count"":3.0,""weighted_observed_rating"":49.86}"
00-0037207,Mike Caliendo,KC,OL,49.82,5.85,3,723.0,LOW,2026,2,RSM-v0.1-checkpoint1,"{""replacement_prior"":50.0,""sample_reliability"":0.5127,""season_count"":3.0,""weighted_observed_rating"":49.82}"
00-0039317,Ethan Driskell,KC,OL,49.79,11.79,1,4.0,LOW,2026,2,RSM-v0.1-checkpoint1,"{""replacement_prior"":50.0,""sample_reliability"":0.0171,""season_count"":1.0,""weighted_observed_rating"":49.79}"
00-0037266,Matt Waletzko,KC,OL,49.67,11.6,3,20.0,LOW,2026,2,RSM-v0.1-checkpoint1,"{""replacement_prior"":50.0,""sample_reliability"":0.0337,""season_count"":3.0,""weighted_observed_rating"":49.67}"
00-0039827,Hunter Nourzad,KC,OL,48.09,9.36,2,124.0,LOW,2026,2,RSM-v0.1-checkpoint1,"{""replacement_prior"":50.0,""sample_reliability"":0.2203,""season_count"":2.0,""weighted_observed_rating"":48.09}"
00-0037284,Matt Araiza,KC,OTHER,55.29,5.15,2,268.0,MEDIUM,2026,2,RSM-v0.1-checkpoint1,"{""replacement_prior"":50.0,""sample_reliability"":0.5706,""season_count"":2.0,""weighted_observed_rating"":55.29}"
00-0030615,James Winchester,KC,OTHER,55.2,5.12,4,546.0,MEDIUM,2026,2,RSM-v0.1-checkpoint1,"{""replacement_prior"":50.0,""sample_reliability"":0.5735,""season_count"":4.0,""weighted_observed_rating"":55.2}"
00-0033873,Patrick Mahomes,KC,QB,64.91,1.74,4,2451.0,HIGH,2026,2,RSM-v0.1-checkpoint1,"{""replacement_prior"":50.0,""sample_reliability"":0.8547,""season_count"":4.0,""weighted_observed_rating"":64.91}"
00-0036945,Justin Fields,KC,QB,56.37,3.45,4,1195.0,HIGH,2026,2,RSM-v0.1-checkpoint1,"{""replacement_prior"":50.0,""sample_reliability"":0.7126,""season_count"":4.0,""weighted_observed_rating"":56.37}"
00-0040906,Garrett Nussmeier,KC,QB,50.0,12.0,0,0,LOW,2026,2,RSM-v0.1-checkpoint1,"{""replacement_prior"":50.0,""sample_reliability"":0.0,""season_count"":0.0,""weighted_observed_rating"":50.0}"
00-0037324,Chris Oladokun,KC,QB,48.35,9.17,2,64.0,LOW,2026,2,RSM-v0.1-checkpoint1,"{""replacement_prior"":50.0,""sample_reliability"":0.2359,""season_count"":2.0,""weighted_observed_rating"":48.35}"
00-0038134,Kenneth Walker III,KC,RB,59.91,2.39,4,982.0,HIGH,2026,2,RSM-v0.1-checkpoint1,"{""replacement_prior"":50.0,""sample_reliability"":0.801,""season_count"":4.0,""weighted_observed_rating"":59.91}"
00-0040078,Brashard Smith,KC,RB,52.49,5.18,1,79.0,MEDIUM,2026,2,RSM-v0.1-checkpoint1,"{""replacement_prior"":50.0,""sample_reliability"":0.5683,""season_count"":1.0,""weighted_observed_rating"":52.49}"
00-0040547,Nate Carter,KC,RB,51.54,10.43,1,9.0,LOW,2026,2,RSM-v0.1-checkpoint1,"{""replacement_prior"":50.0,""sample_reliability"":0.1304,""season_count"":1.0,""weighted_observed_rating"":51.54}"
00-0040964,EJ Smith,KC,RB,50.0,12.0,0,0,LOW,2026,2,RSM-v0.1-checkpoint1,"{""replacement_prior"":50.0,""sample_reliability"":0.0,""season_count"":0.0,""weighted_observed_rating"":50.0}"
00-0041013,Emmett Johnson,KC,RB,50.0,12.0,0,0,LOW,2026,2,RSM-v0.1-checkpoint1,"{""replacement_prior"":50.0,""sample_reliability"":0.0,""season_count"":0.0,""weighted_observed_rating"":50.0}"
00-0040959,Jaydn Ott,KC,RB,50.0,12.0,0,0,LOW,2026,2,RSM-v0.1-checkpoint1,"{""replacement_prior"":50.0,""sample_reliability"":0.0,""season_count"":0.0,""weighted_observed_rating"":50.0}"
00-0038489,Ben VanSumeren,KC,RB,49.8,11.8,1,1.0,LOW,2026,2,RSM-v0.1-checkpoint1,"{""replacement_prior"":50.0,""sample_reliability"":0.0164,""season_count"":1.0,""weighted_observed_rating"":49.8}"
00-0038982,Chamarri Conner,KC,S,60.33,6.67,5,1901.0,MEDIUM,2026,2,RSM-v0.1-checkpoint1,"{""replacement_prior"":50.0,""sample_reliability"":0.4443,""season_count"":5.0,""weighted_observed_rating"":60.33}"
00-0036380,Alohi Gilman,KC,S,57.45,5.62,5,3085.0,MEDIUM,2026,2,RSM-v0.1-checkpoint1,"{""replacement_prior"":50.0,""sample_reliability"":0.5314,""season_count"":5.0,""weighted_observed_rating"":57.45}"
00-0039324,Christian Roland-Wallace,KC,S,57.19,9.18,5,387.0,LOW,2026,2,RSM-v0.1-checkpoint1,"{""replacement_prior"":50.0,""sample_reliability"":0.2351,""season_count"":5.0,""weighted_observed_rating"":57.19}"
00-0039825,Jaden Hicks,KC,S,57.1,8.26,5,778.0,LOW,2026,2,RSM-v0.1-checkpoint1,"{""replacement_prior"":50.0,""sample_reliability"":0.3117,""season_count"":5.0,""weighted_observed_rating"":57.1}"
00-0038717,Tanner McCalister,KC,S,50.1,11.46,5,57.0,LOW,2026,2,RSM-v0.1-checkpoint1,"{""replacement_prior"":50.0,""sample_reliability"":0.0446,""season_count"":5.0,""weighted_observed_rating"":50.1}"
00-0040963,DeShon Singleton,KC,S,50.02,11.93,5,5.0,LOW,2026,2,RSM-v0.1-checkpoint1,"{""replacement_prior"":50.0,""sample_reliability"":0.0055,""season_count"":5.0,""weighted_observed_rating"":50.02}"
00-0040957,Xavier Nwankpa,KC,S,50.02,11.93,5,5.0,LOW,2026,2,RSM-v0.1-checkpoint1,"{""replacement_prior"":50.0,""sample_reliability"":0.0055,""season_count"":5.0,""weighted_observed_rating"":50.02}"
00-0030506,Travis Kelce,KC,TE,65.57,1.74,4,588.5,HIGH,2026,2,RSM-v0.1-checkpoint1,"{""replacement_prior"":50.0,""sample_reliability"":0.8554,""season_count"":4.0,""weighted_observed_rating"":65.57}"
00-0036637,Noah Gray,KC,TE,59.77,2.43,4,399.7,HIGH,2026,2,RSM-v0.1-checkpoint1,"{""replacement_prior"":50.0,""sample_reliability"":0.7973,""season_count"":4.0,""weighted_observed_rating"":59.77}"
00-0039824,Jared Wiley,KC,TE,52.32,9.02,2,20.3,LOW,2026,2,RSM-v0.1-checkpoint1,"{""replacement_prior"":50.0,""sample_reliability"":0.2485,""season_count"":2.0,""weighted_observed_rating"":52.32}"
00-0040081,Jake Briningstool,KC,TE,50.0,12.0,0,0,LOW,2026,2,RSM-v0.1-checkpoint1,"{""replacement_prior"":50.0,""sample_reliability"":0.0,""season_count"":0.0,""weighted_observed_rating"":50.0}"
00-0040955,John Michael Gyllenborg,KC,TE,50.0,12.0,0,0,LOW,2026,2,RSM-v0.1-checkpoint1,"{""replacement_prior"":50.0,""sample_reliability"":0.0,""season_count"":0.0,""weighted_observed_rating"":50.0}"
00-0039702,Mason Pline,KC,TE,50.0,12.0,0,0,LOW,2026,2,RSM-v0.1-checkpoint1,"{""replacement_prior"":50.0,""sample_reliability"":0.0,""season_count"":0.0,""weighted_observed_rating"":50.0}"
00-0038145,Thomas Odukoya,KC,TE,49.95,11.92,1,0.2,LOW,2026,2,RSM-v0.1-checkpoint1,"{""replacement_prior"":50.0,""sample_reliability"":0.0066,""season_count"":1.0,""weighted_observed_rating"":49.95}"
00-0039067,Rashee Rice,KC,WR,59.34,4.47,3,210.7,MEDIUM,2026,2,RSM-v0.1-checkpoint1,"{""replacement_prior"":50.0,""sample_reliability"":0.6274,""season_count"":3.0,""weighted_observed_rating"":59.34}"
00-0039894,Xavier Worthy,KC,WR,57.29,2.81,2,233.7,HIGH,2026,2,RSM-v0.1-checkpoint1,"{""replacement_prior"":50.0,""sample_reliability"":0.7658,""season_count"":2.0,""weighted_observed_rating"":57.29}"
00-0038104,Tyquan Thornton,KC,WR,56.29,5.47,4,205.2,MEDIUM,2026,2,RSM-v0.1-checkpoint1,"{""replacement_prior"":50.0,""sample_reliability"":0.5441,""season_count"":4.0,""weighted_observed_rating"":56.29}"
00-0038519,Nikko Remigio,KC,WR,54.39,10.32,2,11.7,LOW,2026,2,RSM-v0.1-checkpoint1,"{""replacement_prior"":50.0,""sample_reliability"":0.1398,""season_count"":2.0,""weighted_observed_rating"":54.39}"
00-0038492,Jason Brownlee,KC,WR,50.32,8.88,2,56.2,LOW,2026,2,RSM-v0.1-checkpoint1,"{""replacement_prior"":50.0,""sample_reliability"":0.2599,""season_count"":2.0,""weighted_observed_rating"":50.32}"
00-0040298,Andrew Armstrong,KC,WR,50.0,12.0,0,0,LOW,2026,2,RSM-v0.1-checkpoint1,"{""replacement_prior"":50.0,""sample_reliability"":0.0,""season_count"":0.0,""weighted_observed_rating"":50.0}"
00-0040890,Cyrus Allen,KC,WR,50.0,12.0,0,0,LOW,2026,2,RSM-v0.1-checkpoint1,"{""replacement_prior"":50.0,""sample_reliability"":0.0,""season_count"":0.0,""weighted_observed_rating"":50.0}"
00-0040967,Jacob De Jesus,KC,WR,50.0,12.0,0,0,LOW,2026,2,RSM-v0.1-checkpoint1,"{""replacement_prior"":50.0,""sample_reliability"":0.0,""season_count"":0.0,""weighted_observed_rating"":50.0}"
00-0040953,Jeff Caldwell,KC,WR,50.0,12.0,0,0,LOW,2026,2,RSM-v0.1-checkpoint1,"{""replacement_prior"":50.0,""sample_reliability"":0.0,""season_count"":0.0,""weighted_observed_rating"":50.0}"
00-0041575,Jeff Weimer,KC,WR,50.0,12.0,0,0,LOW,2026,2,RSM-v0.1-checkpoint1,"{""replacement_prior"":50.0,""sample_reliability"":0.0,""season_count"":0.0,""weighted_observed_rating"":50.0}"
00-0040954,Omari Evans,KC,WR,50.0,12.0,0,0,LOW,2026,2,RSM-v0.1-checkpoint1,"{""replacement_prior"":50.0,""sample_reliability"":0.0,""season_count"":0.0,""weighted_observed_rating"":50.0}"
00-0041020,Xavier Loyd,KC,WR,50.0,12.0,0,0,LOW,2026,2,RSM-v0.1-checkpoint1,"{""replacement_prior"":50.0,""sample_reliability"":0.0,""season_count"":0.0,""weighted_observed_rating"":50.0}"
00-0040120,Jimmy Holiday,KC,WR,49.97,11.94,1,0.2,LOW,2026,2,RSM-v0.1-checkpoint1,"{""replacement_prior"":50.0,""sample_reliability"":0.0047,""season_count"":1.0,""weighted_observed_rating"":49.97}"
00-0040646,Jalen Royals,KC,WR,47.09,8.51,1,14.3,LOW,2026,2,RSM-v0.1-checkpoint1,"{""replacement_prior"":50.0,""sample_reliability"":0.2905,""season_count"":1.0,""weighted_observed_rating"":47.09}"
00-0037191,Trent McDuffie,LA,CB,72.33,4.51,5,3408.0,MEDIUM,2026,2,RSM-v0.1-checkpoint1,"{""replacement_prior"":50.0,""sample_reliability"":0.6239,""season_count"":5.0,""weighted_observed_rating"":72.33}"
00-0037195,Jaylen Watson,LA,CB,66.24,5.03,5,2318.0,MEDIUM,2026,2,RSM-v0.1-checkpoint1,"{""replacement_prior"":50.0,""sample_reliability"":0.5811,""season_count"":5.0,""weighted_observed_rating"":66.24}"
00-0039151,Emmanuel Forbes,LA,CB,57.18,7.25,5,1459.0,MEDIUM,2026,2,RSM-v0.1-checkpoint1,"{""replacement_prior"":50.0,""sample_reliability"":0.3958,""season_count"":5.0,""weighted_observed_rating"":57.18}"
00-0039772,Josh Wallace,LA,CB,54.57,8.89,5,433.0,LOW,2026,2,RSM-v0.1-checkpoint1,"{""replacement_prior"":50.0,""sample_reliability"":0.2592,""season_count"":5.0,""weighted_observed_rating"":54.57}"
00-0036917,Zech McPhearson,LA,CB,51.33,11.6,5,103.0,LOW,2026,2,RSM-v0.1-checkpoint1,"{""replacement_prior"":50.0,""sample_reliability"":0.0335,""season_count"":5.0,""weighted_observed_rating"":51.33}"
00-0039780,Cam Lampkin,LA,CB,50.08,11.59,5,39.0,LOW,2026,2,RSM-v0.1-checkpoint1,"{""replacement_prior"":50.0,""sample_reliability"":0.0338,""season_count"":5.0,""weighted_observed_rating"":50.08}"
00-0038655,Steven Gilmore,LA,CB,50.03,11.93,5,6.0,LOW,2026,2,RSM-v0.1-checkpoint1,"{""replacement_prior"":50.0,""sample_reliability"":0.0062,""season_count"":5.0,""weighted_observed_rating"":50.03}"
00-0041417,"Al'zillion ""AZ"" Hamilton",LA,CB,50.02,11.93,5,5.0,LOW,2026,2,RSM-v0.1-checkpoint1,"{""replacement_prior"":50.0,""sample_reliability"":0.0055,""season_count"":5.0,""weighted_observed_rating"":50.02}"
00-0039506,Alex Johnson,LA,CB,50.02,11.93,5,5.0,LOW,2026,2,RSM-v0.1-checkpoint1,"{""replacement_prior"":50.0,""sample_reliability"":0.0055,""season_count"":5.0,""weighted_observed_rating"":50.02}"
00-0041416,Nyzier Fourqurean,LA,CB,50.02,11.93,5,5.0,LOW,2026,2,RSM-v0.1-checkpoint1,"{""replacement_prior"":50.0,""sample_reliability"":0.0055,""season_count"":5.0,""weighted_observed_rating"":50.02}"
00-0039138,Kobie Turner,LA,DL,67.85,5.55,5,2325.0,MEDIUM,2026,2,RSM-v0.1-checkpoint1,"{""replacement_prior"":50.0,""sample_reliability"":0.5372,""season_count"":5.0,""weighted_observed_rating"":67.85}"
00-0039734,Braden Fiske,LA,DL,61.65,7.19,5,1234.0,MEDIUM,2026,2,RSM-v0.1-checkpoint1,"{""replacement_prior"":50.0,""sample_reliability"":0.4009,""season_count"":5.0,""weighted_observed_rating"":61.65}"
00-0034234,Poona Ford,LA,DL,60.83,5.77,5,1938.0,MEDIUM,2026,2,RSM-v0.1-checkpoint1,"{""replacement_prior"":50.0,""sample_reliability"":0.5194,""season_count"":5.0,""weighted_observed_rating"":60.83}"
00-0031388,Aaron Donald,LA,DL,56.41,9.99,5,1486.0,LOW,2026,2,RSM-v0.1-checkpoint1,"{""replacement_prior"":50.0,""sample_reliability"":0.1677,""season_count"":5.0,""weighted_observed_rating"":56.41}"
00-0039749,Tyler Davis,LA,DL,55.55,7.56,5,808.0,MEDIUM,2026,2,RSM-v0.1-checkpoint1,"{""replacement_prior"":50.0,""sample_reliability"":0.3702,""season_count"":5.0,""weighted_observed_rating"":55.55}"
00-0036237,Larrell Murchison,LA,DL,55.35,9.36,5,482.0,LOW,2026,2,RSM-v0.1-checkpoint1,"{""replacement_prior"":50.0,""sample_reliability"":0.2197,""season_count"":5.0,""weighted_observed_rating"":55.35}"
00-0040585,Ty Hamilton,LA,DL,51.46,10.24,5,153.0,LOW,2026,2,RSM-v0.1-checkpoint1,"{""replacement_prior"":50.0,""sample_reliability"":0.1463,""season_count"":5.0,""weighted_observed_rating"":51.46}"
00-0040595,Bill Norton,LA,DL,50.02,11.93,5,5.0,LOW,2026,2,RSM-v0.1-checkpoint1,"{""replacement_prior"":50.0,""sample_reliability"":0.0058,""season_count"":5.0,""weighted_observed_rating"":50.02}"
00-0041428,Jaxson Moi,LA,DL,50.02,11.93,5,5.0,LOW,2026,2,RSM-v0.1-checkpoint1,"{""replacement_prior"":50.0,""sample_reliability"":0.0058,""season_count"":5.0,""weighted_observed_rating"":50.02}"
00-0041423,Payton Zdroik,LA,DL,50.02,11.93,5,5.0,LOW,2026,2,RSM-v0.1-checkpoint1,"{""replacement_prior"":50.0,""sample_reliability"":0.0058,""season_count"":5.0,""weighted_observed_rating"":50.02}"
00-0033868,Myles Garrett,LA,EDGE,73.21,4.5,5,3363.0,MEDIUM,2026,2,RSM-v0.1-checkpoint1,"{""replacement_prior"":50.0,""sample_reliability"":0.6251,""season_count"":5.0,""weighted_observed_rating"":73.21}"
00-0039137,Byron Young,LA,EDGE,61.74,5.15,5,2715.0,MEDIUM,2026,2,RSM-v0.1-checkpoint1,"{""replacement_prior"":50.0,""sample_reliability"":0.5704,""season_count"":5.0,""weighted_observed_rating"":61.74}"
00-0039061,Desjuan Johnson,LA,EDGE,57.58,8.77,5,339.0,LOW,2026,2,RSM-v0.1-checkpoint1,"{""replacement_prior"":50.0,""sample_reliability"":0.2696,""season_count"":5.0,""weighted_observed_rating"":57.58}"
00-0040580,Josaiah Stewart,LA,EDGE,55.95,9.0,5,405.0,LOW,2026,2,RSM-v0.1-checkpoint1,"{""replacement_prior"":50.0,""sample_reliability"":0.2503,""season_count"":5.0,""weighted_observed_rating"":55.95}"
00-0037057,Keir Thomas,LA,EDGE,51.24,10.64,5,206.0,LOW,2026,2,RSM-v0.1-checkpoint1,"{""replacement_prior"":50.0,""sample_reliability"":0.1132,""season_count"":5.0,""weighted_observed_rating"":51.24}"
00-0041587,Daniel Rickert,LA,EDGE,50.02,11.92,5,5.0,LOW,2026,2,RSM-v0.1-checkpoint1,"{""replacement_prior"":50.0,""sample_reliability"":0.0066,""season_count"":5.0,""weighted_observed_rating"":50.02}"
00-0041421,Darryl Peterson III,LA,EDGE,50.02,11.92,5,5.0,LOW,2026,2,RSM-v0.1-checkpoint1,"{""replacement_prior"":50.0,""sample_reliability"":0.0066,""season_count"":5.0,""weighted_observed_rating"":50.02}"
00-0040971,Devean Deal,LA,EDGE,50.02,11.92,5,5.0,LOW,2026,2,RSM-v0.1-checkpoint1,"{""replacement_prior"":50.0,""sample_reliability"":0.0066,""season_count"":5.0,""weighted_observed_rating"":50.02}"
00-0041429,Eddie Walls III,LA,EDGE,50.02,11.92,5,5.0,LOW,2026,2,RSM-v0.1-checkpoint1,"{""replacement_prior"":50.0,""sample_reliability"":0.0066,""season_count"":5.0,""weighted_observed_rating"":50.02}"
00-0041404,Wesley Bailey,LA,EDGE,50.02,11.92,5,5.0,LOW,2026,2,RSM-v0.1-checkpoint1,"{""replacement_prior"":50.0,""sample_reliability"":0.0066,""season_count"":5.0,""weighted_observed_rating"":50.02}"
00-0039944,Jamie Sheriff,LA,EDGE,49.99,11.12,5,55.0,LOW,2026,2,RSM-v0.1-checkpoint1,"{""replacement_prior"":50.0,""sample_reliability"":0.073,""season_count"":5.0,""weighted_observed_rating"":49.99}"
00-0039498,Harrison Mevis,LA,K,55.67,7.0,2,53.0,MEDIUM,2026,2,RSM-v0.1-checkpoint1,"{""replacement_prior"":50.0,""sample_reliability"":0.4166,""season_count"":2.0,""weighted_observed_rating"":55.67}"
00-0037587,Nate Landman,LA,LB,63.69,5.13,5,2455.0,MEDIUM,2026,2,RSM-v0.1-checkpoint1,"{""replacement_prior"":50.0,""sample_reliability"":0.5725,""season_count"":5.0,""weighted_observed_rating"":63.69}"
00-0039774,Omar Speights,LA,LB,54.04,7.23,5,1124.0,MEDIUM,2026,2,RSM-v0.1-checkpoint1,"{""replacement_prior"":50.0,""sample_reliability"":0.3973,""season_count"":5.0,""weighted_observed_rating"":54.04}"
00-0040613,Shaun Dolac,LA,LB,51.94,10.91,5,64.0,LOW,2026,2,RSM-v0.1-checkpoint1,"{""replacement_prior"":50.0,""sample_reliability"":0.0909,""season_count"":5.0,""weighted_observed_rating"":51.94}"
00-0036672,Grant Stuard,LA,LB,51.5,9.69,5,554.0,LOW,2026,2,RSM-v0.1-checkpoint1,"{""replacement_prior"":50.0,""sample_reliability"":0.1928,""season_count"":5.0,""weighted_observed_rating"":51.5}"
00-0039775,Elias Neal,LA,LB,50.02,11.93,5,5.0,LOW,2026,2,RSM-v0.1-checkpoint1,"{""replacement_prior"":50.0,""sample_reliability"":0.0058,""season_count"":5.0,""weighted_observed_rating"":50.02}"
00-0041419,Nikhai Hill-Green,LA,LB,50.02,11.93,5,5.0,LOW,2026,2,RSM-v0.1-checkpoint1,"{""replacement_prior"":50.0,""sample_reliability"":0.0058,""season_count"":5.0,""weighted_observed_rating"":50.02}"
00-0034114,Coleman Shelton,LA,OL,65.08,4.72,5,4136.0,LOW,2026,2,RSM-v0.1-checkpoint1,"{""replacement_prior"":50.0,""sample_reliability"":0.6068,""season_count"":5.0,""weighted_observed_rating"":65.08}"
00-0036339,Kevin Dotson,LA,OL,62.15,4.86,5,4011.0,LOW,2026,2,RSM-v0.1-checkpoint1,"{""replacement_prior"":50.0,""sample_reliability"":0.5947,""season_count"":5.0,""weighted_observed_rating"":62.15}"
00-0036603,Alaric Jackson,LA,OL,61.44,4.96,5,3397.0,LOW,2026,2,RSM-v0.1-checkpoint1,"{""replacement_prior"":50.0,""sample_reliability"":0.5868,""season_count"":5.0,""weighted_observed_rating"":61.44}"
00-0039058,Steve Avila,LA,OL,58.26,5.28,4,2641.0,LOW,2026,2,RSM-v0.1-checkpoint1,"{""replacement_prior"":50.0,""sample_reliability"":0.5597,""season_count"":4.0,""weighted_observed_rating"":58.26}"
00-0039830,Dylan McMahon,LA,OL,53.5,9.32,1,66.0,LOW,2026,2,RSM-v0.1-checkpoint1,"{""replacement_prior"":50.0,""sample_reliability"":0.223,""season_count"":1.0,""weighted_observed_rating"":53.5}"
00-0039077,Warren McClendon Jr.,LA,OL,52.48,6.85,4,1091.0,LOW,2026,2,RSM-v0.1-checkpoint1,"{""replacement_prior"":50.0,""sample_reliability"":0.4293,""season_count"":4.0,""weighted_observed_rating"":52.48}"
00-0039753,Beaux Limmer,LA,OL,51.7,9.01,3,974.0,LOW,2026,2,RSM-v0.1-checkpoint1,"{""replacement_prior"":50.0,""sample_reliability"":0.2488,""season_count"":3.0,""weighted_observed_rating"":51.7}"
00-0030097,David Quessenberry,LA,OL,50.82,8.32,4,858.0,LOW,2026,2,RSM-v0.1-checkpoint1,"{""replacement_prior"":50.0,""sample_reliability"":0.3068,""season_count"":4.0,""weighted_observed_rating"":50.82}"
00-0035355,Blake Hance,LA,OL,50.35,8.53,4,377.0,LOW,2026,2,RSM-v0.1-checkpoint1,"{""replacement_prior"":50.0,""sample_reliability"":0.2893,""season_count"":4.0,""weighted_observed_rating"":50.35}"
00-0041425,Austin Blaske,LA,OL,50.0,12.0,0,0,LOW,2026,2,RSM-v0.1-checkpoint1,"{""replacement_prior"":50.0,""sample_reliability"":0.0,""season_count"":0.0,""weighted_observed_rating"":50.0}"
00-0036093,Bill Murray,LA,OL,50.0,12.0,0,0,LOW,2026,2,RSM-v0.1-checkpoint1,"{""replacement_prior"":50.0,""sample_reliability"":0.0,""season_count"":0.0,""weighted_observed_rating"":50.0}"
00-0041418,Bryce Henderson,LA,OL,50.0,12.0,0,0,LOW,2026,2,RSM-v0.1-checkpoint1,"{""replacement_prior"":50.0,""sample_reliability"":0.0,""season_count"":0.0,""weighted_observed_rating"":50.0}"
00-0041394,Keagen Trost,LA,OL,50.0,12.0,0,0,LOW,2026,2,RSM-v0.1-checkpoint1,"{""replacement_prior"":50.0,""sample_reliability"":0.0,""season_count"":0.0,""weighted_observed_rating"":50.0}"
00-0040611,Wyatt Bowles,LA,OL,50.0,12.0,0,0,LOW,2026,2,RSM-v0.1-checkpoint1,"{""replacement_prior"":50.0,""sample_reliability"":0.0,""season_count"":0.0,""weighted_observed_rating"":50.0}"
00-0039784,Justin Dedich,LA,OL,49.88,4.81,2,702.0,LOW,2026,2,RSM-v0.1-checkpoint1,"{""replacement_prior"":50.0,""sample_reliability"":0.5989,""season_count"":2.0,""weighted_observed_rating"":49.88}"
00-0039059,Ethan Evans,LA,OTHER,67.0,6.8,4,638.0,MEDIUM,2026,2,RSM-v0.1-checkpoint1,"{""replacement_prior"":50.0,""sample_reliability"":0.4333,""season_count"":4.0,""weighted_observed_rating"":67.0}"
00-0032228,Joe Cardona,LA,OTHER,52.59,7.43,5,531.0,MEDIUM,2026,2,RSM-v0.1-checkpoint1,"{""replacement_prior"":50.0,""sample_reliability"":0.3807,""season_count"":5.0,""weighted_observed_rating"":52.59}"
00-0041560,Jack Bouwmeester,LA,OTHER,50.0,12.0,0,0,LOW,2026,2,RSM-v0.1-checkpoint1,"{""replacement_prior"":50.0,""sample_reliability"":0.0,""season_count"":0.0,""weighted_observed_rating"":50.0}"
00-0026498,Matthew Stafford,LA,QB,58.92,4.59,5,2073.0,MEDIUM,2026,2,RSM-v0.1-checkpoint1,"{""replacement_prior"":50.0,""sample_reliability"":0.6176,""season_count"":5.0,""weighted_observed_rating"":58.92}"
00-0039107,Stetson Bennett,LA,QB,50.34,11.65,1,3.0,LOW,2026,2,RSM-v0.1-checkpoint1,"{""replacement_prior"":50.0,""sample_reliability"":0.0291,""season_count"":1.0,""weighted_observed_rating"":50.34}"
00-0041414,Matthew Caldwell,LA,QB,50.0,12.0,0,0,LOW,2026,2,RSM-v0.1-checkpoint1,"{""replacement_prior"":50.0,""sample_reliability"":0.0,""season_count"":0.0,""weighted_observed_rating"":50.0}"
00-0041568,Ty Simpson,LA,QB,50.0,12.0,0,0,LOW,2026,2,RSM-v0.1-checkpoint1,"{""replacement_prior"":50.0,""sample_reliability"":0.0,""season_count"":0.0,""weighted_observed_rating"":50.0}"
00-0037840,Kyren Williams,LA,RB,59.13,5.04,5,1002.0,MEDIUM,2026,2,RSM-v0.1-checkpoint1,"{""replacement_prior"":50.0,""sample_reliability"":0.5801,""season_count"":5.0,""weighted_observed_rating"":59.13}"
00-0039738,Blake Corum,LA,RB,56.8,6.9,3,235.0,MEDIUM,2026,2,RSM-v0.1-checkpoint1,"{""replacement_prior"":50.0,""sample_reliability"":0.4254,""season_count"":3.0,""weighted_observed_rating"":56.8}"
00-0037557,Ronnie Rivers,LA,RB,52.15,9.78,5,94.0,LOW,2026,2,RSM-v0.1-checkpoint1,"{""replacement_prior"":50.0,""sample_reliability"":0.1852,""season_count"":5.0,""weighted_observed_rating"":52.15}"
00-0041415,Dean Connors,LA,RB,50.0,12.0,0,0,LOW,2026,2,RSM-v0.1-checkpoint1,"{""replacement_prior"":50.0,""sample_reliability"":0.0,""season_count"":0.0,""weighted_observed_rating"":50.0}"
00-0040601,Jordan Waters,LA,RB,50.0,12.0,0,0,LOW,2026,2,RSM-v0.1-checkpoint1,"{""replacement_prior"":50.0,""sample_reliability"":0.0,""season_count"":0.0,""weighted_observed_rating"":50.0}"
00-0037841,Quentin Lake,LA,S,65.52,5.23,5,2285.0,MEDIUM,2026,2,RSM-v0.1-checkpoint1,"{""replacement_prior"":50.0,""sample_reliability"":0.5638,""season_count"":5.0,""weighted_observed_rating"":65.52}"
00-0036349,Kam Curl,LA,S,60.83,4.78,5,3939.0,MEDIUM,2026,2,RSM-v0.1-checkpoint1,"{""replacement_prior"":50.0,""sample_reliability"":0.6016,""season_count"":5.0,""weighted_observed_rating"":60.83}"
00-0039776,Jaylen McCollough,LA,S,59.43,7.44,5,886.0,MEDIUM,2026,2,RSM-v0.1-checkpoint1,"{""replacement_prior"":50.0,""sample_reliability"":0.3801,""season_count"":5.0,""weighted_observed_rating"":59.43}"
00-0039834,Kamren Kinchens,LA,S,58.1,6.78,5,1410.0,MEDIUM,2026,2,RSM-v0.1-checkpoint1,"{""replacement_prior"":50.0,""sample_reliability"":0.4353,""season_count"":5.0,""weighted_observed_rating"":58.1}"
00-0038475,Alex Cook,LA,S,50.19,11.28,5,159.0,LOW,2026,2,RSM-v0.1-checkpoint1,"{""replacement_prior"":50.0,""sample_reliability"":0.0604,""season_count"":5.0,""weighted_observed_rating"":50.19}"
00-0038366,Tanner Ingle,LA,S,50.05,11.9,5,7.0,LOW,2026,2,RSM-v0.1-checkpoint1,"{""replacement_prior"":50.0,""sample_reliability"":0.0085,""season_count"":5.0,""weighted_observed_rating"":50.05}"
00-0040600,Nate Valcarcel,LA,S,50.02,11.93,5,5.0,LOW,2026,2,RSM-v0.1-checkpoint1,"{""replacement_prior"":50.0,""sample_reliability"":0.0055,""season_count"":5.0,""weighted_observed_rating"":50.02}"
00-0041413,Nick Andersen,LA,S,50.02,11.93,5,5.0,LOW,2026,2,RSM-v0.1-checkpoint1,"{""replacement_prior"":50.0,""sample_reliability"":0.0055,""season_count"":5.0,""weighted_observed_rating"":50.02}"
00-0036244,Colby Parkinson,LA,TE,57.95,4.84,5,368.2,MEDIUM,2026,2,RSM-v0.1-checkpoint1,"{""replacement_prior"":50.0,""sample_reliability"":0.597,""season_count"":5.0,""weighted_observed_rating"":57.95}"
00-0033110,Tyler Higbee,LA,TE,56.64,6.64,5,367.3,MEDIUM,2026,2,RSM-v0.1-checkpoint1,"{""replacement_prior"":50.0,""sample_reliability"":0.4465,""season_count"":5.0,""weighted_observed_rating"":56.64}"
00-0040737,Terrance Ferguson,LA,TE,55.9,7.16,2,64.5,MEDIUM,2026,2,RSM-v0.1-checkpoint1,"{""replacement_prior"":50.0,""sample_reliability"":0.4031,""season_count"":2.0,""weighted_observed_rating"":55.9}"
00-0039074,Davis Allen,LA,TE,55.85,6.18,4,184.5,MEDIUM,2026,2,RSM-v0.1-checkpoint1,"{""replacement_prior"":50.0,""sample_reliability"":0.4852,""season_count"":4.0,""weighted_observed_rating"":55.85}"
00-0041422,Dan Villari,LA,TE,50.0,12.0,0,0,LOW,2026,2,RSM-v0.1-checkpoint1,"{""replacement_prior"":50.0,""sample_reliability"":0.0,""season_count"":0.0,""weighted_observed_rating"":50.0}"
00-0041510,Max Klare,LA,TE,50.0,12.0,0,0,LOW,2026,2,RSM-v0.1-checkpoint1,"{""replacement_prior"":50.0,""sample_reliability"":0.0,""season_count"":0.0,""weighted_observed_rating"":50.0}"
00-0041403,Rohan Jones,LA,TE,50.0,12.0,0,0,LOW,2026,2,RSM-v0.1-checkpoint1,"{""replacement_prior"":50.0,""sample_reliability"":0.0,""season_count"":0.0,""weighted_observed_rating"":50.0}"
00-0039075,Puka Nacua,LA,WR,60.67,5.1,4,447.7,MEDIUM,2026,2,RSM-v0.1-checkpoint1,"{""replacement_prior"":50.0,""sample_reliability"":0.5751,""season_count"":4.0,""weighted_observed_rating"":60.67}"
00-0036849,Tutu Atwell,LA,WR,59.0,4.85,4,267.8,MEDIUM,2026,2,RSM-v0.1-checkpoint1,"{""replacement_prior"":50.0,""sample_reliability"":0.5956,""season_count"":4.0,""weighted_observed_rating"":59.0}"
00-0031381,Davante Adams,LA,WR,56.77,5.17,5,616.0,MEDIUM,2026,2,RSM-v0.1-checkpoint1,"{""replacement_prior"":50.0,""sample_reliability"":0.569,""season_count"":5.0,""weighted_observed_rating"":56.77}"
00-0038359,Xavier Smith,LA,WR,54.61,9.13,3,47.0,LOW,2026,2,RSM-v0.1-checkpoint1,"{""replacement_prior"":50.0,""sample_reliability"":0.239,""season_count"":3.0,""weighted_observed_rating"":54.61}"
00-0039751,Jordan Whittington,LA,WR,54.43,7.16,3,124.3,MEDIUM,2026,2,RSM-v0.1-checkpoint1,"{""replacement_prior"":50.0,""sample_reliability"":0.4037,""season_count"":3.0,""weighted_observed_rating"":54.43}"
00-0035602,Alex Bachman,LA,WR,52.44,9.43,2,20.0,LOW,2026,2,RSM-v0.1-checkpoint1,"{""replacement_prior"":50.0,""sample_reliability"":0.2146,""season_count"":2.0,""weighted_observed_rating"":52.44}"
00-0038941,Tyler Scott,LA,WR,50.03,8.13,2,76.5,LOW,2026,2,RSM-v0.1-checkpoint1,"{""replacement_prior"":50.0,""sample_reliability"":0.3227,""season_count"":2.0,""weighted_observed_rating"":50.03}"
00-0040597,Brennan Presley,LA,WR,50.0,12.0,0,0,LOW,2026,2,RSM-v0.1-checkpoint1,"{""replacement_prior"":50.0,""sample_reliability"":0.0,""season_count"":0.0,""weighted_observed_rating"":50.0}"
00-0041399,CJ Daniels,LA,WR,50.0,12.0,0,0,LOW,2026,2,RSM-v0.1-checkpoint1,"{""replacement_prior"":50.0,""sample_reliability"":0.0,""season_count"":0.0,""weighted_observed_rating"":50.0}"
00-0040609,Tru Edwards,LA,WR,50.0,12.0,0,0,LOW,2026,2,RSM-v0.1-checkpoint1,"{""replacement_prior"":50.0,""sample_reliability"":0.0,""season_count"":0.0,""weighted_observed_rating"":50.0}"
00-0040590,Konata Mumpfield,LA,WR,49.66,8.17,2,65.2,LOW,2026,2,RSM-v0.1-checkpoint1,"{""replacement_prior"":50.0,""sample_reliability"":0.3191,""season_count"":2.0,""weighted_observed_rating"":49.66}"
00-0034356,Donte Jackson,LAC,CB,58.42,5.85,5,2720.0,MEDIUM,2026,2,RSM-v0.1-checkpoint1,"{""replacement_prior"":50.0,""sample_reliability"":0.5123,""season_count"":5.0,""weighted_observed_rating"":58.42}"
00-0039369,Cam Hart,LAC,CB,58.03,7.89,5,1100.0,LOW,2026,2,RSM-v0.1-checkpoint1,"{""replacement_prior"":50.0,""sample_reliability"":0.3429,""season_count"":5.0,""weighted_observed_rating"":58.03}"
00-0039366,Tarheeb Still,LAC,CB,57.92,7.58,5,1558.0,MEDIUM,2026,2,RSM-v0.1-checkpoint1,"{""replacement_prior"":50.0,""sample_reliability"":0.3683,""season_count"":5.0,""weighted_observed_rating"":57.92}"
00-0037242,Kaiir Elam,LAC,CB,54.31,6.82,5,1478.0,MEDIUM,2026,2,RSM-v0.1-checkpoint1,"{""replacement_prior"":50.0,""sample_reliability"":0.4314,""season_count"":5.0,""weighted_observed_rating"":54.31}"
00-0037320,Deane Leonard,LAC,CB,53.72,10.01,5,334.0,LOW,2026,2,RSM-v0.1-checkpoint1,"{""replacement_prior"":50.0,""sample_reliability"":0.1659,""season_count"":5.0,""weighted_observed_rating"":53.72}"
00-0040471,Nikko Reed,LAC,CB,50.66,11.25,5,54.0,LOW,2026,2,RSM-v0.1-checkpoint1,"{""replacement_prior"":50.0,""sample_reliability"":0.0627,""season_count"":5.0,""weighted_observed_rating"":50.66}"
00-0040468,Eric Rogers,LAC,CB,50.02,11.93,5,5.0,LOW,2026,2,RSM-v0.1-checkpoint1,"{""replacement_prior"":50.0,""sample_reliability"":0.0055,""season_count"":5.0,""weighted_observed_rating"":50.02}"
00-0040065,Isas Waxter,LAC,CB,50.02,11.93,5,5.0,LOW,2026,2,RSM-v0.1-checkpoint1,"{""replacement_prior"":50.0,""sample_reliability"":0.0055,""season_count"":5.0,""weighted_observed_rating"":50.02}"
00-0040473,Myles Purchase,LAC,CB,50.02,11.93,5,5.0,LOW,2026,2,RSM-v0.1-checkpoint1,"{""replacement_prior"":50.0,""sample_reliability"":0.0055,""season_count"":5.0,""weighted_observed_rating"":50.02}"
00-0041381,Rodney Shelley,LAC,CB,50.02,11.93,5,5.0,LOW,2026,2,RSM-v0.1-checkpoint1,"{""replacement_prior"":50.0,""sample_reliability"":0.0055,""season_count"":5.0,""weighted_observed_rating"":50.02}"
00-0036181,Teair Tart,LAC,DL,62.03,6.39,5,1744.0,MEDIUM,2026,2,RSM-v0.1-checkpoint1,"{""replacement_prior"":50.0,""sample_reliability"":0.4673,""season_count"":5.0,""weighted_observed_rating"":62.03}"
00-0033546,Dalvin Tomlinson,LAC,DL,58.93,5.94,5,2340.0,MEDIUM,2026,2,RSM-v0.1-checkpoint1,"{""replacement_prior"":50.0,""sample_reliability"":0.5049,""season_count"":5.0,""weighted_observed_rating"":58.93}"
00-0040144,Jamaree Caldwell,LAC,DL,53.61,9.55,5,490.0,LOW,2026,2,RSM-v0.1-checkpoint1,"{""replacement_prior"":50.0,""sample_reliability"":0.2043,""season_count"":5.0,""weighted_observed_rating"":53.61}"
00-0039743,Jordan Jefferson,LAC,DL,51.7,10.53,5,179.0,LOW,2026,2,RSM-v0.1-checkpoint1,"{""replacement_prior"":50.0,""sample_reliability"":0.1225,""season_count"":5.0,""weighted_observed_rating"":51.7}"
00-0041378,Jacobian Guillory,LAC,DL,50.02,11.93,5,5.0,LOW,2026,2,RSM-v0.1-checkpoint1,"{""replacement_prior"":50.0,""sample_reliability"":0.0058,""season_count"":5.0,""weighted_observed_rating"":50.02}"
00-0041375,Jahmeer Carter,LAC,DL,50.02,11.93,5,5.0,LOW,2026,2,RSM-v0.1-checkpoint1,"{""replacement_prior"":50.0,""sample_reliability"":0.0058,""season_count"":5.0,""weighted_observed_rating"":50.02}"
00-0041072,Nick Barrett,LAC,DL,50.02,11.93,5,5.0,LOW,2026,2,RSM-v0.1-checkpoint1,"{""replacement_prior"":50.0,""sample_reliability"":0.0058,""season_count"":5.0,""weighted_observed_rating"":50.02}"
00-0041386,Terry Webb,LAC,DL,50.02,11.93,5,5.0,LOW,2026,2,RSM-v0.1-checkpoint1,"{""replacement_prior"":50.0,""sample_reliability"":0.0058,""season_count"":5.0,""weighted_observed_rating"":50.02}"
00-0031040,Khalil Mack,LAC,EDGE,66.28,5.78,5,2836.0,MEDIUM,2026,2,RSM-v0.1-checkpoint1,"{""replacement_prior"":50.0,""sample_reliability"":0.518,""season_count"":5.0,""weighted_observed_rating"":66.28}"
00-0039111,Tuli Tuipulotu,LAC,EDGE,63.4,6.26,5,2319.0,MEDIUM,2026,2,RSM-v0.1-checkpoint1,"{""replacement_prior"":50.0,""sample_reliability"":0.4784,""season_count"":5.0,""weighted_observed_rating"":63.4}"
00-0032146,Bud Dupree,LAC,EDGE,58.6,6.02,5,2114.0,MEDIUM,2026,2,RSM-v0.1-checkpoint1,"{""replacement_prior"":50.0,""sample_reliability"":0.498,""season_count"":5.0,""weighted_observed_rating"":58.6}"
00-0039835,Justin Eboigbe,LAC,EDGE,54.98,9.27,5,435.0,LOW,2026,2,RSM-v0.1-checkpoint1,"{""replacement_prior"":50.0,""sample_reliability"":0.2274,""season_count"":5.0,""weighted_observed_rating"":54.98}"
00-0039346,Junior Colson,LAC,EDGE,50.88,10.66,5,222.0,LOW,2026,2,RSM-v0.1-checkpoint1,"{""replacement_prior"":50.0,""sample_reliability"":0.1121,""season_count"":5.0,""weighted_observed_rating"":50.88}"
00-0038851,Caleb Murphy,LAC,EDGE,50.74,10.04,5,169.0,LOW,2026,2,RSM-v0.1-checkpoint1,"{""replacement_prior"":50.0,""sample_reliability"":0.1632,""season_count"":5.0,""weighted_observed_rating"":50.74}"
00-0038801,Andre Carter II,LAC,EDGE,50.71,11.29,5,87.0,LOW,2026,2,RSM-v0.1-checkpoint1,"{""replacement_prior"":50.0,""sample_reliability"":0.0594,""season_count"":5.0,""weighted_observed_rating"":50.71}"
00-0041544,Akheem Mesidor,LAC,EDGE,50.02,11.92,5,5.0,LOW,2026,2,RSM-v0.1-checkpoint1,"{""replacement_prior"":50.0,""sample_reliability"":0.0066,""season_count"":5.0,""weighted_observed_rating"":50.02}"
00-0040161,Kyle Kennard,LAC,EDGE,49.95,10.82,5,84.0,LOW,2026,2,RSM-v0.1-checkpoint1,"{""replacement_prior"":50.0,""sample_reliability"":0.0987,""season_count"":5.0,""weighted_observed_rating"":49.95}"
00-0037224,Cameron Dicker,LAC,K,66.74,1.5,4,268.0,HIGH,2026,2,RSM-v0.1-checkpoint1,"{""replacement_prior"":50.0,""sample_reliability"":0.8746,""season_count"":4.0,""weighted_observed_rating"":66.74}"
00-0032103,Denzel Perryman,LAC,LB,59.65,6.63,5,1766.0,MEDIUM,2026,2,RSM-v0.1-checkpoint1,"{""replacement_prior"":50.0,""sample_reliability"":0.4477,""season_count"":5.0,""weighted_observed_rating"":59.65}"
00-0036338,Troy Dye,LAC,LB,59.43,7.43,5,942.0,MEDIUM,2026,2,RSM-v0.1-checkpoint1,"{""replacement_prior"":50.0,""sample_reliability"":0.3806,""season_count"":5.0,""weighted_observed_rating"":59.43}"
00-0038553,Daiyan Henley,LAC,LB,58.36,7.04,5,1979.0,MEDIUM,2026,2,RSM-v0.1-checkpoint1,"{""replacement_prior"":50.0,""sample_reliability"":0.413,""season_count"":5.0,""weighted_observed_rating"":58.36}"
00-0035202,Del'Shawn Phillips,LAC,LB,55.42,10.15,5,192.0,LOW,2026,2,RSM-v0.1-checkpoint1,"{""replacement_prior"":50.0,""sample_reliability"":0.1538,""season_count"":5.0,""weighted_observed_rating"":55.42}"
00-0040460,Marlowe Wax,LAC,LB,50.79,11.34,5,43.0,LOW,2026,2,RSM-v0.1-checkpoint1,"{""replacement_prior"":50.0,""sample_reliability"":0.0547,""season_count"":5.0,""weighted_observed_rating"":50.79}"
00-0039526,Emany Johnson,LAC,LB,50.02,11.93,5,5.0,LOW,2026,2,RSM-v0.1-checkpoint1,"{""replacement_prior"":50.0,""sample_reliability"":0.0058,""season_count"":5.0,""weighted_observed_rating"":50.02}"
00-0041372,Lander Barton,LAC,LB,50.02,11.93,5,5.0,LOW,2026,2,RSM-v0.1-checkpoint1,"{""replacement_prior"":50.0,""sample_reliability"":0.0058,""season_count"":5.0,""weighted_observed_rating"":50.02}"
00-0036376,Tyler Biadasz,LAC,OL,67.09,2.29,4,3994.0,LOW,2026,2,RSM-v0.1-checkpoint1,"{""replacement_prior"":50.0,""sample_reliability"":0.8096,""season_count"":4.0,""weighted_observed_rating"":67.09}"
00-0035688,Trey Pipkins,LAC,OL,65.13,2.77,4,3462.0,LOW,2026,2,RSM-v0.1-checkpoint1,"{""replacement_prior"":50.0,""sample_reliability"":0.7695,""season_count"":4.0,""weighted_observed_rating"":65.13}"
00-0037009,Rashawn Slater,LAC,OL,63.27,3.22,3,2237.0,LOW,2026,2,RSM-v0.1-checkpoint1,"{""replacement_prior"":50.0,""sample_reliability"":0.732,""season_count"":3.0,""weighted_observed_rating"":63.27}"
00-0038103,Cole Strange,LAC,OL,59.2,4.23,4,2472.0,LOW,2026,2,RSM-v0.1-checkpoint1,"{""replacement_prior"":50.0,""sample_reliability"":0.6475,""season_count"":4.0,""weighted_observed_rating"":59.2}"
00-0039897,Joe Alt,LAC,OL,59.08,3.94,2,1324.0,LOW,2026,2,RSM-v0.1-checkpoint1,"{""replacement_prior"":50.0,""sample_reliability"":0.6717,""season_count"":2.0,""weighted_observed_rating"":59.08}"
00-0037241,Trevor Penning,LAC,OL,56.89,3.8,4,2174.0,LOW,2026,2,RSM-v0.1-checkpoint1,"{""replacement_prior"":50.0,""sample_reliability"":0.6835,""season_count"":4.0,""weighted_observed_rating"":56.89}"
00-0040212,Branson Taylor,LAC,OL,53.9,9.17,1,71.0,LOW,2026,2,RSM-v0.1-checkpoint1,"{""replacement_prior"":50.0,""sample_reliability"":0.2359,""season_count"":1.0,""weighted_observed_rating"":53.9}"
00-0041107,Alex Harkey,LAC,OL,50.0,12.0,0,0,LOW,2026,2,RSM-v0.1-checkpoint1,"{""replacement_prior"":50.0,""sample_reliability"":0.0,""season_count"":0.0,""weighted_observed_rating"":50.0}"
00-0041387,Isaiah World,LAC,OL,50.0,12.0,0,0,LOW,2026,2,RSM-v0.1-checkpoint1,"{""replacement_prior"":50.0,""sample_reliability"":0.0,""season_count"":0.0,""weighted_observed_rating"":50.0}"
00-0041383,Jacob Spomer,LAC,OL,50.0,12.0,0,0,LOW,2026,2,RSM-v0.1-checkpoint1,"{""replacement_prior"":50.0,""sample_reliability"":0.0,""season_count"":0.0,""weighted_observed_rating"":50.0}"
00-0041392,Jake Slaughter,LAC,OL,50.0,12.0,0,0,LOW,2026,2,RSM-v0.1-checkpoint1,"{""replacement_prior"":50.0,""sample_reliability"":0.0,""season_count"":0.0,""weighted_observed_rating"":50.0}"
00-0040467,Josh Kaltenberger,LAC,OL,50.0,12.0,0,0,LOW,2026,2,RSM-v0.1-checkpoint1,"{""replacement_prior"":50.0,""sample_reliability"":0.0,""season_count"":0.0,""weighted_observed_rating"":50.0}"
00-0039932,Laekin Vakalahi,LAC,OL,50.0,12.0,0,0,LOW,2026,2,RSM-v0.1-checkpoint1,"{""replacement_prior"":50.0,""sample_reliability"":0.0,""season_count"":0.0,""weighted_observed_rating"":50.0}"
00-0041105,Logan Taylor,LAC,OL,50.0,12.0,0,0,LOW,2026,2,RSM-v0.1-checkpoint1,"{""replacement_prior"":50.0,""sample_reliability"":0.0,""season_count"":0.0,""weighted_observed_rating"":50.0}"
00-0041058,Travis Burke,LAC,OL,50.0,12.0,0,0,LOW,2026,2,RSM-v0.1-checkpoint1,"{""replacement_prior"":50.0,""sample_reliability"":0.0,""season_count"":0.0,""weighted_observed_rating"":50.0}"
00-0036736,Kayode Awosika,LAC,OL,49.81,6.19,4,840.0,LOW,2026,2,RSM-v0.1-checkpoint1,"{""replacement_prior"":50.0,""sample_reliability"":0.4843,""season_count"":4.0,""weighted_observed_rating"":49.81}"
00-0034162,J.K. Scott,LAC,OTHER,58.45,4.87,4,593.0,MEDIUM,2026,2,RSM-v0.1-checkpoint1,"{""replacement_prior"":50.0,""sample_reliability"":0.5945,""season_count"":4.0,""weighted_observed_rating"":58.45}"
00-0028845,Josh Harris,LAC,OTHER,51.4,5.73,4,515.0,MEDIUM,2026,2,RSM-v0.1-checkpoint1,"{""replacement_prior"":50.0,""sample_reliability"":0.5221,""season_count"":4.0,""weighted_observed_rating"":51.4}"
00-0039268,Peter Bowden,LAC,OTHER,50.0,12.0,0,0,LOW,2026,2,RSM-v0.1-checkpoint1,"{""replacement_prior"":50.0,""sample_reliability"":0.0,""season_count"":0.0,""weighted_observed_rating"":50.0}"
00-0036355,Justin Herbert,LAC,QB,62.41,1.82,4,2333.0,HIGH,2026,2,RSM-v0.1-checkpoint1,"{""replacement_prior"":50.0,""sample_reliability"":0.8484,""season_count"":4.0,""weighted_observed_rating"":62.41}"
00-0040464,DJ Uiagalelei,LAC,QB,50.0,12.0,0,0,LOW,2026,2,RSM-v0.1-checkpoint1,"{""replacement_prior"":50.0,""sample_reliability"":0.0,""season_count"":0.0,""weighted_observed_rating"":50.0}"
00-0037012,Trey Lance,LAC,QB,48.11,7.92,3,141.0,LOW,2026,2,RSM-v0.1-checkpoint1,"{""replacement_prior"":50.0,""sample_reliability"":0.3398,""season_count"":3.0,""weighted_observed_rating"":48.11}"
00-0040666,Omarion Hampton,LAC,RB,60.75,3.29,1,159.0,MEDIUM,2026,2,RSM-v0.1-checkpoint1,"{""replacement_prior"":50.0,""sample_reliability"":0.726,""season_count"":1.0,""weighted_observed_rating"":60.75}"
00-0038454,Keaton Mitchell,LAC,RB,58.59,6.88,3,145.0,MEDIUM,2026,2,RSM-v0.1-checkpoint1,"{""replacement_prior"":50.0,""sample_reliability"":0.4267,""season_count"":3.0,""weighted_observed_rating"":58.59}"
00-0039391,Kimani Vidal,LAC,RB,56.71,4.39,2,229.0,MEDIUM,2026,2,RSM-v0.1-checkpoint1,"{""replacement_prior"":50.0,""sample_reliability"":0.6338,""season_count"":2.0,""weighted_observed_rating"":56.71}"
00-0035125,Alec Ingold,LAC,RB,51.85,9.23,4,82.0,LOW,2026,2,RSM-v0.1-checkpoint1,"{""replacement_prior"":50.0,""sample_reliability"":0.231,""season_count"":4.0,""weighted_observed_rating"":51.85}"
00-0040039,Amar Johnson,LAC,RB,50.07,11.43,1,3.0,LOW,2026,2,RSM-v0.1-checkpoint1,"{""replacement_prior"":50.0,""sample_reliability"":0.0476,""season_count"":1.0,""weighted_observed_rating"":50.07}"
00-0041376,Gregory Desrosiers,LAC,RB,50.0,12.0,0,0,LOW,2026,2,RSM-v0.1-checkpoint1,"{""replacement_prior"":50.0,""sample_reliability"":0.0,""season_count"":0.0,""weighted_observed_rating"":50.0}"
00-0038614,Scott Matlock,LAC,RB,49.81,11.18,2,9.0,LOW,2026,2,RSM-v0.1-checkpoint1,"{""replacement_prior"":50.0,""sample_reliability"":0.0683,""season_count"":2.0,""weighted_observed_rating"":49.81}"
00-0034790,Derwin James,LAC,S,70.67,5.44,5,3716.0,MEDIUM,2026,2,RSM-v0.1-checkpoint1,"{""replacement_prior"":50.0,""sample_reliability"":0.5464,""season_count"":5.0,""weighted_observed_rating"":70.67}"
00-0030294,Tony Jefferson,LAC,S,57.66,7.94,5,880.0,LOW,2026,2,RSM-v0.1-checkpoint1,"{""replacement_prior"":50.0,""sample_reliability"":0.338,""season_count"":5.0,""weighted_observed_rating"":57.66}"
00-0036992,Elijah Molden,LAC,S,55.02,6.35,5,2084.0,MEDIUM,2026,2,RSM-v0.1-checkpoint1,"{""replacement_prior"":50.0,""sample_reliability"":0.4705,""season_count"":5.0,""weighted_observed_rating"":55.02}"
00-0040221,R.J. Mickens,LAC,S,52.66,9.86,5,332.0,LOW,2026,2,RSM-v0.1-checkpoint1,"{""replacement_prior"":50.0,""sample_reliability"":0.1784,""season_count"":5.0,""weighted_observed_rating"":52.66}"
00-0038414,Kendall Williamson,LAC,S,50.25,11.33,5,49.0,LOW,2026,2,RSM-v0.1-checkpoint1,"{""replacement_prior"":50.0,""sample_reliability"":0.0554,""season_count"":5.0,""weighted_observed_rating"":50.25}"
00-0041377,Devin Grant,LAC,S,50.02,11.93,5,5.0,LOW,2026,2,RSM-v0.1-checkpoint1,"{""replacement_prior"":50.0,""sample_reliability"":0.0055,""season_count"":5.0,""weighted_observed_rating"":50.02}"
00-0041064,Genesis Smith,LAC,S,50.02,11.93,5,5.0,LOW,2026,2,RSM-v0.1-checkpoint1,"{""replacement_prior"":50.0,""sample_reliability"":0.0055,""season_count"":5.0,""weighted_observed_rating"":50.02}"
00-0041371,Noah Avinger,LAC,S,50.02,11.93,5,5.0,LOW,2026,2,RSM-v0.1-checkpoint1,"{""replacement_prior"":50.0,""sample_reliability"":0.0055,""season_count"":5.0,""weighted_observed_rating"":50.02}"
00-0040189,Oronde Gadsden II,LAC,TE,66.61,2.32,1,104.5,MEDIUM,2026,2,RSM-v0.1-checkpoint1,"{""replacement_prior"":50.0,""sample_reliability"":0.8069,""season_count"":1.0,""weighted_observed_rating"":66.61}"
00-0038046,Charlie Kolar,LAC,TE,64.85,4.66,4,153.2,MEDIUM,2026,2,RSM-v0.1-checkpoint1,"{""replacement_prior"":50.0,""sample_reliability"":0.6114,""season_count"":4.0,""weighted_observed_rating"":64.85}"
00-0033885,David Njoku,LAC,TE,57.74,2.33,4,481.7,HIGH,2026,2,RSM-v0.1-checkpoint1,"{""replacement_prior"":50.0,""sample_reliability"":0.8061,""season_count"":4.0,""weighted_observed_rating"":57.74}"
00-0041384,Evan Svoboda,LAC,TE,50.0,12.0,0,0,LOW,2026,2,RSM-v0.1-checkpoint1,"{""replacement_prior"":50.0,""sample_reliability"":0.0,""season_count"":0.0,""weighted_observed_rating"":50.0}"
00-0041452,Johnny Pascuzzi,LAC,TE,50.0,12.0,0,0,LOW,2026,2,RSM-v0.1-checkpoint1,"{""replacement_prior"":50.0,""sample_reliability"":0.0,""season_count"":0.0,""weighted_observed_rating"":50.0}"
00-0040331,Patrick Herbert,LAC,TE,50.0,12.0,0,0,LOW,2026,2,RSM-v0.1-checkpoint1,"{""replacement_prior"":50.0,""sample_reliability"":0.0,""season_count"":0.0,""weighted_observed_rating"":50.0}"
00-0039915,Ladd McConkey,LAC,WR,60.24,2.51,2,262.0,HIGH,2026,2,RSM-v0.1-checkpoint1,"{""replacement_prior"":50.0,""sample_reliability"":0.7908,""season_count"":2.0,""weighted_observed_rating"":60.24}"
00-0038544,Quentin Johnston,LAC,WR,60.17,2.75,3,354.5,HIGH,2026,2,RSM-v0.1-checkpoint1,"{""replacement_prior"":50.0,""sample_reliability"":0.7707,""season_count"":3.0,""weighted_observed_rating"":60.17}"
00-0040727,Tre Harris,LAC,WR,58.58,3.29,1,92.5,MEDIUM,2026,2,RSM-v0.1-checkpoint1,"{""replacement_prior"":50.0,""sample_reliability"":0.7255,""season_count"":1.0,""weighted_observed_rating"":58.58}"
00-0040311,Theo Wease Jr.,LAC,WR,55.21,9.33,1,10.0,LOW,2026,2,RSM-v0.1-checkpoint1,"{""replacement_prior"":50.0,""sample_reliability"":0.2222,""season_count"":1.0,""weighted_observed_rating"":55.21}"
00-0041550,Brenen Thompson,LAC,WR,50.0,12.0,0,0,LOW,2026,2,RSM-v0.1-checkpoint1,"{""replacement_prior"":50.0,""sample_reliability"":0.0,""season_count"":0.0,""weighted_observed_rating"":50.0}"
00-0041380,Devonte Ross,LAC,WR,50.0,12.0,0,0,LOW,2026,2,RSM-v0.1-checkpoint1,"{""replacement_prior"":50.0,""sample_reliability"":0.0,""season_count"":0.0,""weighted_observed_rating"":50.0}"
00-0035589,Gary Jennings,LAC,WR,50.0,12.0,0,0,LOW,2026,2,RSM-v0.1-checkpoint1,"{""replacement_prior"":50.0,""sample_reliability"":0.0,""season_count"":0.0,""weighted_observed_rating"":50.0}"
00-0039722,JaQuae Jackson,LAC,WR,50.0,12.0,0,0,LOW,2026,2,RSM-v0.1-checkpoint1,"{""replacement_prior"":50.0,""sample_reliability"":0.0,""season_count"":0.0,""weighted_observed_rating"":50.0}"
00-0041373,Jerand Bradley,LAC,WR,50.0,12.0,0,0,LOW,2026,2,RSM-v0.1-checkpoint1,"{""replacement_prior"":50.0,""sample_reliability"":0.0,""season_count"":0.0,""weighted_observed_rating"":50.0}"
00-0041571,Liam Clifford,LAC,WR,50.0,12.0,0,0,LOW,2026,2,RSM-v0.1-checkpoint1,"{""replacement_prior"":50.0,""sample_reliability"":0.0,""season_count"":0.0,""weighted_observed_rating"":50.0}"
00-0041374,Sincere Brown,LAC,WR,50.0,12.0,0,0,LOW,2026,2,RSM-v0.1-checkpoint1,"{""replacement_prior"":50.0,""sample_reliability"":0.0,""season_count"":0.0,""weighted_observed_rating"":50.0}"
00-0038573,Derius Davis,LAC,WR,49.95,7.76,3,63.5,MEDIUM,2026,2,RSM-v0.1-checkpoint1,"{""replacement_prior"":50.0,""sample_reliability"":0.3533,""season_count"":3.0,""weighted_observed_rating"":49.95}"
00-0040184,KeAndre Lambert-Smith,LAC,WR,49.77,7.57,1,20.5,MEDIUM,2026,2,RSM-v0.1-checkpoint1,"{""replacement_prior"":50.0,""sample_reliability"":0.3694,""season_count"":1.0,""weighted_observed_rating"":49.77}"
00-0040629,Dalevon Campbell,LAC,WR,49.75,11.51,1,1.5,LOW,2026,2,RSM-v0.1-checkpoint1,"{""replacement_prior"":50.0,""sample_reliability"":0.0411,""season_count"":1.0,""weighted_observed_rating"":49.75}"
00-0034376,Taron Johnson,LV,CB,60.91,5.8,5,3141.0,MEDIUM,2026,2,RSM-v0.1-checkpoint1,"{""replacement_prior"":50.0,""sample_reliability"":0.5163,""season_count"":5.0,""weighted_observed_rating"":60.91}"
00-0036901,Eric Stokes,LV,CB,52.78,6.32,5,2213.0,MEDIUM,2026,2,RSM-v0.1-checkpoint1,"{""replacement_prior"":50.0,""sample_reliability"":0.4734,""season_count"":5.0,""weighted_observed_rating"":52.78}"
00-0040489,Greedy Vance,LV,CB,51.86,10.86,5,96.0,LOW,2026,2,RSM-v0.1-checkpoint1,"{""replacement_prior"":50.0,""sample_reliability"":0.0954,""season_count"":5.0,""weighted_observed_rating"":51.86}"
00-0038594,Darrell Luter Jr.,LV,CB,51.57,9.61,5,340.0,LOW,2026,2,RSM-v0.1-checkpoint1,"{""replacement_prior"":50.0,""sample_reliability"":0.199,""season_count"":5.0,""weighted_observed_rating"":51.57}"
00-0040641,Darien Porter,LV,CB,50.93,9.45,5,610.0,LOW,2026,2,RSM-v0.1-checkpoint1,"{""replacement_prior"":50.0,""sample_reliability"":0.2122,""season_count"":5.0,""weighted_observed_rating"":50.93}"
00-0039676,Chigozie Anusiem,LV,CB,50.1,11.34,5,46.0,LOW,2026,2,RSM-v0.1-checkpoint1,"{""replacement_prior"":50.0,""sample_reliability"":0.0547,""season_count"":5.0,""weighted_observed_rating"":50.1}"
00-0041002,Caleb Offord,LV,CB,50.02,11.93,5,5.0,LOW,2026,2,RSM-v0.1-checkpoint1,"{""replacement_prior"":50.0,""sample_reliability"":0.0055,""season_count"":5.0,""weighted_observed_rating"":50.02}"
00-0041018,Devyn Perkins,LV,CB,50.02,11.93,5,5.0,LOW,2026,2,RSM-v0.1-checkpoint1,"{""replacement_prior"":50.0,""sample_reliability"":0.0055,""season_count"":5.0,""weighted_observed_rating"":50.02}"
00-0040889,Hezekiah Masses,LV,CB,50.02,11.93,5,5.0,LOW,2026,2,RSM-v0.1-checkpoint1,"{""replacement_prior"":50.0,""sample_reliability"":0.0055,""season_count"":5.0,""weighted_observed_rating"":50.02}"
00-0041563,Jermod McCoy,LV,CB,50.02,11.93,5,5.0,LOW,2026,2,RSM-v0.1-checkpoint1,"{""replacement_prior"":50.0,""sample_reliability"":0.0055,""season_count"":5.0,""weighted_observed_rating"":50.02}"
00-0033381,Adam Butler,LV,DL,59.51,6.48,5,2071.0,MEDIUM,2026,2,RSM-v0.1-checkpoint1,"{""replacement_prior"":50.0,""sample_reliability"":0.4597,""season_count"":5.0,""weighted_observed_rating"":59.51}"
00-0037262,Thomas Booker,LV,DL,57.53,7.85,5,977.0,LOW,2026,2,RSM-v0.1-checkpoint1,"{""replacement_prior"":50.0,""sample_reliability"":0.3461,""season_count"":5.0,""weighted_observed_rating"":57.53}"
00-0034275,Foley Fatukasi,LV,DL,57.47,7.66,5,1272.0,MEDIUM,2026,2,RSM-v0.1-checkpoint1,"{""replacement_prior"":50.0,""sample_reliability"":0.3617,""season_count"":5.0,""weighted_observed_rating"":57.47}"
00-0039423,Jonah Laulu,LV,DL,56.59,7.72,5,1242.0,MEDIUM,2026,2,RSM-v0.1-checkpoint1,"{""replacement_prior"":50.0,""sample_reliability"":0.3566,""season_count"":5.0,""weighted_observed_rating"":56.59}"
00-0040169,Tonka Hemingway,LV,DL,56.36,10.22,5,199.0,LOW,2026,2,RSM-v0.1-checkpoint1,"{""replacement_prior"":50.0,""sample_reliability"":0.1485,""season_count"":5.0,""weighted_observed_rating"":56.36}"
00-0040199,JJ Pegues,LV,DL,50.74,10.5,5,141.0,LOW,2026,2,RSM-v0.1-checkpoint1,"{""replacement_prior"":50.0,""sample_reliability"":0.1248,""season_count"":5.0,""weighted_observed_rating"":50.74}"
00-0040902,Brandon Cleveland,LV,DL,50.02,11.93,5,5.0,LOW,2026,2,RSM-v0.1-checkpoint1,"{""replacement_prior"":50.0,""sample_reliability"":0.0058,""season_count"":5.0,""weighted_observed_rating"":50.02}"
00-0041007,Gary Smith III,LV,DL,50.02,11.93,5,5.0,LOW,2026,2,RSM-v0.1-checkpoint1,"{""replacement_prior"":50.0,""sample_reliability"":0.0058,""season_count"":5.0,""weighted_observed_rating"":50.02}"
00-0041534,Tim Keenan III,LV,DL,50.02,11.93,5,5.0,LOW,2026,2,RSM-v0.1-checkpoint1,"{""replacement_prior"":50.0,""sample_reliability"":0.0058,""season_count"":5.0,""weighted_observed_rating"":50.02}"
00-0040487,Treven Ma'ae,LV,DL,50.02,11.93,5,5.0,LOW,2026,2,RSM-v0.1-checkpoint1,"{""replacement_prior"":50.0,""sample_reliability"":0.0058,""season_count"":5.0,""weighted_observed_rating"":50.02}"
00-0034973,Maxx Crosby,LV,EDGE,67.37,5.27,5,3870.0,MEDIUM,2026,2,RSM-v0.1-checkpoint1,"{""replacement_prior"":50.0,""sample_reliability"":0.5612,""season_count"":5.0,""weighted_observed_rating"":67.37}"
00-0036479,Kwity Paye,LV,EDGE,59.43,5.59,5,2634.0,MEDIUM,2026,2,RSM-v0.1-checkpoint1,"{""replacement_prior"":50.0,""sample_reliability"":0.5343,""season_count"":5.0,""weighted_observed_rating"":59.43}"
00-0036552,Azeez Ojulari,LV,EDGE,57.51,7.77,5,1113.0,MEDIUM,2026,2,RSM-v0.1-checkpoint1,"{""replacement_prior"":50.0,""sample_reliability"":0.3529,""season_count"":5.0,""weighted_observed_rating"":57.51}"
00-0036989,Malcolm Koonce,LV,EDGE,57.28,8.06,5,1071.0,LOW,2026,2,RSM-v0.1-checkpoint1,"{""replacement_prior"":50.0,""sample_reliability"":0.3286,""season_count"":5.0,""weighted_observed_rating"":57.28}"
00-0036922,Patrick Johnson,LV,EDGE,52.92,9.2,5,413.0,LOW,2026,2,RSM-v0.1-checkpoint1,"{""replacement_prior"":50.0,""sample_reliability"":0.2329,""season_count"":5.0,""weighted_observed_rating"":52.92}"
00-0039836,Brennan Jackson,LV,EDGE,50.66,10.41,5,120.0,LOW,2026,2,RSM-v0.1-checkpoint1,"{""replacement_prior"":50.0,""sample_reliability"":0.1325,""season_count"":5.0,""weighted_observed_rating"":50.66}"
00-0040604,Jahfari Harvey,LV,EDGE,50.56,11.45,5,31.0,LOW,2026,2,RSM-v0.1-checkpoint1,"{""replacement_prior"":50.0,""sample_reliability"":0.046,""season_count"":5.0,""weighted_observed_rating"":50.56}"
00-0041006,Cian Slone,LV,EDGE,50.02,11.92,5,5.0,LOW,2026,2,RSM-v0.1-checkpoint1,"{""replacement_prior"":50.0,""sample_reliability"":0.0066,""season_count"":5.0,""weighted_observed_rating"":50.02}"
00-0041553,Keyron Crawford,LV,EDGE,50.02,11.92,5,5.0,LOW,2026,2,RSM-v0.1-checkpoint1,"{""replacement_prior"":50.0,""sample_reliability"":0.0066,""season_count"":5.0,""weighted_observed_rating"":50.02}"
00-0035269,Matt Gay,LV,K,53.5,1.72,4,258.0,HIGH,2026,2,RSM-v0.1-checkpoint1,"{""replacement_prior"":50.0,""sample_reliability"":0.8567,""season_count"":4.0,""weighted_observed_rating"":53.5}"
00-0041582,Kansei Matsuzawa,LV,K,50.0,12.0,0,0,LOW,2026,2,RSM-v0.1-checkpoint1,"{""replacement_prior"":50.0,""sample_reliability"":0.0,""season_count"":0.0,""weighted_observed_rating"":50.0}"
00-0037615,Nakobe Dean,LV,LB,64.54,6.99,5,1478.0,MEDIUM,2026,2,RSM-v0.1-checkpoint1,"{""replacement_prior"":50.0,""sample_reliability"":0.4176,""season_count"":5.0,""weighted_observed_rating"":64.54}"
00-0037074,Quay Walker,LV,LB,63.56,5.49,5,3343.0,MEDIUM,2026,2,RSM-v0.1-checkpoint1,"{""replacement_prior"":50.0,""sample_reliability"":0.5424,""season_count"":5.0,""weighted_observed_rating"":63.56}"
00-0037527,Segun Olubi,LV,LB,51.99,10.89,5,177.0,LOW,2026,2,RSM-v0.1-checkpoint1,"{""replacement_prior"":50.0,""sample_reliability"":0.0929,""season_count"":5.0,""weighted_observed_rating"":51.99}"
00-0039374,Tommy Eichenberg,LV,LB,51.85,10.16,5,172.0,LOW,2026,2,RSM-v0.1-checkpoint1,"{""replacement_prior"":50.0,""sample_reliability"":0.1536,""season_count"":5.0,""weighted_observed_rating"":51.85}"
00-0036644,Cameron McGrone,LV,LB,50.14,11.09,5,87.0,LOW,2026,2,RSM-v0.1-checkpoint1,"{""replacement_prior"":50.0,""sample_reliability"":0.076,""season_count"":5.0,""weighted_observed_rating"":50.14}"
00-0040228,Cody Lindenberg,LV,LB,50.09,10.16,5,214.0,LOW,2026,2,RSM-v0.1-checkpoint1,"{""replacement_prior"":50.0,""sample_reliability"":0.1535,""season_count"":5.0,""weighted_observed_rating"":50.09}"
00-0041008,Xavian Sorey Jr.,LV,LB,50.02,11.93,5,5.0,LOW,2026,2,RSM-v0.1-checkpoint1,"{""replacement_prior"":50.0,""sample_reliability"":0.0058,""season_count"":5.0,""weighted_observed_rating"":50.02}"
00-0034759,Kolton Miller,LV,OL,66.51,3.79,4,3065.0,LOW,2026,2,RSM-v0.1-checkpoint1,"{""replacement_prior"":50.0,""sample_reliability"":0.6843,""season_count"":4.0,""weighted_observed_rating"":66.51}"
00-0037825,Tyler Linderbaum,LV,OL,64.19,2.2,4,4113.0,LOW,2026,2,RSM-v0.1-checkpoint1,"{""replacement_prior"":50.0,""sample_reliability"":0.8163,""season_count"":4.0,""weighted_observed_rating"":64.19}"
00-0039349,DJ Glaze,LV,OL,61.51,2.25,2,1990.0,LOW,2026,2,RSM-v0.1-checkpoint1,"{""replacement_prior"":50.0,""sample_reliability"":0.8122,""season_count"":2.0,""weighted_observed_rating"":61.51}"
00-0037612,Evan Neal,LV,OL,59.3,3.76,3,1656.0,LOW,2026,2,RSM-v0.1-checkpoint1,"{""replacement_prior"":50.0,""sample_reliability"":0.6866,""season_count"":3.0,""weighted_observed_rating"":59.3}"
00-0039735,Jackson Powers-Johnson,LV,OL,58.02,3.77,2,1310.0,LOW,2026,2,RSM-v0.1-checkpoint1,"{""replacement_prior"":50.0,""sample_reliability"":0.6861,""season_count"":2.0,""weighted_observed_rating"":58.02}"
00-0037829,Spencer Burford,LV,OL,54.97,4.72,4,2162.0,LOW,2026,2,RSM-v0.1-checkpoint1,"{""replacement_prior"":50.0,""sample_reliability"":0.6069,""season_count"":4.0,""weighted_observed_rating"":54.97}"
00-0040150,Caleb Rogers,LV,OL,54.71,5.37,1,284.0,LOW,2026,2,RSM-v0.1-checkpoint1,"{""replacement_prior"":50.0,""sample_reliability"":0.5525,""season_count"":1.0,""weighted_observed_rating"":54.71}"
00-0038586,Atonio Mafi,LV,OL,53.01,6.23,2,611.0,LOW,2026,2,RSM-v0.1-checkpoint1,"{""replacement_prior"":50.0,""sample_reliability"":0.4805,""season_count"":2.0,""weighted_observed_rating"":53.01}"
00-0039010,Braeden Daniels,LV,OL,50.0,12.0,0,0,LOW,2026,2,RSM-v0.1-checkpoint1,"{""replacement_prior"":50.0,""sample_reliability"":0.0,""season_count"":0.0,""weighted_observed_rating"":50.0}"
00-0040999,Isaiah Jatta,LV,OL,50.0,12.0,0,0,LOW,2026,2,RSM-v0.1-checkpoint1,"{""replacement_prior"":50.0,""sample_reliability"":0.0,""season_count"":0.0,""weighted_observed_rating"":50.0}"
00-0035317,Joshua Miles,LV,OL,50.0,12.0,0,0,LOW,2026,2,RSM-v0.1-checkpoint1,"{""replacement_prior"":50.0,""sample_reliability"":0.0,""season_count"":0.0,""weighted_observed_rating"":50.0}"
00-0041003,Justin Pickett,LV,OL,50.0,12.0,0,0,LOW,2026,2,RSM-v0.1-checkpoint1,"{""replacement_prior"":50.0,""sample_reliability"":0.0,""season_count"":0.0,""weighted_observed_rating"":50.0}"
00-0041017,Kamar Missouri,LV,OL,50.0,12.0,0,0,LOW,2026,2,RSM-v0.1-checkpoint1,"{""replacement_prior"":50.0,""sample_reliability"":0.0,""season_count"":0.0,""weighted_observed_rating"":50.0}"
00-0041014,Niklas Henning,LV,OL,50.0,12.0,0,0,LOW,2026,2,RSM-v0.1-checkpoint1,"{""replacement_prior"":50.0,""sample_reliability"":0.0,""season_count"":0.0,""weighted_observed_rating"":50.0}"
00-0040871,Trey Zuhn III,LV,OL,50.0,12.0,0,0,LOW,2026,2,RSM-v0.1-checkpoint1,"{""replacement_prior"":50.0,""sample_reliability"":0.0,""season_count"":0.0,""weighted_observed_rating"":50.0}"
00-0038923,Dalton Wagner,LV,OL,49.92,11.9,1,2.0,LOW,2026,2,RSM-v0.1-checkpoint1,"{""replacement_prior"":50.0,""sample_reliability"":0.0086,""season_count"":1.0,""weighted_observed_rating"":49.92}"
00-0040151,Charles Grant,LV,OL,47.96,9.55,1,59.0,LOW,2026,2,RSM-v0.1-checkpoint1,"{""replacement_prior"":50.0,""sample_reliability"":0.2042,""season_count"":1.0,""weighted_observed_rating"":47.96}"
00-0039544,Will Putnam,LV,OL,47.27,7.48,1,139.0,LOW,2026,2,RSM-v0.1-checkpoint1,"{""replacement_prior"":50.0,""sample_reliability"":0.3767,""season_count"":1.0,""weighted_observed_rating"":47.27}"
00-0035190,AJ Cole,LV,OTHER,54.4,5.18,4,535.0,MEDIUM,2026,2,RSM-v0.1-checkpoint1,"{""replacement_prior"":50.0,""sample_reliability"":0.568,""season_count"":4.0,""weighted_observed_rating"":54.4}"
00-0040997,Tyler Duzansky,LV,OTHER,50.0,12.0,0,0,LOW,2026,2,RSM-v0.1-checkpoint1,"{""replacement_prior"":50.0,""sample_reliability"":0.0,""season_count"":0.0,""weighted_observed_rating"":50.0}"
00-0038360,Alex Ward,LV,OTHER,47.42,6.22,3,315.0,MEDIUM,2026,2,RSM-v0.1-checkpoint1,"{""replacement_prior"":50.0,""sample_reliability"":0.4818,""season_count"":3.0,""weighted_observed_rating"":47.42}"
00-0029604,Kirk Cousins,LV,QB,59.42,2.58,4,1780.0,HIGH,2026,2,RSM-v0.1-checkpoint1,"{""replacement_prior"":50.0,""sample_reliability"":0.7849,""season_count"":4.0,""weighted_observed_rating"":59.42}"
00-0038579,Aidan O'Connell,LV,QB,53.61,6.24,3,643.0,MEDIUM,2026,2,RSM-v0.1-checkpoint1,"{""replacement_prior"":50.0,""sample_reliability"":0.4804,""season_count"":3.0,""weighted_observed_rating"":53.61}"
00-0041562,Fernando Mendoza,LV,QB,50.0,12.0,0,0,LOW,2026,2,RSM-v0.1-checkpoint1,"{""replacement_prior"":50.0,""sample_reliability"":0.0,""season_count"":0.0,""weighted_observed_rating"":50.0}"
00-0040996,Jacob Clark,LV,QB,50.0,12.0,0,0,LOW,2026,2,RSM-v0.1-checkpoint1,"{""replacement_prior"":50.0,""sample_reliability"":0.0,""season_count"":0.0,""weighted_observed_rating"":50.0}"
00-0040122,Ashton Jeanty,LV,RB,53.12,1.8,1,339.0,MEDIUM,2026,2,RSM-v0.1-checkpoint1,"{""replacement_prior"":50.0,""sample_reliability"":0.8496,""season_count"":1.0,""weighted_observed_rating"":53.12}"
00-0037304,Connor Heyward,LV,RB,52.94,9.24,4,81.0,LOW,2026,2,RSM-v0.1-checkpoint1,"{""replacement_prior"":50.0,""sample_reliability"":0.2301,""season_count"":4.0,""weighted_observed_rating"":52.94}"
00-0040878,Mike Washington Jr.,LV,RB,50.0,12.0,0,0,LOW,2026,2,RSM-v0.1-checkpoint1,"{""replacement_prior"":50.0,""sample_reliability"":0.0,""season_count"":0.0,""weighted_observed_rating"":50.0}"
00-0040998,Roman Hemby,LV,RB,50.0,12.0,0,0,LOW,2026,2,RSM-v0.1-checkpoint1,"{""replacement_prior"":50.0,""sample_reliability"":0.0,""season_count"":0.0,""weighted_observed_rating"":50.0}"
00-0033854,Dare Ogunbowale,LV,RB,48.62,7.71,4,165.0,MEDIUM,2026,2,RSM-v0.1-checkpoint1,"{""replacement_prior"":50.0,""sample_reliability"":0.3571,""season_count"":4.0,""weighted_observed_rating"":48.62}"
00-0039407,Dylan Laube,LV,RB,48.13,10.81,2,12.0,LOW,2026,2,RSM-v0.1-checkpoint1,"{""replacement_prior"":50.0,""sample_reliability"":0.0995,""season_count"":2.0,""weighted_observed_rating"":48.13}"
00-0039244,Chris Collier,LV,RB,48.1,10.75,1,7.0,LOW,2026,2,RSM-v0.1-checkpoint1,"{""replacement_prior"":50.0,""sample_reliability"":0.1045,""season_count"":1.0,""weighted_observed_rating"":48.1}"
00-0036293,Jeremy Chinn,LV,S,60.51,5.75,5,2987.0,MEDIUM,2026,2,RSM-v0.1-checkpoint1,"{""replacement_prior"":50.0,""sample_reliability"":0.5206,""season_count"":5.0,""weighted_observed_rating"":60.51}"
00-0037512,Isaiah Pola-Mao,LV,S,57.82,6.48,5,2245.0,MEDIUM,2026,2,RSM-v0.1-checkpoint1,"{""replacement_prior"":50.0,""sample_reliability"":0.4597,""season_count"":5.0,""weighted_observed_rating"":57.82}"
00-0037461,Tristin McCollum,LV,S,52.82,9.07,5,426.0,LOW,2026,2,RSM-v0.1-checkpoint1,"{""replacement_prior"":50.0,""sample_reliability"":0.2441,""season_count"":5.0,""weighted_observed_rating"":52.82}"
00-0040883,Dalton Johnson,LV,S,50.02,11.93,5,5.0,LOW,2026,2,RSM-v0.1-checkpoint1,"{""replacement_prior"":50.0,""sample_reliability"":0.0055,""season_count"":5.0,""weighted_observed_rating"":50.02}"
00-0041000,Devin Lafayette,LV,S,50.02,11.93,5,5.0,LOW,2026,2,RSM-v0.1-checkpoint1,"{""replacement_prior"":50.0,""sample_reliability"":0.0055,""season_count"":5.0,""weighted_observed_rating"":50.02}"
00-0040868,Treydan Stukes,LV,S,50.02,11.93,5,5.0,LOW,2026,2,RSM-v0.1-checkpoint1,"{""replacement_prior"":50.0,""sample_reliability"":0.0055,""season_count"":5.0,""weighted_observed_rating"":50.02}"
00-0035345,Chris Myarick,LV,TE,69.77,4.0,1,50.0,MEDIUM,2026,2,RSM-v0.1-checkpoint1,"{""replacement_prior"":50.0,""sample_reliability"":0.6667,""season_count"":1.0,""weighted_observed_rating"":69.77}"
00-0039338,Brock Bowers,LV,TE,64.85,2.08,2,260.2,HIGH,2026,2,RSM-v0.1-checkpoint1,"{""replacement_prior"":50.0,""sample_reliability"":0.8265,""season_count"":2.0,""weighted_observed_rating"":64.85}"
00-0039066,Michael Mayer,LV,TE,57.28,2.82,3,254.5,HIGH,2026,2,RSM-v0.1-checkpoint1,"{""replacement_prior"":50.0,""sample_reliability"":0.7648,""season_count"":3.0,""weighted_observed_rating"":57.28}"
00-0034365,Ian Thomas,LV,TE,52.2,4.86,4,197.3,MEDIUM,2026,2,RSM-v0.1-checkpoint1,"{""replacement_prior"":50.0,""sample_reliability"":0.5948,""season_count"":4.0,""weighted_observed_rating"":52.2}"
00-0036423,Albert Okwuegbunam,LV,TE,50.01,8.68,3,47.2,LOW,2026,2,RSM-v0.1-checkpoint1,"{""replacement_prior"":50.0,""sample_reliability"":0.2766,""season_count"":3.0,""weighted_observed_rating"":50.01}"
00-0041016,Patrick Gurd,LV,TE,50.0,12.0,0,0,LOW,2026,2,RSM-v0.1-checkpoint1,"{""replacement_prior"":50.0,""sample_reliability"":0.0,""season_count"":0.0,""weighted_observed_rating"":50.0}"
00-0040488,Carter Runyon,LV,TE,48.61,9.23,1,7.5,LOW,2026,2,RSM-v0.1-checkpoint1,"{""replacement_prior"":50.0,""sample_reliability"":0.2308,""season_count"":1.0,""weighted_observed_rating"":48.61}"
00-0037291,Jalen Nailor,LV,WR,60.15,4.71,4,233.0,MEDIUM,2026,2,RSM-v0.1-checkpoint1,"{""replacement_prior"":50.0,""sample_reliability"":0.6074,""season_count"":4.0,""weighted_observed_rating"":60.15}"
00-0038563,Tre Tucker,LV,WR,58.98,2.68,3,376.7,HIGH,2026,2,RSM-v0.1-checkpoint1,"{""replacement_prior"":50.0,""sample_reliability"":0.7768,""season_count"":3.0,""weighted_observed_rating"":58.98}"
00-0040729,Jack Bech,LV,WR,54.22,4.56,1,57.2,MEDIUM,2026,2,RSM-v0.1-checkpoint1,"{""replacement_prior"":50.0,""sample_reliability"":0.6203,""season_count"":1.0,""weighted_observed_rating"":54.22}"
00-0035891,Cody White,LV,WR,53.18,11.0,3,8.0,LOW,2026,2,RSM-v0.1-checkpoint1,"{""replacement_prior"":50.0,""sample_reliability"":0.0833,""season_count"":3.0,""weighted_observed_rating"":53.18}"
00-0037093,Dareke Young,LV,WR,53.09,10.02,4,33.0,LOW,2026,2,RSM-v0.1-checkpoint1,"{""replacement_prior"":50.0,""sample_reliability"":0.1649,""season_count"":4.0,""weighted_observed_rating"":53.09}"
00-0038891,Shedrick Jackson,LV,WR,52.23,10.86,2,6.0,LOW,2026,2,RSM-v0.1-checkpoint1,"{""replacement_prior"":50.0,""sample_reliability"":0.0951,""season_count"":2.0,""weighted_observed_rating"":52.23}"
00-0038647,Ronnie Bell,LV,WR,52.21,8.63,3,55.7,LOW,2026,2,RSM-v0.1-checkpoint1,"{""replacement_prior"":50.0,""sample_reliability"":0.2811,""season_count"":3.0,""weighted_observed_rating"":52.21}"
00-0037487,Deven Thompkins,LV,WR,50.13,9.29,4,66.0,LOW,2026,2,RSM-v0.1-checkpoint1,"{""replacement_prior"":50.0,""sample_reliability"":0.2254,""season_count"":4.0,""weighted_observed_rating"":50.13}"
00-0041004,Chase Roberts,LV,WR,50.0,12.0,0,0,LOW,2026,2,RSM-v0.1-checkpoint1,"{""replacement_prior"":50.0,""sample_reliability"":0.0,""season_count"":0.0,""weighted_observed_rating"":50.0}"
00-0041005,Corey Rucker,LV,WR,50.0,12.0,0,0,LOW,2026,2,RSM-v0.1-checkpoint1,"{""replacement_prior"":50.0,""sample_reliability"":0.0,""season_count"":0.0,""weighted_observed_rating"":50.0}"
00-0041011,E.J. Williams Jr.,LV,WR,50.0,12.0,0,0,LOW,2026,2,RSM-v0.1-checkpoint1,"{""replacement_prior"":50.0,""sample_reliability"":0.0,""season_count"":0.0,""weighted_observed_rating"":50.0}"
00-0040894,Malik Benson,LV,WR,50.0,12.0,0,0,LOW,2026,2,RSM-v0.1-checkpoint1,"{""replacement_prior"":50.0,""sample_reliability"":0.0,""season_count"":0.0,""weighted_observed_rating"":50.0}"
00-0038590,Justin Shorter,LV,WR,49.72,11.32,2,5.0,LOW,2026,2,RSM-v0.1-checkpoint1,"{""replacement_prior"":50.0,""sample_reliability"":0.0565,""season_count"":2.0,""weighted_observed_rating"":49.72}"
00-0040581,Dont'e Thornton Jr.,LV,WR,49.47,4.14,1,66.5,MEDIUM,2026,2,RSM-v0.1-checkpoint1,"{""replacement_prior"":50.0,""sample_reliability"":0.6552,""season_count"":1.0,""weighted_observed_rating"":49.47}"
00-0040178,Jason Marshall Jr.,MIA,CB,54.9,10.09,5,246.0,LOW,2026,2,RSM-v0.1-checkpoint1,"{""replacement_prior"":50.0,""sample_reliability"":0.1589,""season_count"":5.0,""weighted_observed_rating"":54.9}"
00-0038646,Alex Austin,MIA,CB,54.41,8.53,5,596.0,LOW,2026,2,RSM-v0.1-checkpoint1,"{""replacement_prior"":50.0,""sample_reliability"":0.2896,""season_count"":5.0,""weighted_observed_rating"":54.41}"
00-0037549,Darrell Baker Jr.,MIA,CB,53.95,6.51,5,1855.0,MEDIUM,2026,2,RSM-v0.1-checkpoint1,"{""replacement_prior"":50.0,""sample_reliability"":0.4577,""season_count"":5.0,""weighted_observed_rating"":53.95}"
00-0038684,Ethan Bonner,MIA,CB,53.77,10.63,5,119.0,LOW,2026,2,RSM-v0.1-checkpoint1,"{""replacement_prior"":50.0,""sample_reliability"":0.114,""season_count"":5.0,""weighted_observed_rating"":53.77}"
00-0039156,Julius Brents,MIA,CB,52.52,9.09,5,676.0,LOW,2026,2,RSM-v0.1-checkpoint1,"{""replacement_prior"":50.0,""sample_reliability"":0.2422,""season_count"":5.0,""weighted_observed_rating"":52.52}"
00-0039481,Storm Duck,MIA,CB,52.26,9.89,5,405.0,LOW,2026,2,RSM-v0.1-checkpoint1,"{""replacement_prior"":50.0,""sample_reliability"":0.1759,""season_count"":5.0,""weighted_observed_rating"":52.26}"
00-0036114,A.J. Green,MIA,CB,51.15,11.17,5,186.0,LOW,2026,2,RSM-v0.1-checkpoint1,"{""replacement_prior"":50.0,""sample_reliability"":0.0691,""season_count"":5.0,""weighted_observed_rating"":51.15}"
00-0039390,Marcellas Dial Jr.,MIA,CB,50.68,11.41,5,64.0,LOW,2026,2,RSM-v0.1-checkpoint1,"{""replacement_prior"":50.0,""sample_reliability"":0.0495,""season_count"":5.0,""weighted_observed_rating"":50.68}"
00-0039312,Miles Battle,MIA,CB,50.54,11.32,5,50.0,LOW,2026,2,RSM-v0.1-checkpoint1,"{""replacement_prior"":50.0,""sample_reliability"":0.0569,""season_count"":5.0,""weighted_observed_rating"":50.54}"
00-0038521,Reese Taylor,MIA,CB,50.14,11.04,5,74.0,LOW,2026,2,RSM-v0.1-checkpoint1,"{""replacement_prior"":50.0,""sample_reliability"":0.0796,""season_count"":5.0,""weighted_observed_rating"":50.14}"
00-0041533,Chris Johnson,MIA,CB,50.02,11.93,5,5.0,LOW,2026,2,RSM-v0.1-checkpoint1,"{""replacement_prior"":50.0,""sample_reliability"":0.0055,""season_count"":5.0,""weighted_observed_rating"":50.02}"
00-0041514,Jai'Onte' McMillan,MIA,CB,50.02,11.93,5,5.0,LOW,2026,2,RSM-v0.1-checkpoint1,"{""replacement_prior"":50.0,""sample_reliability"":0.0055,""season_count"":5.0,""weighted_observed_rating"":50.02}"
00-0034285,Zach Sieler,MIA,DL,68.05,5.55,5,3261.0,MEDIUM,2026,2,RSM-v0.1-checkpoint1,"{""replacement_prior"":50.0,""sample_reliability"":0.5375,""season_count"":5.0,""weighted_observed_rating"":68.05}"
00-0038545,Mazi Smith,MIA,DL,53.13,7.93,5,975.0,LOW,2026,2,RSM-v0.1-checkpoint1,"{""replacement_prior"":50.0,""sample_reliability"":0.3389,""season_count"":5.0,""weighted_observed_rating"":53.13}"
00-0040248,Zeek Biggers,MIA,DL,53.04,10.14,5,218.0,LOW,2026,2,RSM-v0.1-checkpoint1,"{""replacement_prior"":50.0,""sample_reliability"":0.1547,""season_count"":5.0,""weighted_observed_rating"":53.04}"
00-0040127,Kenneth Grant,MIA,DL,52.62,9.47,5,558.0,LOW,2026,2,RSM-v0.1-checkpoint1,"{""replacement_prior"":50.0,""sample_reliability"":0.2109,""season_count"":5.0,""weighted_observed_rating"":52.62}"
00-0040175,Jordan Phillips,MIA,DL,50.92,9.58,5,469.0,LOW,2026,2,RSM-v0.1-checkpoint1,"{""replacement_prior"":50.0,""sample_reliability"":0.202,""season_count"":5.0,""weighted_observed_rating"":50.92}"
00-0040304,Alex Huntley,MIA,DL,50.02,11.93,5,5.0,LOW,2026,2,RSM-v0.1-checkpoint1,"{""replacement_prior"":50.0,""sample_reliability"":0.0058,""season_count"":5.0,""weighted_observed_rating"":50.02}"
00-0041596,Cam Rice,MIA,DL,50.02,11.93,5,5.0,LOW,2026,2,RSM-v0.1-checkpoint1,"{""replacement_prior"":50.0,""sample_reliability"":0.0058,""season_count"":5.0,""weighted_observed_rating"":50.02}"
00-0040403,Fatorma Mulbah,MIA,DL,50.02,11.93,5,5.0,LOW,2026,2,RSM-v0.1-checkpoint1,"{""replacement_prior"":50.0,""sample_reliability"":0.0058,""season_count"":5.0,""weighted_observed_rating"":50.02}"
00-0039570,Jordan Miller,MIA,DL,50.02,11.93,5,5.0,LOW,2026,2,RSM-v0.1-checkpoint1,"{""replacement_prior"":50.0,""sample_reliability"":0.0058,""season_count"":5.0,""weighted_observed_rating"":50.02}"
00-0040655,Keith Cooper Jr.,MIA,DL,50.02,11.93,5,5.0,LOW,2026,2,RSM-v0.1-checkpoint1,"{""replacement_prior"":50.0,""sample_reliability"":0.0058,""season_count"":5.0,""weighted_observed_rating"":50.02}"
00-0036362,Willie Gay Jr.,MIA,EDGE,60.65,7.13,5,1641.0,MEDIUM,2026,2,RSM-v0.1-checkpoint1,"{""replacement_prior"":50.0,""sample_reliability"":0.4059,""season_count"":5.0,""weighted_observed_rating"":60.65}"
00-0035692,Clelin Ferrell,MIA,EDGE,59.66,6.58,5,1585.0,MEDIUM,2026,2,RSM-v0.1-checkpoint1,"{""replacement_prior"":50.0,""sample_reliability"":0.4514,""season_count"":5.0,""weighted_observed_rating"":59.66}"
00-0036409,Jordyn Brooks,MIA,EDGE,57.93,5.22,5,3851.0,MEDIUM,2026,2,RSM-v0.1-checkpoint1,"{""replacement_prior"":50.0,""sample_reliability"":0.5648,""season_count"":5.0,""weighted_observed_rating"":57.93}"
00-0039911,Chop Robinson,MIA,EDGE,57.49,7.87,5,985.0,LOW,2026,2,RSM-v0.1-checkpoint1,"{""replacement_prior"":50.0,""sample_reliability"":0.3445,""season_count"":5.0,""weighted_observed_rating"":57.49}"
00-0036159,Joshua Uche,MIA,EDGE,57.49,6.94,5,1199.0,MEDIUM,2026,2,RSM-v0.1-checkpoint1,"{""replacement_prior"":50.0,""sample_reliability"":0.4215,""season_count"":5.0,""weighted_observed_rating"":57.49}"
00-0034779,Ronnie Harrison,MIA,EDGE,55.34,8.34,5,774.0,LOW,2026,2,RSM-v0.1-checkpoint1,"{""replacement_prior"":50.0,""sample_reliability"":0.3048,""season_count"":5.0,""weighted_observed_rating"":55.34}"
00-0036682,Malik Herring,MIA,EDGE,52.52,9.53,5,451.0,LOW,2026,2,RSM-v0.1-checkpoint1,"{""replacement_prior"":50.0,""sample_reliability"":0.2061,""season_count"":5.0,""weighted_observed_rating"":52.52}"
00-0038603,Robert Beal Jr.,MIA,EDGE,51.01,9.27,5,293.0,LOW,2026,2,RSM-v0.1-checkpoint1,"{""replacement_prior"":50.0,""sample_reliability"":0.2276,""season_count"":5.0,""weighted_observed_rating"":51.01}"
00-0039539,Amari Gainer,MIA,EDGE,50.1,11.77,5,16.0,LOW,2026,2,RSM-v0.1-checkpoint1,"{""replacement_prior"":50.0,""sample_reliability"":0.0188,""season_count"":5.0,""weighted_observed_rating"":50.1}"
00-0040573,Cam Riley,MIA,EDGE,50.02,11.92,5,5.0,LOW,2026,2,RSM-v0.1-checkpoint1,"{""replacement_prior"":50.0,""sample_reliability"":0.0066,""season_count"":5.0,""weighted_observed_rating"":50.02}"
00-0040808,Jaheim Thomas,MIA,EDGE,50.02,11.92,5,5.0,LOW,2026,2,RSM-v0.1-checkpoint1,"{""replacement_prior"":50.0,""sample_reliability"":0.0066,""season_count"":5.0,""weighted_observed_rating"":50.02}"
00-0041527,Kyle Louis,MIA,EDGE,50.02,11.92,5,5.0,LOW,2026,2,RSM-v0.1-checkpoint1,"{""replacement_prior"":50.0,""sample_reliability"":0.0066,""season_count"":5.0,""weighted_observed_rating"":50.02}"
00-0041531,Max Llewellyn,MIA,EDGE,50.02,11.92,5,5.0,LOW,2026,2,RSM-v0.1-checkpoint1,"{""replacement_prior"":50.0,""sample_reliability"":0.0066,""season_count"":5.0,""weighted_observed_rating"":50.02}"
00-0041136,Rene Konga,MIA,EDGE,50.02,11.92,5,5.0,LOW,2026,2,RSM-v0.1-checkpoint1,"{""replacement_prior"":50.0,""sample_reliability"":0.0066,""season_count"":5.0,""weighted_observed_rating"":50.02}"
00-0041159,Rodney McGraw,MIA,EDGE,50.02,11.92,5,5.0,LOW,2026,2,RSM-v0.1-checkpoint1,"{""replacement_prior"":50.0,""sample_reliability"":0.0066,""season_count"":5.0,""weighted_observed_rating"":50.02}"
00-0040054,Seth Coleman-Lyles,MIA,EDGE,50.02,11.92,5,5.0,LOW,2026,2,RSM-v0.1-checkpoint1,"{""replacement_prior"":50.0,""sample_reliability"":0.0066,""season_count"":5.0,""weighted_observed_rating"":50.02}"
00-0041526,Trey Moore,MIA,EDGE,50.02,11.92,5,5.0,LOW,2026,2,RSM-v0.1-checkpoint1,"{""replacement_prior"":50.0,""sample_reliability"":0.0066,""season_count"":5.0,""weighted_observed_rating"":50.02}"
00-0036816,Riley Patterson,MIA,K,53.35,2.17,4,221.0,HIGH,2026,2,RSM-v0.1-checkpoint1,"{""replacement_prior"":50.0,""sample_reliability"":0.8193,""season_count"":4.0,""weighted_observed_rating"":53.35}"
00-0040066,Jackson Woodard,MIA,LB,50.04,11.4,5,39.0,LOW,2026,2,RSM-v0.1-checkpoint1,"{""replacement_prior"":50.0,""sample_reliability"":0.0504,""season_count"":5.0,""weighted_observed_rating"":50.04}"
00-0041522,Jacob Rodriguez,MIA,LB,50.02,11.93,5,5.0,LOW,2026,2,RSM-v0.1-checkpoint1,"{""replacement_prior"":50.0,""sample_reliability"":0.0058,""season_count"":5.0,""weighted_observed_rating"":50.02}"
00-0038429,Liam Anderson,MIA,LB,50.02,11.93,5,5.0,LOW,2026,2,RSM-v0.1-checkpoint1,"{""replacement_prior"":50.0,""sample_reliability"":0.0058,""season_count"":5.0,""weighted_observed_rating"":50.02}"
00-0041473,Stephen Dix Jr,MIA,LB,50.02,11.93,5,5.0,LOW,2026,2,RSM-v0.1-checkpoint1,"{""replacement_prior"":50.0,""sample_reliability"":0.0058,""season_count"":5.0,""weighted_observed_rating"":50.02}"
00-0036171,Aaron Brewer,MIA,OL,66.61,2.23,4,4130.0,LOW,2026,2,RSM-v0.1-checkpoint1,"{""replacement_prior"":50.0,""sample_reliability"":0.8141,""season_count"":4.0,""weighted_observed_rating"":66.61}"
00-0036248,Austin Jackson,MIA,OL,62.06,4.58,4,1932.0,LOW,2026,2,RSM-v0.1-checkpoint1,"{""replacement_prior"":50.0,""sample_reliability"":0.6183,""season_count"":4.0,""weighted_observed_rating"":62.06}"
00-0040742,Jonah Savaiinaea,MIA,OL,60.71,2.28,1,981.0,LOW,2026,2,RSM-v0.1-checkpoint1,"{""replacement_prior"":50.0,""sample_reliability"":0.8101,""season_count"":1.0,""weighted_observed_rating"":60.71}"
00-0039899,Patrick Paul,MIA,OL,55.98,3.32,2,1311.0,LOW,2026,2,RSM-v0.1-checkpoint1,"{""replacement_prior"":50.0,""sample_reliability"":0.7231,""season_count"":2.0,""weighted_observed_rating"":55.98}"
00-0039174,Chukwuebuka Godrick,MIA,OL,54.98,6.63,1,186.0,LOW,2026,2,RSM-v0.1-checkpoint1,"{""replacement_prior"":50.0,""sample_reliability"":0.4471,""season_count"":1.0,""weighted_observed_rating"":54.98}"
00-0039485,Andrew Meyer,MIA,OL,52.6,9.68,1,55.0,LOW,2026,2,RSM-v0.1-checkpoint1,"{""replacement_prior"":50.0,""sample_reliability"":0.193,""season_count"":1.0,""weighted_observed_rating"":52.6}"
00-0039004,Carter Warren,MIA,OL,51.77,6.21,2,544.0,LOW,2026,2,RSM-v0.1-checkpoint1,"{""replacement_prior"":50.0,""sample_reliability"":0.4827,""season_count"":2.0,""weighted_observed_rating"":51.77}"
00-0041530,DJ Campbell,MIA,OL,50.0,12.0,0,0,LOW,2026,2,RSM-v0.1-checkpoint1,"{""replacement_prior"":50.0,""sample_reliability"":0.0,""season_count"":0.0,""weighted_observed_rating"":50.0}"
00-0039262,Gottlieb Ayedze,MIA,OL,50.0,12.0,0,0,LOW,2026,2,RSM-v0.1-checkpoint1,"{""replacement_prior"":50.0,""sample_reliability"":0.0,""season_count"":0.0,""weighted_observed_rating"":50.0}"
00-0040307,Josh Priebe,MIA,OL,50.0,12.0,0,0,LOW,2026,2,RSM-v0.1-checkpoint1,"{""replacement_prior"":50.0,""sample_reliability"":0.0,""season_count"":0.0,""weighted_observed_rating"":50.0}"
00-0041521,Kadyn Proctor,MIA,OL,50.0,12.0,0,0,LOW,2026,2,RSM-v0.1-checkpoint1,"{""replacement_prior"":50.0,""sample_reliability"":0.0,""season_count"":0.0,""weighted_observed_rating"":50.0}"
00-0041137,Kevin Cline,MIA,OL,50.0,12.0,0,0,LOW,2026,2,RSM-v0.1-checkpoint1,"{""replacement_prior"":50.0,""sample_reliability"":0.0,""season_count"":0.0,""weighted_observed_rating"":50.0}"
00-0040442,Marques Cox,MIA,OL,50.0,12.0,0,0,LOW,2026,2,RSM-v0.1-checkpoint1,"{""replacement_prior"":50.0,""sample_reliability"":0.0,""season_count"":0.0,""weighted_observed_rating"":50.0}"
00-0039832,Jarrett Kingston,MIA,OL,49.67,11.1,2,33.0,LOW,2026,2,RSM-v0.1-checkpoint1,"{""replacement_prior"":50.0,""sample_reliability"":0.075,""season_count"":2.0,""weighted_observed_rating"":49.67}"
00-0039863,Caedan Wallace,MIA,OL,49.25,10.03,2,137.0,LOW,2026,2,RSM-v0.1-checkpoint1,"{""replacement_prior"":50.0,""sample_reliability"":0.1639,""season_count"":2.0,""weighted_observed_rating"":49.25}"
00-0032065,Bradley Pinion,MIA,OTHER,73.62,4.05,4,817.0,HIGH,2026,2,RSM-v0.1-checkpoint1,"{""replacement_prior"":50.0,""sample_reliability"":0.6629,""season_count"":4.0,""weighted_observed_rating"":73.62}"
00-0037686,Tucker Addington,MIA,OTHER,44.39,9.41,3,79.0,LOW,2026,2,RSM-v0.1-checkpoint1,"{""replacement_prior"":50.0,""sample_reliability"":0.2157,""season_count"":3.0,""weighted_observed_rating"":44.39}"
00-0038128,Malik Willis,MIA,QB,56.07,8.56,4,180.0,LOW,2026,2,RSM-v0.1-checkpoint1,"{""replacement_prior"":50.0,""sample_reliability"":0.2867,""season_count"":4.0,""weighted_observed_rating"":56.07}"
00-0040222,Cam Miller,MIA,QB,50.0,12.0,0,0,LOW,2026,2,RSM-v0.1-checkpoint1,"{""replacement_prior"":50.0,""sample_reliability"":0.0,""season_count"":0.0,""weighted_observed_rating"":50.0}"
00-0040014,Kyle McCord,MIA,QB,50.0,12.0,0,0,LOW,2026,2,RSM-v0.1-checkpoint1,"{""replacement_prior"":50.0,""sample_reliability"":0.0,""season_count"":0.0,""weighted_observed_rating"":50.0}"
00-0040398,Brady Cook,MIA,QB,45.93,4.41,1,172.0,MEDIUM,2026,2,RSM-v0.1-checkpoint1,"{""replacement_prior"":50.0,""sample_reliability"":0.6324,""season_count"":1.0,""weighted_observed_rating"":45.93}"
00-0039040,De'Von Achane,MIA,RB,65.61,2.3,3,753.0,HIGH,2026,2,RSM-v0.1-checkpoint1,"{""replacement_prior"":50.0,""sample_reliability"":0.8085,""season_count"":3.0,""weighted_observed_rating"":65.61}"
00-0040198,Ollie Gordon II,MIA,RB,52.79,5.18,1,79.0,MEDIUM,2026,2,RSM-v0.1-checkpoint1,"{""replacement_prior"":50.0,""sample_reliability"":0.5683,""season_count"":1.0,""weighted_observed_rating"":52.79}"
00-0039874,Jaylen Wright,MIA,RB,52.68,5.26,2,153.0,MEDIUM,2026,2,RSM-v0.1-checkpoint1,"{""replacement_prior"":50.0,""sample_reliability"":0.5619,""season_count"":2.0,""weighted_observed_rating"":52.68}"
00-0038930,Carlos Washington,MIA,RB,50.0,12.0,0,0,LOW,2026,2,RSM-v0.1-checkpoint1,"{""replacement_prior"":50.0,""sample_reliability"":0.0,""season_count"":0.0,""weighted_observed_rating"":50.0}"
00-0041165,Coleman Bennett,MIA,RB,50.0,12.0,0,0,LOW,2026,2,RSM-v0.1-checkpoint1,"{""replacement_prior"":50.0,""sample_reliability"":0.0,""season_count"":0.0,""weighted_observed_rating"":50.0}"
00-0041436,DJ Herman,MIA,RB,50.0,12.0,0,0,LOW,2026,2,RSM-v0.1-checkpoint1,"{""replacement_prior"":50.0,""sample_reliability"":0.0,""season_count"":0.0,""weighted_observed_rating"":50.0}"
00-0040400,Donovan Edwards,MIA,RB,50.0,12.0,0,0,LOW,2026,2,RSM-v0.1-checkpoint1,"{""replacement_prior"":50.0,""sample_reliability"":0.0,""season_count"":0.0,""weighted_observed_rating"":50.0}"
00-0040692,Jarquez Hunter,MIA,RB,50.0,12.0,0,0,LOW,2026,2,RSM-v0.1-checkpoint1,"{""replacement_prior"":50.0,""sample_reliability"":0.0,""season_count"":0.0,""weighted_observed_rating"":50.0}"
00-0041161,Le'Veon Moss,MIA,RB,50.0,12.0,0,0,LOW,2026,2,RSM-v0.1-checkpoint1,"{""replacement_prior"":50.0,""sample_reliability"":0.0,""season_count"":0.0,""weighted_observed_rating"":50.0}"
00-0036677,Zayne Anderson,MIA,S,51.78,10.11,5,287.0,LOW,2026,2,RSM-v0.1-checkpoint1,"{""replacement_prior"":50.0,""sample_reliability"":0.1574,""season_count"":5.0,""weighted_observed_rating"":51.78}"
00-0040182,Dante Trader Jr.,MIA,S,51.33,9.69,5,423.0,LOW,2026,2,RSM-v0.1-checkpoint1,"{""replacement_prior"":50.0,""sample_reliability"":0.1929,""season_count"":5.0,""weighted_observed_rating"":51.33}"
00-0039383,Jaylin Simpson,MIA,S,50.12,11.12,5,66.0,LOW,2026,2,RSM-v0.1-checkpoint1,"{""replacement_prior"":50.0,""sample_reliability"":0.0732,""season_count"":5.0,""weighted_observed_rating"":50.12}"
00-0039532,Julius Wood,MIA,S,50.05,11.89,5,9.0,LOW,2026,2,RSM-v0.1-checkpoint1,"{""replacement_prior"":50.0,""sample_reliability"":0.0094,""season_count"":5.0,""weighted_observed_rating"":50.05}"
00-0041160,Louis Moore,MIA,S,50.02,11.93,5,5.0,LOW,2026,2,RSM-v0.1-checkpoint1,"{""replacement_prior"":50.0,""sample_reliability"":0.0055,""season_count"":5.0,""weighted_observed_rating"":50.02}"
00-0040268,Major Burns,MIA,S,50.02,11.93,5,5.0,LOW,2026,2,RSM-v0.1-checkpoint1,"{""replacement_prior"":50.0,""sample_reliability"":0.0055,""season_count"":5.0,""weighted_observed_rating"":50.02}"
00-0041528,Michael Taaffe,MIA,S,50.02,11.93,5,5.0,LOW,2026,2,RSM-v0.1-checkpoint1,"{""replacement_prior"":50.0,""sample_reliability"":0.0055,""season_count"":5.0,""weighted_observed_rating"":50.02}"
00-0037252,Greg Dulcich,MIA,TE,55.33,5.74,4,153.5,MEDIUM,2026,2,RSM-v0.1-checkpoint1,"{""replacement_prior"":50.0,""sample_reliability"":0.5217,""season_count"":4.0,""weighted_observed_rating"":55.33}"
00-0038809,Ben Sims,MIA,TE,54.67,6.28,3,82.8,MEDIUM,2026,2,RSM-v0.1-checkpoint1,"{""replacement_prior"":50.0,""sample_reliability"":0.4765,""season_count"":3.0,""weighted_observed_rating"":54.67}"
00-0041207,Ethan Conner,MIA,TE,50.0,12.0,0,0,LOW,2026,2,RSM-v0.1-checkpoint1,"{""replacement_prior"":50.0,""sample_reliability"":0.0,""season_count"":0.0,""weighted_observed_rating"":50.0}"
00-0041566,Jeremiah Franklin,MIA,TE,50.0,12.0,0,0,LOW,2026,2,RSM-v0.1-checkpoint1,"{""replacement_prior"":50.0,""sample_reliability"":0.0,""season_count"":0.0,""weighted_observed_rating"":50.0}"
00-0041077,Justin Joly,MIA,TE,50.0,12.0,0,0,LOW,2026,2,RSM-v0.1-checkpoint1,"{""replacement_prior"":50.0,""sample_reliability"":0.0,""season_count"":0.0,""weighted_observed_rating"":50.0}"
00-0041579,Seydou Traore,MIA,TE,50.0,12.0,0,0,LOW,2026,2,RSM-v0.1-checkpoint1,"{""replacement_prior"":50.0,""sample_reliability"":0.0,""season_count"":0.0,""weighted_observed_rating"":50.0}"
00-0040094,Tre Watson,MIA,TE,50.0,12.0,0,0,LOW,2026,2,RSM-v0.1-checkpoint1,"{""replacement_prior"":50.0,""sample_reliability"":0.0,""season_count"":0.0,""weighted_observed_rating"":50.0}"
00-0041524,Will Kacmarek,MIA,TE,50.0,12.0,0,0,LOW,2026,2,RSM-v0.1-checkpoint1,"{""replacement_prior"":50.0,""sample_reliability"":0.0,""season_count"":0.0,""weighted_observed_rating"":50.0}"
00-0037078,Cole Turner,MIA,TE,47.71,5.52,2,64.5,MEDIUM,2026,2,RSM-v0.1-checkpoint1,"{""replacement_prior"":50.0,""sample_reliability"":0.5399,""season_count"":2.0,""weighted_observed_rating"":47.71}"
00-0037666,Jalen Tolbert,MIA,WR,56.34,3.9,4,320.3,HIGH,2026,2,RSM-v0.1-checkpoint1,"{""replacement_prior"":50.0,""sample_reliability"":0.6749,""season_count"":4.0,""weighted_observed_rating"":56.34}"
00-0038824,Ryan Miller,MIA,WR,54.58,7.72,3,66.8,MEDIUM,2026,2,RSM-v0.1-checkpoint1,"{""replacement_prior"":50.0,""sample_reliability"":0.357,""season_count"":3.0,""weighted_observed_rating"":54.58}"
00-0039880,Malik Washington,MIA,WR,53.13,3.57,2,162.7,HIGH,2026,2,RSM-v0.1-checkpoint1,"{""replacement_prior"":50.0,""sample_reliability"":0.7022,""season_count"":2.0,""weighted_observed_rating"":53.13}"
00-0036387,Jalen Reagor,MIA,WR,52.07,6.78,3,88.0,MEDIUM,2026,2,RSM-v0.1-checkpoint1,"{""replacement_prior"":50.0,""sample_reliability"":0.4347,""season_count"":3.0,""weighted_observed_rating"":52.07}"
00-0040302,A.J. Henning,MIA,WR,50.0,12.0,0,0,LOW,2026,2,RSM-v0.1-checkpoint1,"{""replacement_prior"":50.0,""sample_reliability"":0.0,""season_count"":0.0,""weighted_observed_rating"":50.0}"
00-0041523,Caleb Douglas,MIA,WR,50.0,12.0,0,0,LOW,2026,2,RSM-v0.1-checkpoint1,"{""replacement_prior"":50.0,""sample_reliability"":0.0,""season_count"":0.0,""weighted_observed_rating"":50.0}"
00-0041525,Chris Bell,MIA,WR,50.0,12.0,0,0,LOW,2026,2,RSM-v0.1-checkpoint1,"{""replacement_prior"":50.0,""sample_reliability"":0.0,""season_count"":0.0,""weighted_observed_rating"":50.0}"
00-0041158,Donaven McCulley,MIA,WR,50.0,12.0,0,0,LOW,2026,2,RSM-v0.1-checkpoint1,"{""replacement_prior"":50.0,""sample_reliability"":0.0,""season_count"":0.0,""weighted_observed_rating"":50.0}"
00-0041529,Kevin Coleman Jr.,MIA,WR,50.0,12.0,0,0,LOW,2026,2,RSM-v0.1-checkpoint1,"{""replacement_prior"":50.0,""sample_reliability"":0.0,""season_count"":0.0,""weighted_observed_rating"":50.0}"
00-0040753,Will Sheppard,MIA,WR,50.0,12.0,0,0,LOW,2026,2,RSM-v0.1-checkpoint1,"{""replacement_prior"":50.0,""sample_reliability"":0.0,""season_count"":0.0,""weighted_observed_rating"":50.0}"
00-0035236,Byron Murphy,MIN,CB,59.9,5.43,5,3608.0,MEDIUM,2026,2,RSM-v0.1-checkpoint1,"{""replacement_prior"":50.0,""sample_reliability"":0.5477,""season_count"":5.0,""weighted_observed_rating"":59.9}"
00-0035795,James Pierre,MIN,CB,56.72,7.88,5,869.0,LOW,2026,2,RSM-v0.1-checkpoint1,"{""replacement_prior"":50.0,""sample_reliability"":0.343,""season_count"":5.0,""weighted_observed_rating"":56.72}"
00-0036222,Isaiah Rodgers,MIN,CB,55.23,7.17,5,1723.0,MEDIUM,2026,2,RSM-v0.1-checkpoint1,"{""replacement_prior"":50.0,""sample_reliability"":0.4027,""season_count"":5.0,""weighted_observed_rating"":55.23}"
00-0038403,Tre Hawkins III,MIN,CB,51.64,10.33,5,432.0,LOW,2026,2,RSM-v0.1-checkpoint1,"{""replacement_prior"":50.0,""sample_reliability"":0.1392,""season_count"":5.0,""weighted_observed_rating"":51.64}"
00-0039714,Dwight McGlothern,MIN,CB,50.45,11.28,5,53.0,LOW,2026,2,RSM-v0.1-checkpoint1,"{""replacement_prior"":50.0,""sample_reliability"":0.0599,""season_count"":5.0,""weighted_observed_rating"":50.45}"
00-0040962,Bryce Phillips,MIN,CB,50.02,11.93,5,5.0,LOW,2026,2,RSM-v0.1-checkpoint1,"{""replacement_prior"":50.0,""sample_reliability"":0.0055,""season_count"":5.0,""weighted_observed_rating"":50.02}"
00-0041083,Charles Demmings,MIN,CB,50.02,11.93,5,5.0,LOW,2026,2,RSM-v0.1-checkpoint1,"{""replacement_prior"":50.0,""sample_reliability"":0.0055,""season_count"":5.0,""weighted_observed_rating"":50.02}"
00-0041341,Da'Veawn Armstead,MIN,CB,50.02,11.93,5,5.0,LOW,2026,2,RSM-v0.1-checkpoint1,"{""replacement_prior"":50.0,""sample_reliability"":0.0055,""season_count"":5.0,""weighted_observed_rating"":50.02}"
00-0041573,Jarod Washington,MIN,CB,50.02,11.93,5,5.0,LOW,2026,2,RSM-v0.1-checkpoint1,"{""replacement_prior"":50.0,""sample_reliability"":0.0055,""season_count"":5.0,""weighted_observed_rating"":50.02}"
00-0041340,Marcus Allen,MIN,CB,50.02,11.93,5,5.0,LOW,2026,2,RSM-v0.1-checkpoint1,"{""replacement_prior"":50.0,""sample_reliability"":0.0055,""season_count"":5.0,""weighted_observed_rating"":50.02}"
00-0041344,Tyreek Chappell,MIN,CB,50.02,11.93,5,5.0,LOW,2026,2,RSM-v0.1-checkpoint1,"{""replacement_prior"":50.0,""sample_reliability"":0.0055,""season_count"":5.0,""weighted_observed_rating"":50.02}"
00-0040507,Zemaiah Vaughn,MIN,CB,50.02,11.93,5,5.0,LOW,2026,2,RSM-v0.1-checkpoint1,"{""replacement_prior"":50.0,""sample_reliability"":0.0055,""season_count"":5.0,""weighted_observed_rating"":50.02}"
00-0036695,Naquan Jones,MIN,DL,57.07,7.81,5,771.0,LOW,2026,2,RSM-v0.1-checkpoint1,"{""replacement_prior"":50.0,""sample_reliability"":0.3491,""season_count"":5.0,""weighted_observed_rating"":57.07}"
00-0039421,Levi Drake Rodriguez,MIN,DL,53.98,9.52,5,470.0,LOW,2026,2,RSM-v0.1-checkpoint1,"{""replacement_prior"":50.0,""sample_reliability"":0.2066,""season_count"":5.0,""weighted_observed_rating"":53.98}"
00-0040624,Elijah Williams,MIN,DL,50.4,11.31,5,46.0,LOW,2026,2,RSM-v0.1-checkpoint1,"{""replacement_prior"":50.0,""sample_reliability"":0.0578,""season_count"":5.0,""weighted_observed_rating"":50.4}"
00-0039720,Taki Taimani,MIN,DL,50.23,10.78,5,108.0,LOW,2026,2,RSM-v0.1-checkpoint1,"{""replacement_prior"":50.0,""sample_reliability"":0.1018,""season_count"":5.0,""weighted_observed_rating"":50.23}"
00-0041046,Domonique Orange,MIN,DL,50.02,11.93,5,5.0,LOW,2026,2,RSM-v0.1-checkpoint1,"{""replacement_prior"":50.0,""sample_reliability"":0.0058,""season_count"":5.0,""weighted_observed_rating"":50.02}"
00-0035272,Andrew Van Ginkel,MIN,EDGE,66.62,5.68,5,2565.0,MEDIUM,2026,2,RSM-v0.1-checkpoint1,"{""replacement_prior"":50.0,""sample_reliability"":0.5265,""season_count"":5.0,""weighted_observed_rating"":66.62}"
00-0031360,Kyle Van Noy,MIN,EDGE,63.92,5.84,5,2346.0,MEDIUM,2026,2,RSM-v0.1-checkpoint1,"{""replacement_prior"":50.0,""sample_reliability"":0.513,""season_count"":5.0,""weighted_observed_rating"":63.92}"
00-0033046,Jihad Ward,MIN,EDGE,59.45,5.71,5,2494.0,MEDIUM,2026,2,RSM-v0.1-checkpoint1,"{""replacement_prior"":50.0,""sample_reliability"":0.5243,""season_count"":5.0,""weighted_observed_rating"":59.45}"
00-0039924,Dallas Turner,MIN,EDGE,58.08,7.85,5,1004.0,LOW,2026,2,RSM-v0.1-checkpoint1,"{""replacement_prior"":50.0,""sample_reliability"":0.3461,""season_count"":5.0,""weighted_observed_rating"":58.08}"
00-0038778,Jalen Redmond,MIN,EDGE,56.91,7.98,5,1004.0,LOW,2026,2,RSM-v0.1-checkpoint1,"{""replacement_prior"":50.0,""sample_reliability"":0.3353,""season_count"":5.0,""weighted_observed_rating"":56.91}"
00-0033872,Jamal Adams,MIN,EDGE,52.83,7.89,5,1022.0,LOW,2026,2,RSM-v0.1-checkpoint1,"{""replacement_prior"":50.0,""sample_reliability"":0.3428,""season_count"":5.0,""weighted_observed_rating"":52.83}"
00-0040496,Chaz Chambliss,MIN,EDGE,51.74,11.48,5,29.0,LOW,2026,2,RSM-v0.1-checkpoint1,"{""replacement_prior"":50.0,""sample_reliability"":0.0434,""season_count"":5.0,""weighted_observed_rating"":51.74}"
00-0040173,Tyrion Ingram-Dawkins,MIN,EDGE,51.61,9.92,5,254.0,LOW,2026,2,RSM-v0.1-checkpoint1,"{""replacement_prior"":50.0,""sample_reliability"":0.1736,""season_count"":5.0,""weighted_observed_rating"":51.61}"
00-0039718,Bo Richter,MIN,EDGE,51.12,10.77,5,84.0,LOW,2026,2,RSM-v0.1-checkpoint1,"{""replacement_prior"":50.0,""sample_reliability"":0.1023,""season_count"":5.0,""weighted_observed_rating"":51.12}"
00-0040492,Tyler Batty,MIN,EDGE,50.8,11.23,5,46.0,LOW,2026,2,RSM-v0.1-checkpoint1,"{""replacement_prior"":50.0,""sample_reliability"":0.0639,""season_count"":5.0,""weighted_observed_rating"":50.8}"
00-0039494,Kenny Dyson,MIN,EDGE,50.22,11.8,5,14.0,LOW,2026,2,RSM-v0.1-checkpoint1,"{""replacement_prior"":50.0,""sample_reliability"":0.0167,""season_count"":5.0,""weighted_observed_rating"":50.22}"
00-0041033,Caleb Banks,MIN,EDGE,50.02,11.92,5,5.0,LOW,2026,2,RSM-v0.1-checkpoint1,"{""replacement_prior"":50.0,""sample_reliability"":0.0066,""season_count"":5.0,""weighted_observed_rating"":50.02}"
00-0041353,Cam'Ron Stewart,MIN,EDGE,50.02,11.92,5,5.0,LOW,2026,2,RSM-v0.1-checkpoint1,"{""replacement_prior"":50.0,""sample_reliability"":0.0066,""season_count"":5.0,""weighted_observed_rating"":50.02}"
00-0040572,Jahvaree Ritzie,MIN,EDGE,50.02,11.92,5,5.0,LOW,2026,2,RSM-v0.1-checkpoint1,"{""replacement_prior"":50.0,""sample_reliability"":0.0066,""season_count"":5.0,""weighted_observed_rating"":50.02}"
00-0041432,Smith Vilbert,MIN,EDGE,50.02,11.92,5,5.0,LOW,2026,2,RSM-v0.1-checkpoint1,"{""replacement_prior"":50.0,""sample_reliability"":0.0066,""season_count"":5.0,""weighted_observed_rating"":50.02}"
00-0039404,Will Reichard,MIN,K,72.56,1.56,2,134.0,HIGH,2026,2,RSM-v0.1-checkpoint1,"{""replacement_prior"":50.0,""sample_reliability"":0.8698,""season_count"":2.0,""weighted_observed_rating"":72.56}"
00-0035276,Blake Cashman,MIN,LB,64.22,5.9,5,2492.0,MEDIUM,2026,2,RSM-v0.1-checkpoint1,"{""replacement_prior"":50.0,""sample_reliability"":0.5082,""season_count"":5.0,""weighted_observed_rating"":64.22}"
00-0038807,Ivan Pace Jr.,MIN,LB,63.1,7.16,5,1445.0,MEDIUM,2026,2,RSM-v0.1-checkpoint1,"{""replacement_prior"":50.0,""sample_reliability"":0.4037,""season_count"":5.0,""weighted_observed_rating"":63.1}"
00-0033336,Eric Wilson,MIN,LB,63.06,6.8,5,1680.0,MEDIUM,2026,2,RSM-v0.1-checkpoint1,"{""replacement_prior"":50.0,""sample_reliability"":0.4331,""season_count"":5.0,""weighted_observed_rating"":63.06}"
00-0037184,Josh Ross,MIN,LB,50.27,10.32,5,353.0,LOW,2026,2,RSM-v0.1-checkpoint1,"{""replacement_prior"":50.0,""sample_reliability"":0.1397,""season_count"":5.0,""weighted_observed_rating"":50.27}"
00-0041431,Bangally Kamara,MIN,LB,50.02,11.93,5,5.0,LOW,2026,2,RSM-v0.1-checkpoint1,"{""replacement_prior"":50.0,""sample_reliability"":0.0058,""season_count"":5.0,""weighted_observed_rating"":50.02}"
00-0040786,Jacob Roberts,MIN,LB,50.02,11.93,5,5.0,LOW,2026,2,RSM-v0.1-checkpoint1,"{""replacement_prior"":50.0,""sample_reliability"":0.0058,""season_count"":5.0,""weighted_observed_rating"":50.02}"
00-0041495,Jake Golday,MIN,LB,50.02,11.93,5,5.0,LOW,2026,2,RSM-v0.1-checkpoint1,"{""replacement_prior"":50.0,""sample_reliability"":0.0058,""season_count"":5.0,""weighted_observed_rating"":50.02}"
00-0034158,Brian O'Neill,MIN,OL,68.59,2.49,4,3769.0,LOW,2026,2,RSM-v0.1-checkpoint1,"{""replacement_prior"":50.0,""sample_reliability"":0.7928,""season_count"":4.0,""weighted_observed_rating"":68.59}"
00-0036483,Will Fries,MIN,OL,62.27,3.24,4,3027.0,LOW,2026,2,RSM-v0.1-checkpoint1,"{""replacement_prior"":50.0,""sample_reliability"":0.73,""season_count"":4.0,""weighted_observed_rating"":62.27}"
00-0036616,Christian Darrisaw,MIN,OL,61.73,3.52,4,2731.0,LOW,2026,2,RSM-v0.1-checkpoint1,"{""replacement_prior"":50.0,""sample_reliability"":0.7063,""season_count"":4.0,""weighted_observed_rating"":61.73}"
00-0040661,Donovan Jackson,MIN,OL,59.93,2.69,1,795.0,LOW,2026,2,RSM-v0.1-checkpoint1,"{""replacement_prior"":50.0,""sample_reliability"":0.7756,""season_count"":1.0,""weighted_observed_rating"":59.93}"
00-0036347,Blake Brandel,MIN,OL,58.23,3.91,4,2159.0,LOW,2026,2,RSM-v0.1-checkpoint1,"{""replacement_prior"":50.0,""sample_reliability"":0.6741,""season_count"":4.0,""weighted_observed_rating"":58.23}"
00-0041053,Caleb Tiernan,MIN,OL,50.0,12.0,0,0,LOW,2026,2,RSM-v0.1-checkpoint1,"{""replacement_prior"":50.0,""sample_reliability"":0.0,""season_count"":0.0,""weighted_observed_rating"":50.0}"
00-0041349,Delby Lemieux,MIN,OL,50.0,12.0,0,0,LOW,2026,2,RSM-v0.1-checkpoint1,"{""replacement_prior"":50.0,""sample_reliability"":0.0,""season_count"":0.0,""weighted_observed_rating"":50.0}"
00-0038785,Henry Byrd,MIN,OL,50.0,12.0,0,0,LOW,2026,2,RSM-v0.1-checkpoint1,"{""replacement_prior"":50.0,""sample_reliability"":0.0,""season_count"":0.0,""weighted_observed_rating"":50.0}"
00-0040548,Joshua Gray,MIN,OL,50.0,12.0,0,0,LOW,2026,2,RSM-v0.1-checkpoint1,"{""replacement_prior"":50.0,""sample_reliability"":0.0,""season_count"":0.0,""weighted_observed_rating"":50.0}"
00-0039237,Nick Samac,MIN,OL,50.0,12.0,0,0,LOW,2026,2,RSM-v0.1-checkpoint1,"{""replacement_prior"":50.0,""sample_reliability"":0.0,""season_count"":0.0,""weighted_observed_rating"":50.0}"
00-0041351,Tomas Rimac,MIN,OL,50.0,12.0,0,0,LOW,2026,2,RSM-v0.1-checkpoint1,"{""replacement_prior"":50.0,""sample_reliability"":0.0,""season_count"":0.0,""weighted_observed_rating"":50.0}"
00-0041348,Tristan Leigh,MIN,OL,50.0,12.0,0,0,LOW,2026,2,RSM-v0.1-checkpoint1,"{""replacement_prior"":50.0,""sample_reliability"":0.0,""season_count"":0.0,""weighted_observed_rating"":50.0}"
00-0039310,Trevor Keegan,MIN,OL,49.97,11.18,2,41.0,LOW,2026,2,RSM-v0.1-checkpoint1,"{""replacement_prior"":50.0,""sample_reliability"":0.0681,""season_count"":2.0,""weighted_observed_rating"":49.97}"
00-0040224,Jack Nelson,MIN,OL,49.78,11.79,1,4.0,LOW,2026,2,RSM-v0.1-checkpoint1,"{""replacement_prior"":50.0,""sample_reliability"":0.0171,""season_count"":1.0,""weighted_observed_rating"":49.78}"
00-0037404,Ryan Van Demark,MIN,OL,49.02,6.54,3,558.0,LOW,2026,2,RSM-v0.1-checkpoint1,"{""replacement_prior"":50.0,""sample_reliability"":0.4549,""season_count"":3.0,""weighted_observed_rating"":49.02}"
00-0039419,Michael Jurgens,MIN,OL,48.79,5.12,1,309.0,LOW,2026,2,RSM-v0.1-checkpoint1,"{""replacement_prior"":50.0,""sample_reliability"":0.5733,""season_count"":1.0,""weighted_observed_rating"":48.79}"
00-0040500,Joe Huber,MIN,OL,47.45,8.93,1,79.0,LOW,2026,2,RSM-v0.1-checkpoint1,"{""replacement_prior"":50.0,""sample_reliability"":0.2557,""season_count"":1.0,""weighted_observed_rating"":47.45}"
00-0029714,Andrew DePaola,MIN,OTHER,54.54,5.23,4,536.0,MEDIUM,2026,2,RSM-v0.1-checkpoint1,"{""replacement_prior"":50.0,""sample_reliability"":0.5645,""season_count"":4.0,""weighted_observed_rating"":54.54}"
00-0041581,Brett Thorson,MIN,OTHER,50.0,12.0,0,0,LOW,2026,2,RSM-v0.1-checkpoint1,"{""replacement_prior"":50.0,""sample_reliability"":0.0,""season_count"":0.0,""weighted_observed_rating"":50.0}"
00-0035228,Kyler Murray,MIN,QB,58.53,3.16,4,1449.0,HIGH,2026,2,RSM-v0.1-checkpoint1,"{""replacement_prior"":50.0,""sample_reliability"":0.737,""season_count"":4.0,""weighted_observed_rating"":58.53}"
00-0032950,Carson Wentz,MIN,QB,53.99,6.56,4,539.0,MEDIUM,2026,2,RSM-v0.1-checkpoint1,"{""replacement_prior"":50.0,""sample_reliability"":0.4535,""season_count"":4.0,""weighted_observed_rating"":53.99}"
00-0039923,J.J. McCarthy,MIN,QB,53.31,3.24,1,270.0,MEDIUM,2026,2,RSM-v0.1-checkpoint1,"{""replacement_prior"":50.0,""sample_reliability"":0.7297,""season_count"":1.0,""weighted_observed_rating"":53.31}"
00-0040494,Max Brosmer,MIN,QB,42.98,6.49,1,85.0,MEDIUM,2026,2,RSM-v0.1-checkpoint1,"{""replacement_prior"":50.0,""sample_reliability"":0.4595,""season_count"":1.0,""weighted_observed_rating"":42.98}"
00-0037525,Jordan Mason,MIN,RB,60.29,4.29,4,429.0,MEDIUM,2026,2,RSM-v0.1-checkpoint1,"{""replacement_prior"":50.0,""sample_reliability"":0.6425,""season_count"":4.0,""weighted_observed_rating"":60.29}"
00-0033293,Aaron Jones,MIN,RB,59.6,2.61,4,960.0,HIGH,2026,2,RSM-v0.1-checkpoint1,"{""replacement_prior"":50.0,""sample_reliability"":0.7823,""season_count"":4.0,""weighted_observed_rating"":59.6}"
00-0032918,C.J. Ham,MIN,RB,52.98,10.6,4,39.0,LOW,2026,2,RSM-v0.1-checkpoint1,"{""replacement_prior"":50.0,""sample_reliability"":0.1168,""season_count"":4.0,""weighted_observed_rating"":52.98}"
00-0036425,DeeJay Dallas,MIN,RB,52.93,9.9,4,89.0,LOW,2026,2,RSM-v0.1-checkpoint1,"{""replacement_prior"":50.0,""sample_reliability"":0.1748,""season_count"":4.0,""weighted_observed_rating"":52.93}"
00-0036670,Jermar Jefferson,MIN,RB,51.27,10.75,1,7.0,LOW,2026,2,RSM-v0.1-checkpoint1,"{""replacement_prior"":50.0,""sample_reliability"":0.1045,""season_count"":1.0,""weighted_observed_rating"":51.27}"
00-0041104,Demond Claiborne,MIN,RB,50.0,12.0,0,0,LOW,2026,2,RSM-v0.1-checkpoint1,"{""replacement_prior"":50.0,""sample_reliability"":0.0,""season_count"":0.0,""weighted_observed_rating"":50.0}"
00-0041081,Max Bredeson,MIN,RB,50.0,12.0,0,0,LOW,2026,2,RSM-v0.1-checkpoint1,"{""replacement_prior"":50.0,""sample_reliability"":0.0,""season_count"":0.0,""weighted_observed_rating"":50.0}"
00-0029606,Harrison Smith,MIN,S,63.24,5.46,5,3831.0,MEDIUM,2026,2,RSM-v0.1-checkpoint1,"{""replacement_prior"":50.0,""sample_reliability"":0.5449,""season_count"":5.0,""weighted_observed_rating"":63.24}"
00-0036348,Josh Metellus,MIN,S,61.47,5.67,5,3183.0,MEDIUM,2026,2,RSM-v0.1-checkpoint1,"{""replacement_prior"":50.0,""sample_reliability"":0.5277,""season_count"":5.0,""weighted_observed_rating"":61.47}"
00-0037301,Theo Jackson,MIN,S,57.4,8.22,5,753.0,LOW,2026,2,RSM-v0.1-checkpoint1,"{""replacement_prior"":50.0,""sample_reliability"":0.3146,""season_count"":5.0,""weighted_observed_rating"":57.4}"
00-0034488,Tavierre Thomas,MIN,S,52.96,9.63,5,826.0,LOW,2026,2,RSM-v0.1-checkpoint1,"{""replacement_prior"":50.0,""sample_reliability"":0.1975,""season_count"":5.0,""weighted_observed_rating"":52.96}"
00-0038578,Jay Ward,MIN,S,51.69,9.57,5,313.0,LOW,2026,2,RSM-v0.1-checkpoint1,"{""replacement_prior"":50.0,""sample_reliability"":0.2026,""season_count"":5.0,""weighted_observed_rating"":51.69}"
00-0041354,Jacob Thomas,MIN,S,50.02,11.93,5,5.0,LOW,2026,2,RSM-v0.1-checkpoint1,"{""replacement_prior"":50.0,""sample_reliability"":0.0055,""season_count"":5.0,""weighted_observed_rating"":50.02}"
00-0041054,Jakobe Thomas,MIN,S,50.02,11.93,5,5.0,LOW,2026,2,RSM-v0.1-checkpoint1,"{""replacement_prior"":50.0,""sample_reliability"":0.0055,""season_count"":5.0,""weighted_observed_rating"":50.02}"
00-0035249,Josh Oliver,MIN,TE,65.35,2.94,4,322.0,HIGH,2026,2,RSM-v0.1-checkpoint1,"{""replacement_prior"":50.0,""sample_reliability"":0.7548,""season_count"":4.0,""weighted_observed_rating"":65.35}"
00-0035229,T.J. Hockenson,MIN,TE,61.12,2.31,4,481.8,HIGH,2026,2,RSM-v0.1-checkpoint1,"{""replacement_prior"":50.0,""sample_reliability"":0.8077,""season_count"":4.0,""weighted_observed_rating"":61.12}"
00-0040509,Ben Yurosek,MIN,TE,52.05,6.77,1,19.3,MEDIUM,2026,2,RSM-v0.1-checkpoint1,"{""replacement_prior"":50.0,""sample_reliability"":0.4361,""season_count"":1.0,""weighted_observed_rating"":52.05}"
00-0039631,Cam Grandy,MIN,TE,50.76,9.27,2,17.2,LOW,2026,2,RSM-v0.1-checkpoint1,"{""replacement_prior"":50.0,""sample_reliability"":0.2277,""season_count"":2.0,""weighted_observed_rating"":50.76}"
00-0040504,Bryson Nesbit,MIN,TE,50.0,12.0,0,0,LOW,2026,2,RSM-v0.1-checkpoint1,"{""replacement_prior"":50.0,""sample_reliability"":0.0,""season_count"":0.0,""weighted_observed_rating"":50.0}"
00-0040215,Gavin Bartholomew,MIN,TE,50.0,12.0,0,0,LOW,2026,2,RSM-v0.1-checkpoint1,"{""replacement_prior"":50.0,""sample_reliability"":0.0,""season_count"":0.0,""weighted_observed_rating"":50.0}"
00-0040060,Marshall Lang,MIN,TE,50.0,12.0,0,0,LOW,2026,2,RSM-v0.1-checkpoint1,"{""replacement_prior"":50.0,""sample_reliability"":0.0,""season_count"":0.0,""weighted_observed_rating"":50.0}"
00-0041001,Matt Lauter,MIN,TE,50.0,12.0,0,0,LOW,2026,2,RSM-v0.1-checkpoint1,"{""replacement_prior"":50.0,""sample_reliability"":0.0,""season_count"":0.0,""weighted_observed_rating"":50.0}"
00-0036322,Justin Jefferson,MIN,WR,62.14,2.28,4,614.7,HIGH,2026,2,RSM-v0.1-checkpoint1,"{""replacement_prior"":50.0,""sample_reliability"":0.8103,""season_count"":4.0,""weighted_observed_rating"":62.14}"
00-0038994,Jordan Addison,MIN,WR,60.85,2.54,3,408.8,HIGH,2026,2,RSM-v0.1-checkpoint1,"{""replacement_prior"":50.0,""sample_reliability"":0.7887,""season_count"":3.0,""weighted_observed_rating"":60.85}"
00-0036259,Jauan Jennings,MIN,WR,59.07,3.08,4,389.0,HIGH,2026,2,RSM-v0.1-checkpoint1,"{""replacement_prior"":50.0,""sample_reliability"":0.7436,""season_count"":4.0,""weighted_observed_rating"":59.07}"
00-0030035,Adam Thielen,MIN,WR,58.16,3.46,4,484.0,HIGH,2026,2,RSM-v0.1-checkpoint1,"{""replacement_prior"":50.0,""sample_reliability"":0.7114,""season_count"":4.0,""weighted_observed_rating"":58.16}"
00-0040154,Tai Felton,MIN,WR,52.65,9.84,1,7.7,LOW,2026,2,RSM-v0.1-checkpoint1,"{""replacement_prior"":50.0,""sample_reliability"":0.1797,""season_count"":1.0,""weighted_observed_rating"":52.65}"
00-0041342,Dillon Bell,MIN,WR,50.0,12.0,0,0,LOW,2026,2,RSM-v0.1-checkpoint1,"{""replacement_prior"":50.0,""sample_reliability"":0.0,""season_count"":0.0,""weighted_observed_rating"":50.0}"
00-0040498,Dontae Fleming,MIN,WR,50.0,12.0,0,0,LOW,2026,2,RSM-v0.1-checkpoint1,"{""replacement_prior"":50.0,""sample_reliability"":0.0,""season_count"":0.0,""weighted_observed_rating"":50.0}"
00-0039710,Jeshaun Jones,MIN,WR,50.0,12.0,0,0,LOW,2026,2,RSM-v0.1-checkpoint1,"{""replacement_prior"":50.0,""sample_reliability"":0.0,""season_count"":0.0,""weighted_observed_rating"":50.0}"
00-0041352,Marcus Sanders Jr.,MIN,WR,50.0,12.0,0,0,LOW,2026,2,RSM-v0.1-checkpoint1,"{""replacement_prior"":50.0,""sample_reliability"":0.0,""season_count"":0.0,""weighted_observed_rating"":50.0}"
00-0040970,Michael Briscoe,MIN,WR,50.0,12.0,0,0,LOW,2026,2,RSM-v0.1-checkpoint1,"{""replacement_prior"":50.0,""sample_reliability"":0.0,""season_count"":0.0,""weighted_observed_rating"":50.0}"
00-0041481,Terrill Davis,MIN,WR,50.0,12.0,0,0,LOW,2026,2,RSM-v0.1-checkpoint1,"{""replacement_prior"":50.0,""sample_reliability"":0.0,""season_count"":0.0,""weighted_observed_rating"":50.0}"
00-0041475,Trayvon Rudolph,MIN,WR,50.0,12.0,0,0,LOW,2026,2,RSM-v0.1-checkpoint1,"{""replacement_prior"":50.0,""sample_reliability"":0.0,""season_count"":0.0,""weighted_observed_rating"":50.0}"
00-0040506,Myles Price,MIN,WR,49.54,11.1,1,2.8,LOW,2026,2,RSM-v0.1-checkpoint1,"{""replacement_prior"":50.0,""sample_reliability"":0.0749,""season_count"":1.0,""weighted_observed_rating"":49.54}"
00-0037253,Marcus Jones,NE,CB,65.22,6.33,5,1745.0,MEDIUM,2026,2,RSM-v0.1-checkpoint1,"{""replacement_prior"":50.0,""sample_reliability"":0.4723,""season_count"":5.0,""weighted_observed_rating"":65.22}"
00-0039147,Christian Gonzalez,NE,CB,60.68,5.86,5,2009.0,MEDIUM,2026,2,RSM-v0.1-checkpoint1,"{""replacement_prior"":50.0,""sample_reliability"":0.5119,""season_count"":5.0,""weighted_observed_rating"":60.68}"
00-0034778,Carlton Davis III,NE,CB,60.22,4.74,5,3197.0,MEDIUM,2026,2,RSM-v0.1-checkpoint1,"{""replacement_prior"":50.0,""sample_reliability"":0.6053,""season_count"":5.0,""weighted_observed_rating"":60.22}"
00-0036307,Kindle Vildor,NE,CB,57.08,7.69,5,1151.0,MEDIUM,2026,2,RSM-v0.1-checkpoint1,"{""replacement_prior"":50.0,""sample_reliability"":0.359,""season_count"":5.0,""weighted_observed_rating"":57.08}"
00-0039770,Charles Woods,NE,CB,50.85,10.54,5,133.0,LOW,2026,2,RSM-v0.1-checkpoint1,"{""replacement_prior"":50.0,""sample_reliability"":0.1215,""season_count"":5.0,""weighted_observed_rating"":50.85}"
00-0040252,Kobee Minor,NE,CB,50.09,11.37,5,43.0,LOW,2026,2,RSM-v0.1-checkpoint1,"{""replacement_prior"":50.0,""sample_reliability"":0.0521,""season_count"":5.0,""weighted_observed_rating"":50.09}"
00-0040565,Brandon Crossley,NE,CB,50.02,11.93,5,5.0,LOW,2026,2,RSM-v0.1-checkpoint1,"{""replacement_prior"":50.0,""sample_reliability"":0.0055,""season_count"":5.0,""weighted_observed_rating"":50.02}"
00-0041316,Channing Canada,NE,CB,50.02,11.93,5,5.0,LOW,2026,2,RSM-v0.1-checkpoint1,"{""replacement_prior"":50.0,""sample_reliability"":0.0055,""season_count"":5.0,""weighted_observed_rating"":50.02}"
00-0041088,Karon Prunty,NE,CB,50.02,11.93,5,5.0,LOW,2026,2,RSM-v0.1-checkpoint1,"{""replacement_prior"":50.0,""sample_reliability"":0.0055,""season_count"":5.0,""weighted_observed_rating"":50.02}"
00-0036916,Milton Williams,NE,DL,66.32,5.64,5,1851.0,MEDIUM,2026,2,RSM-v0.1-checkpoint1,"{""replacement_prior"":50.0,""sample_reliability"":0.5297,""season_count"":5.0,""weighted_observed_rating"":66.32}"
00-0036981,Christian Barmore,NE,DL,62.79,6.08,5,1896.0,MEDIUM,2026,2,RSM-v0.1-checkpoint1,"{""replacement_prior"":50.0,""sample_reliability"":0.4936,""season_count"":5.0,""weighted_observed_rating"":62.79}"
00-0039289,Leonard Taylor III,NE,DL,55.07,9.32,5,369.0,LOW,2026,2,RSM-v0.1-checkpoint1,"{""replacement_prior"":50.0,""sample_reliability"":0.2234,""season_count"":5.0,""weighted_observed_rating"":55.07}"
00-0038653,Cory Durden,NE,DL,54.1,8.15,5,540.0,LOW,2026,2,RSM-v0.1-checkpoint1,"{""replacement_prior"":50.0,""sample_reliability"":0.3212,""season_count"":5.0,""weighted_observed_rating"":54.1}"
00-0037711,Jeremiah Pharms Jr.,NE,DL,53.74,9.2,5,596.0,LOW,2026,2,RSM-v0.1-checkpoint1,"{""replacement_prior"":50.0,""sample_reliability"":0.2337,""season_count"":5.0,""weighted_observed_rating"":53.74}"
00-0040171,Joshua Farmer,NE,DL,51.43,9.92,5,236.0,LOW,2026,2,RSM-v0.1-checkpoint1,"{""replacement_prior"":50.0,""sample_reliability"":0.1733,""season_count"":5.0,""weighted_observed_rating"":51.43}"
00-0040371,Eric Gregory,NE,DL,50.31,10.57,5,130.0,LOW,2026,2,RSM-v0.1-checkpoint1,"{""replacement_prior"":50.0,""sample_reliability"":0.1192,""season_count"":5.0,""weighted_observed_rating"":50.31}"
00-0039510,Casey Rogers,NE,DL,50.05,11.57,5,38.0,LOW,2026,2,RSM-v0.1-checkpoint1,"{""replacement_prior"":50.0,""sample_reliability"":0.0356,""season_count"":5.0,""weighted_observed_rating"":50.05}"
00-0039644,Isaiah Iton,NE,DL,50.02,11.93,5,5.0,LOW,2026,2,RSM-v0.1-checkpoint1,"{""replacement_prior"":50.0,""sample_reliability"":0.0058,""season_count"":5.0,""weighted_observed_rating"":50.02}"
00-0041211,Jalen Hunt,NE,DL,50.02,11.93,5,5.0,LOW,2026,2,RSM-v0.1-checkpoint1,"{""replacement_prior"":50.0,""sample_reliability"":0.0058,""season_count"":5.0,""weighted_observed_rating"":50.02}"
00-0035678,Dre'Mont Jones,NE,EDGE,63.07,4.62,5,2928.0,MEDIUM,2026,2,RSM-v0.1-checkpoint1,"{""replacement_prior"":50.0,""sample_reliability"":0.6147,""season_count"":5.0,""weighted_observed_rating"":63.07}"
00-0034828,Harold Landry III,NE,EDGE,61.28,6.25,5,2400.0,MEDIUM,2026,2,RSM-v0.1-checkpoint1,"{""replacement_prior"":50.0,""sample_reliability"":0.4795,""season_count"":5.0,""weighted_observed_rating"":61.28}"
00-0040574,Elijah Ponder,NE,EDGE,56.05,9.19,5,257.0,LOW,2026,2,RSM-v0.1-checkpoint1,"{""replacement_prior"":50.0,""sample_reliability"":0.2338,""season_count"":5.0,""weighted_observed_rating"":56.05}"
00-0041569,Gabe Jacas,NE,EDGE,51.81,11.48,5,23.0,LOW,2026,2,RSM-v0.1-checkpoint1,"{""replacement_prior"":50.0,""sample_reliability"":0.0437,""season_count"":5.0,""weighted_observed_rating"":51.81}"
00-0039053,Jose Ramirez,NE,EDGE,50.28,11.57,5,34.0,LOW,2026,2,RSM-v0.1-checkpoint1,"{""replacement_prior"":50.0,""sample_reliability"":0.0354,""season_count"":5.0,""weighted_observed_rating"":50.28}"
00-0041455,Erick Hunter,NE,EDGE,50.02,11.92,5,5.0,LOW,2026,2,RSM-v0.1-checkpoint1,"{""replacement_prior"":50.0,""sample_reliability"":0.0066,""season_count"":5.0,""weighted_observed_rating"":50.02}"
00-0041402,Quintayvious Hutchins,NE,EDGE,50.02,11.92,5,5.0,LOW,2026,2,RSM-v0.1-checkpoint1,"{""replacement_prior"":50.0,""sample_reliability"":0.0066,""season_count"":5.0,""weighted_observed_rating"":50.02}"
00-0041412,Xavier Holmes,NE,EDGE,50.02,11.92,5,5.0,LOW,2026,2,RSM-v0.1-checkpoint1,"{""replacement_prior"":50.0,""sample_reliability"":0.0066,""season_count"":5.0,""weighted_observed_rating"":50.02}"
00-0040200,Andy Borregales,NE,K,53.77,6.18,2,89.0,MEDIUM,2026,2,RSM-v0.1-checkpoint1,"{""replacement_prior"":50.0,""sample_reliability"":0.4847,""season_count"":2.0,""weighted_observed_rating"":53.77}"
00-0034720,Robert Spillane,NE,LB,62.88,4.55,5,3574.0,MEDIUM,2026,2,RSM-v0.1-checkpoint1,"{""replacement_prior"":50.0,""sample_reliability"":0.6209,""season_count"":5.0,""weighted_observed_rating"":62.88}"
00-0036813,Christian Elliss,NE,LB,58.34,6.31,5,1209.0,MEDIUM,2026,2,RSM-v0.1-checkpoint1,"{""replacement_prior"":50.0,""sample_reliability"":0.4742,""season_count"":5.0,""weighted_observed_rating"":58.34}"
00-0039829,Darius Muasau,NE,LB,53.72,8.05,5,893.0,LOW,2026,2,RSM-v0.1-checkpoint1,"{""replacement_prior"":50.0,""sample_reliability"":0.3292,""season_count"":5.0,""weighted_observed_rating"":53.72}"
00-0036643,K.J. Britt,NE,LB,52.88,7.88,5,967.0,LOW,2026,2,RSM-v0.1-checkpoint1,"{""replacement_prior"":50.0,""sample_reliability"":0.3436,""season_count"":5.0,""weighted_observed_rating"":52.88}"
00-0041109,Namdi Obiazor,NE,LB,50.91,11.24,5,39.0,LOW,2026,2,RSM-v0.1-checkpoint1,"{""replacement_prior"":50.0,""sample_reliability"":0.0636,""season_count"":5.0,""weighted_observed_rating"":50.91}"
00-0041321,Khalil Jacobs,NE,LB,50.02,11.93,5,5.0,LOW,2026,2,RSM-v0.1-checkpoint1,"{""replacement_prior"":50.0,""sample_reliability"":0.0058,""season_count"":5.0,""weighted_observed_rating"":50.02}"
00-0041564,Riley Wilson,NE,LB,50.02,11.93,5,5.0,LOW,2026,2,RSM-v0.1-checkpoint1,"{""replacement_prior"":50.0,""sample_reliability"":0.0058,""season_count"":5.0,""weighted_observed_rating"":50.02}"
00-0031330,Morgan Moses,NE,OL,63.46,4.83,5,3629.0,LOW,2026,2,RSM-v0.1-checkpoint1,"{""replacement_prior"":50.0,""sample_reliability"":0.5979,""season_count"":5.0,""weighted_observed_rating"":63.46}"
00-0036198,Mike Onwenu,NE,OL,62.57,4.65,5,4071.0,LOW,2026,2,RSM-v0.1-checkpoint1,"{""replacement_prior"":50.0,""sample_reliability"":0.6122,""season_count"":5.0,""weighted_observed_rating"":62.57}"
00-0029685,Greg Van Roten,NE,OL,62.35,5.71,5,3657.0,LOW,2026,2,RSM-v0.1-checkpoint1,"{""replacement_prior"":50.0,""sample_reliability"":0.524,""season_count"":5.0,""weighted_observed_rating"":62.35}"
00-0036979,Alijah Vera-Tucker,NE,OL,57.89,6.39,4,1668.0,LOW,2026,2,RSM-v0.1-checkpoint1,"{""replacement_prior"":50.0,""sample_reliability"":0.4673,""season_count"":4.0,""weighted_observed_rating"":57.89}"
00-0040147,Jared Wilson,NE,OL,56.44,6.36,2,856.0,LOW,2026,2,RSM-v0.1-checkpoint1,"{""replacement_prior"":50.0,""sample_reliability"":0.47,""season_count"":2.0,""weighted_observed_rating"":56.44}"
00-0040699,Will Campbell,NE,OL,56.41,6.36,2,854.0,LOW,2026,2,RSM-v0.1-checkpoint1,"{""replacement_prior"":50.0,""sample_reliability"":0.4698,""season_count"":2.0,""weighted_observed_rating"":56.41}"
00-0037413,Ben Brown,NE,OL,54.53,5.74,3,1006.0,LOW,2026,2,RSM-v0.1-checkpoint1,"{""replacement_prior"":50.0,""sample_reliability"":0.5214,""season_count"":3.0,""weighted_observed_rating"":54.53}"
00-0039508,Jake Kubas,NE,OL,52.01,6.45,1,198.0,LOW,2026,2,RSM-v0.1-checkpoint1,"{""replacement_prior"":50.0,""sample_reliability"":0.4626,""season_count"":1.0,""weighted_observed_rating"":52.01}"
00-0041541,Caleb Lomu,NE,OL,50.0,12.0,0,0,LOW,2026,2,RSM-v0.1-checkpoint1,"{""replacement_prior"":50.0,""sample_reliability"":0.0,""season_count"":0.0,""weighted_observed_rating"":50.0}"
00-0041103,Dametrious Crownover,NE,OL,50.0,12.0,0,0,LOW,2026,2,RSM-v0.1-checkpoint1,"{""replacement_prior"":50.0,""sample_reliability"":0.0,""season_count"":0.0,""weighted_observed_rating"":50.0}"
00-0039246,Darrian Dalcourt,NE,OL,50.0,12.0,0,0,LOW,2026,2,RSM-v0.1-checkpoint1,"{""replacement_prior"":50.0,""sample_reliability"":0.0,""season_count"":0.0,""weighted_observed_rating"":50.0}"
00-0040564,Jack Conley,NE,OL,50.0,12.0,0,0,LOW,2026,2,RSM-v0.1-checkpoint1,"{""replacement_prior"":50.0,""sample_reliability"":0.0,""season_count"":0.0,""weighted_observed_rating"":50.0}"
00-0041325,Jacob Rizy,NE,OL,50.0,12.0,0,0,LOW,2026,2,RSM-v0.1-checkpoint1,"{""replacement_prior"":50.0,""sample_reliability"":0.0,""season_count"":0.0,""weighted_observed_rating"":50.0}"
00-0041324,JonDarius Morgan,NE,OL,50.0,12.0,0,0,LOW,2026,2,RSM-v0.1-checkpoint1,"{""replacement_prior"":50.0,""sample_reliability"":0.0,""season_count"":0.0,""weighted_observed_rating"":50.0}"
00-0040446,Joseph Michalski,NE,OL,50.0,12.0,0,0,LOW,2026,2,RSM-v0.1-checkpoint1,"{""replacement_prior"":50.0,""sample_reliability"":0.0,""season_count"":0.0,""weighted_observed_rating"":50.0}"
00-0038426,Lorenz Metz,NE,OL,50.0,12.0,0,0,LOW,2026,2,RSM-v0.1-checkpoint1,"{""replacement_prior"":50.0,""sample_reliability"":0.0,""season_count"":0.0,""weighted_observed_rating"":50.0}"
00-0040593,Mehki Butler,NE,OL,50.0,12.0,0,0,LOW,2026,2,RSM-v0.1-checkpoint1,"{""replacement_prior"":50.0,""sample_reliability"":0.0,""season_count"":0.0,""weighted_observed_rating"":50.0}"
00-0040226,Marcus Bryant,NE,OL,49.07,11.08,1,19.0,LOW,2026,2,RSM-v0.1-checkpoint1,"{""replacement_prior"":50.0,""sample_reliability"":0.0763,""season_count"":1.0,""weighted_observed_rating"":49.07}"
00-0039828,Walter Rouse,NE,OL,48.41,8.68,1,88.0,LOW,2026,2,RSM-v0.1-checkpoint1,"{""replacement_prior"":50.0,""sample_reliability"":0.2767,""season_count"":1.0,""weighted_observed_rating"":48.41}"
00-0038610,Bryce Baringer,NE,OTHER,56.93,5.01,3,422.0,MEDIUM,2026,2,RSM-v0.1-checkpoint1,"{""replacement_prior"":50.0,""sample_reliability"":0.5825,""season_count"":3.0,""weighted_observed_rating"":56.93}"
00-0040246,Julian Ashby,NE,OTHER,53.82,8.51,2,147.0,LOW,2026,2,RSM-v0.1-checkpoint1,"{""replacement_prior"":50.0,""sample_reliability"":0.291,""season_count"":2.0,""weighted_observed_rating"":53.82}"
00-0034941,Mitch Wishnowsky,NE,OTHER,49.7,7.8,5,474.0,MEDIUM,2026,2,RSM-v0.1-checkpoint1,"{""replacement_prior"":50.0,""sample_reliability"":0.3503,""season_count"":5.0,""weighted_observed_rating"":49.7}"
00-0039851,Drake Maye,NE,QB,58.85,5.07,3,947.0,MEDIUM,2026,2,RSM-v0.1-checkpoint1,"{""replacement_prior"":50.0,""sample_reliability"":0.5778,""season_count"":3.0,""weighted_observed_rating"":58.85}"
00-0038476,Tommy DeVito,NE,QB,51.34,6.32,2,265.0,MEDIUM,2026,2,RSM-v0.1-checkpoint1,"{""replacement_prior"":50.0,""sample_reliability"":0.473,""season_count"":2.0,""weighted_observed_rating"":51.34}"
00-0041123,Behren Morton,NE,QB,50.0,12.0,0,0,LOW,2026,2,RSM-v0.1-checkpoint1,"{""replacement_prior"":50.0,""sample_reliability"":0.0,""season_count"":0.0,""weighted_observed_rating"":50.0}"
00-0040734,TreVeyon Henderson,NE,RB,64.13,2.55,1,222.0,MEDIUM,2026,2,RSM-v0.1-checkpoint1,"{""replacement_prior"":50.0,""sample_reliability"":0.7872,""season_count"":1.0,""weighted_observed_rating"":64.13}"
00-0036875,Rhamondre Stevenson,NE,RB,55.28,4.76,5,944.0,MEDIUM,2026,2,RSM-v0.1-checkpoint1,"{""replacement_prior"":50.0,""sample_reliability"":0.6032,""season_count"":5.0,""weighted_observed_rating"":55.28}"
00-0037617,Hassan Haskins,NE,RB,53.88,8.17,3,95.0,LOW,2026,2,RSM-v0.1-checkpoint1,"{""replacement_prior"":50.0,""sample_reliability"":0.3192,""season_count"":3.0,""weighted_observed_rating"":53.88}"
00-0040556,Corey Kiner,NE,RB,51.7,10.34,2,21.0,LOW,2026,2,RSM-v0.1-checkpoint1,"{""replacement_prior"":50.0,""sample_reliability"":0.1384,""season_count"":2.0,""weighted_observed_rating"":51.7}"
00-0036187,Reggie Gilliam,NE,RB,50.41,11.28,4,18.0,LOW,2026,2,RSM-v0.1-checkpoint1,"{""replacement_prior"":50.0,""sample_reliability"":0.0598,""season_count"":4.0,""weighted_observed_rating"":50.41}"
00-0040568,Lan Larison,NE,RB,50.1,11.61,1,2.0,LOW,2026,2,RSM-v0.1-checkpoint1,"{""replacement_prior"":50.0,""sample_reliability"":0.0323,""season_count"":1.0,""weighted_observed_rating"":50.1}"
00-0041129,Jam Miller,NE,RB,50.0,12.0,0,0,LOW,2026,2,RSM-v0.1-checkpoint1,"{""replacement_prior"":50.0,""sample_reliability"":0.0,""season_count"":0.0,""weighted_observed_rating"":50.0}"
00-0041323,Myles Montgomery,NE,RB,50.0,12.0,0,0,LOW,2026,2,RSM-v0.1-checkpoint1,"{""replacement_prior"":50.0,""sample_reliability"":0.0,""season_count"":0.0,""weighted_observed_rating"":50.0}"
00-0033132,Kevin Byard,NE,S,61.53,4.4,5,4434.0,MEDIUM,2026,2,RSM-v0.1-checkpoint1,"{""replacement_prior"":50.0,""sample_reliability"":0.6335,""season_count"":5.0,""weighted_observed_rating"":61.53}"
00-0039692,Dell Pettus,NE,S,58.53,8.92,5,473.0,LOW,2026,2,RSM-v0.1-checkpoint1,"{""replacement_prior"":50.0,""sample_reliability"":0.2563,""season_count"":5.0,""weighted_observed_rating"":58.53}"
00-0040716,Craig Woodson,NE,S,53.42,8.34,5,1003.0,LOW,2026,2,RSM-v0.1-checkpoint1,"{""replacement_prior"":50.0,""sample_reliability"":0.3052,""season_count"":5.0,""weighted_observed_rating"":53.42}"
00-0037205,Brenden Schooler,NE,S,52.29,10.24,5,479.0,LOW,2026,2,RSM-v0.1-checkpoint1,"{""replacement_prior"":50.0,""sample_reliability"":0.147,""season_count"":5.0,""weighted_observed_rating"":52.29}"
00-0037493,Mike Brown,NE,S,51.11,9.72,5,539.0,LOW,2026,2,RSM-v0.1-checkpoint1,"{""replacement_prior"":50.0,""sample_reliability"":0.1899,""season_count"":5.0,""weighted_observed_rating"":51.11}"
00-0040204,Jaylen Reed,NE,S,50.18,11.02,5,77.0,LOW,2026,2,RSM-v0.1-checkpoint1,"{""replacement_prior"":50.0,""sample_reliability"":0.0819,""season_count"":5.0,""weighted_observed_rating"":50.18}"
00-0040537,Elliott Davison,NE,S,50.02,11.93,5,5.0,LOW,2026,2,RSM-v0.1-checkpoint1,"{""replacement_prior"":50.0,""sample_reliability"":0.0055,""season_count"":5.0,""weighted_observed_rating"":50.02}"
00-0041586,Eric Butler,NE,S,50.02,11.93,5,5.0,LOW,2026,2,RSM-v0.1-checkpoint1,"{""replacement_prior"":50.0,""sample_reliability"":0.0055,""season_count"":5.0,""weighted_observed_rating"":50.02}"
00-0040310,John Saunders Jr.,NE,S,50.02,11.93,5,5.0,LOW,2026,2,RSM-v0.1-checkpoint1,"{""replacement_prior"":50.0,""sample_reliability"":0.0055,""season_count"":5.0,""weighted_observed_rating"":50.02}"
00-0041405,Peter Manuma,NE,S,50.02,11.93,5,5.0,LOW,2026,2,RSM-v0.1-checkpoint1,"{""replacement_prior"":50.0,""sample_reliability"":0.0055,""season_count"":5.0,""weighted_observed_rating"":50.02}"
00-0033090,Hunter Henry,NE,TE,62.35,4.31,5,536.5,MEDIUM,2026,2,RSM-v0.1-checkpoint1,"{""replacement_prior"":50.0,""sample_reliability"":0.6407,""season_count"":5.0,""weighted_observed_rating"":62.35}"
00-0036534,Shane Zylstra,NE,TE,57.19,6.0,3,83.3,MEDIUM,2026,2,RSM-v0.1-checkpoint1,"{""replacement_prior"":50.0,""sample_reliability"":0.4999,""season_count"":3.0,""weighted_observed_rating"":57.19}"
00-0041395,Eli Raridon,NE,TE,55.2,9.57,1,6.3,LOW,2026,2,RSM-v0.1-checkpoint1,"{""replacement_prior"":50.0,""sample_reliability"":0.2021,""season_count"":1.0,""weighted_observed_rating"":55.2}"
00-0038720,Julian Hill,NE,TE,53.81,3.07,3,216.0,HIGH,2026,2,RSM-v0.1-checkpoint1,"{""replacement_prior"":50.0,""sample_reliability"":0.744,""season_count"":3.0,""weighted_observed_rating"":53.81}"
00-0041314,Tanner Arkin,NE,TE,50.0,12.0,0,0,LOW,2026,2,RSM-v0.1-checkpoint1,"{""replacement_prior"":50.0,""sample_reliability"":0.0,""season_count"":0.0,""weighted_observed_rating"":50.0}"
00-0038564,Cameron Latu,NE,TE,47.28,7.11,1,17.2,MEDIUM,2026,2,RSM-v0.1-checkpoint1,"{""replacement_prior"":50.0,""sample_reliability"":0.4071,""season_count"":1.0,""weighted_observed_rating"":47.28}"
00-0040563,Efton Chism III,NE,WR,64.01,8.34,1,15.3,LOW,2026,2,RSM-v0.1-checkpoint1,"{""replacement_prior"":50.0,""sample_reliability"":0.3046,""season_count"":1.0,""weighted_observed_rating"":64.01}"
00-0035676,A.J. Brown,NE,WR,60.05,5.18,5,610.5,MEDIUM,2026,2,RSM-v0.1-checkpoint1,"{""replacement_prior"":50.0,""sample_reliability"":0.5681,""season_count"":5.0,""weighted_observed_rating"":60.05}"
00-0033555,Mack Hollins,NE,WR,58.22,5.37,5,467.5,MEDIUM,2026,2,RSM-v0.1-checkpoint1,"{""replacement_prior"":50.0,""sample_reliability"":0.5525,""season_count"":5.0,""weighted_observed_rating"":58.22}"
00-0037816,Romeo Doubs,NE,WR,56.77,5.3,5,475.7,MEDIUM,2026,2,RSM-v0.1-checkpoint1,"{""replacement_prior"":50.0,""sample_reliability"":0.5587,""season_count"":5.0,""weighted_observed_rating"":56.77}"
00-0038621,DeMario Douglas,NE,WR,55.9,6.29,4,248.7,MEDIUM,2026,2,RSM-v0.1-checkpoint1,"{""replacement_prior"":50.0,""sample_reliability"":0.4759,""season_count"":4.0,""weighted_observed_rating"":55.9}"
00-0040131,Kyle Williams,NE,WR,55.1,8.42,2,58.0,LOW,2026,2,RSM-v0.1-checkpoint1,"{""replacement_prior"":50.0,""sample_reliability"":0.2985,""season_count"":2.0,""weighted_observed_rating"":55.1}"
00-0041319,Cameron Dorner,NE,WR,50.0,12.0,0,0,LOW,2026,2,RSM-v0.1-checkpoint1,"{""replacement_prior"":50.0,""sample_reliability"":0.0,""season_count"":0.0,""weighted_observed_rating"":50.0}"
00-0040570,Jeremiah Webb,NE,WR,50.0,12.0,0,0,LOW,2026,2,RSM-v0.1-checkpoint1,"{""replacement_prior"":50.0,""sample_reliability"":0.0,""season_count"":0.0,""weighted_observed_rating"":50.0}"
00-0041322,Jimmy Kibble,NE,WR,50.0,12.0,0,0,LOW,2026,2,RSM-v0.1-checkpoint1,"{""replacement_prior"":50.0,""sample_reliability"":0.0,""season_count"":0.0,""weighted_observed_rating"":50.0}"
00-0041318,Kyle Dixon,NE,WR,50.0,12.0,0,0,LOW,2026,2,RSM-v0.1-checkpoint1,"{""replacement_prior"":50.0,""sample_reliability"":0.0,""season_count"":0.0,""weighted_observed_rating"":50.0}"
00-0041317,Nick DeGennaro,NE,WR,50.0,12.0,0,0,LOW,2026,2,RSM-v0.1-checkpoint1,"{""replacement_prior"":50.0,""sample_reliability"":0.0,""season_count"":0.0,""weighted_observed_rating"":50.0}"
00-0039397,Tejhaun Palmer,NE,WR,49.89,11.78,1,0.7,LOW,2026,2,RSM-v0.1-checkpoint1,"{""replacement_prior"":50.0,""sample_reliability"":0.0187,""season_count"":1.0,""weighted_observed_rating"":49.89}"
00-0037250,Martin Emerson,NO,CB,56.61,8.21,5,2476.0,LOW,2026,2,RSM-v0.1-checkpoint1,"{""replacement_prior"":50.0,""sample_reliability"":0.3156,""season_count"":5.0,""weighted_observed_rating"":56.61}"
00-0039860,Kool-Aid McKinstry,NO,CB,55.32,7.48,5,1758.0,MEDIUM,2026,2,RSM-v0.1-checkpoint1,"{""replacement_prior"":50.0,""sample_reliability"":0.3766,""season_count"":5.0,""weighted_observed_rating"":55.32}"
00-0040166,Quincy Riley,NO,CB,52.9,9.47,5,598.0,LOW,2026,2,RSM-v0.1-checkpoint1,"{""replacement_prior"":50.0,""sample_reliability"":0.2112,""season_count"":5.0,""weighted_observed_rating"":52.9}"
00-0039357,Decamerion Richardson,NO,CB,51.45,10.11,5,575.0,LOW,2026,2,RSM-v0.1-checkpoint1,"{""replacement_prior"":50.0,""sample_reliability"":0.1574,""season_count"":5.0,""weighted_observed_rating"":51.45}"
00-0035665,David Long,NO,CB,50.93,10.53,5,489.0,LOW,2026,2,RSM-v0.1-checkpoint1,"{""replacement_prior"":50.0,""sample_reliability"":0.1228,""season_count"":5.0,""weighted_observed_rating"":50.93}"
00-0040535,Dalys Beanum,NO,CB,50.02,11.93,5,5.0,LOW,2026,2,RSM-v0.1-checkpoint1,"{""replacement_prior"":50.0,""sample_reliability"":0.0055,""season_count"":5.0,""weighted_observed_rating"":50.02}"
00-0039725,Jayden Price,NO,CB,50.02,11.93,5,5.0,LOW,2026,2,RSM-v0.1-checkpoint1,"{""replacement_prior"":50.0,""sample_reliability"":0.0055,""season_count"":5.0,""weighted_observed_rating"":50.02}"
00-0041089,Lorenzo Styles Jr.,NO,CB,50.02,11.93,5,5.0,LOW,2026,2,RSM-v0.1-checkpoint1,"{""replacement_prior"":50.0,""sample_reliability"":0.0055,""season_count"":5.0,""weighted_observed_rating"":50.02}"
00-0038781,Rejzohn Wright,NO,CB,50.02,11.93,5,5.0,LOW,2026,2,RSM-v0.1-checkpoint1,"{""replacement_prior"":50.0,""sample_reliability"":0.0055,""season_count"":5.0,""weighted_observed_rating"":50.02}"
00-0041114,TJ Hall,NO,CB,50.02,11.93,5,5.0,LOW,2026,2,RSM-v0.1-checkpoint1,"{""replacement_prior"":50.0,""sample_reliability"":0.0055,""season_count"":5.0,""weighted_observed_rating"":50.02}"
00-0038995,Bryan Bresee,NO,DL,63.05,6.55,5,1918.0,MEDIUM,2026,2,RSM-v0.1-checkpoint1,"{""replacement_prior"":50.0,""sample_reliability"":0.4542,""season_count"":5.0,""weighted_observed_rating"":63.05}"
00-0034760,Nathan Shepherd,NO,DL,59.38,5.91,5,2276.0,MEDIUM,2026,2,RSM-v0.1-checkpoint1,"{""replacement_prior"":50.0,""sample_reliability"":0.5077,""season_count"":5.0,""weighted_observed_rating"":59.38}"
00-0033860,Davon Godchaux,NO,DL,55.25,5.97,5,2480.0,MEDIUM,2026,2,RSM-v0.1-checkpoint1,"{""replacement_prior"":50.0,""sample_reliability"":0.5024,""season_count"":5.0,""weighted_observed_rating"":55.25}"
00-0038387,Colby Wooden,NO,DL,54.79,7.34,5,1078.0,MEDIUM,2026,2,RSM-v0.1-checkpoint1,"{""replacement_prior"":50.0,""sample_reliability"":0.3881,""season_count"":5.0,""weighted_observed_rating"":54.79}"
00-0037283,John Ridgeway,NO,DL,54.06,8.12,5,974.0,LOW,2026,2,RSM-v0.1-checkpoint1,"{""replacement_prior"":50.0,""sample_reliability"":0.3236,""season_count"":5.0,""weighted_observed_rating"":54.06}"
00-0039401,Khristian Boyd,NO,DL,50.76,10.3,5,154.0,LOW,2026,2,RSM-v0.1-checkpoint1,"{""replacement_prior"":50.0,""sample_reliability"":0.142,""season_count"":5.0,""weighted_observed_rating"":50.76}"
00-0039425,Myles Cole,NO,DL,50.61,10.99,5,139.0,LOW,2026,2,RSM-v0.1-checkpoint1,"{""replacement_prior"":50.0,""sample_reliability"":0.0845,""season_count"":5.0,""weighted_observed_rating"":50.61}"
00-0040642,Vernon Broughton,NO,DL,50.2,11.55,5,28.0,LOW,2026,2,RSM-v0.1-checkpoint1,"{""replacement_prior"":50.0,""sample_reliability"":0.0377,""season_count"":5.0,""weighted_observed_rating"":50.2}"
00-0041591,Brien Taylor,NO,DL,50.02,11.93,5,5.0,LOW,2026,2,RSM-v0.1-checkpoint1,"{""replacement_prior"":50.0,""sample_reliability"":0.0058,""season_count"":5.0,""weighted_observed_rating"":50.02}"
00-0041390,Christen Miller,NO,DL,50.02,11.93,5,5.0,LOW,2026,2,RSM-v0.1-checkpoint1,"{""replacement_prior"":50.0,""sample_reliability"":0.0058,""season_count"":5.0,""weighted_observed_rating"":50.02}"
00-0041335,Jay'Viar Suggs,NO,DL,50.02,11.93,5,5.0,LOW,2026,2,RSM-v0.1-checkpoint1,"{""replacement_prior"":50.0,""sample_reliability"":0.0058,""season_count"":5.0,""weighted_observed_rating"":50.02}"
00-0041163,Kahlil Saunders,NO,DL,50.02,11.93,5,5.0,LOW,2026,2,RSM-v0.1-checkpoint1,"{""replacement_prior"":50.0,""sample_reliability"":0.0058,""season_count"":5.0,""weighted_observed_rating"":50.02}"
00-0027962,Cameron Jordan,NO,EDGE,63.45,5.67,5,2717.0,MEDIUM,2026,2,RSM-v0.1-checkpoint1,"{""replacement_prior"":50.0,""sample_reliability"":0.5275,""season_count"":5.0,""weighted_observed_rating"":63.45}"
00-0036321,Chase Young,NO,EDGE,63.32,6.02,5,2137.0,MEDIUM,2026,2,RSM-v0.1-checkpoint1,"{""replacement_prior"":50.0,""sample_reliability"":0.4981,""season_count"":5.0,""weighted_observed_rating"":63.32}"
00-0035402,Carl Granderson,NO,EDGE,61.06,5.48,5,2945.0,MEDIUM,2026,2,RSM-v0.1-checkpoint1,"{""replacement_prior"":50.0,""sample_reliability"":0.5437,""season_count"":5.0,""weighted_observed_rating"":61.06}"
00-0038541,Tyree Wilson,NO,EDGE,57.56,6.73,5,1483.0,MEDIUM,2026,2,RSM-v0.1-checkpoint1,"{""replacement_prior"":50.0,""sample_reliability"":0.4388,""season_count"":5.0,""weighted_observed_rating"":57.56}"
00-0036193,Anfernee Jennings,NO,EDGE,57.32,6.19,5,2132.0,MEDIUM,2026,2,RSM-v0.1-checkpoint1,"{""replacement_prior"":50.0,""sample_reliability"":0.4845,""season_count"":5.0,""weighted_observed_rating"":57.32}"
00-0035944,Jonah Williams,NO,EDGE,55.16,7.09,5,1358.0,MEDIUM,2026,2,RSM-v0.1-checkpoint1,"{""replacement_prior"":50.0,""sample_reliability"":0.409,""season_count"":5.0,""weighted_observed_rating"":55.16}"
00-0036867,Chris Rumph II,NO,EDGE,53.84,8.5,5,736.0,LOW,2026,2,RSM-v0.1-checkpoint1,"{""replacement_prior"":50.0,""sample_reliability"":0.2914,""season_count"":5.0,""weighted_observed_rating"":53.84}"
00-0038693,Garrett Nelson,NO,EDGE,50.02,11.92,5,5.0,LOW,2026,2,RSM-v0.1-checkpoint1,"{""replacement_prior"":50.0,""sample_reliability"":0.0066,""season_count"":5.0,""weighted_observed_rating"":50.02}"
00-0041590,Malakai Williams,NO,EDGE,50.02,11.92,5,5.0,LOW,2026,2,RSM-v0.1-checkpoint1,"{""replacement_prior"":50.0,""sample_reliability"":0.0066,""season_count"":5.0,""weighted_observed_rating"":50.02}"
00-0041329,Michael Heldman,NO,EDGE,50.02,11.92,5,5.0,LOW,2026,2,RSM-v0.1-checkpoint1,"{""replacement_prior"":50.0,""sample_reliability"":0.0066,""season_count"":5.0,""weighted_observed_rating"":50.02}"
00-0040249,Fadil Diggs,NO,EDGE,49.95,11.08,5,58.0,LOW,2026,2,RSM-v0.1-checkpoint1,"{""replacement_prior"":50.0,""sample_reliability"":0.0763,""season_count"":5.0,""weighted_observed_rating"":49.95}"
00-0034161,Daniel Carlson,NO,K,55.32,1.77,4,249.0,HIGH,2026,2,RSM-v0.1-checkpoint1,"{""replacement_prior"":50.0,""sample_reliability"":0.8522,""season_count"":4.0,""weighted_observed_rating"":55.32}"
00-0038354,Tanner Brown,NO,K,50.0,12.0,0,0,LOW,2026,2,RSM-v0.1-checkpoint1,"{""replacement_prior"":50.0,""sample_reliability"":0.0,""season_count"":0.0,""weighted_observed_rating"":50.0}"
00-0039229,Charlie Smyth,NO,K,48.5,3.08,1,29.0,MEDIUM,2026,2,RSM-v0.1-checkpoint1,"{""replacement_prior"":50.0,""sample_reliability"":0.7436,""season_count"":1.0,""weighted_observed_rating"":48.5}"
00-0035316,Kaden Elliss,NO,LB,66.27,5.3,5,3911.0,MEDIUM,2026,2,RSM-v0.1-checkpoint1,"{""replacement_prior"":50.0,""sample_reliability"":0.5585,""season_count"":5.0,""weighted_observed_rating"":66.27}"
00-0036927,Pete Werner,NO,LB,58.05,5.66,5,2934.0,MEDIUM,2026,2,RSM-v0.1-checkpoint1,"{""replacement_prior"":50.0,""sample_reliability"":0.5279,""season_count"":5.0,""weighted_observed_rating"":58.05}"
00-0039622,Isaiah Stalbird,NO,LB,53.52,10.1,5,207.0,LOW,2026,2,RSM-v0.1-checkpoint1,"{""replacement_prior"":50.0,""sample_reliability"":0.1584,""season_count"":5.0,""weighted_observed_rating"":53.52}"
00-0040155,Danny Stutsman,NO,LB,50.17,10.18,5,208.0,LOW,2026,2,RSM-v0.1-checkpoint1,"{""replacement_prior"":50.0,""sample_reliability"":0.1515,""season_count"":5.0,""weighted_observed_rating"":50.17}"
00-0039388,Jaylan Ford,NO,LB,50.14,11.2,5,80.0,LOW,2026,2,RSM-v0.1-checkpoint1,"{""replacement_prior"":50.0,""sample_reliability"":0.0664,""season_count"":5.0,""weighted_observed_rating"":50.14}"
00-0039288,Jackson Sirmon,NO,LB,50.04,11.4,5,39.0,LOW,2026,2,RSM-v0.1-checkpoint1,"{""replacement_prior"":50.0,""sample_reliability"":0.0504,""season_count"":5.0,""weighted_observed_rating"":50.04}"
00-0036408,Cesar Ruiz,NO,OL,66.82,2.49,4,3589.0,LOW,2026,2,RSM-v0.1-checkpoint1,"{""replacement_prior"":50.0,""sample_reliability"":0.7921,""season_count"":4.0,""weighted_observed_rating"":66.82}"
00-0035242,Erik McCoy,NO,OL,64.48,3.85,4,2693.0,LOW,2026,2,RSM-v0.1-checkpoint1,"{""replacement_prior"":50.0,""sample_reliability"":0.6793,""season_count"":4.0,""weighted_observed_rating"":64.48}"
00-0035668,David Edwards,NO,OL,63.96,3.63,4,2390.0,LOW,2026,2,RSM-v0.1-checkpoint1,"{""replacement_prior"":50.0,""sample_reliability"":0.6978,""season_count"":4.0,""weighted_observed_rating"":63.96}"
00-0039339,Taliese Fuaga,NO,OL,62.81,2.43,2,1885.0,LOW,2026,2,RSM-v0.1-checkpoint1,"{""replacement_prior"":50.0,""sample_reliability"":0.7971,""season_count"":2.0,""weighted_observed_rating"":62.81}"
00-0040125,Kelvin Banks Jr.,NO,OL,62.74,2.13,1,1066.0,LOW,2026,2,RSM-v0.1-checkpoint1,"{""replacement_prior"":50.0,""sample_reliability"":0.8225,""season_count"":1.0,""weighted_observed_rating"":62.74}"
00-0036619,Dillon Radunz,NO,OL,60.04,3.08,4,2657.0,LOW,2026,2,RSM-v0.1-checkpoint1,"{""replacement_prior"":50.0,""sample_reliability"":0.7432,""season_count"":4.0,""weighted_observed_rating"":60.04}"
00-0036535,Will Sherman,NO,OL,52.1,6.72,1,181.0,LOW,2026,2,RSM-v0.1-checkpoint1,"{""replacement_prior"":50.0,""sample_reliability"":0.4404,""season_count"":1.0,""weighted_observed_rating"":52.1}"
00-0038566,Nick Saldiveri,NO,OL,50.44,7.34,2,362.0,LOW,2026,2,RSM-v0.1-checkpoint1,"{""replacement_prior"":50.0,""sample_reliability"":0.3886,""season_count"":2.0,""weighted_observed_rating"":50.44}"
00-0041330,Alan Herron,NO,OL,50.0,12.0,0,0,LOW,2026,2,RSM-v0.1-checkpoint1,"{""replacement_prior"":50.0,""sample_reliability"":0.0,""season_count"":0.0,""weighted_observed_rating"":50.0}"
00-0041336,Alex Wollschlaeger,NO,OL,50.0,12.0,0,0,LOW,2026,2,RSM-v0.1-checkpoint1,"{""replacement_prior"":50.0,""sample_reliability"":0.0,""season_count"":0.0,""weighted_observed_rating"":50.0}"
00-0038304,Barry Wesley,NO,OL,50.0,12.0,0,0,LOW,2026,2,RSM-v0.1-checkpoint1,"{""replacement_prior"":50.0,""sample_reliability"":0.0,""season_count"":0.0,""weighted_observed_rating"":50.0}"
00-0040539,Easton Kilty,NO,OL,50.0,12.0,0,0,LOW,2026,2,RSM-v0.1-checkpoint1,"{""replacement_prior"":50.0,""sample_reliability"":0.0,""season_count"":0.0,""weighted_observed_rating"":50.0}"
00-0041065,Jeremiah Wright,NO,OL,50.0,12.0,0,0,LOW,2026,2,RSM-v0.1-checkpoint1,"{""replacement_prior"":50.0,""sample_reliability"":0.0,""season_count"":0.0,""weighted_observed_rating"":50.0}"
00-0041173,Mason Murphy,NO,OL,50.0,12.0,0,0,LOW,2026,2,RSM-v0.1-checkpoint1,"{""replacement_prior"":50.0,""sample_reliability"":0.0,""season_count"":0.0,""weighted_observed_rating"":50.0}"
00-0040451,Xavier Truss,NO,OL,50.0,12.0,0,0,LOW,2026,2,RSM-v0.1-checkpoint1,"{""replacement_prior"":50.0,""sample_reliability"":0.0,""season_count"":0.0,""weighted_observed_rating"":50.0}"
00-0038601,Asim Richards,NO,OL,49.14,6.49,3,583.0,LOW,2026,2,RSM-v0.1-checkpoint1,"{""replacement_prior"":50.0,""sample_reliability"":0.4596,""season_count"":3.0,""weighted_observed_rating"":49.14}"
00-0037500,Ryan Wright,NO,OTHER,56.66,5.01,4,571.0,MEDIUM,2026,2,RSM-v0.1-checkpoint1,"{""replacement_prior"":50.0,""sample_reliability"":0.5826,""season_count"":4.0,""weighted_observed_rating"":56.66}"
00-0033063,Zach Wood,NO,OTHER,56.4,5.02,4,567.0,MEDIUM,2026,2,RSM-v0.1-checkpoint1,"{""replacement_prior"":50.0,""sample_reliability"":0.5817,""season_count"":4.0,""weighted_observed_rating"":56.4}"
00-0040743,Tyler Shough,NO,QB,59.32,2.62,1,358.0,MEDIUM,2026,2,RSM-v0.1-checkpoint1,"{""replacement_prior"":50.0,""sample_reliability"":0.7817,""season_count"":1.0,""weighted_observed_rating"":59.32}"
00-0039376,Spencer Rattler,NO,QB,55.13,3.29,2,525.0,HIGH,2026,2,RSM-v0.1-checkpoint1,"{""replacement_prior"":50.0,""sample_reliability"":0.7257,""season_count"":2.0,""weighted_observed_rating"":55.13}"
00-0040656,Hunter Dekkers,NO,QB,50.0,12.0,0,0,LOW,2026,2,RSM-v0.1-checkpoint1,"{""replacement_prior"":50.0,""sample_reliability"":0.0,""season_count"":0.0,""weighted_observed_rating"":50.0}"
00-0037013,Zach Wilson,NO,QB,49.94,7.37,3,690.0,MEDIUM,2026,2,RSM-v0.1-checkpoint1,"{""replacement_prior"":50.0,""sample_reliability"":0.3862,""season_count"":3.0,""weighted_observed_rating"":49.94}"
00-0036973,Travis Etienne,NO,RB,58.87,2.17,4,1119.0,HIGH,2026,2,RSM-v0.1-checkpoint1,"{""replacement_prior"":50.0,""sample_reliability"":0.8192,""season_count"":4.0,""weighted_observed_rating"":58.87}"
00-0039373,Audric Estimé,NO,RB,57.89,5.67,2,140.0,MEDIUM,2026,2,RSM-v0.1-checkpoint1,"{""replacement_prior"":50.0,""sample_reliability"":0.5273,""season_count"":2.0,""weighted_observed_rating"":57.89}"
00-0038551,Kendre Miller,NO,RB,55.53,6.52,3,151.0,MEDIUM,2026,2,RSM-v0.1-checkpoint1,"{""replacement_prior"":50.0,""sample_reliability"":0.4564,""season_count"":3.0,""weighted_observed_rating"":55.53}"
00-0033906,Alvin Kamara,NO,RB,55.08,2.48,4,1053.0,HIGH,2026,2,RSM-v0.1-checkpoint1,"{""replacement_prior"":50.0,""sample_reliability"":0.7931,""season_count"":4.0,""weighted_observed_rating"":55.08}"
00-0040202,Devin Neal,NO,RB,54.17,5.29,1,76.0,MEDIUM,2026,2,RSM-v0.1-checkpoint1,"{""replacement_prior"":50.0,""sample_reliability"":0.5588,""season_count"":1.0,""weighted_observed_rating"":54.17}"
00-0037276,Ty Chandler,NO,RB,52.9,7.38,4,216.0,MEDIUM,2026,2,RSM-v0.1-checkpoint1,"{""replacement_prior"":50.0,""sample_reliability"":0.385,""season_count"":4.0,""weighted_observed_rating"":52.9}"
00-0041326,CJ Donaldson,NO,RB,50.0,12.0,0,0,LOW,2026,2,RSM-v0.1-checkpoint1,"{""replacement_prior"":50.0,""sample_reliability"":0.0,""season_count"":0.0,""weighted_observed_rating"":50.0}"
00-0038040,Zamir White,NO,RB,49.04,7.21,4,231.0,MEDIUM,2026,2,RSM-v0.1-checkpoint1,"{""replacement_prior"":50.0,""sample_reliability"":0.3991,""season_count"":4.0,""weighted_observed_rating"":49.04}"
00-0034361,Justin Reid,NO,S,61.28,5.45,5,3902.0,MEDIUM,2026,2,RSM-v0.1-checkpoint1,"{""replacement_prior"":50.0,""sample_reliability"":0.5461,""season_count"":5.0,""weighted_observed_rating"":61.28}"
00-0036253,Julian Blackmon,NO,S,55.62,7.27,5,2854.0,MEDIUM,2026,2,RSM-v0.1-checkpoint1,"{""replacement_prior"":50.0,""sample_reliability"":0.3942,""season_count"":5.0,""weighted_observed_rating"":55.62}"
00-0038588,Jordan Howden,NO,S,53.61,7.33,5,1383.0,MEDIUM,2026,2,RSM-v0.1-checkpoint1,"{""replacement_prior"":50.0,""sample_reliability"":0.389,""season_count"":5.0,""weighted_observed_rating"":53.61}"
00-0040643,Jonas Sanker,NO,S,52.65,9.22,5,982.0,LOW,2026,2,RSM-v0.1-checkpoint1,"{""replacement_prior"":50.0,""sample_reliability"":0.2321,""season_count"":5.0,""weighted_observed_rating"":52.65}"
00-0040293,Michael Reid,NO,S,50.02,11.93,5,5.0,LOW,2026,2,RSM-v0.1-checkpoint1,"{""replacement_prior"":50.0,""sample_reliability"":0.0055,""season_count"":5.0,""weighted_observed_rating"":50.02}"
00-0036040,Juwan Johnson,NO,TE,63.98,2.09,4,458.3,HIGH,2026,2,RSM-v0.1-checkpoint1,"{""replacement_prior"":50.0,""sample_reliability"":0.8262,""season_count"":4.0,""weighted_observed_rating"":63.98}"
00-0035644,Noah Fant,NO,TE,58.72,2.84,4,363.7,HIGH,2026,2,RSM-v0.1-checkpoint1,"{""replacement_prior"":50.0,""sample_reliability"":0.7634,""season_count"":4.0,""weighted_observed_rating"":58.72}"
00-0037475,Stone Smartt,NO,TE,55.23,6.4,4,108.2,MEDIUM,2026,2,RSM-v0.1-checkpoint1,"{""replacement_prior"":50.0,""sample_reliability"":0.4666,""season_count"":4.0,""weighted_observed_rating"":55.23}"
00-0040244,Moliki Matavao,NO,TE,50.23,7.73,1,13.8,MEDIUM,2026,2,RSM-v0.1-checkpoint1,"{""replacement_prior"":50.0,""sample_reliability"":0.3562,""season_count"":1.0,""weighted_observed_rating"":50.23}"
00-0041327,Cody Hardy,NO,TE,50.0,12.0,0,0,LOW,2026,2,RSM-v0.1-checkpoint1,"{""replacement_prior"":50.0,""sample_reliability"":0.0,""season_count"":0.0,""weighted_observed_rating"":50.0}"
00-0041041,Oscar Delp,NO,TE,50.0,12.0,0,0,LOW,2026,2,RSM-v0.1-checkpoint1,"{""replacement_prior"":50.0,""sample_reliability"":0.0,""season_count"":0.0,""weighted_observed_rating"":50.0}"
00-0039518,Treyton Welch,NO,TE,49.34,10.84,1,2.7,LOW,2026,2,RSM-v0.1-checkpoint1,"{""replacement_prior"":50.0,""sample_reliability"":0.0964,""season_count"":1.0,""weighted_observed_rating"":49.34}"
00-0039424,Devaughn Vele,NO,WR,60.16,3.87,2,147.3,HIGH,2026,2,RSM-v0.1-checkpoint1,"{""replacement_prior"":50.0,""sample_reliability"":0.6774,""season_count"":2.0,""weighted_observed_rating"":60.16}"
00-0037239,Chris Olave,NO,WR,59.38,3.03,4,465.5,HIGH,2026,2,RSM-v0.1-checkpoint1,"{""replacement_prior"":50.0,""sample_reliability"":0.7478,""season_count"":4.0,""weighted_observed_rating"":59.38}"
00-0039052,Trey Palmer,NO,WR,55.6,4.02,2,170.5,HIGH,2026,2,RSM-v0.1-checkpoint1,"{""replacement_prior"":50.0,""sample_reliability"":0.6648,""season_count"":2.0,""weighted_observed_rating"":55.6}"
00-0038979,Cedric Tillman,NO,WR,55.02,3.53,3,259.3,HIGH,2026,2,RSM-v0.1-checkpoint1,"{""replacement_prior"":50.0,""sample_reliability"":0.7055,""season_count"":3.0,""weighted_observed_rating"":55.02}"
00-0037231,Kevin Austin Jr.,NO,WR,54.37,5.24,2,94.2,MEDIUM,2026,2,RSM-v0.1-checkpoint1,"{""replacement_prior"":50.0,""sample_reliability"":0.5636,""season_count"":2.0,""weighted_observed_rating"":54.37}"
00-0041099,Barion Brown,NO,WR,50.0,12.0,0,0,LOW,2026,2,RSM-v0.1-checkpoint1,"{""replacement_prior"":50.0,""sample_reliability"":0.0,""season_count"":0.0,""weighted_observed_rating"":50.0}"
00-0041451,Brock Rechsteiner,NO,WR,50.0,12.0,0,0,LOW,2026,2,RSM-v0.1-checkpoint1,"{""replacement_prior"":50.0,""sample_reliability"":0.0,""season_count"":0.0,""weighted_observed_rating"":50.0}"
00-0041067,Bryce Lance,NO,WR,50.0,12.0,0,0,LOW,2026,2,RSM-v0.1-checkpoint1,"{""replacement_prior"":50.0,""sample_reliability"":0.0,""season_count"":0.0,""weighted_observed_rating"":50.0}"
00-0041029,Jordyn Tyson,NO,WR,50.0,12.0,0,0,LOW,2026,2,RSM-v0.1-checkpoint1,"{""replacement_prior"":50.0,""sample_reliability"":0.0,""season_count"":0.0,""weighted_observed_rating"":50.0}"
00-0040633,Kyrese Rowan,NO,WR,50.0,12.0,0,0,LOW,2026,2,RSM-v0.1-checkpoint1,"{""replacement_prior"":50.0,""sample_reliability"":0.0,""season_count"":0.0,""weighted_observed_rating"":50.0}"
00-0038740,Jalen Moreno-Cropper,NO,WR,49.77,11.48,2,3.3,LOW,2026,2,RSM-v0.1-checkpoint1,"{""replacement_prior"":50.0,""sample_reliability"":0.0436,""season_count"":2.0,""weighted_observed_rating"":49.77}"
00-0039623,Mason Tipton,NO,WR,47.97,4.76,2,109.2,MEDIUM,2026,2,RSM-v0.1-checkpoint1,"{""replacement_prior"":50.0,""sample_reliability"":0.6036,""season_count"":2.0,""weighted_observed_rating"":47.97}"
00-0039907,Ja'Lynn Polk,NO,WR,47.3,3.9,1,72.7,MEDIUM,2026,2,RSM-v0.1-checkpoint1,"{""replacement_prior"":50.0,""sample_reliability"":0.6749,""season_count"":1.0,""weighted_observed_rating"":47.3}"
00-0039821,Andru Phillips,NYG,CB,61.06,7.69,5,1348.0,MEDIUM,2026,2,RSM-v0.1-checkpoint1,"{""replacement_prior"":50.0,""sample_reliability"":0.3589,""season_count"":5.0,""weighted_observed_rating"":61.06}"
00-0036937,Paulson Adebo,NYG,CB,59.59,5.83,5,2959.0,MEDIUM,2026,2,RSM-v0.1-checkpoint1,"{""replacement_prior"":50.0,""sample_reliability"":0.5141,""season_count"":5.0,""weighted_observed_rating"":59.59}"
00-0036996,Greg Newsome II,NYG,CB,58.37,5.75,5,3003.0,MEDIUM,2026,2,RSM-v0.1-checkpoint1,"{""replacement_prior"":50.0,""sample_reliability"":0.5206,""season_count"":5.0,""weighted_observed_rating"":58.37}"
00-0039000,Deonte Banks,NYG,CB,55.86,6.7,5,2095.0,MEDIUM,2026,2,RSM-v0.1-checkpoint1,"{""replacement_prior"":50.0,""sample_reliability"":0.442,""season_count"":5.0,""weighted_observed_rating"":55.86}"
00-0038986,Nic Jones,NYG,CB,51.63,11.24,5,90.0,LOW,2026,2,RSM-v0.1-checkpoint1,"{""replacement_prior"":50.0,""sample_reliability"":0.0629,""season_count"":5.0,""weighted_observed_rating"":51.63}"
00-0040243,Korie Black,NYG,CB,51.51,10.31,5,188.0,LOW,2026,2,RSM-v0.1-checkpoint1,"{""replacement_prior"":50.0,""sample_reliability"":0.1405,""season_count"":5.0,""weighted_observed_rating"":51.51}"
00-0039620,Rico Payton,NYG,CB,51.47,11.22,5,58.0,LOW,2026,2,RSM-v0.1-checkpoint1,"{""replacement_prior"":50.0,""sample_reliability"":0.0647,""season_count"":5.0,""weighted_observed_rating"":51.47}"
00-0039823,Elijah Jones,NYG,CB,50.87,11.4,5,41.0,LOW,2026,2,RSM-v0.1-checkpoint1,"{""replacement_prior"":50.0,""sample_reliability"":0.0501,""season_count"":5.0,""weighted_observed_rating"":50.87}"
00-0038788,Art Green,NYG,CB,50.83,9.55,5,329.0,LOW,2026,2,RSM-v0.1-checkpoint1,"{""replacement_prior"":50.0,""sample_reliability"":0.204,""season_count"":5.0,""weighted_observed_rating"":50.83}"
00-0038401,Jarrick Bernard-Converse,NYG,CB,50.22,11.5,5,35.0,LOW,2026,2,RSM-v0.1-checkpoint1,"{""replacement_prior"":50.0,""sample_reliability"":0.0414,""season_count"":5.0,""weighted_observed_rating"":50.22}"
00-0038091,JT Woods,NYG,CB,50.21,11.45,5,94.0,LOW,2026,2,RSM-v0.1-checkpoint1,"{""replacement_prior"":50.0,""sample_reliability"":0.0462,""season_count"":5.0,""weighted_observed_rating"":50.21}"
00-0039800,DJ James,NYG,CB,50.04,11.92,5,6.0,LOW,2026,2,RSM-v0.1-checkpoint1,"{""replacement_prior"":50.0,""sample_reliability"":0.007,""season_count"":5.0,""weighted_observed_rating"":50.04}"
00-0041462,Colton Hood,NYG,CB,50.02,11.93,5,5.0,LOW,2026,2,RSM-v0.1-checkpoint1,"{""replacement_prior"":50.0,""sample_reliability"":0.0055,""season_count"":5.0,""weighted_observed_rating"":50.02}"
00-0041142,Thaddeus Dixon,NYG,CB,50.02,11.93,5,5.0,LOW,2026,2,RSM-v0.1-checkpoint1,"{""replacement_prior"":50.0,""sample_reliability"":0.0055,""season_count"":5.0,""weighted_observed_rating"":50.02}"
00-0031270,Shelby Harris,NYG,DL,61.8,6.13,5,2043.0,MEDIUM,2026,2,RSM-v0.1-checkpoint1,"{""replacement_prior"":50.0,""sample_reliability"":0.4888,""season_count"":5.0,""weighted_observed_rating"":61.8}"
00-0032667,Roy Robertson-Harris,NYG,DL,58.27,5.98,5,2424.0,MEDIUM,2026,2,RSM-v0.1-checkpoint1,"{""replacement_prior"":50.0,""sample_reliability"":0.5014,""season_count"":5.0,""weighted_observed_rating"":58.27}"
00-0032424,DJ Reader,NYG,DL,56.81,6.08,5,2024.0,MEDIUM,2026,2,RSM-v0.1-checkpoint1,"{""replacement_prior"":50.0,""sample_reliability"":0.493,""season_count"":5.0,""weighted_observed_rating"":56.81}"
00-0040694,Darius Alexander,NYG,DL,54.4,9.68,5,399.0,LOW,2026,2,RSM-v0.1-checkpoint1,"{""replacement_prior"":50.0,""sample_reliability"":0.193,""season_count"":5.0,""weighted_observed_rating"":54.4}"
00-0033347,Josh Tupou,NYG,DL,53.58,8.93,5,695.0,LOW,2026,2,RSM-v0.1-checkpoint1,"{""replacement_prior"":50.0,""sample_reliability"":0.2561,""season_count"":5.0,""weighted_observed_rating"":53.58}"
00-0039176,Basil Okoye,NYG,DL,51.28,9.84,5,319.0,LOW,2026,2,RSM-v0.1-checkpoint1,"{""replacement_prior"":50.0,""sample_reliability"":0.1796,""season_count"":5.0,""weighted_observed_rating"":51.28}"
00-0041140,Anquin Barnes Jr.,NYG,DL,50.02,11.93,5,5.0,LOW,2026,2,RSM-v0.1-checkpoint1,"{""replacement_prior"":50.0,""sample_reliability"":0.0058,""season_count"":5.0,""weighted_observed_rating"":50.02}"
00-0041141,Ben Barten,NYG,DL,50.02,11.93,5,5.0,LOW,2026,2,RSM-v0.1-checkpoint1,"{""replacement_prior"":50.0,""sample_reliability"":0.0058,""season_count"":5.0,""weighted_observed_rating"":50.02}"
00-0041095,Bobby Jamison-Travis,NYG,DL,50.02,11.93,5,5.0,LOW,2026,2,RSM-v0.1-checkpoint1,"{""replacement_prior"":50.0,""sample_reliability"":0.0058,""season_count"":5.0,""weighted_observed_rating"":50.02}"
00-0035713,Brian Burns,NYG,EDGE,68.93,5.33,5,3494.0,MEDIUM,2026,2,RSM-v0.1-checkpoint1,"{""replacement_prior"":50.0,""sample_reliability"":0.5562,""season_count"":5.0,""weighted_observed_rating"":68.93}"
00-0037611,Kayvon Thibodeaux,NYG,EDGE,61.06,5.72,5,2809.0,MEDIUM,2026,2,RSM-v0.1-checkpoint1,"{""replacement_prior"":50.0,""sample_reliability"":0.5237,""season_count"":5.0,""weighted_observed_rating"":61.06}"
00-0036982,Chauncey Golston,NYG,EDGE,56.92,6.86,5,1512.0,MEDIUM,2026,2,RSM-v0.1-checkpoint1,"{""replacement_prior"":50.0,""sample_reliability"":0.4284,""season_count"":5.0,""weighted_observed_rating"":56.92}"
00-0040677,Abdul Carter,NYG,EDGE,53.32,9.19,5,847.0,LOW,2026,2,RSM-v0.1-checkpoint1,"{""replacement_prior"":50.0,""sample_reliability"":0.234,""season_count"":5.0,""weighted_observed_rating"":53.32}"
00-0040434,Trace Ford,NYG,EDGE,50.02,11.92,5,5.0,LOW,2026,2,RSM-v0.1-checkpoint1,"{""replacement_prior"":50.0,""sample_reliability"":0.0066,""season_count"":5.0,""weighted_observed_rating"":50.02}"
00-0040530,Ben Sauls,NYG,K,64.72,4.8,1,15.0,MEDIUM,2026,2,RSM-v0.1-checkpoint1,"{""replacement_prior"":50.0,""sample_reliability"":0.6,""season_count"":1.0,""weighted_observed_rating"":64.72}"
00-0041145,Dominic Zvada,NYG,K,50.0,12.0,0,0,LOW,2026,2,RSM-v0.1-checkpoint1,"{""replacement_prior"":50.0,""sample_reliability"":0.0,""season_count"":0.0,""weighted_observed_rating"":50.0}"
00-0034673,Tremaine Edmunds,NYG,LB,62.16,5.45,5,3505.0,MEDIUM,2026,2,RSM-v0.1-checkpoint1,"{""replacement_prior"":50.0,""sample_reliability"":0.5462,""season_count"":5.0,""weighted_observed_rating"":62.16}"
00-0037259,Micah McFadden,NYG,LB,59.38,8.2,5,1854.0,LOW,2026,2,RSM-v0.1-checkpoint1,"{""replacement_prior"":50.0,""sample_reliability"":0.3171,""season_count"":5.0,""weighted_observed_rating"":59.38}"
00-0036280,Malik Harrison,NYG,LB,54.93,7.1,5,1112.0,MEDIUM,2026,2,RSM-v0.1-checkpoint1,"{""replacement_prior"":50.0,""sample_reliability"":0.4085,""season_count"":5.0,""weighted_observed_rating"":54.93}"
00-0038399,Zaire Barnes,NYG,LB,54.31,10.81,5,96.0,LOW,2026,2,RSM-v0.1-checkpoint1,"{""replacement_prior"":50.0,""sample_reliability"":0.0991,""season_count"":5.0,""weighted_observed_rating"":54.31}"
00-0038908,Anfernee Orji,NYG,LB,50.7,10.94,5,150.0,LOW,2026,2,RSM-v0.1-checkpoint1,"{""replacement_prior"":50.0,""sample_reliability"":0.088,""season_count"":5.0,""weighted_observed_rating"":50.7}"
00-0040108,Chandler Martin,NYG,LB,50.06,11.0,5,74.0,LOW,2026,2,RSM-v0.1-checkpoint1,"{""replacement_prior"":50.0,""sample_reliability"":0.083,""season_count"":5.0,""weighted_observed_rating"":50.06}"
00-0041509,Arvell Reese,NYG,LB,50.02,11.93,5,5.0,LOW,2026,2,RSM-v0.1-checkpoint1,"{""replacement_prior"":50.0,""sample_reliability"":0.0058,""season_count"":5.0,""weighted_observed_rating"":50.02}"
00-0041102,Jack Kelly,NYG,LB,50.02,11.93,5,5.0,LOW,2026,2,RSM-v0.1-checkpoint1,"{""replacement_prior"":50.0,""sample_reliability"":0.0058,""season_count"":5.0,""weighted_observed_rating"":50.02}"
00-0033290,Jermaine Eluemunor,NYG,OL,69.51,2.27,4,3863.0,LOW,2026,2,RSM-v0.1-checkpoint1,"{""replacement_prior"":50.0,""sample_reliability"":0.811,""season_count"":4.0,""weighted_observed_rating"":69.51}"
00-0036246,Jon Runyan,NYG,OL,67.31,2.28,4,3918.0,LOW,2026,2,RSM-v0.1-checkpoint1,"{""replacement_prior"":50.0,""sample_reliability"":0.8098,""season_count"":4.0,""weighted_observed_rating"":67.31}"
00-0036386,Andrew Thomas,NYG,OL,65.54,3.19,4,2848.0,LOW,2026,2,RSM-v0.1-checkpoint1,"{""replacement_prior"":50.0,""sample_reliability"":0.7346,""season_count"":4.0,""weighted_observed_rating"":65.54}"
00-0039019,John Michael Schmitz,NYG,OL,62.77,2.59,3,2531.0,LOW,2026,2,RSM-v0.1-checkpoint1,"{""replacement_prior"":50.0,""sample_reliability"":0.7842,""season_count"":3.0,""weighted_observed_rating"":62.77}"
00-0034668,Aaron Stinnie,NYG,OL,53.48,7.18,3,971.0,LOW,2026,2,RSM-v0.1-checkpoint1,"{""replacement_prior"":50.0,""sample_reliability"":0.4015,""season_count"":3.0,""weighted_observed_rating"":53.48}"
00-0039442,Kingsley Eguakun,NYG,OL,51.57,7.5,1,138.0,LOW,2026,2,RSM-v0.1-checkpoint1,"{""replacement_prior"":50.0,""sample_reliability"":0.375,""season_count"":1.0,""weighted_observed_rating"":51.57}"
00-0037194,Darian Kinnard,NYG,OL,50.28,6.88,2,356.0,LOW,2026,2,RSM-v0.1-checkpoint1,"{""replacement_prior"":50.0,""sample_reliability"":0.4264,""season_count"":2.0,""weighted_observed_rating"":50.28}"
00-0041505,Francis Mauigoa,NYG,OL,50.0,12.0,0,0,LOW,2026,2,RSM-v0.1-checkpoint1,"{""replacement_prior"":50.0,""sample_reliability"":0.0,""season_count"":0.0,""weighted_observed_rating"":50.0}"
00-0041234,Geno VanDeMark,NYG,OL,50.0,12.0,0,0,LOW,2026,2,RSM-v0.1-checkpoint1,"{""replacement_prior"":50.0,""sample_reliability"":0.0,""season_count"":0.0,""weighted_observed_rating"":50.0}"
00-0041101,J.C. Davis,NYG,OL,50.0,12.0,0,0,LOW,2026,2,RSM-v0.1-checkpoint1,"{""replacement_prior"":50.0,""sample_reliability"":0.0,""season_count"":0.0,""weighted_observed_rating"":50.0}"
00-0041578,Jarrod Gray,NYG,OL,50.0,12.0,0,0,LOW,2026,2,RSM-v0.1-checkpoint1,"{""replacement_prior"":50.0,""sample_reliability"":0.0,""season_count"":0.0,""weighted_observed_rating"":50.0}"
00-0041144,Ryan Schernecke,NYG,OL,50.0,12.0,0,0,LOW,2026,2,RSM-v0.1-checkpoint1,"{""replacement_prior"":50.0,""sample_reliability"":0.0,""season_count"":0.0,""weighted_observed_rating"":50.0}"
00-0039446,Bryan Hudson,NYG,OL,49.86,11.85,1,3.0,LOW,2026,2,RSM-v0.1-checkpoint1,"{""replacement_prior"":50.0,""sample_reliability"":0.0129,""season_count"":1.0,""weighted_observed_rating"":49.86}"
00-0040181,Marcus Mbow,NYG,OL,49.04,4.98,1,324.0,LOW,2026,2,RSM-v0.1-checkpoint1,"{""replacement_prior"":50.0,""sample_reliability"":0.5848,""season_count"":1.0,""weighted_observed_rating"":49.04}"
00-0038094,Jordan Stout,NYG,OTHER,58.1,4.89,4,588.0,MEDIUM,2026,2,RSM-v0.1-checkpoint1,"{""replacement_prior"":50.0,""sample_reliability"":0.5923,""season_count"":4.0,""weighted_observed_rating"":58.1}"
00-0041143,Ben Mann,NYG,OTHER,50.0,12.0,0,0,LOW,2026,2,RSM-v0.1-checkpoint1,"{""replacement_prior"":50.0,""sample_reliability"":0.0,""season_count"":0.0,""weighted_observed_rating"":50.0}"
00-0040691,Jaxson Dart,NYG,QB,60.85,2.53,1,374.0,MEDIUM,2026,2,RSM-v0.1-checkpoint1,"{""replacement_prior"":50.0,""sample_reliability"":0.789,""season_count"":1.0,""weighted_observed_rating"":60.85}"
00-0031503,Jameis Winston,NYG,QB,55.14,5.88,4,564.0,MEDIUM,2026,2,RSM-v0.1-checkpoint1,"{""replacement_prior"":50.0,""sample_reliability"":0.5099,""season_count"":4.0,""weighted_observed_rating"":55.14}"
00-0038998,Jake Haener,NYG,QB,49.72,8.28,1,45.0,LOW,2026,2,RSM-v0.1-checkpoint1,"{""replacement_prior"":50.0,""sample_reliability"":0.3103,""season_count"":1.0,""weighted_observed_rating"":49.72}"
00-0039384,Tyrone Tracy Jr.,NYG,RB,58.79,2.47,2,469.0,HIGH,2026,2,RSM-v0.1-checkpoint1,"{""replacement_prior"":50.0,""sample_reliability"":0.7946,""season_count"":2.0,""weighted_observed_rating"":58.79}"
00-0040715,Cam Skattebo,NYG,RB,57.92,3.73,1,133.0,MEDIUM,2026,2,RSM-v0.1-checkpoint1,"{""replacement_prior"":50.0,""sample_reliability"":0.6891,""season_count"":1.0,""weighted_observed_rating"":57.92}"
00-0035250,Devin Singletary,NYG,RB,57.02,3.25,4,758.0,HIGH,2026,2,RSM-v0.1-checkpoint1,"{""replacement_prior"":50.0,""sample_reliability"":0.729,""season_count"":4.0,""weighted_observed_rating"":57.02}"
00-0036893,Najee Harris,NYG,RB,56.43,4.98,4,947.0,MEDIUM,2026,2,RSM-v0.1-checkpoint1,"{""replacement_prior"":50.0,""sample_reliability"":0.5851,""season_count"":4.0,""weighted_observed_rating"":56.43}"
00-0033376,Patrick Ricard,NYG,RB,50.37,10.91,4,35.0,LOW,2026,2,RSM-v0.1-checkpoint1,"{""replacement_prior"":50.0,""sample_reliability"":0.0911,""season_count"":4.0,""weighted_observed_rating"":50.37}"
00-0041585,Grant Finley,NYG,RB,50.0,12.0,0,0,LOW,2026,2,RSM-v0.1-checkpoint1,"{""replacement_prior"":50.0,""sample_reliability"":0.0,""season_count"":0.0,""weighted_observed_rating"":50.0}"
00-0038396,Eric Gray,NYG,RB,46.88,8.51,2,49.0,LOW,2026,2,RSM-v0.1-checkpoint1,"{""replacement_prior"":50.0,""sample_reliability"":0.2908,""season_count"":2.0,""weighted_observed_rating"":46.88}"
00-0036587,Ar'Darius Washington,NYG,S,59.71,8.75,5,927.0,LOW,2026,2,RSM-v0.1-checkpoint1,"{""replacement_prior"":50.0,""sample_reliability"":0.2706,""season_count"":5.0,""weighted_observed_rating"":59.71}"
00-0036502,Jason Pinnock,NYG,S,59.58,5.87,5,2943.0,MEDIUM,2026,2,RSM-v0.1-checkpoint1,"{""replacement_prior"":50.0,""sample_reliability"":0.5112,""season_count"":5.0,""weighted_observed_rating"":59.58}"
00-0036998,Jevon Holland,NYG,S,56.99,5.55,5,3525.0,MEDIUM,2026,2,RSM-v0.1-checkpoint1,"{""replacement_prior"":50.0,""sample_reliability"":0.5373,""season_count"":5.0,""weighted_observed_rating"":56.99}"
00-0039861,Tyler Nubin,NYG,S,53.32,7.55,5,1604.0,MEDIUM,2026,2,RSM-v0.1-checkpoint1,"{""replacement_prior"":50.0,""sample_reliability"":0.3706,""season_count"":5.0,""weighted_observed_rating"":53.32}"
00-0034248,Elijah Campbell,NYG,S,52.6,10.19,5,295.0,LOW,2026,2,RSM-v0.1-checkpoint1,"{""replacement_prior"":50.0,""sample_reliability"":0.1505,""season_count"":5.0,""weighted_observed_rating"":52.6}"
00-0037468,Raheem Layne,NYG,S,50.78,10.0,5,230.0,LOW,2026,2,RSM-v0.1-checkpoint1,"{""replacement_prior"":50.0,""sample_reliability"":0.167,""season_count"":5.0,""weighted_observed_rating"":50.78}"
00-0039241,Beau Brade,NYG,S,50.08,11.82,5,15.0,LOW,2026,2,RSM-v0.1-checkpoint1,"{""replacement_prior"":50.0,""sample_reliability"":0.0149,""season_count"":5.0,""weighted_observed_rating"":50.08}"
00-0037838,Isaiah Likely,NYG,TE,63.85,2.72,4,337.5,HIGH,2026,2,RSM-v0.1-checkpoint1,"{""replacement_prior"":50.0,""sample_reliability"":0.7732,""season_count"":4.0,""weighted_observed_rating"":63.85}"
00-0039847,Theo Johnson,NYG,TE,63.23,1.92,2,259.2,HIGH,2026,2,RSM-v0.1-checkpoint1,"{""replacement_prior"":50.0,""sample_reliability"":0.8399,""season_count"":2.0,""weighted_observed_rating"":63.23}"
00-0031484,Chris Manhertz,NYG,TE,53.66,4.13,4,224.0,HIGH,2026,2,RSM-v0.1-checkpoint1,"{""replacement_prior"":50.0,""sample_reliability"":0.656,""season_count"":4.0,""weighted_observed_rating"":53.66}"
00-0040225,Thomas Fidone II,NYG,TE,49.39,10.98,1,2.3,LOW,2026,2,RSM-v0.1-checkpoint1,"{""replacement_prior"":50.0,""sample_reliability"":0.0854,""season_count"":1.0,""weighted_observed_rating"":49.39}"
00-0035535,Darius Slayton,NYG,WR,61.74,2.49,4,536.8,HIGH,2026,2,RSM-v0.1-checkpoint1,"{""replacement_prior"":50.0,""sample_reliability"":0.7923,""season_count"":4.0,""weighted_observed_rating"":61.74}"
00-0036309,Darnell Mooney,NYG,WR,58.7,2.49,4,527.0,HIGH,2026,2,RSM-v0.1-checkpoint1,"{""replacement_prior"":50.0,""sample_reliability"":0.7927,""season_count"":4.0,""weighted_observed_rating"":58.7}"
00-0039337,Malik Nabers,NYG,WR,56.69,4.37,2,206.0,MEDIUM,2026,2,RSM-v0.1-checkpoint1,"{""replacement_prior"":50.0,""sample_reliability"":0.6359,""season_count"":2.0,""weighted_observed_rating"":56.69}"
00-0037837,Calvin Austin III,NYG,WR,56.17,3.72,3,235.5,HIGH,2026,2,RSM-v0.1-checkpoint1,"{""replacement_prior"":50.0,""sample_reliability"":0.6901,""season_count"":3.0,""weighted_observed_rating"":56.17}"
00-0035645,Gunner Olszewski,NYG,WR,55.67,8.31,3,57.8,LOW,2026,2,RSM-v0.1-checkpoint1,"{""replacement_prior"":50.0,""sample_reliability"":0.3079,""season_count"":3.0,""weighted_observed_rating"":55.67}"
00-0031235,Odell Beckham Jr.,NYG,WR,54.24,6.09,2,97.3,MEDIUM,2026,2,RSM-v0.1-checkpoint1,"{""replacement_prior"":50.0,""sample_reliability"":0.4926,""season_count"":2.0,""weighted_observed_rating"":54.24}"
00-0038496,Xavier Gipson,NYG,WR,51.11,8.16,3,115.0,LOW,2026,2,RSM-v0.1-checkpoint1,"{""replacement_prior"":50.0,""sample_reliability"":0.3201,""season_count"":3.0,""weighted_observed_rating"":51.11}"
00-0038576,Charlie Jones,NYG,WR,50.05,10.57,3,16.7,LOW,2026,2,RSM-v0.1-checkpoint1,"{""replacement_prior"":50.0,""sample_reliability"":0.119,""season_count"":3.0,""weighted_observed_rating"":50.05}"
00-0041152,Kobe Prentice,NYG,WR,50.0,12.0,0,0,LOW,2026,2,RSM-v0.1-checkpoint1,"{""replacement_prior"":50.0,""sample_reliability"":0.0,""season_count"":0.0,""weighted_observed_rating"":50.0}"
00-0041042,Malachi Fields,NYG,WR,50.0,12.0,0,0,LOW,2026,2,RSM-v0.1-checkpoint1,"{""replacement_prior"":50.0,""sample_reliability"":0.0,""season_count"":0.0,""weighted_observed_rating"":50.0}"
00-0038938,Jalin Hyatt,NYG,WR,49.94,5.26,3,179.0,MEDIUM,2026,2,RSM-v0.1-checkpoint1,"{""replacement_prior"":50.0,""sample_reliability"":0.562,""season_count"":3.0,""weighted_observed_rating"":49.94}"
00-0034419,Braxton Berrios,NYG,WR,49.77,7.35,4,154.2,MEDIUM,2026,2,RSM-v0.1-checkpoint1,"{""replacement_prior"":50.0,""sample_reliability"":0.3871,""season_count"":4.0,""weighted_observed_rating"":49.77}"
00-0040431,Dalen Cambre,NYG,WR,49.57,11.15,1,2.7,LOW,2026,2,RSM-v0.1-checkpoint1,"{""replacement_prior"":50.0,""sample_reliability"":0.0708,""season_count"":1.0,""weighted_observed_rating"":49.57}"
00-0036987,Brandon Stephens,NYJ,CB,60.91,5.45,5,3628.0,MEDIUM,2026,2,RSM-v0.1-checkpoint1,"{""replacement_prior"":50.0,""sample_reliability"":0.546,""season_count"":5.0,""weighted_observed_rating"":60.91}"
00-0036986,Nahshon Wright,NYJ,CB,56.75,8.49,5,1221.0,LOW,2026,2,RSM-v0.1-checkpoint1,"{""replacement_prior"":50.0,""sample_reliability"":0.2925,""season_count"":5.0,""weighted_observed_rating"":56.75}"
00-0039372,Jarvis Brownlee Jr.,NYJ,CB,55.98,7.91,5,1324.0,LOW,2026,2,RSM-v0.1-checkpoint1,"{""replacement_prior"":50.0,""sample_reliability"":0.3407,""season_count"":5.0,""weighted_observed_rating"":55.98}"
00-0036885,Tre Brown,NYJ,CB,55.24,8.69,5,969.0,LOW,2026,2,RSM-v0.1-checkpoint1,"{""replacement_prior"":50.0,""sample_reliability"":0.2761,""season_count"":5.0,""weighted_observed_rating"":55.24}"
00-0037830,Samuel Womack,NYJ,CB,53.58,8.1,5,1016.0,LOW,2026,2,RSM-v0.1-checkpoint1,"{""replacement_prior"":50.0,""sample_reliability"":0.325,""season_count"":5.0,""weighted_observed_rating"":53.58}"
00-0040133,Azareye'h Thomas,NYJ,CB,53.36,9.9,5,315.0,LOW,2026,2,RSM-v0.1-checkpoint1,"{""replacement_prior"":50.0,""sample_reliability"":0.1751,""season_count"":5.0,""weighted_observed_rating"":53.36}"
00-0039789,Qwan'tez Stiggers,NYJ,CB,52.31,9.63,5,299.0,LOW,2026,2,RSM-v0.1-checkpoint1,"{""replacement_prior"":50.0,""sample_reliability"":0.1977,""season_count"":5.0,""weighted_observed_rating"":52.31}"
00-0040397,Jordan Clark,NYJ,CB,50.26,10.54,5,143.0,LOW,2026,2,RSM-v0.1-checkpoint1,"{""replacement_prior"":50.0,""sample_reliability"":0.1217,""season_count"":5.0,""weighted_observed_rating"":50.26}"
00-0041038,D'Angelo Ponds,NYJ,CB,50.02,11.93,5,5.0,LOW,2026,2,RSM-v0.1-checkpoint1,"{""replacement_prior"":50.0,""sample_reliability"":0.0055,""season_count"":5.0,""weighted_observed_rating"":50.02}"
00-0040499,Keenan Garber,NYJ,CB,50.02,11.93,5,5.0,LOW,2026,2,RSM-v0.1-checkpoint1,"{""replacement_prior"":50.0,""sample_reliability"":0.0055,""season_count"":5.0,""weighted_observed_rating"":50.02}"
00-0041196,Mory Bamba,NYJ,CB,50.02,11.93,5,5.0,LOW,2026,2,RSM-v0.1-checkpoint1,"{""replacement_prior"":50.0,""sample_reliability"":0.0055,""season_count"":5.0,""weighted_observed_rating"":50.02}"
00-0033051,David Onyemata,NYJ,DL,60.51,5.87,5,2476.0,MEDIUM,2026,2,RSM-v0.1-checkpoint1,"{""replacement_prior"":50.0,""sample_reliability"":0.5107,""season_count"":5.0,""weighted_observed_rating"":60.51}"
00-0034782,Harrison Phillips,NYJ,DL,59.45,5.68,5,2902.0,MEDIUM,2026,2,RSM-v0.1-checkpoint1,"{""replacement_prior"":50.0,""sample_reliability"":0.5267,""season_count"":5.0,""weighted_observed_rating"":59.45}"
00-0039431,Jowon Briggs,NYJ,DL,56.82,8.5,5,724.0,LOW,2026,2,RSM-v0.1-checkpoint1,"{""replacement_prior"":50.0,""sample_reliability"":0.2917,""season_count"":5.0,""weighted_observed_rating"":56.82}"
00-0039886,T'Vondre Sweat,NYJ,DL,55.84,7.98,5,1083.0,LOW,2026,2,RSM-v0.1-checkpoint1,"{""replacement_prior"":50.0,""sample_reliability"":0.3347,""season_count"":5.0,""weighted_observed_rating"":55.84}"
00-0040404,Payton Page,NYJ,DL,50.75,11.09,5,65.0,LOW,2026,2,RSM-v0.1-checkpoint1,"{""replacement_prior"":50.0,""sample_reliability"":0.0756,""season_count"":5.0,""weighted_observed_rating"":50.75}"
00-0036788,Jack Heflin,NYJ,DL,50.18,11.57,5,50.0,LOW,2026,2,RSM-v0.1-checkpoint1,"{""replacement_prior"":50.0,""sample_reliability"":0.0357,""season_count"":5.0,""weighted_observed_rating"":50.18}"
00-0041549,Darrell Jackson Jr.,NYJ,DL,50.02,11.93,5,5.0,LOW,2026,2,RSM-v0.1-checkpoint1,"{""replacement_prior"":50.0,""sample_reliability"":0.0058,""season_count"":5.0,""weighted_observed_rating"":50.02}"
00-0039142,Will McDonald IV,NYJ,EDGE,61.87,6.74,5,1593.0,MEDIUM,2026,2,RSM-v0.1-checkpoint1,"{""replacement_prior"":50.0,""sample_reliability"":0.4385,""season_count"":5.0,""weighted_observed_rating"":61.87}"
00-0036902,Joseph Ossai,NYJ,EDGE,59.57,6.21,5,1704.0,MEDIUM,2026,2,RSM-v0.1-checkpoint1,"{""replacement_prior"":50.0,""sample_reliability"":0.4824,""season_count"":5.0,""weighted_observed_rating"":59.57}"
00-0037083,Kingsley Enagbare,NYJ,EDGE,58.17,6.04,5,1897.0,MEDIUM,2026,2,RSM-v0.1-checkpoint1,"{""replacement_prior"":50.0,""sample_reliability"":0.4965,""season_count"":5.0,""weighted_observed_rating"":58.17}"
00-0039284,Braiden McGregor,NYJ,EDGE,51.59,9.12,5,351.0,LOW,2026,2,RSM-v0.1-checkpoint1,"{""replacement_prior"":50.0,""sample_reliability"":0.2402,""season_count"":5.0,""weighted_observed_rating"":51.59}"
00-0037431,Kingsley Jonathan,NYJ,EDGE,51.21,10.73,5,174.0,LOW,2026,2,RSM-v0.1-checkpoint1,"{""replacement_prior"":50.0,""sample_reliability"":0.1055,""season_count"":5.0,""weighted_observed_rating"":51.21}"
00-0040196,Tyler Baron,NYJ,EDGE,50.37,10.69,5,99.0,LOW,2026,2,RSM-v0.1-checkpoint1,"{""replacement_prior"":50.0,""sample_reliability"":0.1095,""season_count"":5.0,""weighted_observed_rating"":50.37}"
00-0041012,Anthony Dunn,NYJ,EDGE,50.02,11.92,5,5.0,LOW,2026,2,RSM-v0.1-checkpoint1,"{""replacement_prior"":50.0,""sample_reliability"":0.0066,""season_count"":5.0,""weighted_observed_rating"":50.02}"
00-0041026,David Bailey,NYJ,EDGE,50.02,11.92,5,5.0,LOW,2026,2,RSM-v0.1-checkpoint1,"{""replacement_prior"":50.0,""sample_reliability"":0.0066,""season_count"":5.0,""weighted_observed_rating"":50.02}"
00-0039447,Nate Lynn,NYJ,EDGE,50.02,11.92,5,5.0,LOW,2026,2,RSM-v0.1-checkpoint1,"{""replacement_prior"":50.0,""sample_reliability"":0.0066,""season_count"":5.0,""weighted_observed_rating"":50.02}"
00-0040793,Paschal Ekeji,NYJ,EDGE,50.02,11.92,5,5.0,LOW,2026,2,RSM-v0.1-checkpoint1,"{""replacement_prior"":50.0,""sample_reliability"":0.0066,""season_count"":5.0,""weighted_observed_rating"":50.02}"
00-0034794,Jason Sanders,NYJ,K,59.22,1.4,3,232.0,HIGH,2026,2,RSM-v0.1-checkpoint1,"{""replacement_prior"":50.0,""sample_reliability"":0.883,""season_count"":3.0,""weighted_observed_rating"":59.22}"
00-0038905,Blake Grupe,NYJ,K,54.87,1.59,3,203.0,HIGH,2026,2,RSM-v0.1-checkpoint1,"{""replacement_prior"":50.0,""sample_reliability"":0.8673,""season_count"":3.0,""weighted_observed_rating"":54.87}"
00-0029607,Demario Davis,NYJ,LB,61.47,5.23,5,4381.0,MEDIUM,2026,2,RSM-v0.1-checkpoint1,"{""replacement_prior"":50.0,""sample_reliability"":0.5643,""season_count"":5.0,""weighted_observed_rating"":61.47}"
00-0036500,Jamien Sherwood,NYJ,LB,59.19,6.41,5,2396.0,MEDIUM,2026,2,RSM-v0.1-checkpoint1,"{""replacement_prior"":50.0,""sample_reliability"":0.4657,""season_count"":5.0,""weighted_observed_rating"":59.19}"
00-0039347,Trevin Wallace,NYJ,LB,56.58,7.74,5,1210.0,MEDIUM,2026,2,RSM-v0.1-checkpoint1,"{""replacement_prior"":50.0,""sample_reliability"":0.3548,""season_count"":5.0,""weighted_observed_rating"":56.58}"
00-0036300,Mykal Walker,NYJ,LB,55.34,7.88,5,1335.0,LOW,2026,2,RSM-v0.1-checkpoint1,"{""replacement_prior"":50.0,""sample_reliability"":0.3436,""season_count"":5.0,""weighted_observed_rating"":55.34}"
00-0035617,Troy Reeder,NYJ,LB,53.66,8.43,5,708.0,LOW,2026,2,RSM-v0.1-checkpoint1,"{""replacement_prior"":50.0,""sample_reliability"":0.2977,""season_count"":5.0,""weighted_observed_rating"":53.66}"
00-0037526,Marcelino McCrary-Ball,NYJ,LB,50.94,10.68,5,112.0,LOW,2026,2,RSM-v0.1-checkpoint1,"{""replacement_prior"":50.0,""sample_reliability"":0.11,""season_count"":5.0,""weighted_observed_rating"":50.94}"
00-0040186,Francisco Mauigoa,NYJ,LB,50.14,9.81,5,333.0,LOW,2026,2,RSM-v0.1-checkpoint1,"{""replacement_prior"":50.0,""sample_reliability"":0.1823,""season_count"":5.0,""weighted_observed_rating"":50.14}"
00-0041515,Chase Wilson,NYJ,LB,50.02,11.93,5,5.0,LOW,2026,2,RSM-v0.1-checkpoint1,"{""replacement_prior"":50.0,""sample_reliability"":0.0058,""season_count"":5.0,""weighted_observed_rating"":50.02}"
00-0041410,Jaden Keller,NYJ,LB,50.02,11.93,5,5.0,LOW,2026,2,RSM-v0.1-checkpoint1,"{""replacement_prior"":50.0,""sample_reliability"":0.0058,""season_count"":5.0,""weighted_observed_rating"":50.02}"
00-0036622,Josh Myers,NYJ,OL,66.12,2.16,4,4236.0,LOW,2026,2,RSM-v0.1-checkpoint1,"{""replacement_prior"":50.0,""sample_reliability"":0.8202,""season_count"":4.0,""weighted_observed_rating"":66.12}"
00-0039145,Joe Tippmann,NYJ,OL,62.8,2.23,3,2967.0,LOW,2026,2,RSM-v0.1-checkpoint1,"{""replacement_prior"":50.0,""sample_reliability"":0.814,""season_count"":3.0,""weighted_observed_rating"":62.8}"
00-0037255,Dylan Parham,NYJ,OL,62.69,2.43,4,3803.0,LOW,2026,2,RSM-v0.1-checkpoint1,"{""replacement_prior"":50.0,""sample_reliability"":0.7979,""season_count"":4.0,""weighted_observed_rating"":62.69}"
00-0040123,Armand Membou,NYJ,OL,62.28,2.16,1,1047.0,LOW,2026,2,RSM-v0.1-checkpoint1,"{""replacement_prior"":50.0,""sample_reliability"":0.8199,""season_count"":1.0,""weighted_observed_rating"":62.28}"
00-0039790,Olumuyiwa Fashanu,NYJ,OL,58.71,2.75,2,1573.0,LOW,2026,2,RSM-v0.1-checkpoint1,"{""replacement_prior"":50.0,""sample_reliability"":0.7708,""season_count"":2.0,""weighted_observed_rating"":58.71}"
00-0036604,Jordan Meredith,NYJ,OL,56.79,5.05,4,1383.0,LOW,2026,2,RSM-v0.1-checkpoint1,"{""replacement_prior"":50.0,""sample_reliability"":0.579,""season_count"":4.0,""weighted_observed_rating"":56.79}"
00-0034768,Chukwuma Okorafor,NYJ,OL,56.18,7.13,3,1608.0,LOW,2026,2,RSM-v0.1-checkpoint1,"{""replacement_prior"":50.0,""sample_reliability"":0.4061,""season_count"":3.0,""weighted_observed_rating"":56.18}"
00-0038114,Max Mitchell,NYJ,OL,50.45,6.79,4,1111.0,LOW,2026,2,RSM-v0.1-checkpoint1,"{""replacement_prior"":50.0,""sample_reliability"":0.4344,""season_count"":4.0,""weighted_observed_rating"":50.45}"
00-0041097,Anez Cooper,NYJ,OL,50.0,12.0,0,0,LOW,2026,2,RSM-v0.1-checkpoint1,"{""replacement_prior"":50.0,""sample_reliability"":0.0,""season_count"":0.0,""weighted_observed_rating"":50.0}"
00-0040034,Brant Banks,NYJ,OL,50.0,12.0,0,0,LOW,2026,2,RSM-v0.1-checkpoint1,"{""replacement_prior"":50.0,""sample_reliability"":0.0,""season_count"":0.0,""weighted_observed_rating"":50.0}"
00-0041507,Courtland Ford,NYJ,OL,50.0,12.0,0,0,LOW,2026,2,RSM-v0.1-checkpoint1,"{""replacement_prior"":50.0,""sample_reliability"":0.0,""season_count"":0.0,""weighted_observed_rating"":50.0}"
00-0038194,Kohl Levao,NYJ,OL,50.0,12.0,0,0,LOW,2026,2,RSM-v0.1-checkpoint1,"{""replacement_prior"":50.0,""sample_reliability"":0.0,""season_count"":0.0,""weighted_observed_rating"":50.0}"
00-0038223,Liam Fornadel,NYJ,OL,50.0,12.0,0,0,LOW,2026,2,RSM-v0.1-checkpoint1,"{""replacement_prior"":50.0,""sample_reliability"":0.0,""season_count"":0.0,""weighted_observed_rating"":50.0}"
00-0037748,Marquis Hayes,NYJ,OL,50.0,12.0,0,0,LOW,2026,2,RSM-v0.1-checkpoint1,"{""replacement_prior"":50.0,""sample_reliability"":0.0,""season_count"":0.0,""weighted_observed_rating"":50.0}"
00-0041238,Xavier Hill,NYJ,OL,50.0,12.0,0,0,LOW,2026,2,RSM-v0.1-checkpoint1,"{""replacement_prior"":50.0,""sample_reliability"":0.0,""season_count"":0.0,""weighted_observed_rating"":50.0}"
00-0037601,Xavier Newman-Johnson,NYJ,OL,49.59,9.99,4,338.0,LOW,2026,2,RSM-v0.1-checkpoint1,"{""replacement_prior"":50.0,""sample_reliability"":0.1674,""season_count"":4.0,""weighted_observed_rating"":49.59}"
00-0039634,Austin McNamara,NYJ,OTHER,67.41,4.44,1,170.0,MEDIUM,2026,2,RSM-v0.1-checkpoint1,"{""replacement_prior"":50.0,""sample_reliability"":0.6296,""season_count"":1.0,""weighted_observed_rating"":67.41}"
00-0033260,Thomas Hennessy,NYJ,OTHER,55.49,5.12,4,564.0,MEDIUM,2026,2,RSM-v0.1-checkpoint1,"{""replacement_prior"":50.0,""sample_reliability"":0.5733,""season_count"":4.0,""weighted_observed_rating"":55.49}"
00-0030565,Geno Smith,NYJ,QB,58.23,1.84,4,2279.0,HIGH,2026,2,RSM-v0.1-checkpoint1,"{""replacement_prior"":50.0,""sample_reliability"":0.8466,""season_count"":4.0,""weighted_observed_rating"":58.23}"
00-0041056,Cade Klubnik,NYJ,QB,50.0,12.0,0,0,LOW,2026,2,RSM-v0.1-checkpoint1,"{""replacement_prior"":50.0,""sample_reliability"":0.0,""season_count"":0.0,""weighted_observed_rating"":50.0}"
00-0038108,Bailey Zappe,NYJ,QB,49.79,6.71,3,367.0,MEDIUM,2026,2,RSM-v0.1-checkpoint1,"{""replacement_prior"":50.0,""sample_reliability"":0.4411,""season_count"":3.0,""weighted_observed_rating"":49.79}"
00-0039798,Isaiah Davis,NYJ,RB,60.0,6.12,2,113.0,MEDIUM,2026,2,RSM-v0.1-checkpoint1,"{""replacement_prior"":50.0,""sample_reliability"":0.4899,""season_count"":2.0,""weighted_observed_rating"":60.0}"
00-0038120,Breece Hall,NYJ,RB,59.99,2.3,4,1005.0,HIGH,2026,2,RSM-v0.1-checkpoint1,"{""replacement_prior"":50.0,""sample_reliability"":0.8083,""season_count"":4.0,""weighted_observed_rating"":59.99}"
00-0039794,Braelon Allen,NYJ,RB,52.42,6.94,2,140.0,MEDIUM,2026,2,RSM-v0.1-checkpoint1,"{""replacement_prior"":50.0,""sample_reliability"":0.4215,""season_count"":2.0,""weighted_observed_rating"":52.42}"
00-0034959,Andrew Beck,NYJ,RB,51.67,10.41,4,43.0,LOW,2026,2,RSM-v0.1-checkpoint1,"{""replacement_prior"":50.0,""sample_reliability"":0.1328,""season_count"":4.0,""weighted_observed_rating"":51.67}"
00-0041239,Chip Trayanum,NYJ,RB,50.0,12.0,0,0,LOW,2026,2,RSM-v0.1-checkpoint1,"{""replacement_prior"":50.0,""sample_reliability"":0.0,""season_count"":0.0,""weighted_observed_rating"":50.0}"
00-0040937,Dominic Richardson,NYJ,RB,50.0,12.0,0,0,LOW,2026,2,RSM-v0.1-checkpoint1,"{""replacement_prior"":50.0,""sample_reliability"":0.0,""season_count"":0.0,""weighted_observed_rating"":50.0}"
00-0036842,Kene Nwangwu,NYJ,RB,49.76,10.14,3,30.0,LOW,2026,2,RSM-v0.1-checkpoint1,"{""replacement_prior"":50.0,""sample_reliability"":0.1547,""season_count"":3.0,""weighted_observed_rating"":49.76}"
00-0038123,Dane Belton,NYJ,S,64.36,6.29,5,1851.0,MEDIUM,2026,2,RSM-v0.1-checkpoint1,"{""replacement_prior"":50.0,""sample_reliability"":0.4757,""season_count"":5.0,""weighted_observed_rating"":64.36}"
00-0034789,Minkah Fitzpatrick,NYJ,S,57.72,5.56,5,3418.0,MEDIUM,2026,2,RSM-v0.1-checkpoint1,"{""replacement_prior"":50.0,""sample_reliability"":0.5364,""season_count"":5.0,""weighted_observed_rating"":57.72}"
00-0036941,Andre Cisco,NYJ,S,55.24,5.77,5,3319.0,MEDIUM,2026,2,RSM-v0.1-checkpoint1,"{""replacement_prior"":50.0,""sample_reliability"":0.5191,""season_count"":5.0,""weighted_observed_rating"":55.24}"
00-0040165,Malachi Moore,NYJ,S,51.69,9.23,5,954.0,LOW,2026,2,RSM-v0.1-checkpoint1,"{""replacement_prior"":50.0,""sample_reliability"":0.231,""season_count"":5.0,""weighted_observed_rating"":51.69}"
00-0040396,Dean Clark,NYJ,S,50.14,10.33,5,184.0,LOW,2026,2,RSM-v0.1-checkpoint1,"{""replacement_prior"":50.0,""sample_reliability"":0.139,""season_count"":5.0,""weighted_observed_rating"":50.14}"
00-0039285,Jarius Monroe,NYJ,S,50.13,11.72,5,23.0,LOW,2026,2,RSM-v0.1-checkpoint1,"{""replacement_prior"":50.0,""sample_reliability"":0.023,""season_count"":5.0,""weighted_observed_rating"":50.13}"
00-0041010,Tanner Wall,NYJ,S,50.02,11.93,5,5.0,LOW,2026,2,RSM-v0.1-checkpoint1,"{""replacement_prior"":50.0,""sample_reliability"":0.0055,""season_count"":5.0,""weighted_observed_rating"":50.02}"
00-0041120,VJ Payne,NYJ,S,50.02,11.93,5,5.0,LOW,2026,2,RSM-v0.1-checkpoint1,"{""replacement_prior"":50.0,""sample_reliability"":0.0055,""season_count"":5.0,""weighted_observed_rating"":50.02}"
00-0040736,Mason Taylor,NYJ,TE,59.49,2.24,1,109.0,MEDIUM,2026,2,RSM-v0.1-checkpoint1,"{""replacement_prior"":50.0,""sample_reliability"":0.8134,""season_count"":1.0,""weighted_observed_rating"":59.49}"
00-0037805,Jeremy Ruckert,NYJ,TE,53.6,3.93,4,207.2,HIGH,2026,2,RSM-v0.1-checkpoint1,"{""replacement_prior"":50.0,""sample_reliability"":0.6724,""season_count"":4.0,""weighted_observed_rating"":53.6}"
00-0041237,Chase Curtis,NYJ,TE,50.0,12.0,0,0,LOW,2026,2,RSM-v0.1-checkpoint1,"{""replacement_prior"":50.0,""sample_reliability"":0.0,""season_count"":0.0,""weighted_observed_rating"":50.0}"
00-0041577,Connor Hulstein,NYJ,TE,50.0,12.0,0,0,LOW,2026,2,RSM-v0.1-checkpoint1,"{""replacement_prior"":50.0,""sample_reliability"":0.0,""season_count"":0.0,""weighted_observed_rating"":50.0}"
00-0041032,Kenyon Sadiq,NYJ,TE,50.0,12.0,0,0,LOW,2026,2,RSM-v0.1-checkpoint1,"{""replacement_prior"":50.0,""sample_reliability"":0.0,""season_count"":0.0,""weighted_observed_rating"":50.0}"
00-0037755,Jelani Woods,NYJ,TE,49.28,7.46,2,65.7,MEDIUM,2026,2,RSM-v0.1-checkpoint1,"{""replacement_prior"":50.0,""sample_reliability"":0.3781,""season_count"":2.0,""weighted_observed_rating"":49.28}"
00-0033375,Tim Patrick,NYJ,WR,60.84,3.95,2,162.8,HIGH,2026,2,RSM-v0.1-checkpoint1,"{""replacement_prior"":50.0,""sample_reliability"":0.6705,""season_count"":2.0,""weighted_observed_rating"":60.84}"
00-0037740,Garrett Wilson,NYJ,WR,56.45,3.0,4,550.0,HIGH,2026,2,RSM-v0.1-checkpoint1,"{""replacement_prior"":50.0,""sample_reliability"":0.7504,""season_count"":4.0,""weighted_observed_rating"":56.45}"
00-0039890,Adonai Mitchell,NYJ,WR,52.37,3.84,2,146.8,HIGH,2026,2,RSM-v0.1-checkpoint1,"{""replacement_prior"":50.0,""sample_reliability"":0.6804,""season_count"":2.0,""weighted_observed_rating"":52.37}"
00-0039451,Isaiah Williams,NYJ,WR,50.83,7.06,2,59.3,MEDIUM,2026,2,RSM-v0.1-checkpoint1,"{""replacement_prior"":50.0,""sample_reliability"":0.4118,""season_count"":2.0,""weighted_observed_rating"":50.83}"
00-0040324,Cam Camper,NYJ,WR,50.0,12.0,0,0,LOW,2026,2,RSM-v0.1-checkpoint1,"{""replacement_prior"":50.0,""sample_reliability"":0.0,""season_count"":0.0,""weighted_observed_rating"":50.0}"
00-0041199,Caullin Lacy,NYJ,WR,50.0,12.0,0,0,LOW,2026,2,RSM-v0.1-checkpoint1,"{""replacement_prior"":50.0,""sample_reliability"":0.0,""season_count"":0.0,""weighted_observed_rating"":50.0}"
00-0040405,Jamaal Pritchett,NYJ,WR,50.0,12.0,0,0,LOW,2026,2,RSM-v0.1-checkpoint1,"{""replacement_prior"":50.0,""sample_reliability"":0.0,""season_count"":0.0,""weighted_observed_rating"":50.0}"
00-0040247,Junior Bergen,NYJ,WR,50.0,12.0,0,0,LOW,2026,2,RSM-v0.1-checkpoint1,"{""replacement_prior"":50.0,""sample_reliability"":0.0,""season_count"":0.0,""weighted_observed_rating"":50.0}"
00-0041267,Malik McClain,NYJ,WR,50.0,12.0,0,0,LOW,2026,2,RSM-v0.1-checkpoint1,"{""replacement_prior"":50.0,""sample_reliability"":0.0,""season_count"":0.0,""weighted_observed_rating"":50.0}"
00-0041511,Omar Cooper Jr.,NYJ,WR,50.0,12.0,0,0,LOW,2026,2,RSM-v0.1-checkpoint1,"{""replacement_prior"":50.0,""sample_reliability"":0.0,""season_count"":0.0,""weighted_observed_rating"":50.0}"
00-0040553,Quincy Skinner Jr.,NYJ,WR,50.0,12.0,0,0,LOW,2026,2,RSM-v0.1-checkpoint1,"{""replacement_prior"":50.0,""sample_reliability"":0.0,""season_count"":0.0,""weighted_observed_rating"":50.0}"
00-0040582,Arian Smith,NYJ,WR,48.4,4.3,1,62.7,MEDIUM,2026,2,RSM-v0.1-checkpoint1,"{""replacement_prior"":50.0,""sample_reliability"":0.6416,""season_count"":1.0,""weighted_observed_rating"":48.4}"
00-0032580,Jonathan Jones,PHI,CB,59.19,5.94,5,2821.0,MEDIUM,2026,2,RSM-v0.1-checkpoint1,"{""replacement_prior"":50.0,""sample_reliability"":0.5053,""season_count"":5.0,""weighted_observed_rating"":59.19}"
00-0039841,Cooper DeJean,PHI,CB,58.4,7.52,5,1667.0,MEDIUM,2026,2,RSM-v0.1-checkpoint1,"{""replacement_prior"":50.0,""sample_reliability"":0.373,""season_count"":5.0,""weighted_observed_rating"":58.4}"
00-0037079,Riq Woolen,PHI,CB,58.11,5.49,5,3781.0,MEDIUM,2026,2,RSM-v0.1-checkpoint1,"{""replacement_prior"":50.0,""sample_reliability"":0.5426,""season_count"":5.0,""weighted_observed_rating"":58.11}"
00-0036501,Michael Carter II,PHI,CB,56.15,6.86,5,1941.0,MEDIUM,2026,2,RSM-v0.1-checkpoint1,"{""replacement_prior"":50.0,""sample_reliability"":0.4285,""season_count"":5.0,""weighted_observed_rating"":56.15}"
00-0039140,Kelee Ringo,PHI,CB,56.12,8.33,5,624.0,LOW,2026,2,RSM-v0.1-checkpoint1,"{""replacement_prior"":50.0,""sample_reliability"":0.3054,""season_count"":5.0,""weighted_observed_rating"":56.12}"
00-0039888,Quinyon Mitchell,PHI,CB,53.61,7.41,5,1944.0,MEDIUM,2026,2,RSM-v0.1-checkpoint1,"{""replacement_prior"":50.0,""sample_reliability"":0.3828,""season_count"":5.0,""weighted_observed_rating"":53.61}"
00-0039072,Jakorian Bennett,PHI,CB,52.86,8.32,5,921.0,LOW,2026,2,RSM-v0.1-checkpoint1,"{""replacement_prior"":50.0,""sample_reliability"":0.307,""season_count"":5.0,""weighted_observed_rating"":52.86}"
00-0038641,Isaiah Bolden,PHI,CB,50.98,11.0,5,145.0,LOW,2026,2,RSM-v0.1-checkpoint1,"{""replacement_prior"":50.0,""sample_reliability"":0.0836,""season_count"":5.0,""weighted_observed_rating"":50.98}"
00-0040071,Mac McWilliams,PHI,CB,50.67,11.52,5,32.0,LOW,2026,2,RSM-v0.1-checkpoint1,"{""replacement_prior"":50.0,""sample_reliability"":0.0404,""season_count"":5.0,""weighted_observed_rating"":50.67}"
00-0040077,Robert Longerbeam,PHI,CB,50.02,11.93,5,5.0,LOW,2026,2,RSM-v0.1-checkpoint1,"{""replacement_prior"":50.0,""sample_reliability"":0.0055,""season_count"":5.0,""weighted_observed_rating"":50.02}"
00-0038386,Jalen Carter,PHI,DL,64.32,6.51,5,2035.0,MEDIUM,2026,2,RSM-v0.1-checkpoint1,"{""replacement_prior"":50.0,""sample_reliability"":0.4574,""season_count"":5.0,""weighted_observed_rating"":64.32}"
00-0037073,Jordan Davis,PHI,DL,60.45,6.25,5,1818.0,MEDIUM,2026,2,RSM-v0.1-checkpoint1,"{""replacement_prior"":50.0,""sample_reliability"":0.4795,""season_count"":5.0,""weighted_observed_rating"":60.45}"
00-0038412,Moro Ojomo,PHI,DL,55.8,7.42,5,1198.0,MEDIUM,2026,2,RSM-v0.1-checkpoint1,"{""replacement_prior"":50.0,""sample_reliability"":0.3815,""season_count"":5.0,""weighted_observed_rating"":55.8}"
00-0038978,Byron Young,PHI,DL,53.84,9.27,5,440.0,LOW,2026,2,RSM-v0.1-checkpoint1,"{""replacement_prior"":50.0,""sample_reliability"":0.2274,""season_count"":5.0,""weighted_observed_rating"":53.84}"
00-0040662,Ty Robinson,PHI,DL,51.48,10.72,5,108.0,LOW,2026,2,RSM-v0.1-checkpoint1,"{""replacement_prior"":50.0,""sample_reliability"":0.1068,""season_count"":5.0,""weighted_observed_rating"":51.48}"
00-0041315,David Blay Jr.,PHI,DL,50.02,11.93,5,5.0,LOW,2026,2,RSM-v0.1-checkpoint1,"{""replacement_prior"":50.0,""sample_reliability"":0.0058,""season_count"":5.0,""weighted_observed_rating"":50.02}"
00-0039265,Gabe Hall,PHI,DL,50.02,11.93,5,5.0,LOW,2026,2,RSM-v0.1-checkpoint1,"{""replacement_prior"":50.0,""sample_reliability"":0.0058,""season_count"":5.0,""weighted_observed_rating"":50.02}"
00-0041580,Uar Bernard,PHI,DL,50.02,11.93,5,5.0,LOW,2026,2,RSM-v0.1-checkpoint1,"{""replacement_prior"":50.0,""sample_reliability"":0.0058,""season_count"":5.0,""weighted_observed_rating"":50.02}"
00-0041540,Zion Wilson,PHI,DL,50.02,11.93,5,5.0,LOW,2026,2,RSM-v0.1-checkpoint1,"{""replacement_prior"":50.0,""sample_reliability"":0.0058,""season_count"":5.0,""weighted_observed_rating"":50.02}"
00-0036224,Jonathan Greenard,PHI,EDGE,63.91,5.77,5,2394.0,MEDIUM,2026,2,RSM-v0.1-checkpoint1,"{""replacement_prior"":50.0,""sample_reliability"":0.5192,""season_count"":5.0,""weighted_observed_rating"":63.91}"
00-0036192,A.J. Epenesa,PHI,EDGE,63.63,6.1,5,1813.0,MEDIUM,2026,2,RSM-v0.1-checkpoint1,"{""replacement_prior"":50.0,""sample_reliability"":0.4916,""season_count"":5.0,""weighted_observed_rating"":63.63}"
00-0038116,Arnold Ebiketie,PHI,EDGE,60.65,6.17,5,1828.0,MEDIUM,2026,2,RSM-v0.1-checkpoint1,"{""replacement_prior"":50.0,""sample_reliability"":0.4858,""season_count"":5.0,""weighted_observed_rating"":60.65}"
00-0039740,Jalyx Hunt,PHI,EDGE,57.75,7.96,5,937.0,LOW,2026,2,RSM-v0.1-checkpoint1,"{""replacement_prior"":50.0,""sample_reliability"":0.3365,""season_count"":5.0,""weighted_observed_rating"":57.75}"
00-0039013,Nolan Smith,PHI,EDGE,57.05,7.04,5,1187.0,MEDIUM,2026,2,RSM-v0.1-checkpoint1,"{""replacement_prior"":50.0,""sample_reliability"":0.4134,""season_count"":5.0,""weighted_observed_rating"":57.05}"
00-0036967,Joe Tryon,PHI,EDGE,55.45,6.75,5,2104.0,MEDIUM,2026,2,RSM-v0.1-checkpoint1,"{""replacement_prior"":50.0,""sample_reliability"":0.4377,""season_count"":5.0,""weighted_observed_rating"":55.45}"
00-0040926,Joshua Weru,PHI,EDGE,50.02,11.92,5,5.0,LOW,2026,2,RSM-v0.1-checkpoint1,"{""replacement_prior"":50.0,""sample_reliability"":0.0066,""season_count"":5.0,""weighted_observed_rating"":50.02}"
00-0040908,Keyshawn James-Newby,PHI,EDGE,50.02,11.92,5,5.0,LOW,2026,2,RSM-v0.1-checkpoint1,"{""replacement_prior"":50.0,""sample_reliability"":0.0066,""season_count"":5.0,""weighted_observed_rating"":50.02}"
00-0041162,Mason Reiger,PHI,EDGE,50.02,11.92,5,5.0,LOW,2026,2,RSM-v0.1-checkpoint1,"{""replacement_prior"":50.0,""sample_reliability"":0.0066,""season_count"":5.0,""weighted_observed_rating"":50.02}"
00-0033787,Jake Elliott,PHI,K,50.68,1.41,4,307.0,HIGH,2026,2,RSM-v0.1-checkpoint1,"{""replacement_prior"":50.0,""sample_reliability"":0.8827,""season_count"":4.0,""weighted_observed_rating"":50.68}"
00-0036418,Zack Baun,PHI,LB,64.1,6.13,5,2362.0,MEDIUM,2026,2,RSM-v0.1-checkpoint1,"{""replacement_prior"":50.0,""sample_reliability"":0.4894,""season_count"":5.0,""weighted_observed_rating"":64.1}"
00-0039826,Jeremiah Trotter Jr.,PHI,LB,54.24,10.04,5,195.0,LOW,2026,2,RSM-v0.1-checkpoint1,"{""replacement_prior"":50.0,""sample_reliability"":0.1636,""season_count"":5.0,""weighted_observed_rating"":54.24}"
00-0040708,Jihaad Campbell,PHI,LB,51.76,9.33,5,714.0,LOW,2026,2,RSM-v0.1-checkpoint1,"{""replacement_prior"":50.0,""sample_reliability"":0.2221,""season_count"":5.0,""weighted_observed_rating"":51.76}"
00-0040013,Smael Mondon Jr.,PHI,LB,50.07,11.7,5,18.0,LOW,2026,2,RSM-v0.1-checkpoint1,"{""replacement_prior"":50.0,""sample_reliability"":0.0248,""season_count"":5.0,""weighted_observed_rating"":50.07}"
00-0037312,Chance Campbell,PHI,LB,50.05,11.9,5,9.0,LOW,2026,2,RSM-v0.1-checkpoint1,"{""replacement_prior"":50.0,""sample_reliability"":0.0086,""season_count"":5.0,""weighted_observed_rating"":50.05}"
00-0040087,Brandon George,PHI,LB,50.02,11.93,5,5.0,LOW,2026,2,RSM-v0.1-checkpoint1,"{""replacement_prior"":50.0,""sample_reliability"":0.0058,""season_count"":5.0,""weighted_observed_rating"":50.02}"
00-0040922,Deontae Lawson,PHI,LB,50.02,11.93,5,5.0,LOW,2026,2,RSM-v0.1-checkpoint1,"{""replacement_prior"":50.0,""sample_reliability"":0.0058,""season_count"":5.0,""weighted_observed_rating"":50.02}"
00-0034429,Jordan Mailata,PHI,OL,70.22,2.33,4,3948.0,LOW,2026,2,RSM-v0.1-checkpoint1,"{""replacement_prior"":50.0,""sample_reliability"":0.8055,""season_count"":4.0,""weighted_observed_rating"":70.22}"
00-0030561,Lane Johnson,PHI,OL,66.3,3.04,4,3342.0,LOW,2026,2,RSM-v0.1-checkpoint1,"{""replacement_prior"":50.0,""sample_reliability"":0.7463,""season_count"":4.0,""weighted_observed_rating"":66.3}"
00-0037002,Landon Dickerson,PHI,OL,64.91,2.35,4,3974.0,LOW,2026,2,RSM-v0.1-checkpoint1,"{""replacement_prior"":50.0,""sample_reliability"":0.8038,""season_count"":4.0,""weighted_observed_rating"":64.91}"
00-0038112,Cam Jurgens,PHI,OL,61.71,3.56,4,2558.0,LOW,2026,2,RSM-v0.1-checkpoint1,"{""replacement_prior"":50.0,""sample_reliability"":0.7034,""season_count"":4.0,""weighted_observed_rating"":61.71}"
00-0039001,Tyler Steen,PHI,OL,55.32,4.58,3,1396.0,LOW,2026,2,RSM-v0.1-checkpoint1,"{""replacement_prior"":50.0,""sample_reliability"":0.6182,""season_count"":3.0,""weighted_observed_rating"":55.32}"
00-0034951,Fred Johnson,PHI,OL,55.17,5.8,4,1144.0,LOW,2026,2,RSM-v0.1-checkpoint1,"{""replacement_prior"":50.0,""sample_reliability"":0.5166,""season_count"":4.0,""weighted_observed_rating"":55.17}"
00-0038852,John Ojukwu,PHI,OL,51.3,7.72,3,428.0,LOW,2026,2,RSM-v0.1-checkpoint1,"{""replacement_prior"":50.0,""sample_reliability"":0.3568,""season_count"":3.0,""weighted_observed_rating"":51.3}"
00-0040422,Jake Majors,PHI,OL,50.0,12.0,0,0,LOW,2026,2,RSM-v0.1-checkpoint1,"{""replacement_prior"":50.0,""sample_reliability"":0.0,""season_count"":0.0,""weighted_observed_rating"":50.0}"
00-0041554,Markel Bell,PHI,OL,50.0,12.0,0,0,LOW,2026,2,RSM-v0.1-checkpoint1,"{""replacement_prior"":50.0,""sample_reliability"":0.0,""season_count"":0.0,""weighted_observed_rating"":50.0}"
00-0040897,Micah Morris,PHI,OL,50.0,12.0,0,0,LOW,2026,2,RSM-v0.1-checkpoint1,"{""replacement_prior"":50.0,""sample_reliability"":0.0,""season_count"":0.0,""weighted_observed_rating"":50.0}"
00-0040631,Willie Lampkin,PHI,OL,50.0,12.0,0,0,LOW,2026,2,RSM-v0.1-checkpoint1,"{""replacement_prior"":50.0,""sample_reliability"":0.0,""season_count"":0.0,""weighted_observed_rating"":50.0}"
00-0040497,Zeke Correll,PHI,OL,50.0,12.0,0,0,LOW,2026,2,RSM-v0.1-checkpoint1,"{""replacement_prior"":50.0,""sample_reliability"":0.0,""season_count"":0.0,""weighted_observed_rating"":50.0}"
00-0039822,Kiran Amegadjie,PHI,OL,48.57,7.77,1,125.0,LOW,2026,2,RSM-v0.1-checkpoint1,"{""replacement_prior"":50.0,""sample_reliability"":0.3521,""season_count"":1.0,""weighted_observed_rating"":48.57}"
00-0040587,Drew Kendall,PHI,OL,48.0,8.65,1,89.0,LOW,2026,2,RSM-v0.1-checkpoint1,"{""replacement_prior"":50.0,""sample_reliability"":0.279,""season_count"":1.0,""weighted_observed_rating"":48.0}"
00-0036313,Braden Mann,PHI,OTHER,64.53,4.6,4,664.0,MEDIUM,2026,2,RSM-v0.1-checkpoint1,"{""replacement_prior"":50.0,""sample_reliability"":0.6163,""season_count"":4.0,""weighted_observed_rating"":64.53}"
00-0040925,Rocco Underwood,PHI,OTHER,50.0,12.0,0,0,LOW,2026,2,RSM-v0.1-checkpoint1,"{""replacement_prior"":50.0,""sample_reliability"":0.0,""season_count"":0.0,""weighted_observed_rating"":50.0}"
00-0036389,Jalen Hurts,PHI,QB,63.66,2.09,4,1957.0,HIGH,2026,2,RSM-v0.1-checkpoint1,"{""replacement_prior"":50.0,""sample_reliability"":0.8256,""season_count"":4.0,""weighted_observed_rating"":63.66}"
00-0038400,Tanner McKee,PHI,QB,54.15,8.2,2,93.0,LOW,2026,2,RSM-v0.1-checkpoint1,"{""replacement_prior"":50.0,""sample_reliability"":0.3169,""season_count"":2.0,""weighted_observed_rating"":54.15}"
00-0027973,Andy Dalton,PHI,QB,53.67,6.35,4,676.0,MEDIUM,2026,2,RSM-v0.1-checkpoint1,"{""replacement_prior"":50.0,""sample_reliability"":0.4707,""season_count"":4.0,""weighted_observed_rating"":53.67}"
00-0040891,Cole Payton,PHI,QB,50.0,12.0,0,0,LOW,2026,2,RSM-v0.1-checkpoint1,"{""replacement_prior"":50.0,""sample_reliability"":0.0,""season_count"":0.0,""weighted_observed_rating"":50.0}"
00-0034844,Saquon Barkley,PHI,RB,60.83,1.78,4,1396.0,HIGH,2026,2,RSM-v0.1-checkpoint1,"{""replacement_prior"":50.0,""sample_reliability"":0.8517,""season_count"":4.0,""weighted_observed_rating"":60.83}"
00-0038555,Tank Bigsby,PHI,RB,56.86,4.96,3,301.0,MEDIUM,2026,2,RSM-v0.1-checkpoint1,"{""replacement_prior"":50.0,""sample_reliability"":0.5865,""season_count"":3.0,""weighted_observed_rating"":56.86}"
00-0037258,Dameon Pierce,PHI,RB,52.53,6.78,4,480.0,MEDIUM,2026,2,RSM-v0.1-checkpoint1,"{""replacement_prior"":50.0,""sample_reliability"":0.4349,""season_count"":4.0,""weighted_observed_rating"":52.53}"
00-0040586,Jaydon Blue,PHI,RB,52.08,7.27,1,39.0,MEDIUM,2026,2,RSM-v0.1-checkpoint1,"{""replacement_prior"":50.0,""sample_reliability"":0.3939,""season_count"":1.0,""weighted_observed_rating"":52.08}"
00-0039325,Carson Steele,PHI,RB,52.0,5.67,1,67.0,MEDIUM,2026,2,RSM-v0.1-checkpoint1,"{""replacement_prior"":50.0,""sample_reliability"":0.5276,""season_count"":1.0,""weighted_observed_rating"":52.0}"
00-0039746,Will Shipley,PHI,RB,51.23,8.09,2,60.0,LOW,2026,2,RSM-v0.1-checkpoint1,"{""replacement_prior"":50.0,""sample_reliability"":0.3261,""season_count"":2.0,""weighted_observed_rating"":51.23}"
00-0040332,Ja'Quinden Jackson,PHI,RB,50.0,12.0,0,0,LOW,2026,2,RSM-v0.1-checkpoint1,"{""replacement_prior"":50.0,""sample_reliability"":0.0,""season_count"":0.0,""weighted_observed_rating"":50.0}"
00-0038678,Jordan Mims,PHI,RB,49.85,9.05,2,40.0,LOW,2026,2,RSM-v0.1-checkpoint1,"{""replacement_prior"":50.0,""sample_reliability"":0.2456,""season_count"":2.0,""weighted_observed_rating"":49.85}"
00-0034993,Marcus Epps,PHI,S,54.0,6.97,5,2554.0,MEDIUM,2026,2,RSM-v0.1-checkpoint1,"{""replacement_prior"":50.0,""sample_reliability"":0.4188,""season_count"":5.0,""weighted_observed_rating"":54.0}"
00-0040749,Andrew Mukuba,PHI,S,53.01,9.4,5,676.0,LOW,2026,2,RSM-v0.1-checkpoint1,"{""replacement_prior"":50.0,""sample_reliability"":0.217,""season_count"":5.0,""weighted_observed_rating"":53.01}"
00-0039697,Jaylen Mahoney,PHI,S,50.12,11.15,5,109.0,LOW,2026,2,RSM-v0.1-checkpoint1,"{""replacement_prior"":50.0,""sample_reliability"":0.0708,""season_count"":5.0,""weighted_observed_rating"":50.12}"
00-0039267,Andre' Sam,PHI,S,50.08,11.56,5,41.0,LOW,2026,2,RSM-v0.1-checkpoint1,"{""replacement_prior"":50.0,""sample_reliability"":0.0368,""season_count"":5.0,""weighted_observed_rating"":50.08}"
00-0040905,Cole Wisniewski,PHI,S,50.02,11.93,5,5.0,LOW,2026,2,RSM-v0.1-checkpoint1,"{""replacement_prior"":50.0,""sample_reliability"":0.0055,""season_count"":5.0,""weighted_observed_rating"":50.02}"
00-0040923,Maximus Pulley,PHI,S,50.02,11.93,5,5.0,LOW,2026,2,RSM-v0.1-checkpoint1,"{""replacement_prior"":50.0,""sample_reliability"":0.0055,""season_count"":5.0,""weighted_observed_rating"":50.02}"
00-0040929,Tucker Large,PHI,S,50.02,11.93,5,5.0,LOW,2026,2,RSM-v0.1-checkpoint1,"{""replacement_prior"":50.0,""sample_reliability"":0.0055,""season_count"":5.0,""weighted_observed_rating"":50.02}"
00-0034351,Dallas Goedert,PHI,TE,66.6,2.23,4,462.8,HIGH,2026,2,RSM-v0.1-checkpoint1,"{""replacement_prior"":50.0,""sample_reliability"":0.8141,""season_count"":4.0,""weighted_observed_rating"":66.6}"
00-0037086,Grant Calcaterra,PHI,TE,61.2,3.78,4,248.5,HIGH,2026,2,RSM-v0.1-checkpoint1,"{""replacement_prior"":50.0,""sample_reliability"":0.6848,""season_count"":4.0,""weighted_observed_rating"":61.2}"
00-0033246,Johnny Mundt,PHI,TE,56.58,3.51,4,248.2,HIGH,2026,2,RSM-v0.1-checkpoint1,"{""replacement_prior"":50.0,""sample_reliability"":0.7079,""season_count"":4.0,""weighted_observed_rating"":56.58}"
00-0038498,E.J. Jenkins,PHI,TE,52.19,9.65,2,17.7,LOW,2026,2,RSM-v0.1-checkpoint1,"{""replacement_prior"":50.0,""sample_reliability"":0.1961,""season_count"":2.0,""weighted_observed_rating"":52.19}"
00-0041483,Eli Stowers,PHI,TE,50.0,12.0,0,0,LOW,2026,2,RSM-v0.1-checkpoint1,"{""replacement_prior"":50.0,""sample_reliability"":0.0,""season_count"":0.0,""weighted_observed_rating"":50.0}"
00-0036912,DeVonta Smith,PHI,WR,64.46,2.25,4,635.8,HIGH,2026,2,RSM-v0.1-checkpoint1,"{""replacement_prior"":50.0,""sample_reliability"":0.8121,""season_count"":4.0,""weighted_observed_rating"":64.46}"
00-0038393,Dontayvion Wicks,PHI,WR,58.79,3.73,3,242.0,HIGH,2026,2,RSM-v0.1-checkpoint1,"{""replacement_prior"":50.0,""sample_reliability"":0.6895,""season_count"":3.0,""weighted_observed_rating"":58.79}"
00-0035662,Marquise Brown,PHI,WR,56.22,4.48,4,368.0,MEDIUM,2026,2,RSM-v0.1-checkpoint1,"{""replacement_prior"":50.0,""sample_reliability"":0.6265,""season_count"":4.0,""weighted_observed_rating"":56.22}"
00-0040024,Darius Cooper,PHI,WR,56.16,5.97,1,35.3,MEDIUM,2026,2,RSM-v0.1-checkpoint1,"{""replacement_prior"":50.0,""sample_reliability"":0.5024,""season_count"":1.0,""weighted_observed_rating"":56.16}"
00-0036980,Elijah Moore,PHI,WR,53.01,4.02,4,452.0,HIGH,2026,2,RSM-v0.1-checkpoint1,"{""replacement_prior"":50.0,""sample_reliability"":0.6646,""season_count"":4.0,""weighted_observed_rating"":53.01}"
00-0037132,Britain Covey,PHI,WR,50.93,9.96,4,27.8,LOW,2026,2,RSM-v0.1-checkpoint1,"{""replacement_prior"":50.0,""sample_reliability"":0.1699,""season_count"":4.0,""weighted_observed_rating"":50.93}"
00-0039236,Johnny Wilson,PHI,WR,50.69,4.35,1,61.5,MEDIUM,2026,2,RSM-v0.1-checkpoint1,"{""replacement_prior"":50.0,""sample_reliability"":0.6373,""season_count"":1.0,""weighted_observed_rating"":50.69}"
00-0037098,Samori Toure,PHI,WR,50.24,9.53,3,44.8,LOW,2026,2,RSM-v0.1-checkpoint1,"{""replacement_prior"":50.0,""sample_reliability"":0.2062,""season_count"":3.0,""weighted_observed_rating"":50.24}"
00-0040867,Makai Lemon,PHI,WR,50.0,12.0,0,0,LOW,2026,2,RSM-v0.1-checkpoint1,"{""replacement_prior"":50.0,""sample_reliability"":0.0,""season_count"":0.0,""weighted_observed_rating"":50.0}"
00-0039884,Tahj Washington,PHI,WR,48.84,9.88,1,7.5,LOW,2026,2,RSM-v0.1-checkpoint1,"{""replacement_prior"":50.0,""sample_reliability"":0.1765,""season_count"":1.0,""weighted_observed_rating"":48.84}"
00-0038092,Erik Ezukanma,PHI,WR,48.61,10.98,3,9.5,LOW,2026,2,RSM-v0.1-checkpoint1,"{""replacement_prior"":50.0,""sample_reliability"":0.0853,""season_count"":3.0,""weighted_observed_rating"":48.61}"
00-0037828,Danny Gray,PHI,WR,46.82,8.48,1,14.5,LOW,2026,2,RSM-v0.1-checkpoint1,"{""replacement_prior"":50.0,""sample_reliability"":0.2929,""season_count"":1.0,""weighted_observed_rating"":46.82}"
00-0033055,Jalen Ramsey,PIT,CB,69.14,5.43,5,3794.0,MEDIUM,2026,2,RSM-v0.1-checkpoint1,"{""replacement_prior"":50.0,""sample_reliability"":0.5475,""season_count"":5.0,""weighted_observed_rating"":69.14}"
00-0036504,Brandin Echols,PIT,CB,62.28,7.17,5,1142.0,MEDIUM,2026,2,RSM-v0.1-checkpoint1,"{""replacement_prior"":50.0,""sample_reliability"":0.4028,""season_count"":5.0,""weighted_observed_rating"":62.28}"
00-0035699,Jamel Dean,PIT,CB,61.2,5.77,5,2955.0,MEDIUM,2026,2,RSM-v0.1-checkpoint1,"{""replacement_prior"":50.0,""sample_reliability"":0.5194,""season_count"":5.0,""weighted_observed_rating"":61.2}"
00-0039167,Joey Porter Jr.,PIT,CB,56.94,6.27,5,2674.0,MEDIUM,2026,2,RSM-v0.1-checkpoint1,"{""replacement_prior"":50.0,""sample_reliability"":0.4771,""season_count"":5.0,""weighted_observed_rating"":56.94}"
00-0036617,Asante Samuel Jr.,PIT,CB,54.89,6.92,5,2540.0,MEDIUM,2026,2,RSM-v0.1-checkpoint1,"{""replacement_prior"":50.0,""sample_reliability"":0.4235,""season_count"":5.0,""weighted_observed_rating"":54.89}"
00-0040322,Car'lin Vigers,PIT,CB,50.02,11.93,5,5.0,LOW,2026,2,RSM-v0.1-checkpoint1,"{""replacement_prior"":50.0,""sample_reliability"":0.0055,""season_count"":5.0,""weighted_observed_rating"":50.02}"
00-0039883,Daequan Hardy,PIT,CB,50.02,11.93,5,5.0,LOW,2026,2,RSM-v0.1-checkpoint1,"{""replacement_prior"":50.0,""sample_reliability"":0.0055,""season_count"":5.0,""weighted_observed_rating"":50.02}"
00-0040365,Daryl Porter,PIT,CB,50.02,11.93,5,5.0,LOW,2026,2,RSM-v0.1-checkpoint1,"{""replacement_prior"":50.0,""sample_reliability"":0.0055,""season_count"":5.0,""weighted_observed_rating"":50.02}"
00-0041393,Daylen Everette,PIT,CB,50.02,11.93,5,5.0,LOW,2026,2,RSM-v0.1-checkpoint1,"{""replacement_prior"":50.0,""sample_reliability"":0.0055,""season_count"":5.0,""weighted_observed_rating"":50.02}"
00-0041259,Devan Boykin,PIT,CB,50.02,11.93,5,5.0,LOW,2026,2,RSM-v0.1-checkpoint1,"{""replacement_prior"":50.0,""sample_reliability"":0.0055,""season_count"":5.0,""weighted_observed_rating"":50.02}"
00-0040341,Doneiko Slaughter,PIT,CB,50.02,11.93,5,5.0,LOW,2026,2,RSM-v0.1-checkpoint1,"{""replacement_prior"":50.0,""sample_reliability"":0.0055,""season_count"":5.0,""weighted_observed_rating"":50.02}"
00-0040232,Donte Kent,PIT,CB,50.02,11.93,5,5.0,LOW,2026,2,RSM-v0.1-checkpoint1,"{""replacement_prior"":50.0,""sample_reliability"":0.0055,""season_count"":5.0,""weighted_observed_rating"":50.02}"
00-0041147,Jaylon Guilbeau,PIT,CB,50.02,11.93,5,5.0,LOW,2026,2,RSM-v0.1-checkpoint1,"{""replacement_prior"":50.0,""sample_reliability"":0.0055,""season_count"":5.0,""weighted_observed_rating"":50.02}"
00-0041488,Tamon Lynum,PIT,CB,50.02,11.93,5,5.0,LOW,2026,2,RSM-v0.1-checkpoint1,"{""replacement_prior"":50.0,""sample_reliability"":0.0055,""season_count"":5.0,""weighted_observed_rating"":50.02}"
00-0027969,Cameron Heyward,PIT,DL,66.54,5.68,5,2846.0,MEDIUM,2026,2,RSM-v0.1-checkpoint1,"{""replacement_prior"":50.0,""sample_reliability"":0.5263,""season_count"":5.0,""weighted_observed_rating"":66.54}"
00-0039110,Keeanu Benton,PIT,DL,60.89,6.56,5,1873.0,MEDIUM,2026,2,RSM-v0.1-checkpoint1,"{""replacement_prior"":50.0,""sample_reliability"":0.4535,""season_count"":5.0,""weighted_observed_rating"":60.89}"
00-0040188,Yahya Black,PIT,DL,53.29,9.65,5,420.0,LOW,2026,2,RSM-v0.1-checkpoint1,"{""replacement_prior"":50.0,""sample_reliability"":0.1959,""season_count"":5.0,""weighted_observed_rating"":53.29}"
00-0040678,Derrick Harmon,PIT,DL,53.24,9.6,5,450.0,LOW,2026,2,RSM-v0.1-checkpoint1,"{""replacement_prior"":50.0,""sample_reliability"":0.1998,""season_count"":5.0,""weighted_observed_rating"":53.24}"
00-0039389,Logan Lee,PIT,DL,51.26,11.25,5,51.0,LOW,2026,2,RSM-v0.1-checkpoint1,"{""replacement_prior"":50.0,""sample_reliability"":0.0627,""season_count"":5.0,""weighted_observed_rating"":51.26}"
00-0039609,Kyler Baugh,PIT,DL,50.02,11.93,5,5.0,LOW,2026,2,RSM-v0.1-checkpoint1,"{""replacement_prior"":50.0,""sample_reliability"":0.0058,""season_count"":5.0,""weighted_observed_rating"":50.02}"
00-0033886,T.J. Watt,PIT,EDGE,68.06,5.4,5,3184.0,MEDIUM,2026,2,RSM-v0.1-checkpoint1,"{""replacement_prior"":50.0,""sample_reliability"":0.5503,""season_count"":5.0,""weighted_observed_rating"":68.06}"
00-0036333,Alex Highsmith,PIT,EDGE,65.97,5.61,5,3011.0,MEDIUM,2026,2,RSM-v0.1-checkpoint1,"{""replacement_prior"":50.0,""sample_reliability"":0.5327,""season_count"":5.0,""weighted_observed_rating"":65.97}"
00-0038577,Nick Herbig,PIT,EDGE,62.27,6.97,5,1218.0,MEDIUM,2026,2,RSM-v0.1-checkpoint1,"{""replacement_prior"":50.0,""sample_reliability"":0.419,""season_count"":5.0,""weighted_observed_rating"":62.27}"
00-0034810,Sebastian Joseph-Day,PIT,EDGE,56.69,5.95,5,2242.0,MEDIUM,2026,2,RSM-v0.1-checkpoint1,"{""replacement_prior"":50.0,""sample_reliability"":0.5043,""season_count"":5.0,""weighted_observed_rating"":56.69}"
00-0040160,Jack Sawyer,PIT,EDGE,54.11,9.8,5,298.0,LOW,2026,2,RSM-v0.1-checkpoint1,"{""replacement_prior"":50.0,""sample_reliability"":0.1836,""season_count"":5.0,""weighted_observed_rating"":54.11}"
00-0037274,Esezi Otomewo,PIT,EDGE,52.17,9.06,5,354.0,LOW,2026,2,RSM-v0.1-checkpoint1,"{""replacement_prior"":50.0,""sample_reliability"":0.245,""season_count"":5.0,""weighted_observed_rating"":52.17}"
00-0041400,Gabe Rubio,PIT,EDGE,50.02,11.92,5,5.0,LOW,2026,2,RSM-v0.1-checkpoint1,"{""replacement_prior"":50.0,""sample_reliability"":0.0066,""season_count"":5.0,""weighted_observed_rating"":50.02}"
00-0039931,Julius Welschof,PIT,EDGE,50.02,11.92,5,5.0,LOW,2026,2,RSM-v0.1-checkpoint1,"{""replacement_prior"":50.0,""sample_reliability"":0.0066,""season_count"":5.0,""weighted_observed_rating"":50.02}"
00-0041261,Kevin Jobity Jr.,PIT,EDGE,50.02,11.92,5,5.0,LOW,2026,2,RSM-v0.1-checkpoint1,"{""replacement_prior"":50.0,""sample_reliability"":0.0066,""season_count"":5.0,""weighted_observed_rating"":50.02}"
00-0040176,Bradyn Swinson,PIT,EDGE,50.0,11.45,5,31.0,LOW,2026,2,RSM-v0.1-checkpoint1,"{""replacement_prior"":50.0,""sample_reliability"":0.046,""season_count"":5.0,""weighted_observed_rating"":50.0}"
00-0031136,Chris Boswell,PIT,K,65.13,1.54,4,259.0,HIGH,2026,2,RSM-v0.1-checkpoint1,"{""replacement_prior"":50.0,""sample_reliability"":0.8713,""season_count"":4.0,""weighted_observed_rating"":65.13}"
00-0036323,Patrick Queen,PIT,LB,62.18,5.22,5,4350.0,MEDIUM,2026,2,RSM-v0.1-checkpoint1,"{""replacement_prior"":50.0,""sample_reliability"":0.5648,""season_count"":5.0,""weighted_observed_rating"":62.18}"
00-0039741,Payton Wilson,PIT,LB,55.98,7.73,5,1227.0,MEDIUM,2026,2,RSM-v0.1-checkpoint1,"{""replacement_prior"":50.0,""sample_reliability"":0.3561,""season_count"":5.0,""weighted_observed_rating"":55.98}"
00-0039457,Jacoby Windmon,PIT,LB,53.56,11.02,5,131.0,LOW,2026,2,RSM-v0.1-checkpoint1,"{""replacement_prior"":50.0,""sample_reliability"":0.0818,""season_count"":5.0,""weighted_observed_rating"":53.56}"
00-0035286,Cole Holcomb,PIT,LB,53.22,8.48,5,1093.0,LOW,2026,2,RSM-v0.1-checkpoint1,"{""replacement_prior"":50.0,""sample_reliability"":0.2932,""season_count"":5.0,""weighted_observed_rating"":53.22}"
00-0040231,Carson Bruener,PIT,LB,50.04,11.93,5,5.0,LOW,2026,2,RSM-v0.1-checkpoint1,"{""replacement_prior"":50.0,""sample_reliability"":0.0058,""season_count"":5.0,""weighted_observed_rating"":50.04}"
00-0039896,Zach Frazier,PIT,OL,62.17,2.29,2,1952.0,LOW,2026,2,RSM-v0.1-checkpoint1,"{""replacement_prior"":50.0,""sample_reliability"":0.8093,""season_count"":2.0,""weighted_observed_rating"":62.17}"
00-0039358,Mason McCormick,PIT,OL,61.52,2.26,2,1970.0,LOW,2026,2,RSM-v0.1-checkpoint1,"{""replacement_prior"":50.0,""sample_reliability"":0.8119,""season_count"":2.0,""weighted_observed_rating"":61.52}"
00-0037480,Dylan Cook,PIT,OL,60.02,5.3,1,291.0,LOW,2026,2,RSM-v0.1-checkpoint1,"{""replacement_prior"":50.0,""sample_reliability"":0.5585,""season_count"":1.0,""weighted_observed_rating"":60.02}"
00-0039871,Troy Fautanu,PIT,OL,58.74,5.19,2,1086.0,LOW,2026,2,RSM-v0.1-checkpoint1,"{""replacement_prior"":50.0,""sample_reliability"":0.5678,""season_count"":2.0,""weighted_observed_rating"":58.74}"
00-0037336,Brock Hoffman,PIT,OL,51.38,4.31,3,1212.0,LOW,2026,2,RSM-v0.1-checkpoint1,"{""replacement_prior"":50.0,""sample_reliability"":0.6407,""season_count"":3.0,""weighted_observed_rating"":51.38}"
00-0039716,Doug Nester,PIT,OL,50.0,12.0,0,0,LOW,2026,2,RSM-v0.1-checkpoint1,"{""replacement_prior"":50.0,""sample_reliability"":0.0,""season_count"":0.0,""weighted_observed_rating"":50.0}"
00-0041396,Gennings Dunker,PIT,OL,50.0,12.0,0,0,LOW,2026,2,RSM-v0.1-checkpoint1,"{""replacement_prior"":50.0,""sample_reliability"":0.0,""season_count"":0.0,""weighted_observed_rating"":50.0}"
00-0041430,Greg Crippen,PIT,OL,50.0,12.0,0,0,LOW,2026,2,RSM-v0.1-checkpoint1,"{""replacement_prior"":50.0,""sample_reliability"":0.0,""season_count"":0.0,""weighted_observed_rating"":50.0}"
00-0041482,Max Iheanachor,PIT,OL,50.0,12.0,0,0,LOW,2026,2,RSM-v0.1-checkpoint1,"{""replacement_prior"":50.0,""sample_reliability"":0.0,""season_count"":0.0,""weighted_observed_rating"":50.0}"
00-0039555,Steven Jones,PIT,OL,50.0,12.0,0,0,LOW,2026,2,RSM-v0.1-checkpoint1,"{""replacement_prior"":50.0,""sample_reliability"":0.0,""season_count"":0.0,""weighted_observed_rating"":50.0}"
00-0038645,Spencer Anderson,PIT,OL,49.4,6.25,3,694.0,LOW,2026,2,RSM-v0.1-checkpoint1,"{""replacement_prior"":50.0,""sample_reliability"":0.4788,""season_count"":3.0,""weighted_observed_rating"":49.4}"
00-0036396,Jack Driscoll,PIT,OL,48.79,7.01,3,636.0,LOW,2026,2,RSM-v0.1-checkpoint1,"{""replacement_prior"":50.0,""sample_reliability"":0.416,""season_count"":3.0,""weighted_observed_rating"":48.79}"
00-0036783,Ryan McCollum,PIT,OL,48.66,8.59,2,214.0,LOW,2026,2,RSM-v0.1-checkpoint1,"{""replacement_prior"":50.0,""sample_reliability"":0.2846,""season_count"":2.0,""weighted_observed_rating"":48.66}"
00-0034051,Christian Kuntz,PIT,OTHER,58.01,4.9,4,582.0,MEDIUM,2026,2,RSM-v0.1-checkpoint1,"{""replacement_prior"":50.0,""sample_reliability"":0.592,""season_count"":4.0,""weighted_observed_rating"":58.01}"
00-0033729,Cameron Johnston,PIT,OTHER,47.68,8.37,4,309.0,LOW,2026,2,RSM-v0.1-checkpoint1,"{""replacement_prior"":50.0,""sample_reliability"":0.3021,""season_count"":4.0,""weighted_observed_rating"":47.68}"
00-0023459,Aaron Rodgers,PIT,QB,59.11,3.65,4,1727.0,HIGH,2026,2,RSM-v0.1-checkpoint1,"{""replacement_prior"":50.0,""sample_reliability"":0.6962,""season_count"":4.0,""weighted_observed_rating"":59.11}"
00-0034771,Mason Rudolph,PIT,QB,55.48,6.21,3,373.0,MEDIUM,2026,2,RSM-v0.1-checkpoint1,"{""replacement_prior"":50.0,""sample_reliability"":0.4823,""season_count"":3.0,""weighted_observed_rating"":55.48}"
00-0041565,Drew Allar,PIT,QB,50.0,12.0,0,0,LOW,2026,2,RSM-v0.1-checkpoint1,"{""replacement_prior"":50.0,""sample_reliability"":0.0,""season_count"":0.0,""weighted_observed_rating"":50.0}"
00-0040203,Will Howard,PIT,QB,50.0,12.0,0,0,LOW,2026,2,RSM-v0.1-checkpoint1,"{""replacement_prior"":50.0,""sample_reliability"":0.0,""season_count"":0.0,""weighted_observed_rating"":50.0}"
00-0037228,Jaylen Warren,PIT,RB,61.84,2.82,4,756.0,HIGH,2026,2,RSM-v0.1-checkpoint1,"{""replacement_prior"":50.0,""sample_reliability"":0.7654,""season_count"":4.0,""weighted_observed_rating"":61.84}"
00-0036139,Rico Dowdle,PIT,RB,61.14,2.53,3,681.0,HIGH,2026,2,RSM-v0.1-checkpoint1,"{""replacement_prior"":50.0,""sample_reliability"":0.7889,""season_count"":3.0,""weighted_observed_rating"":61.14}"
00-0035594,Travis Homer,PIT,RB,50.06,10.89,4,48.0,LOW,2026,2,RSM-v0.1-checkpoint1,"{""replacement_prior"":50.0,""sample_reliability"":0.0929,""season_count"":4.0,""weighted_observed_rating"":50.06}"
00-0041598,Alex Tecza,PIT,RB,50.0,12.0,0,0,LOW,2026,2,RSM-v0.1-checkpoint1,"{""replacement_prior"":50.0,""sample_reliability"":0.0,""season_count"":0.0,""weighted_observed_rating"":50.0}"
00-0041490,Eli Heidenreich,PIT,RB,50.0,12.0,0,0,LOW,2026,2,RSM-v0.1-checkpoint1,"{""replacement_prior"":50.0,""sample_reliability"":0.0,""season_count"":0.0,""weighted_observed_rating"":50.0}"
00-0038409,Lew Nichols III,PIT,RB,50.0,12.0,0,0,LOW,2026,2,RSM-v0.1-checkpoint1,"{""replacement_prior"":50.0,""sample_reliability"":0.0,""season_count"":0.0,""weighted_observed_rating"":50.0}"
00-0038135,Jaquan Brisker,PIT,S,63.42,5.86,5,3217.0,MEDIUM,2026,2,RSM-v0.1-checkpoint1,"{""replacement_prior"":50.0,""sample_reliability"":0.512,""season_count"":5.0,""weighted_observed_rating"":63.42}"
00-0034277,DeShon Elliott,PIT,S,62.03,6.23,5,2897.0,MEDIUM,2026,2,RSM-v0.1-checkpoint1,"{""replacement_prior"":50.0,""sample_reliability"":0.4809,""season_count"":5.0,""weighted_observed_rating"":62.03}"
00-0033941,Rayshawn Jenkins,PIT,S,59.78,6.32,5,3054.0,MEDIUM,2026,2,RSM-v0.1-checkpoint1,"{""replacement_prior"":50.0,""sample_reliability"":0.4733,""season_count"":5.0,""weighted_observed_rating"":59.78}"
00-0040527,Sebastian Castro,PIT,S,50.06,10.53,5,144.0,LOW,2026,2,RSM-v0.1-checkpoint1,"{""replacement_prior"":50.0,""sample_reliability"":0.1222,""season_count"":5.0,""weighted_observed_rating"":50.06}"
00-0040914,Bishop Fitzgerald,PIT,S,50.02,11.93,5,5.0,LOW,2026,2,RSM-v0.1-checkpoint1,"{""replacement_prior"":50.0,""sample_reliability"":0.0055,""season_count"":5.0,""weighted_observed_rating"":50.02}"
00-0038644,Brandon Hill,PIT,S,50.02,11.93,5,5.0,LOW,2026,2,RSM-v0.1-checkpoint1,"{""replacement_prior"":50.0,""sample_reliability"":0.0055,""season_count"":5.0,""weighted_observed_rating"":50.02}"
00-0040284,Jack Henderson,PIT,S,50.02,11.93,5,5.0,LOW,2026,2,RSM-v0.1-checkpoint1,"{""replacement_prior"":50.0,""sample_reliability"":0.0055,""season_count"":5.0,""weighted_observed_rating"":50.02}"
00-0041401,Robert Spears-Jennings,PIT,S,50.02,11.93,5,5.0,LOW,2026,2,RSM-v0.1-checkpoint1,"{""replacement_prior"":50.0,""sample_reliability"":0.0055,""season_count"":5.0,""weighted_observed_rating"":50.02}"
00-0036894,Pat Freiermuth,PIT,TE,64.05,2.43,4,419.2,HIGH,2026,2,RSM-v0.1-checkpoint1,"{""replacement_prior"":50.0,""sample_reliability"":0.7974,""season_count"":4.0,""weighted_observed_rating"":64.05}"
00-0038558,Darnell Washington,PIT,TE,61.17,2.57,3,273.5,HIGH,2026,2,RSM-v0.1-checkpoint1,"{""replacement_prior"":50.0,""sample_reliability"":0.7856,""season_count"":3.0,""weighted_observed_rating"":61.17}"
00-0039420,Jaheim Bell,PIT,TE,51.67,7.73,1,13.8,MEDIUM,2026,2,RSM-v0.1-checkpoint1,"{""replacement_prior"":50.0,""sample_reliability"":0.3562,""season_count"":1.0,""weighted_observed_rating"":51.67}"
00-0041263,Lake McRee,PIT,TE,50.0,12.0,0,0,LOW,2026,2,RSM-v0.1-checkpoint1,"{""replacement_prior"":50.0,""sample_reliability"":0.0,""season_count"":0.0,""weighted_observed_rating"":50.0}"
00-0040974,Lance Mason,PIT,TE,50.0,12.0,0,0,LOW,2026,2,RSM-v0.1-checkpoint1,"{""replacement_prior"":50.0,""sample_reliability"":0.0,""season_count"":0.0,""weighted_observed_rating"":50.0}"
00-0041398,Riley Nowakowski,PIT,TE,50.0,12.0,0,0,LOW,2026,2,RSM-v0.1-checkpoint1,"{""replacement_prior"":50.0,""sample_reliability"":0.0,""season_count"":0.0,""weighted_observed_rating"":50.0}"
00-0033757,Robert Tonyan,PIT,TE,49.44,6.66,4,177.0,MEDIUM,2026,2,RSM-v0.1-checkpoint1,"{""replacement_prior"":50.0,""sample_reliability"":0.4446,""season_count"":4.0,""weighted_observed_rating"":49.44}"
00-0035640,DK Metcalf,PIT,WR,61.89,2.46,4,555.3,HIGH,2026,2,RSM-v0.1-checkpoint1,"{""replacement_prior"":50.0,""sample_reliability"":0.795,""season_count"":4.0,""weighted_observed_rating"":61.89}"
00-0036862,Ben Skowronek,PIT,WR,59.9,6.52,4,195.3,MEDIUM,2026,2,RSM-v0.1-checkpoint1,"{""replacement_prior"":50.0,""sample_reliability"":0.4571,""season_count"":4.0,""weighted_observed_rating"":59.9}"
00-0036252,Michael Pittman,PIT,WR,57.95,2.19,4,646.3,HIGH,2026,2,RSM-v0.1-checkpoint1,"{""replacement_prior"":50.0,""sample_reliability"":0.8179,""season_count"":4.0,""weighted_observed_rating"":57.95}"
00-0037382,Brandon Johnson,PIT,WR,54.36,7.93,3,94.3,LOW,2026,2,RSM-v0.1-checkpoint1,"{""replacement_prior"":50.0,""sample_reliability"":0.3389,""season_count"":3.0,""weighted_observed_rating"":54.36}"
00-0039739,Roman Wilson,PIT,WR,54.16,7.95,2,43.0,LOW,2026,2,RSM-v0.1-checkpoint1,"{""replacement_prior"":50.0,""sample_reliability"":0.3372,""season_count"":2.0,""weighted_observed_rating"":54.16}"
00-0040388,Jakobie Keeney-James,PIT,WR,50.2,9.77,1,8.0,LOW,2026,2,RSM-v0.1-checkpoint1,"{""replacement_prior"":50.0,""sample_reliability"":0.186,""season_count"":1.0,""weighted_observed_rating"":50.2}"
00-0039626,Cole Burgess,PIT,WR,50.0,12.0,0,0,LOW,2026,2,RSM-v0.1-checkpoint1,"{""replacement_prior"":50.0,""sample_reliability"":0.0,""season_count"":0.0,""weighted_observed_rating"":50.0}"
00-0041489,Germie Bernard,PIT,WR,50.0,12.0,0,0,LOW,2026,2,RSM-v0.1-checkpoint1,"{""replacement_prior"":50.0,""sample_reliability"":0.0,""season_count"":0.0,""weighted_observed_rating"":50.0}"
00-0038883,Isaiah Winstead,PIT,WR,50.0,12.0,0,0,LOW,2026,2,RSM-v0.1-checkpoint1,"{""replacement_prior"":50.0,""sample_reliability"":0.0,""season_count"":0.0,""weighted_observed_rating"":50.0}"
00-0041397,Kaden Wetjen,PIT,WR,50.0,12.0,0,0,LOW,2026,2,RSM-v0.1-checkpoint1,"{""replacement_prior"":50.0,""sample_reliability"":0.0,""season_count"":0.0,""weighted_observed_rating"":50.0}"
00-0040976,Levi Wentz,PIT,WR,50.0,12.0,0,0,LOW,2026,2,RSM-v0.1-checkpoint1,"{""replacement_prior"":50.0,""sample_reliability"":0.0,""season_count"":0.0,""weighted_observed_rating"":50.0}"
00-0040618,Max Hurleman,PIT,WR,50.0,12.0,0,0,LOW,2026,2,RSM-v0.1-checkpoint1,"{""replacement_prior"":50.0,""sample_reliability"":0.0,""season_count"":0.0,""weighted_observed_rating"":50.0}"
00-0036775,Brandon Smith,PIT,WR,49.86,11.71,2,1.5,LOW,2026,2,RSM-v0.1-checkpoint1,"{""replacement_prior"":50.0,""sample_reliability"":0.0239,""season_count"":2.0,""weighted_observed_rating"":49.86}"
00-0036647,Cornell Powell,PIT,WR,49.86,11.83,1,0.5,LOW,2026,2,RSM-v0.1-checkpoint1,"{""replacement_prior"":50.0,""sample_reliability"":0.0141,""season_count"":1.0,""weighted_observed_rating"":49.86}"
00-0039169,Devon Witherspoon,SEA,CB,69.37,5.17,5,2779.0,MEDIUM,2026,2,RSM-v0.1-checkpoint1,"{""replacement_prior"":50.0,""sample_reliability"":0.5689,""season_count"":5.0,""weighted_observed_rating"":69.37}"
00-0037137,Josh Jobe,SEA,CB,62.22,5.75,5,1583.0,MEDIUM,2026,2,RSM-v0.1-checkpoint1,"{""replacement_prior"":50.0,""sample_reliability"":0.5209,""season_count"":5.0,""weighted_observed_rating"":62.22}"
00-0039795,Nehemiah Pritchett,SEA,CB,55.49,8.96,5,297.0,LOW,2026,2,RSM-v0.1-checkpoint1,"{""replacement_prior"":50.0,""sample_reliability"":0.2535,""season_count"":5.0,""weighted_observed_rating"":55.49}"
00-0036361,Trevon Diggs,SEA,CB,55.41,6.59,5,2363.0,MEDIUM,2026,2,RSM-v0.1-checkpoint1,"{""replacement_prior"":50.0,""sample_reliability"":0.4506,""season_count"":5.0,""weighted_observed_rating"":55.41}"
00-0039903,Terrion Arnold,SEA,CB,54.46,8.09,5,1264.0,LOW,2026,2,RSM-v0.1-checkpoint1,"{""replacement_prior"":50.0,""sample_reliability"":0.3257,""season_count"":5.0,""weighted_observed_rating"":54.46}"
00-0040903,Andre Fuller,SEA,CB,50.02,11.93,5,5.0,LOW,2026,2,RSM-v0.1-checkpoint1,"{""replacement_prior"":50.0,""sample_reliability"":0.0055,""season_count"":5.0,""weighted_observed_rating"":50.02}"
00-0041382,Avery Smith,SEA,CB,50.02,11.93,5,5.0,LOW,2026,2,RSM-v0.1-checkpoint1,"{""replacement_prior"":50.0,""sample_reliability"":0.0055,""season_count"":5.0,""weighted_observed_rating"":50.02}"
00-0041584,Jordan Washington,SEA,CB,50.02,11.93,5,5.0,LOW,2026,2,RSM-v0.1-checkpoint1,"{""replacement_prior"":50.0,""sample_reliability"":0.0055,""season_count"":5.0,""weighted_observed_rating"":50.02}"
00-0040873,Julian Neal,SEA,CB,50.02,11.93,5,5.0,LOW,2026,2,RSM-v0.1-checkpoint1,"{""replacement_prior"":50.0,""sample_reliability"":0.0055,""season_count"":5.0,""weighted_observed_rating"":50.02}"
00-0040910,Michael Dansby,SEA,CB,50.02,11.93,5,5.0,LOW,2026,2,RSM-v0.1-checkpoint1,"{""replacement_prior"":50.0,""sample_reliability"":0.0055,""season_count"":5.0,""weighted_observed_rating"":50.02}"
00-0031933,Leonard Williams,SEA,DL,71.19,4.66,5,3099.0,MEDIUM,2026,2,RSM-v0.1-checkpoint1,"{""replacement_prior"":50.0,""sample_reliability"":0.6114,""season_count"":5.0,""weighted_observed_rating"":71.19}"
00-0032387,Jarran Reed,SEA,DL,63.85,5.34,5,2626.0,MEDIUM,2026,2,RSM-v0.1-checkpoint1,"{""replacement_prior"":50.0,""sample_reliability"":0.5551,""season_count"":5.0,""weighted_observed_rating"":63.85}"
00-0039309,Byron Murphy II,SEA,DL,59.73,6.79,5,1295.0,MEDIUM,2026,2,RSM-v0.1-checkpoint1,"{""replacement_prior"":50.0,""sample_reliability"":0.4339,""season_count"":5.0,""weighted_observed_rating"":59.73}"
00-0038591,Mike Morris,SEA,DL,53.03,9.55,5,263.0,LOW,2026,2,RSM-v0.1-checkpoint1,"{""replacement_prior"":50.0,""sample_reliability"":0.2039,""season_count"":5.0,""weighted_observed_rating"":53.03}"
00-0038694,Brandon Pili,SEA,DL,52.18,9.49,5,257.0,LOW,2026,2,RSM-v0.1-checkpoint1,"{""replacement_prior"":50.0,""sample_reliability"":0.2094,""season_count"":5.0,""weighted_observed_rating"":52.18}"
00-0040647,Rylie Mills,SEA,DL,51.56,11.15,5,47.0,LOW,2026,2,RSM-v0.1-checkpoint1,"{""replacement_prior"":50.0,""sample_reliability"":0.0705,""season_count"":5.0,""weighted_observed_rating"":51.56}"
00-0040904,Deven Eastern,SEA,DL,50.02,11.93,5,5.0,LOW,2026,2,RSM-v0.1-checkpoint1,"{""replacement_prior"":50.0,""sample_reliability"":0.0058,""season_count"":5.0,""weighted_observed_rating"":50.02}"
00-0040975,Uso Seumalo,SEA,DL,50.02,11.93,5,5.0,LOW,2026,2,RSM-v0.1-checkpoint1,"{""replacement_prior"":50.0,""sample_reliability"":0.0058,""season_count"":5.0,""weighted_observed_rating"":50.02}"
00-0040064,Wy'Kevious Thomas,SEA,DL,50.02,11.93,5,5.0,LOW,2026,2,RSM-v0.1-checkpoint1,"{""replacement_prior"":50.0,""sample_reliability"":0.0058,""season_count"":5.0,""weighted_observed_rating"":50.02}"
00-0031411,DeMarcus Lawrence,SEA,EDGE,66.87,5.38,5,2144.0,MEDIUM,2026,2,RSM-v0.1-checkpoint1,"{""replacement_prior"":50.0,""sample_reliability"":0.5514,""season_count"":5.0,""weighted_observed_rating"":66.87}"
00-0032052,Dante Fowler Jr.,SEA,EDGE,65.07,6.01,5,1552.0,MEDIUM,2026,2,RSM-v0.1-checkpoint1,"{""replacement_prior"":50.0,""sample_reliability"":0.4992,""season_count"":5.0,""weighted_observed_rating"":65.07}"
00-0034350,Uchenna Nwosu,SEA,EDGE,64.4,5.69,5,1993.0,MEDIUM,2026,2,RSM-v0.1-checkpoint1,"{""replacement_prior"":50.0,""sample_reliability"":0.5255,""season_count"":5.0,""weighted_observed_rating"":64.4}"
00-0039047,Derick Hall,SEA,EDGE,61.53,5.92,5,1446.0,MEDIUM,2026,2,RSM-v0.1-checkpoint1,"{""replacement_prior"":50.0,""sample_reliability"":0.5067,""season_count"":5.0,""weighted_observed_rating"":61.53}"
00-0040061,Connor O'Toole,SEA,EDGE,51.04,10.67,5,66.0,LOW,2026,2,RSM-v0.1-checkpoint1,"{""replacement_prior"":50.0,""sample_reliability"":0.1112,""season_count"":5.0,""weighted_observed_rating"":51.04}"
00-0040972,Aidan Hubbard,SEA,EDGE,50.02,11.92,5,5.0,LOW,2026,2,RSM-v0.1-checkpoint1,"{""replacement_prior"":50.0,""sample_reliability"":0.0066,""season_count"":5.0,""weighted_observed_rating"":50.02}"
00-0040063,J.R. Singleton,SEA,EDGE,50.02,11.92,5,5.0,LOW,2026,2,RSM-v0.1-checkpoint1,"{""replacement_prior"":50.0,""sample_reliability"":0.0066,""season_count"":5.0,""weighted_observed_rating"":50.02}"
00-0040055,Jalan Gaines,SEA,EDGE,50.02,11.92,5,5.0,LOW,2026,2,RSM-v0.1-checkpoint1,"{""replacement_prior"":50.0,""sample_reliability"":0.0066,""season_count"":5.0,""weighted_observed_rating"":50.02}"
00-0040973,Marvin Jones Jr.,SEA,EDGE,50.02,11.92,5,5.0,LOW,2026,2,RSM-v0.1-checkpoint1,"{""replacement_prior"":50.0,""sample_reliability"":0.0066,""season_count"":5.0,""weighted_observed_rating"":50.02}"
00-0031492,Jason Myers,SEA,K,58.95,4.08,5,323.0,HIGH,2026,2,RSM-v0.1-checkpoint1,"{""replacement_prior"":50.0,""sample_reliability"":0.6597,""season_count"":5.0,""weighted_observed_rating"":58.95}"
00-0038922,Drake Thomas,SEA,LB,63.02,7.69,5,877.0,MEDIUM,2026,2,RSM-v0.1-checkpoint1,"{""replacement_prior"":50.0,""sample_reliability"":0.3594,""season_count"":5.0,""weighted_observed_rating"":63.02}"
00-0036994,Ernest Jones,SEA,LB,62.45,4.19,5,3628.0,HIGH,2026,2,RSM-v0.1-checkpoint1,"{""replacement_prior"":50.0,""sample_reliability"":0.6504,""season_count"":5.0,""weighted_observed_rating"":62.45}"
00-0039815,Tyrice Knight,SEA,LB,58.98,7.93,5,874.0,LOW,2026,2,RSM-v0.1-checkpoint1,"{""replacement_prior"":50.0,""sample_reliability"":0.3391,""season_count"":5.0,""weighted_observed_rating"":58.98}"
00-0038764,Patrick O'Connell,SEA,LB,53.25,10.55,5,128.0,LOW,2026,2,RSM-v0.1-checkpoint1,"{""replacement_prior"":50.0,""sample_reliability"":0.1206,""season_count"":5.0,""weighted_observed_rating"":53.25}"
00-0037003,Chazz Surratt,SEA,LB,52.03,9.95,5,223.0,LOW,2026,2,RSM-v0.1-checkpoint1,"{""replacement_prior"":50.0,""sample_reliability"":0.1705,""season_count"":5.0,""weighted_observed_rating"":52.03}"
00-0040407,Aaron Smith,SEA,LB,50.02,11.93,5,5.0,LOW,2026,2,RSM-v0.1-checkpoint1,"{""replacement_prior"":50.0,""sample_reliability"":0.0058,""season_count"":5.0,""weighted_observed_rating"":50.02}"
00-0040588,Pooh Paul Jr.,SEA,LB,50.02,11.93,5,5.0,LOW,2026,2,RSM-v0.1-checkpoint1,"{""replacement_prior"":50.0,""sample_reliability"":0.0058,""season_count"":5.0,""weighted_observed_rating"":50.02}"
00-0040270,Power Echols,SEA,LB,50.02,11.93,5,5.0,LOW,2026,2,RSM-v0.1-checkpoint1,"{""replacement_prior"":50.0,""sample_reliability"":0.0058,""season_count"":5.0,""weighted_observed_rating"":50.02}"
00-0031622,Bobby Hart,SEA,OL,60.83,4.65,2,635.0,LOW,2026,2,RSM-v0.1-checkpoint1,"{""replacement_prior"":50.0,""sample_reliability"":0.6121,""season_count"":2.0,""weighted_observed_rating"":60.83}"
00-0037821,Charles Cross,SEA,OL,59.42,5.01,5,3896.0,LOW,2026,2,RSM-v0.1-checkpoint1,"{""replacement_prior"":50.0,""sample_reliability"":0.5825,""season_count"":5.0,""weighted_observed_rating"":59.42}"
00-0037812,Abraham Lucas,SEA,OL,58.09,5.65,5,2771.0,LOW,2026,2,RSM-v0.1-checkpoint1,"{""replacement_prior"":50.0,""sample_reliability"":0.5295,""season_count"":5.0,""weighted_observed_rating"":58.09}"
00-0039020,Anthony Bradford,SEA,OL,56.99,5.46,4,2327.0,LOW,2026,2,RSM-v0.1-checkpoint1,"{""replacement_prior"":50.0,""sample_reliability"":0.5449,""season_count"":4.0,""weighted_observed_rating"":56.99}"
00-0040639,Grey Zabel,SEA,OL,55.73,6.5,2,1101.0,LOW,2026,2,RSM-v0.1-checkpoint1,"{""replacement_prior"":50.0,""sample_reliability"":0.4581,""season_count"":2.0,""weighted_observed_rating"":55.73}"
00-0039926,Jalen Sundell,SEA,OL,53.53,7.44,3,842.0,LOW,2026,2,RSM-v0.1-checkpoint1,"{""replacement_prior"":50.0,""sample_reliability"":0.3799,""season_count"":3.0,""weighted_observed_rating"":53.53}"
00-0038593,Olu Oluwatimi,SEA,OL,52.19,5.34,3,879.0,LOW,2026,2,RSM-v0.1-checkpoint1,"{""replacement_prior"":50.0,""sample_reliability"":0.5554,""season_count"":3.0,""weighted_observed_rating"":52.19}"
00-0036363,Josh Jones,SEA,OL,50.52,8.49,5,1156.0,LOW,2026,2,RSM-v0.1-checkpoint1,"{""replacement_prior"":50.0,""sample_reliability"":0.2923,""season_count"":5.0,""weighted_observed_rating"":50.52}"
00-0040882,Beau Stephens,SEA,OL,50.0,12.0,0,0,LOW,2026,2,RSM-v0.1-checkpoint1,"{""replacement_prior"":50.0,""sample_reliability"":0.0,""season_count"":0.0,""weighted_observed_rating"":50.0}"
00-0041519,Derrick Graham,SEA,OL,50.0,12.0,0,0,LOW,2026,2,RSM-v0.1-checkpoint1,"{""replacement_prior"":50.0,""sample_reliability"":0.0,""season_count"":0.0,""weighted_observed_rating"":50.0}"
00-0040764,Federico Maranges,SEA,OL,50.0,12.0,0,0,LOW,2026,2,RSM-v0.1-checkpoint1,"{""replacement_prior"":50.0,""sample_reliability"":0.0,""season_count"":0.0,""weighted_observed_rating"":50.0}"
00-0037349,Kellen Diesch,SEA,OL,50.0,12.0,0,0,LOW,2026,2,RSM-v0.1-checkpoint1,"{""replacement_prior"":50.0,""sample_reliability"":0.0,""season_count"":0.0,""weighted_observed_rating"":50.0}"
00-0040495,Logan Brown,SEA,OL,50.0,12.0,0,0,LOW,2026,2,RSM-v0.1-checkpoint1,"{""replacement_prior"":50.0,""sample_reliability"":0.0,""season_count"":0.0,""weighted_observed_rating"":50.0}"
00-0040652,Mason Richman,SEA,OL,49.94,11.95,1,1.0,LOW,2026,2,RSM-v0.1-checkpoint1,"{""replacement_prior"":50.0,""sample_reliability"":0.0043,""season_count"":1.0,""weighted_observed_rating"":49.94}"
00-0040059,Amari Kight,SEA,OL,49.79,11.79,1,4.0,LOW,2026,2,RSM-v0.1-checkpoint1,"{""replacement_prior"":50.0,""sample_reliability"":0.0171,""season_count"":1.0,""weighted_observed_rating"":49.79}"
00-0040650,Bryce Cabeldue,SEA,OL,48.9,10.87,1,24.0,LOW,2026,2,RSM-v0.1-checkpoint1,"{""replacement_prior"":50.0,""sample_reliability"":0.0945,""season_count"":1.0,""weighted_observed_rating"":48.9}"
00-0039839,Christian Haynes,SEA,OL,47.83,9.1,2,199.0,LOW,2026,2,RSM-v0.1-checkpoint1,"{""replacement_prior"":50.0,""sample_reliability"":0.2415,""season_count"":2.0,""weighted_observed_rating"":47.83}"
00-0034160,Michael Dickson,SEA,OTHER,56.37,7.03,5,599.0,MEDIUM,2026,2,RSM-v0.1-checkpoint1,"{""replacement_prior"":50.0,""sample_reliability"":0.414,""season_count"":5.0,""weighted_observed_rating"":56.37}"
00-0038769,Chris Stoll,SEA,OTHER,56.22,7.22,4,450.0,MEDIUM,2026,2,RSM-v0.1-checkpoint1,"{""replacement_prior"":50.0,""sample_reliability"":0.398,""season_count"":4.0,""weighted_observed_rating"":56.22}"
00-0034869,Sam Darnold,SEA,QB,57.31,6.26,5,1302.0,MEDIUM,2026,2,RSM-v0.1-checkpoint1,"{""replacement_prior"":50.0,""sample_reliability"":0.4786,""season_count"":5.0,""weighted_observed_rating"":57.31}"
00-0035704,Drew Lock,SEA,QB,53.11,8.79,4,301.0,LOW,2026,2,RSM-v0.1-checkpoint1,"{""replacement_prior"":50.0,""sample_reliability"":0.2673,""season_count"":4.0,""weighted_observed_rating"":53.11}"
00-0040673,Jalen Milroe,SEA,QB,50.0,12.0,0,0,LOW,2026,2,RSM-v0.1-checkpoint1,"{""replacement_prior"":50.0,""sample_reliability"":0.0,""season_count"":0.0,""weighted_observed_rating"":50.0}"
00-0039165,Zach Charbonnet,SEA,RB,59.85,2.92,3,543.0,HIGH,2026,2,RSM-v0.1-checkpoint1,"{""replacement_prior"":50.0,""sample_reliability"":0.7565,""season_count"":3.0,""weighted_observed_rating"":59.85}"
00-0038797,Emanuel Wilson,SEA,RB,55.1,7.45,4,280.0,MEDIUM,2026,2,RSM-v0.1-checkpoint1,"{""replacement_prior"":50.0,""sample_reliability"":0.3793,""season_count"":4.0,""weighted_observed_rating"":55.1}"
00-0041512,Jadarian Price,SEA,RB,53.67,10.0,1,12.0,LOW,2026,2,RSM-v0.1-checkpoint1,"{""replacement_prior"":50.0,""sample_reliability"":0.1667,""season_count"":1.0,""weighted_observed_rating"":53.67}"
00-0037745,Velus Jones Jr.,SEA,RB,52.89,10.63,4,46.0,LOW,2026,2,RSM-v0.1-checkpoint1,"{""replacement_prior"":50.0,""sample_reliability"":0.1143,""season_count"":4.0,""weighted_observed_rating"":52.89}"
00-0040067,Jacardia Wright,SEA,RB,51.02,11.08,1,5.0,LOW,2026,2,RSM-v0.1-checkpoint1,"{""replacement_prior"":50.0,""sample_reliability"":0.0769,""season_count"":1.0,""weighted_observed_rating"":51.02}"
00-0038488,Brady Russell,SEA,RB,50.15,11.7,2,3.0,LOW,2026,2,RSM-v0.1-checkpoint1,"{""replacement_prior"":50.0,""sample_reliability"":0.0253,""season_count"":2.0,""weighted_observed_rating"":50.15}"
00-0040567,Brock Lampe,SEA,RB,50.0,12.0,0,0,LOW,2026,2,RSM-v0.1-checkpoint1,"{""replacement_prior"":50.0,""sample_reliability"":0.0,""season_count"":0.0,""weighted_observed_rating"":50.0}"
00-0041588,Justin Jones,SEA,RB,50.0,12.0,0,0,LOW,2026,2,RSM-v0.1-checkpoint1,"{""replacement_prior"":50.0,""sample_reliability"":0.0,""season_count"":0.0,""weighted_observed_rating"":50.0}"
00-0040649,Robbie Ouzts,SEA,RB,50.0,12.0,0,0,LOW,2026,2,RSM-v0.1-checkpoint1,"{""replacement_prior"":50.0,""sample_reliability"":0.0,""season_count"":0.0,""weighted_observed_rating"":50.0}"
00-0039299,George Holani,SEA,RB,49.74,9.99,3,37.0,LOW,2026,2,RSM-v0.1-checkpoint1,"{""replacement_prior"":50.0,""sample_reliability"":0.1676,""season_count"":3.0,""weighted_observed_rating"":49.74}"
00-0034974,Julian Love,SEA,S,65.53,4.61,5,3551.0,MEDIUM,2026,2,RSM-v0.1-checkpoint1,"{""replacement_prior"":50.0,""sample_reliability"":0.6156,""season_count"":5.0,""weighted_observed_rating"":65.53}"
00-0040733,Nick Emmanwori,SEA,S,58.17,9.33,5,772.0,LOW,2026,2,RSM-v0.1-checkpoint1,"{""replacement_prior"":50.0,""sample_reliability"":0.2228,""season_count"":5.0,""weighted_observed_rating"":58.17}"
00-0037323,Rodney Thomas,SEA,S,57.72,6.61,5,1996.0,MEDIUM,2026,2,RSM-v0.1-checkpoint1,"{""replacement_prior"":50.0,""sample_reliability"":0.4492,""season_count"":5.0,""weighted_observed_rating"":57.72}"
00-0037332,D'Anthony Bell,SEA,S,57.69,9.04,5,489.0,LOW,2026,2,RSM-v0.1-checkpoint1,"{""replacement_prior"":50.0,""sample_reliability"":0.247,""season_count"":5.0,""weighted_observed_rating"":57.69}"
00-0038765,Ty Okada,SEA,S,54.72,8.79,5,812.0,LOW,2026,2,RSM-v0.1-checkpoint1,"{""replacement_prior"":50.0,""sample_reliability"":0.2671,""season_count"":5.0,""weighted_observed_rating"":54.72}"
00-0038866,AJ Finley,SEA,S,50.41,11.31,5,78.0,LOW,2026,2,RSM-v0.1-checkpoint1,"{""replacement_prior"":50.0,""sample_reliability"":0.0575,""season_count"":5.0,""weighted_observed_rating"":50.41}"
00-0041463,Bud Clark,SEA,S,50.02,11.93,5,5.0,LOW,2026,2,RSM-v0.1-checkpoint1,"{""replacement_prior"":50.0,""sample_reliability"":0.0055,""season_count"":5.0,""weighted_observed_rating"":50.02}"
00-0040026,Maxen Hook,SEA,S,50.02,11.93,5,5.0,LOW,2026,2,RSM-v0.1-checkpoint1,"{""replacement_prior"":50.0,""sample_reliability"":0.0055,""season_count"":5.0,""weighted_observed_rating"":50.02}"
00-0040273,Tysheem Johnson,SEA,S,50.02,11.93,5,5.0,LOW,2026,2,RSM-v0.1-checkpoint1,"{""replacement_prior"":50.0,""sample_reliability"":0.0055,""season_count"":5.0,""weighted_observed_rating"":50.02}"
00-0039793,AJ Barner,SEA,TE,59.82,5.3,3,228.7,MEDIUM,2026,2,RSM-v0.1-checkpoint1,"{""replacement_prior"":50.0,""sample_reliability"":0.5581,""season_count"":3.0,""weighted_observed_rating"":59.82}"
00-0033576,Eric Saubert,SEA,TE,53.3,6.77,5,195.8,MEDIUM,2026,2,RSM-v0.1-checkpoint1,"{""replacement_prior"":50.0,""sample_reliability"":0.4361,""season_count"":5.0,""weighted_observed_rating"":53.3}"
00-0040739,Elijah Arroyo,SEA,TE,51.39,7.99,2,54.5,LOW,2026,2,RSM-v0.1-checkpoint1,"{""replacement_prior"":50.0,""sample_reliability"":0.3339,""season_count"":2.0,""weighted_observed_rating"":51.39}"
00-0040058,Nick Kallerup,SEA,TE,44.53,6.43,1,21.7,MEDIUM,2026,2,RSM-v0.1-checkpoint1,"{""replacement_prior"":50.0,""sample_reliability"":0.4643,""season_count"":1.0,""weighted_observed_rating"":44.53}"
00-0038543,Jaxon Smith-Njigba,SEA,WR,60.41,4.89,4,444.5,MEDIUM,2026,2,RSM-v0.1-checkpoint1,"{""replacement_prior"":50.0,""sample_reliability"":0.5922,""season_count"":4.0,""weighted_observed_rating"":60.41}"
00-0040648,Tory Horton,SEA,WR,59.33,5.78,1,37.7,MEDIUM,2026,2,RSM-v0.1-checkpoint1,"{""replacement_prior"":50.0,""sample_reliability"":0.5183,""season_count"":1.0,""weighted_observed_rating"":59.33}"
00-0033908,Cooper Kupp,SEA,WR,57.0,5.35,5,457.0,MEDIUM,2026,2,RSM-v0.1-checkpoint1,"{""replacement_prior"":50.0,""sample_reliability"":0.5538,""season_count"":5.0,""weighted_observed_rating"":57.0}"
00-0038752,Jake Bobo,SEA,WR,56.58,6.19,3,123.3,MEDIUM,2026,2,RSM-v0.1-checkpoint1,"{""replacement_prior"":50.0,""sample_reliability"":0.4844,""season_count"":3.0,""weighted_observed_rating"":56.58}"
00-0037545,Rashid Shaheed,SEA,WR,55.41,6.06,5,321.0,MEDIUM,2026,2,RSM-v0.1-checkpoint1,"{""replacement_prior"":50.0,""sample_reliability"":0.4953,""season_count"":5.0,""weighted_observed_rating"":55.41}"
00-0040895,Emmanuel Henderson Jr.,SEA,WR,50.0,12.0,0,0,LOW,2026,2,RSM-v0.1-checkpoint1,"{""replacement_prior"":50.0,""sample_reliability"":0.0,""season_count"":0.0,""weighted_observed_rating"":50.0}"
00-0039329,Julian Hicks,SEA,WR,50.0,12.0,0,0,LOW,2026,2,RSM-v0.1-checkpoint1,"{""replacement_prior"":50.0,""sample_reliability"":0.0,""season_count"":0.0,""weighted_observed_rating"":50.0}"
00-0040621,Montorie Foster Jr,SEA,WR,50.0,12.0,0,0,LOW,2026,2,RSM-v0.1-checkpoint1,"{""replacement_prior"":50.0,""sample_reliability"":0.0,""season_count"":0.0,""weighted_observed_rating"":50.0}"
00-0041476,Rashad Rochelle,SEA,WR,50.0,12.0,0,0,LOW,2026,2,RSM-v0.1-checkpoint1,"{""replacement_prior"":50.0,""sample_reliability"":0.0,""season_count"":0.0,""weighted_observed_rating"":50.0}"
00-0040653,Ricky White III,SEA,WR,49.64,11.3,1,2.2,LOW,2026,2,RSM-v0.1-checkpoint1,"{""replacement_prior"":50.0,""sample_reliability"":0.0583,""season_count"":1.0,""weighted_observed_rating"":49.64}"
00-0037156,Irvin Charles,SEA,WR,48.21,10.86,2,8.8,LOW,2026,2,RSM-v0.1-checkpoint1,"{""replacement_prior"":50.0,""sample_reliability"":0.0953,""season_count"":2.0,""weighted_observed_rating"":48.21}"
00-0036871,Nate Hobbs,SF,CB,61.13,6.26,5,2360.0,MEDIUM,2026,2,RSM-v0.1-checkpoint1,"{""replacement_prior"":50.0,""sample_reliability"":0.478,""season_count"":5.0,""weighted_observed_rating"":61.13}"
00-0036563,Deommodore Lenoir,SF,CB,60.72,4.34,5,3918.0,MEDIUM,2026,2,RSM-v0.1-checkpoint1,"{""replacement_prior"":50.0,""sample_reliability"":0.6381,""season_count"":5.0,""weighted_observed_rating"":60.72}"
00-0040152,Upton Stout,SF,CB,60.33,8.79,5,632.0,LOW,2026,2,RSM-v0.1-checkpoint1,"{""replacement_prior"":50.0,""sample_reliability"":0.2676,""season_count"":5.0,""weighted_observed_rating"":60.33}"
00-0038039,Jack Jones,SF,CB,60.08,5.55,5,2884.0,MEDIUM,2026,2,RSM-v0.1-checkpoint1,"{""replacement_prior"":50.0,""sample_reliability"":0.5377,""season_count"":5.0,""weighted_observed_rating"":60.08}"
00-0039345,Renardo Green,SF,CB,57.83,6.56,5,1554.0,MEDIUM,2026,2,RSM-v0.1-checkpoint1,"{""replacement_prior"":50.0,""sample_reliability"":0.453,""season_count"":5.0,""weighted_observed_rating"":57.83}"
00-0039333,Brandon Codrington,SF,CB,50.63,11.19,5,82.0,LOW,2026,2,RSM-v0.1-checkpoint1,"{""replacement_prior"":50.0,""sample_reliability"":0.0671,""season_count"":5.0,""weighted_observed_rating"":50.63}"
00-0041068,Ephesians Prysock,SF,CB,50.02,11.93,5,5.0,LOW,2026,2,RSM-v0.1-checkpoint1,"{""replacement_prior"":50.0,""sample_reliability"":0.0055,""season_count"":5.0,""weighted_observed_rating"":50.02}"
00-0040559,Jakob Robinson,SF,CB,50.02,11.93,5,5.0,LOW,2026,2,RSM-v0.1-checkpoint1,"{""replacement_prior"":50.0,""sample_reliability"":0.0055,""season_count"":5.0,""weighted_observed_rating"":50.02}"
00-0036942,Osa Odighizuwa,SF,DL,66.22,4.97,5,2841.0,MEDIUM,2026,2,RSM-v0.1-checkpoint1,"{""replacement_prior"":50.0,""sample_reliability"":0.5856,""season_count"":5.0,""weighted_observed_rating"":66.22}"
00-0035026,Kevin Givens,SF,DL,56.5,7.88,5,1053.0,LOW,2026,2,RSM-v0.1-checkpoint1,"{""replacement_prior"":50.0,""sample_reliability"":0.3434,""season_count"":5.0,""weighted_observed_rating"":56.5}"
00-0040721,Alfred Collins,SF,DL,54.45,9.54,5,496.0,LOW,2026,2,RSM-v0.1-checkpoint1,"{""replacement_prior"":50.0,""sample_reliability"":0.2049,""season_count"":5.0,""weighted_observed_rating"":54.45}"
00-0040711,CJ West,SF,DL,53.75,9.46,5,305.0,LOW,2026,2,RSM-v0.1-checkpoint1,"{""replacement_prior"":50.0,""sample_reliability"":0.2117,""season_count"":5.0,""weighted_observed_rating"":53.75}"
00-0039696,Evan Anderson,SF,DL,52.95,10.62,5,271.0,LOW,2026,2,RSM-v0.1-checkpoint1,"{""replacement_prior"":50.0,""sample_reliability"":0.1148,""season_count"":5.0,""weighted_observed_rating"":52.95}"
00-0041363,James Thompson Jr.,SF,DL,51.23,11.49,5,25.0,LOW,2026,2,RSM-v0.1-checkpoint1,"{""replacement_prior"":50.0,""sample_reliability"":0.0423,""season_count"":5.0,""weighted_observed_rating"":51.23}"
00-0041557,Gracen Halton,SF,DL,50.42,11.31,5,35.0,LOW,2026,2,RSM-v0.1-checkpoint1,"{""replacement_prior"":50.0,""sample_reliability"":0.0578,""season_count"":5.0,""weighted_observed_rating"":50.42}"
00-0040560,Sebastian Valdez,SF,DL,50.02,11.93,5,5.0,LOW,2026,2,RSM-v0.1-checkpoint1,"{""replacement_prior"":50.0,""sample_reliability"":0.0058,""season_count"":5.0,""weighted_observed_rating"":50.02}"
00-0035717,Nick Bosa,SF,EDGE,68.49,5.96,5,2415.0,MEDIUM,2026,2,RSM-v0.1-checkpoint1,"{""replacement_prior"":50.0,""sample_reliability"":0.5032,""season_count"":5.0,""weighted_observed_rating"":68.49}"
00-0034807,Ogbo Okoronkwo,SF,EDGE,56.97,8.01,5,1450.0,LOW,2026,2,RSM-v0.1-checkpoint1,"{""replacement_prior"":50.0,""sample_reliability"":0.3324,""season_count"":5.0,""weighted_observed_rating"":56.97}"
00-0034982,Dre Greenlaw,SF,EDGE,56.88,6.46,5,2095.0,MEDIUM,2026,2,RSM-v0.1-checkpoint1,"{""replacement_prior"":50.0,""sample_reliability"":0.4615,""season_count"":5.0,""weighted_observed_rating"":56.88}"
00-0039148,Keion White,SF,EDGE,56.64,5.93,5,1823.0,MEDIUM,2026,2,RSM-v0.1-checkpoint1,"{""replacement_prior"":50.0,""sample_reliability"":0.506,""season_count"":5.0,""weighted_observed_rating"":56.64}"
00-0037602,Sam Okuayinonu,SF,EDGE,55.19,7.38,5,1132.0,MEDIUM,2026,2,RSM-v0.1-checkpoint1,"{""replacement_prior"":50.0,""sample_reliability"":0.3852,""season_count"":5.0,""weighted_observed_rating"":55.19}"
00-0036896,Victor Dimukeje,SF,EDGE,54.33,8.92,5,810.0,LOW,2026,2,RSM-v0.1-checkpoint1,"{""replacement_prior"":50.0,""sample_reliability"":0.257,""season_count"":5.0,""weighted_observed_rating"":54.33}"
00-0036341,Khalid Kareem,SF,EDGE,53.24,9.62,5,209.0,LOW,2026,2,RSM-v0.1-checkpoint1,"{""replacement_prior"":50.0,""sample_reliability"":0.1986,""season_count"":5.0,""weighted_observed_rating"":53.24}"
00-0041078,Jaden Dugger,SF,EDGE,51.72,11.17,5,38.0,LOW,2026,2,RSM-v0.1-checkpoint1,"{""replacement_prior"":50.0,""sample_reliability"":0.069,""season_count"":5.0,""weighted_observed_rating"":51.72}"
00-0040660,Mykel Williams,SF,EDGE,51.45,9.61,5,389.0,LOW,2026,2,RSM-v0.1-checkpoint1,"{""replacement_prior"":50.0,""sample_reliability"":0.1991,""season_count"":5.0,""weighted_observed_rating"":51.45}"
00-0036844,Garret Wallow,SF,EDGE,51.37,10.12,5,231.0,LOW,2026,2,RSM-v0.1-checkpoint1,"{""replacement_prior"":50.0,""sample_reliability"":0.1567,""season_count"":5.0,""weighted_observed_rating"":51.37}"
00-0041556,Romello Height,SF,EDGE,50.47,11.25,5,34.0,LOW,2026,2,RSM-v0.1-checkpoint1,"{""replacement_prior"":50.0,""sample_reliability"":0.0626,""season_count"":5.0,""weighted_observed_rating"":50.47}"
00-0040135,Nick Martin,SF,EDGE,50.46,11.65,5,19.0,LOW,2026,2,RSM-v0.1-checkpoint1,"{""replacement_prior"":50.0,""sample_reliability"":0.0294,""season_count"":5.0,""weighted_observed_rating"":50.46}"
00-0038865,Andrew Farmer,SF,EDGE,50.08,11.52,5,64.0,LOW,2026,2,RSM-v0.1-checkpoint1,"{""replacement_prior"":50.0,""sample_reliability"":0.0401,""season_count"":5.0,""weighted_observed_rating"":50.08}"
00-0040486,Jah Joyner,SF,EDGE,50.02,11.92,5,5.0,LOW,2026,2,RSM-v0.1-checkpoint1,"{""replacement_prior"":50.0,""sample_reliability"":0.0066,""season_count"":5.0,""weighted_observed_rating"":50.02}"
00-0041360,Mikail Kamara,SF,EDGE,50.02,11.92,5,5.0,LOW,2026,2,RSM-v0.1-checkpoint1,"{""replacement_prior"":50.0,""sample_reliability"":0.0066,""season_count"":5.0,""weighted_observed_rating"":50.02}"
00-0038575,Viliami Fehoko Jr.,SF,EDGE,50.02,11.92,5,5.0,LOW,2026,2,RSM-v0.1-checkpoint1,"{""replacement_prior"":50.0,""sample_reliability"":0.0066,""season_count"":5.0,""weighted_observed_rating"":50.02}"
00-0040950,Vincent Anthony Jr.,SF,EDGE,50.02,11.92,5,5.0,LOW,2026,2,RSM-v0.1-checkpoint1,"{""replacement_prior"":50.0,""sample_reliability"":0.0066,""season_count"":5.0,""weighted_observed_rating"":50.02}"
00-0034173,Eddy Pineiro,SF,K,57.22,3.72,5,250.0,HIGH,2026,2,RSM-v0.1-checkpoint1,"{""replacement_prior"":50.0,""sample_reliability"":0.6901,""season_count"":5.0,""weighted_observed_rating"":57.22}"
00-0034815,Fred Warner,SF,LB,66.13,4.97,5,3389.0,MEDIUM,2026,2,RSM-v0.1-checkpoint1,"{""replacement_prior"":50.0,""sample_reliability"":0.5861,""season_count"":5.0,""weighted_observed_rating"":66.13}"
00-0039435,Tatum Bethune,SF,LB,53.99,9.05,5,553.0,LOW,2026,2,RSM-v0.1-checkpoint1,"{""replacement_prior"":50.0,""sample_reliability"":0.2461,""season_count"":5.0,""weighted_observed_rating"":53.99}"
00-0035413,Luke Gifford,SF,LB,53.09,8.92,5,425.0,LOW,2026,2,RSM-v0.1-checkpoint1,"{""replacement_prior"":50.0,""sample_reliability"":0.2567,""season_count"":5.0,""weighted_observed_rating"":53.09}"
00-0038648,Jalen Graham,SF,LB,50.54,11.31,5,75.0,LOW,2026,2,RSM-v0.1-checkpoint1,"{""replacement_prior"":50.0,""sample_reliability"":0.0576,""season_count"":5.0,""weighted_observed_rating"":50.54}"
00-0032701,Jake Brendel,SF,OL,64.93,4.72,5,4191.0,LOW,2026,2,RSM-v0.1-checkpoint1,"{""replacement_prior"":50.0,""sample_reliability"":0.6066,""season_count"":5.0,""weighted_observed_rating"":64.93}"
00-0027857,Trent Williams,SF,OL,64.13,4.97,5,3392.0,LOW,2026,2,RSM-v0.1-checkpoint1,"{""replacement_prior"":50.0,""sample_reliability"":0.5861,""season_count"":5.0,""weighted_observed_rating"":64.13}"
00-0036256,Colton McKivitz,SF,OL,61.77,5.21,5,3352.0,LOW,2026,2,RSM-v0.1-checkpoint1,"{""replacement_prior"":50.0,""sample_reliability"":0.5655,""season_count"":5.0,""weighted_observed_rating"":61.77}"
00-0039351,Dominick Puni,SF,OL,59.12,5.26,3,2263.0,LOW,2026,2,RSM-v0.1-checkpoint1,"{""replacement_prior"":50.0,""sample_reliability"":0.5618,""season_count"":3.0,""weighted_observed_rating"":59.12}"
00-0037287,Vederian Lowe,SF,OL,54.05,4.84,4,1631.0,LOW,2026,2,RSM-v0.1-checkpoint1,"{""replacement_prior"":50.0,""sample_reliability"":0.5963,""season_count"":4.0,""weighted_observed_rating"":54.05}"
00-0038615,Jarrett Patterson,SF,OL,52.83,4.28,3,1345.0,LOW,2026,2,RSM-v0.1-checkpoint1,"{""replacement_prior"":50.0,""sample_reliability"":0.6436,""season_count"":3.0,""weighted_observed_rating"":52.83}"
00-0035743,Brett Toth,SF,OL,52.74,6.02,2,437.0,LOW,2026,2,RSM-v0.1-checkpoint1,"{""replacement_prior"":50.0,""sample_reliability"":0.4987,""season_count"":2.0,""weighted_observed_rating"":52.74}"
00-0040245,Connor Colby,SF,OL,52.29,7.04,2,517.0,LOW,2026,2,RSM-v0.1-checkpoint1,"{""replacement_prior"":50.0,""sample_reliability"":0.413,""season_count"":2.0,""weighted_observed_rating"":52.29}"
00-0036584,Foster Sarell,SF,OL,50.78,8.19,4,515.0,LOW,2026,2,RSM-v0.1-checkpoint1,"{""replacement_prior"":50.0,""sample_reliability"":0.3177,""season_count"":4.0,""weighted_observed_rating"":50.78}"
00-0041061,Carver Willis,SF,OL,50.0,12.0,0,0,LOW,2026,2,RSM-v0.1-checkpoint1,"{""replacement_prior"":50.0,""sample_reliability"":0.0,""season_count"":0.0,""weighted_observed_rating"":50.0}"
00-0039700,Drake Nugent,SF,OL,50.0,12.0,0,0,LOW,2026,2,RSM-v0.1-checkpoint1,"{""replacement_prior"":50.0,""sample_reliability"":0.0,""season_count"":0.0,""weighted_observed_rating"":50.0}"
00-0041090,Enrique Cruz,SF,OL,50.0,12.0,0,0,LOW,2026,2,RSM-v0.1-checkpoint1,"{""replacement_prior"":50.0,""sample_reliability"":0.0,""season_count"":0.0,""weighted_observed_rating"":50.0}"
00-0036448,Isaac Alarcon,SF,OL,50.0,12.0,0,0,LOW,2026,2,RSM-v0.1-checkpoint1,"{""replacement_prior"":50.0,""sample_reliability"":0.0,""season_count"":0.0,""weighted_observed_rating"":50.0}"
00-0035829,Austen Pleasants,SF,OL,49.92,9.04,3,202.0,LOW,2026,2,RSM-v0.1-checkpoint1,"{""replacement_prior"":50.0,""sample_reliability"":0.2468,""season_count"":3.0,""weighted_observed_rating"":49.92}"
00-0037831,Nick Zakelj,SF,OL,48.86,9.67,3,197.0,LOW,2026,2,RSM-v0.1-checkpoint1,"{""replacement_prior"":50.0,""sample_reliability"":0.1942,""season_count"":3.0,""weighted_observed_rating"":48.86}"
00-0035821,Corliss Waitman,SF,OTHER,55.4,7.39,4,448.0,MEDIUM,2026,2,RSM-v0.1-checkpoint1,"{""replacement_prior"":50.0,""sample_reliability"":0.3841,""season_count"":4.0,""weighted_observed_rating"":55.4}"
00-0027224,Jon Weeks,SF,OTHER,55.28,7.1,5,595.0,MEDIUM,2026,2,RSM-v0.1-checkpoint1,"{""replacement_prior"":50.0,""sample_reliability"":0.408,""season_count"":5.0,""weighted_observed_rating"":55.28}"
00-0037834,Brock Purdy,SF,QB,62.3,4.92,5,1468.0,MEDIUM,2026,2,RSM-v0.1-checkpoint1,"{""replacement_prior"":50.0,""sample_reliability"":0.5903,""season_count"":5.0,""weighted_observed_rating"":62.3}"
00-0036972,Mac Jones,SF,QB,57.76,2.85,4,1424.0,HIGH,2026,2,RSM-v0.1-checkpoint1,"{""replacement_prior"":50.0,""sample_reliability"":0.7629,""season_count"":4.0,""weighted_observed_rating"":57.76}"
00-0038658,Adrian Martinez,SF,QB,50.0,12.0,0,0,LOW,2026,2,RSM-v0.1-checkpoint1,"{""replacement_prior"":50.0,""sample_reliability"":0.0,""season_count"":0.0,""weighted_observed_rating"":50.0}"
00-0040589,Kurtis Rourke,SF,QB,50.0,12.0,0,0,LOW,2026,2,RSM-v0.1-checkpoint1,"{""replacement_prior"":50.0,""sample_reliability"":0.0,""season_count"":0.0,""weighted_observed_rating"":50.0}"
00-0039363,Isaac Guerendo,SF,RB,62.69,4.5,1,100.0,MEDIUM,2026,2,RSM-v0.1-checkpoint1,"{""replacement_prior"":50.0,""sample_reliability"":0.625,""season_count"":1.0,""weighted_observed_rating"":62.69}"
00-0033280,Christian McCaffrey,SF,RB,58.86,4.97,5,1234.0,MEDIUM,2026,2,RSM-v0.1-checkpoint1,"{""replacement_prior"":50.0,""sample_reliability"":0.5856,""season_count"":5.0,""weighted_observed_rating"":58.86}"
00-0037509,Sincere McCormick,SF,RB,56.29,6.79,1,46.0,MEDIUM,2026,2,RSM-v0.1-checkpoint1,"{""replacement_prior"":50.0,""sample_reliability"":0.434,""season_count"":1.0,""weighted_observed_rating"":56.29}"
00-0041052,Kaelon Black,SF,RB,54.42,9.6,1,15.0,LOW,2026,2,RSM-v0.1-checkpoint1,"{""replacement_prior"":50.0,""sample_reliability"":0.2,""season_count"":1.0,""weighted_observed_rating"":54.42}"
00-0040177,Jordan James,SF,RB,50.0,12.0,0,0,LOW,2026,2,RSM-v0.1-checkpoint1,"{""replacement_prior"":50.0,""sample_reliability"":0.0,""season_count"":0.0,""weighted_observed_rating"":50.0}"
00-0029892,Kyle Juszczyk,SF,RB,46.86,8.01,4,118.0,LOW,2026,2,RSM-v0.1-checkpoint1,"{""replacement_prior"":50.0,""sample_reliability"":0.3329,""season_count"":4.0,""weighted_observed_rating"":46.86}"
00-0036329,Ashtyn Davis,SF,S,59.38,6.6,5,1240.0,MEDIUM,2026,2,RSM-v0.1-checkpoint1,"{""replacement_prior"":50.0,""sample_reliability"":0.4501,""season_count"":5.0,""weighted_observed_rating"":59.38}"
00-0038554,Ji'Ayir Brown,SF,S,57.96,5.58,5,2138.0,MEDIUM,2026,2,RSM-v0.1-checkpoint1,"{""replacement_prior"":50.0,""sample_reliability"":0.5349,""season_count"":5.0,""weighted_observed_rating"":57.96}"
00-0034391,Siran Neal,SF,S,54.83,7.93,5,656.0,LOW,2026,2,RSM-v0.1-checkpoint1,"{""replacement_prior"":50.0,""sample_reliability"":0.339,""season_count"":5.0,""weighted_observed_rating"":54.83}"
00-0039360,Malik Mustapha,SF,S,54.44,7.53,5,1462.0,MEDIUM,2026,2,RSM-v0.1-checkpoint1,"{""replacement_prior"":50.0,""sample_reliability"":0.3724,""season_count"":5.0,""weighted_observed_rating"":54.44}"
00-0040185,Marques Sigle,SF,S,54.3,8.7,5,451.0,LOW,2026,2,RSM-v0.1-checkpoint1,"{""replacement_prior"":50.0,""sample_reliability"":0.275,""season_count"":5.0,""weighted_observed_rating"":54.3}"
00-0036638,Darrick Forrest,SF,S,51.74,9.61,5,1254.0,LOW,2026,2,RSM-v0.1-checkpoint1,"{""replacement_prior"":50.0,""sample_reliability"":0.1994,""season_count"":5.0,""weighted_observed_rating"":51.74}"
00-0039881,Patrick McMorris,SF,S,50.04,11.85,5,12.0,LOW,2026,2,RSM-v0.1-checkpoint1,"{""replacement_prior"":50.0,""sample_reliability"":0.0122,""season_count"":5.0,""weighted_observed_rating"":50.04}"
00-0041362,Jalen Stroman,SF,S,50.02,11.93,5,5.0,LOW,2026,2,RSM-v0.1-checkpoint1,"{""replacement_prior"":50.0,""sample_reliability"":0.0055,""season_count"":5.0,""weighted_observed_rating"":50.02}"
00-0041406,Larry Worth,SF,S,50.02,11.93,5,5.0,LOW,2026,2,RSM-v0.1-checkpoint1,"{""replacement_prior"":50.0,""sample_reliability"":0.0055,""season_count"":5.0,""weighted_observed_rating"":50.02}"
00-0033288,George Kittle,SF,TE,65.74,4.88,5,524.3,MEDIUM,2026,2,RSM-v0.1-checkpoint1,"{""replacement_prior"":50.0,""sample_reliability"":0.5935,""season_count"":5.0,""weighted_observed_rating"":65.74}"
00-0036887,Luke Farrell,SF,TE,56.08,5.66,5,224.7,MEDIUM,2026,2,RSM-v0.1-checkpoint1,"{""replacement_prior"":50.0,""sample_reliability"":0.5284,""season_count"":5.0,""weighted_observed_rating"":56.08}"
00-0037112,Jake Tonges,SF,TE,52.84,8.52,4,76.2,LOW,2026,2,RSM-v0.1-checkpoint1,"{""replacement_prior"":50.0,""sample_reliability"":0.2897,""season_count"":4.0,""weighted_observed_rating"":52.84}"
00-0041357,Khalil Dinkins,SF,TE,50.0,12.0,0,0,LOW,2026,2,RSM-v0.1-checkpoint1,"{""replacement_prior"":50.0,""sample_reliability"":0.0,""season_count"":0.0,""weighted_observed_rating"":50.0}"
00-0038643,Brayden Willis,SF,TE,47.92,10.39,3,14.3,LOW,2026,2,RSM-v0.1-checkpoint1,"{""replacement_prior"":50.0,""sample_reliability"":0.1339,""season_count"":3.0,""weighted_observed_rating"":47.92}"
00-0039916,Ricky Pearsall,SF,WR,61.27,3.71,2,155.8,HIGH,2026,2,RSM-v0.1-checkpoint1,"{""replacement_prior"":50.0,""sample_reliability"":0.6911,""season_count"":2.0,""weighted_observed_rating"":61.27}"
00-0032775,Demarcus Robinson,SF,WR,58.77,5.74,5,397.7,MEDIUM,2026,2,RSM-v0.1-checkpoint1,"{""replacement_prior"":50.0,""sample_reliability"":0.5215,""season_count"":5.0,""weighted_observed_rating"":58.77}"
00-0031408,Mike Evans,SF,WR,58.54,5.55,5,480.3,MEDIUM,2026,2,RSM-v0.1-checkpoint1,"{""replacement_prior"":50.0,""sample_reliability"":0.5376,""season_count"":5.0,""weighted_observed_rating"":58.54}"
00-0035719,Deebo Samuel Sr.,SF,WR,57.13,5.31,5,467.3,MEDIUM,2026,2,RSM-v0.1-checkpoint1,"{""replacement_prior"":50.0,""sample_reliability"":0.5577,""season_count"":5.0,""weighted_observed_rating"":57.13}"
00-0034775,Christian Kirk,SF,WR,55.99,3.75,4,391.0,HIGH,2026,2,RSM-v0.1-checkpoint1,"{""replacement_prior"":50.0,""sample_reliability"":0.6877,""season_count"":4.0,""weighted_observed_rating"":55.99}"
00-0034854,KhaDarel Hodge,SF,WR,54.4,8.63,5,145.7,LOW,2026,2,RSM-v0.1-checkpoint1,"{""replacement_prior"":50.0,""sample_reliability"":0.2811,""season_count"":5.0,""weighted_observed_rating"":54.4}"
00-0039365,Jacob Cowing,SF,WR,52.61,10.45,2,18.5,LOW,2026,2,RSM-v0.1-checkpoint1,"{""replacement_prior"":50.0,""sample_reliability"":0.1293,""season_count"":2.0,""weighted_observed_rating"":52.61}"
00-0040172,Jordan Watkins,SF,WR,51.04,10.72,1,4.2,LOW,2026,2,RSM-v0.1-checkpoint1,"{""replacement_prior"":50.0,""sample_reliability"":0.1064,""season_count"":1.0,""weighted_observed_rating"":51.04}"
00-0041035,De'Zhaun Stribling,SF,WR,50.22,10.91,1,3.5,LOW,2026,2,RSM-v0.1-checkpoint1,"{""replacement_prior"":50.0,""sample_reliability"":0.0909,""season_count"":1.0,""weighted_observed_rating"":50.22}"
00-0041359,Wesley Grimes,SF,WR,50.0,12.0,0,0,LOW,2026,2,RSM-v0.1-checkpoint1,"{""replacement_prior"":50.0,""sample_reliability"":0.0,""season_count"":0.0,""weighted_observed_rating"":50.0}"
00-0041361,Will Pauling,SF,WR,50.0,12.0,0,0,LOW,2026,2,RSM-v0.1-checkpoint1,"{""replacement_prior"":50.0,""sample_reliability"":0.0,""season_count"":0.0,""weighted_observed_rating"":50.0}"
00-0040143,Jacob Parrish,TB,CB,60.03,9.34,5,750.0,LOW,2026,2,RSM-v0.1-checkpoint1,"{""replacement_prior"":50.0,""sample_reliability"":0.2215,""season_count"":5.0,""weighted_observed_rating"":60.03}"
00-0037268,Zyon McCollum,TB,CB,55.94,5.75,5,2885.0,MEDIUM,2026,2,RSM-v0.1-checkpoint1,"{""replacement_prior"":50.0,""sample_reliability"":0.5205,""season_count"":5.0,""weighted_observed_rating"":55.94}"
00-0035239,Sean Murphy-Bunting,TB,CB,55.25,8.36,5,2000.0,LOW,2026,2,RSM-v0.1-checkpoint1,"{""replacement_prior"":50.0,""sample_reliability"":0.303,""season_count"":5.0,""weighted_observed_rating"":55.25}"
00-0040747,Benjamin Morrison,TB,CB,52.43,9.79,5,363.0,LOW,2026,2,RSM-v0.1-checkpoint1,"{""replacement_prior"":50.0,""sample_reliability"":0.1839,""season_count"":5.0,""weighted_observed_rating"":52.43}"
00-0039051,Josh Hayes,TB,CB,52.25,8.16,5,751.0,LOW,2026,2,RSM-v0.1-checkpoint1,"{""replacement_prior"":50.0,""sample_reliability"":0.3197,""season_count"":5.0,""weighted_observed_rating"":52.25}"
00-0037984,Pepe Williams,TB,CB,51.24,11.18,5,264.0,LOW,2026,2,RSM-v0.1-checkpoint1,"{""replacement_prior"":50.0,""sample_reliability"":0.0685,""season_count"":5.0,""weighted_observed_rating"":51.24}"
00-0041253,Ayden Garnes,TB,CB,50.02,11.93,5,5.0,LOW,2026,2,RSM-v0.1-checkpoint1,"{""replacement_prior"":50.0,""sample_reliability"":0.0055,""season_count"":5.0,""weighted_observed_rating"":50.02}"
00-0041057,Keionte Scott,TB,CB,50.02,11.93,5,5.0,LOW,2026,2,RSM-v0.1-checkpoint1,"{""replacement_prior"":50.0,""sample_reliability"":0.0055,""season_count"":5.0,""weighted_observed_rating"":50.02}"
00-0040423,Roman Parodie,TB,CB,50.02,11.93,5,5.0,LOW,2026,2,RSM-v0.1-checkpoint1,"{""replacement_prior"":50.0,""sample_reliability"":0.0055,""season_count"":5.0,""weighted_observed_rating"":50.02}"
00-0034773,Vita Vea,TB,DL,64.38,5.73,5,2616.0,MEDIUM,2026,2,RSM-v0.1-checkpoint1,"{""replacement_prior"":50.0,""sample_reliability"":0.5225,""season_count"":5.0,""weighted_observed_rating"":64.38}"
00-0031957,Rakeem Nunez-Roches,TB,DL,59.25,6.6,5,1862.0,MEDIUM,2026,2,RSM-v0.1-checkpoint1,"{""replacement_prior"":50.0,""sample_reliability"":0.4499,""season_count"":5.0,""weighted_observed_rating"":59.25}"
00-0040384,Elijah Simmons,TB,DL,50.69,10.81,5,96.0,LOW,2026,2,RSM-v0.1-checkpoint1,"{""replacement_prior"":50.0,""sample_reliability"":0.0991,""season_count"":5.0,""weighted_observed_rating"":50.69}"
00-0041079,DeMonte Capehart,TB,DL,50.02,11.93,5,5.0,LOW,2026,2,RSM-v0.1-checkpoint1,"{""replacement_prior"":50.0,""sample_reliability"":0.0058,""season_count"":5.0,""weighted_observed_rating"":50.02}"
00-0040105,Jayson Jones,TB,DL,50.02,11.93,5,5.0,LOW,2026,2,RSM-v0.1-checkpoint1,"{""replacement_prior"":50.0,""sample_reliability"":0.0058,""season_count"":5.0,""weighted_observed_rating"":50.02}"
00-0041254,Josiah Green,TB,DL,50.02,11.93,5,5.0,LOW,2026,2,RSM-v0.1-checkpoint1,"{""replacement_prior"":50.0,""sample_reliability"":0.0058,""season_count"":5.0,""weighted_observed_rating"":50.02}"
00-0041500,Travis Shaw,TB,DL,50.02,11.93,5,5.0,LOW,2026,2,RSM-v0.1-checkpoint1,"{""replacement_prior"":50.0,""sample_reliability"":0.0058,""season_count"":5.0,""weighted_observed_rating"":50.02}"
00-0033964,Al-Quadin Muhammad,TB,EDGE,61.21,7.39,5,1322.0,MEDIUM,2026,2,RSM-v0.1-checkpoint1,"{""replacement_prior"":50.0,""sample_reliability"":0.3839,""season_count"":5.0,""weighted_observed_rating"":61.21}"
00-0039068,Yaya Diaby,TB,EDGE,59.79,6.32,5,2085.0,MEDIUM,2026,2,RSM-v0.1-checkpoint1,"{""replacement_prior"":50.0,""sample_reliability"":0.4735,""season_count"":5.0,""weighted_observed_rating"":59.79}"
00-0035254,Anthony Nelson,TB,EDGE,59.27,6.1,5,2002.0,MEDIUM,2026,2,RSM-v0.1-checkpoint1,"{""replacement_prior"":50.0,""sample_reliability"":0.4919,""season_count"":5.0,""weighted_observed_rating"":59.27}"
00-0039063,Calijah Kancey,TB,EDGE,56.29,7.86,5,1217.0,LOW,2026,2,RSM-v0.1-checkpoint1,"{""replacement_prior"":50.0,""sample_reliability"":0.345,""season_count"":5.0,""weighted_observed_rating"":56.29}"
00-0032889,A'Shawn Robinson,TB,EDGE,55.96,5.74,5,2294.0,MEDIUM,2026,2,RSM-v0.1-checkpoint1,"{""replacement_prior"":50.0,""sample_reliability"":0.5219,""season_count"":5.0,""weighted_observed_rating"":55.96}"
00-0040183,Elijah Roberts,TB,EDGE,52.27,9.44,5,511.0,LOW,2026,2,RSM-v0.1-checkpoint1,"{""replacement_prior"":50.0,""sample_reliability"":0.2132,""season_count"":5.0,""weighted_observed_rating"":52.27}"
00-0039877,Mohamed Kamara,TB,EDGE,50.29,11.53,5,34.0,LOW,2026,2,RSM-v0.1-checkpoint1,"{""replacement_prior"":50.0,""sample_reliability"":0.0389,""season_count"":5.0,""weighted_observed_rating"":50.29}"
00-0040158,David Walker,TB,EDGE,50.02,11.92,5,5.0,LOW,2026,2,RSM-v0.1-checkpoint1,"{""replacement_prior"":50.0,""sample_reliability"":0.0066,""season_count"":5.0,""weighted_observed_rating"":50.02}"
00-0041339,Deshawn McKnight,TB,EDGE,50.02,11.92,5,5.0,LOW,2026,2,RSM-v0.1-checkpoint1,"{""replacement_prior"":50.0,""sample_reliability"":0.0066,""season_count"":5.0,""weighted_observed_rating"":50.02}"
00-0041031,Rueben Bain Jr.,TB,EDGE,50.02,11.92,5,5.0,LOW,2026,2,RSM-v0.1-checkpoint1,"{""replacement_prior"":50.0,""sample_reliability"":0.0066,""season_count"":5.0,""weighted_observed_rating"":50.02}"
00-0041434,Yasir Holmes,TB,EDGE,50.02,11.92,5,5.0,LOW,2026,2,RSM-v0.1-checkpoint1,"{""replacement_prior"":50.0,""sample_reliability"":0.0066,""season_count"":5.0,""weighted_observed_rating"":50.02}"
00-0035358,Chase McLaughlin,TB,K,66.4,1.47,4,280.0,HIGH,2026,2,RSM-v0.1-checkpoint1,"{""replacement_prior"":50.0,""sample_reliability"":0.8771,""season_count"":4.0,""weighted_observed_rating"":66.4}"
00-0038748,B.T. Potter,TB,K,50.0,12.0,0,0,LOW,2026,2,RSM-v0.1-checkpoint1,"{""replacement_prior"":50.0,""sample_reliability"":0.0,""season_count"":0.0,""weighted_observed_rating"":50.0}"
00-0033914,Alex Anzalone,TB,LB,63.85,5.46,5,3700.0,MEDIUM,2026,2,RSM-v0.1-checkpoint1,"{""replacement_prior"":50.0,""sample_reliability"":0.5454,""season_count"":5.0,""weighted_observed_rating"":63.85}"
00-0039049,SirVocea Dennis,TB,LB,58.77,7.88,5,1117.0,LOW,2026,2,RSM-v0.1-checkpoint1,"{""replacement_prior"":50.0,""sample_reliability"":0.3431,""season_count"":5.0,""weighted_observed_rating"":58.77}"
00-0035942,Christian Rozeboom,TB,LB,58.17,6.36,5,2209.0,MEDIUM,2026,2,RSM-v0.1-checkpoint1,"{""replacement_prior"":50.0,""sample_reliability"":0.47,""season_count"":5.0,""weighted_observed_rating"":58.17}"
00-0040416,John Bullock,TB,LB,50.06,11.86,5,9.0,LOW,2026,2,RSM-v0.1-checkpoint1,"{""replacement_prior"":50.0,""sample_reliability"":0.012,""season_count"":5.0,""weighted_observed_rating"":50.06}"
00-0040625,Nick Jackson,TB,LB,50.04,11.64,5,22.0,LOW,2026,2,RSM-v0.1-checkpoint1,"{""replacement_prior"":50.0,""sample_reliability"":0.0301,""season_count"":5.0,""weighted_observed_rating"":50.04}"
00-0041338,Caden Fordham,TB,LB,50.02,11.93,5,5.0,LOW,2026,2,RSM-v0.1-checkpoint1,"{""replacement_prior"":50.0,""sample_reliability"":0.0058,""season_count"":5.0,""weighted_observed_rating"":50.02}"
00-0041424,Javin Wright,TB,LB,50.02,11.93,5,5.0,LOW,2026,2,RSM-v0.1-checkpoint1,"{""replacement_prior"":50.0,""sample_reliability"":0.0058,""season_count"":5.0,""weighted_observed_rating"":50.02}"
00-0041502,Josiah Trotter,TB,LB,50.02,11.93,5,5.0,LOW,2026,2,RSM-v0.1-checkpoint1,"{""replacement_prior"":50.0,""sample_reliability"":0.0058,""season_count"":5.0,""weighted_observed_rating"":50.02}"
00-0036406,Tristan Wirfs,TB,OL,67.66,2.43,4,3823.0,LOW,2026,2,RSM-v0.1-checkpoint1,"{""replacement_prior"":50.0,""sample_reliability"":0.7977,""season_count"":4.0,""weighted_observed_rating"":67.66}"
00-0036132,Ben Bredeson,TB,OL,65.36,2.76,4,3305.0,LOW,2026,2,RSM-v0.1-checkpoint1,"{""replacement_prior"":50.0,""sample_reliability"":0.7701,""season_count"":4.0,""weighted_observed_rating"":65.36}"
00-0039905,Graham Barton,TB,OL,64.16,2.07,2,2199.0,LOW,2026,2,RSM-v0.1-checkpoint1,"{""replacement_prior"":50.0,""sample_reliability"":0.8278,""season_count"":2.0,""weighted_observed_rating"":64.16}"
00-0037835,Luke Goedeke,TB,OL,63.33,2.77,4,3208.0,LOW,2026,2,RSM-v0.1-checkpoint1,"{""replacement_prior"":50.0,""sample_reliability"":0.769,""season_count"":4.0,""weighted_observed_rating"":63.33}"
00-0039157,Cody Mauch,TB,OL,60.61,4.63,3,2374.0,LOW,2026,2,RSM-v0.1-checkpoint1,"{""replacement_prior"":50.0,""sample_reliability"":0.6143,""season_count"":3.0,""weighted_observed_rating"":60.61}"
00-0033910,Dan Feeney,TB,OL,59.37,5.35,3,867.0,LOW,2026,2,RSM-v0.1-checkpoint1,"{""replacement_prior"":50.0,""sample_reliability"":0.5543,""season_count"":3.0,""weighted_observed_rating"":59.37}"
00-0034989,Justin Skule,TB,OL,54.37,6.14,4,974.0,LOW,2026,2,RSM-v0.1-checkpoint1,"{""replacement_prior"":50.0,""sample_reliability"":0.4884,""season_count"":4.0,""weighted_observed_rating"":54.37}"
00-0038818,Luke Haggard,TB,OL,50.21,5.74,1,251.0,LOW,2026,2,RSM-v0.1-checkpoint1,"{""replacement_prior"":50.0,""sample_reliability"":0.5218,""season_count"":1.0,""weighted_observed_rating"":50.21}"
00-0040427,Ben Scott,TB,OL,50.0,12.0,0,0,LOW,2026,2,RSM-v0.1-checkpoint1,"{""replacement_prior"":50.0,""sample_reliability"":0.0,""season_count"":0.0,""weighted_observed_rating"":50.0}"
00-0041082,Billy Schrauth,TB,OL,50.0,12.0,0,0,LOW,2026,2,RSM-v0.1-checkpoint1,"{""replacement_prior"":50.0,""sample_reliability"":0.0,""season_count"":0.0,""weighted_observed_rating"":50.0}"
00-0041255,Henry Lutovsky,TB,OL,50.0,12.0,0,0,LOW,2026,2,RSM-v0.1-checkpoint1,"{""replacement_prior"":50.0,""sample_reliability"":0.0,""season_count"":0.0,""weighted_observed_rating"":50.0}"
00-0040349,Marshall Foerner,TB,OL,50.0,12.0,0,0,LOW,2026,2,RSM-v0.1-checkpoint1,"{""replacement_prior"":50.0,""sample_reliability"":0.0,""season_count"":0.0,""weighted_observed_rating"":50.0}"
00-0040420,Nash Hutmacher,TB,OL,50.0,12.0,0,0,LOW,2026,2,RSM-v0.1-checkpoint1,"{""replacement_prior"":50.0,""sample_reliability"":0.0,""season_count"":0.0,""weighted_observed_rating"":50.0}"
00-0041583,Paul Rubelt,TB,OL,50.0,12.0,0,0,LOW,2026,2,RSM-v0.1-checkpoint1,"{""replacement_prior"":50.0,""sample_reliability"":0.0,""season_count"":0.0,""weighted_observed_rating"":50.0}"
00-0040417,Benjamin Chukwuma,TB,OL,46.46,7.24,1,151.0,LOW,2026,2,RSM-v0.1-checkpoint1,"{""replacement_prior"":50.0,""sample_reliability"":0.3963,""season_count"":1.0,""weighted_observed_rating"":46.46}"
00-0032943,Riley Dixon,TB,OTHER,58.31,4.87,4,588.0,MEDIUM,2026,2,RSM-v0.1-checkpoint1,"{""replacement_prior"":50.0,""sample_reliability"":0.5939,""season_count"":4.0,""weighted_observed_rating"":58.31}"
00-0038817,Evan Deckers,TB,OTHER,53.07,5.54,2,229.0,MEDIUM,2026,2,RSM-v0.1-checkpoint1,"{""replacement_prior"":50.0,""sample_reliability"":0.5385,""season_count"":2.0,""weighted_observed_rating"":53.07}"
00-0034855,Baker Mayfield,TB,QB,61.87,1.83,4,2166.0,HIGH,2026,2,RSM-v0.1-checkpoint1,"{""replacement_prior"":50.0,""sample_reliability"":0.8475,""season_count"":4.0,""weighted_observed_rating"":61.87}"
00-0035282,Easton Stick,TB,QB,54.26,4.17,1,188.0,MEDIUM,2026,2,RSM-v0.1-checkpoint1,"{""replacement_prior"":50.0,""sample_reliability"":0.6528,""season_count"":1.0,""weighted_observed_rating"":54.26}"
00-0040415,Connor Bazelak,TB,QB,50.0,12.0,0,0,LOW,2026,2,RSM-v0.1-checkpoint1,"{""replacement_prior"":50.0,""sample_reliability"":0.0,""season_count"":0.0,""weighted_observed_rating"":50.0}"
00-0041251,Jalon Daniels,TB,QB,50.0,12.0,0,0,LOW,2026,2,RSM-v0.1-checkpoint1,"{""replacement_prior"":50.0,""sample_reliability"":0.0,""season_count"":0.0,""weighted_observed_rating"":50.0}"
00-0039361,Bucky Irving,TB,RB,60.57,2.51,2,467.0,HIGH,2026,2,RSM-v0.1-checkpoint1,"{""replacement_prior"":50.0,""sample_reliability"":0.7904,""season_count"":2.0,""weighted_observed_rating"":60.57}"
00-0036919,Kenny Gainwell,TB,RB,59.16,3.78,4,499.0,HIGH,2026,2,RSM-v0.1-checkpoint1,"{""replacement_prior"":50.0,""sample_reliability"":0.6847,""season_count"":4.0,""weighted_observed_rating"":59.16}"
00-0038951,Sean Tucker,TB,RB,57.88,6.0,3,176.0,MEDIUM,2026,2,RSM-v0.1-checkpoint1,"{""replacement_prior"":50.0,""sample_reliability"":0.4996,""season_count"":3.0,""weighted_observed_rating"":57.88}"
00-0041595,Barika Kpeenu,TB,RB,50.0,12.0,0,0,LOW,2026,2,RSM-v0.1-checkpoint1,"{""replacement_prior"":50.0,""sample_reliability"":0.0,""season_count"":0.0,""weighted_observed_rating"":50.0}"
00-0040429,Josh Williams,TB,RB,49.67,11.25,1,4.0,LOW,2026,2,RSM-v0.1-checkpoint1,"{""replacement_prior"":50.0,""sample_reliability"":0.0625,""season_count"":1.0,""weighted_observed_rating"":49.67}"
00-0036411,Antoine Winfield Jr.,TB,S,67.29,5.59,5,3432.0,MEDIUM,2026,2,RSM-v0.1-checkpoint1,"{""replacement_prior"":50.0,""sample_reliability"":0.5342,""season_count"":5.0,""weighted_observed_rating"":67.29}"
00-0039846,Tykee Smith,TB,S,61.3,7.6,5,1508.0,MEDIUM,2026,2,RSM-v0.1-checkpoint1,"{""replacement_prior"":50.0,""sample_reliability"":0.3668,""season_count"":5.0,""weighted_observed_rating"":61.3}"
00-0036993,Ifeatu Melifonwu,TB,S,61.24,7.27,5,1182.0,MEDIUM,2026,2,RSM-v0.1-checkpoint1,"{""replacement_prior"":50.0,""sample_reliability"":0.3938,""season_count"":5.0,""weighted_observed_rating"":61.24}"
00-0040089,Kevin Knowles,TB,S,51.89,10.94,5,86.0,LOW,2026,2,RSM-v0.1-checkpoint1,"{""replacement_prior"":50.0,""sample_reliability"":0.0885,""season_count"":5.0,""weighted_observed_rating"":51.89}"
00-0032399,Miles Killebrew,TB,S,51.5,9.84,5,274.0,LOW,2026,2,RSM-v0.1-checkpoint1,"{""replacement_prior"":50.0,""sample_reliability"":0.1798,""season_count"":5.0,""weighted_observed_rating"":51.5}"
00-0039596,Rashad Wisdom,TB,S,50.06,11.9,5,7.0,LOW,2026,2,RSM-v0.1-checkpoint1,"{""replacement_prior"":50.0,""sample_reliability"":0.0085,""season_count"":5.0,""weighted_observed_rating"":50.06}"
00-0040425,JJ Roberts,TB,S,50.02,11.93,5,5.0,LOW,2026,2,RSM-v0.1-checkpoint1,"{""replacement_prior"":50.0,""sample_reliability"":0.0055,""season_count"":5.0,""weighted_observed_rating"":50.02}"
00-0040319,Robert McDaniel,TB,S,50.02,11.93,5,5.0,LOW,2026,2,RSM-v0.1-checkpoint1,"{""replacement_prior"":50.0,""sample_reliability"":0.0055,""season_count"":5.0,""weighted_observed_rating"":50.02}"
00-0040992,Silas Walters,TB,S,50.02,11.93,5,5.0,LOW,2026,2,RSM-v0.1-checkpoint1,"{""replacement_prior"":50.0,""sample_reliability"":0.0055,""season_count"":5.0,""weighted_observed_rating"":50.02}"
00-0041592,Xavier Williams,TB,S,50.02,11.93,5,5.0,LOW,2026,2,RSM-v0.1-checkpoint1,"{""replacement_prior"":50.0,""sample_reliability"":0.0055,""season_count"":5.0,""weighted_observed_rating"":50.02}"
00-0038129,Cade Otton,TB,TE,61.68,1.66,4,619.3,HIGH,2026,2,RSM-v0.1-checkpoint1,"{""replacement_prior"":50.0,""sample_reliability"":0.862,""season_count"":4.0,""weighted_observed_rating"":61.68}"
00-0039754,Devin Culp,TB,TE,59.14,9.01,2,16.2,LOW,2026,2,RSM-v0.1-checkpoint1,"{""replacement_prior"":50.0,""sample_reliability"":0.249,""season_count"":2.0,""weighted_observed_rating"":59.14}"
00-0039050,Payne Durham,TB,TE,56.39,4.03,3,152.0,HIGH,2026,2,RSM-v0.1-checkpoint1,"{""replacement_prior"":50.0,""sample_reliability"":0.6638,""season_count"":3.0,""weighted_observed_rating"":56.39}"
00-0041094,Bauer Sharp,TB,TE,50.0,12.0,0,0,LOW,2026,2,RSM-v0.1-checkpoint1,"{""replacement_prior"":50.0,""sample_reliability"":0.0,""season_count"":0.0,""weighted_observed_rating"":50.0}"
00-0037311,Ko Kieft,TB,TE,49.35,7.6,4,100.8,MEDIUM,2026,2,RSM-v0.1-checkpoint1,"{""replacement_prior"":50.0,""sample_reliability"":0.3663,""season_count"":4.0,""weighted_observed_rating"":49.35}"
00-0040566,CJ Dippre,TB,TE,49.25,10.59,1,3.3,LOW,2026,2,RSM-v0.1-checkpoint1,"{""replacement_prior"":50.0,""sample_reliability"":0.1176,""season_count"":1.0,""weighted_observed_rating"":49.25}"
00-0033921,Chris Godwin Jr.,TB,WR,59.97,3.49,4,433.2,HIGH,2026,2,RSM-v0.1-checkpoint1,"{""replacement_prior"":50.0,""sample_reliability"":0.7089,""season_count"":4.0,""weighted_observed_rating"":59.97}"
00-0039855,Jalen McMillan,TB,WR,59.81,5.55,2,127.3,MEDIUM,2026,2,RSM-v0.1-checkpoint1,"{""replacement_prior"":50.0,""sample_reliability"":0.5375,""season_count"":2.0,""weighted_observed_rating"":59.81}"
00-0040237,Tez Johnson,TB,WR,59.42,3.57,1,82.5,MEDIUM,2026,2,RSM-v0.1-checkpoint1,"{""replacement_prior"":50.0,""sample_reliability"":0.7021,""season_count"":1.0,""weighted_observed_rating"":59.42}"
00-0040129,Emeka Egbuka,TB,WR,57.43,2.3,1,147.7,MEDIUM,2026,2,RSM-v0.1-checkpoint1,"{""replacement_prior"":50.0,""sample_reliability"":0.8084,""season_count"":1.0,""weighted_observed_rating"":57.43}"
00-0035359,David Sills,TB,WR,52.69,5.61,3,141.8,MEDIUM,2026,2,RSM-v0.1-checkpoint1,"{""replacement_prior"":50.0,""sample_reliability"":0.5326,""season_count"":3.0,""weighted_observed_rating"":52.69}"
00-0039589,Kameron Johnson,TB,WR,51.74,8.72,2,25.3,LOW,2026,2,RSM-v0.1-checkpoint1,"{""replacement_prior"":50.0,""sample_reliability"":0.2732,""season_count"":2.0,""weighted_observed_rating"":51.74}"
00-0041435,Dean Patterson IV,TB,WR,50.0,12.0,0,0,LOW,2026,2,RSM-v0.1-checkpoint1,"{""replacement_prior"":50.0,""sample_reliability"":0.0,""season_count"":0.0,""weighted_observed_rating"":50.0}"
00-0041257,Eric Rivers Jr.,TB,WR,50.0,12.0,0,0,LOW,2026,2,RSM-v0.1-checkpoint1,"{""replacement_prior"":50.0,""sample_reliability"":0.0,""season_count"":0.0,""weighted_observed_rating"":50.0}"
00-0040419,Garrett Greene,TB,WR,50.0,12.0,0,0,LOW,2026,2,RSM-v0.1-checkpoint1,"{""replacement_prior"":50.0,""sample_reliability"":0.0,""season_count"":0.0,""weighted_observed_rating"":50.0}"
00-0041599,Matthew Henry,TB,WR,50.0,12.0,0,0,LOW,2026,2,RSM-v0.1-checkpoint1,"{""replacement_prior"":50.0,""sample_reliability"":0.0,""season_count"":0.0,""weighted_observed_rating"":50.0}"
00-0041048,Ted Hurst III,TB,WR,50.0,12.0,0,0,LOW,2026,2,RSM-v0.1-checkpoint1,"{""replacement_prior"":50.0,""sample_reliability"":0.0,""season_count"":0.0,""weighted_observed_rating"":50.0}"
00-0039392,Jha'Quan Jackson,TB,WR,49.55,9.84,1,7.7,LOW,2026,2,RSM-v0.1-checkpoint1,"{""replacement_prior"":50.0,""sample_reliability"":0.1797,""season_count"":1.0,""weighted_observed_rating"":49.55}"
00-0037570,Dennis Houston,TB,WR,46.43,9.33,1,10.0,LOW,2026,2,RSM-v0.1-checkpoint1,"{""replacement_prior"":50.0,""sample_reliability"":0.2222,""season_count"":1.0,""weighted_observed_rating"":46.43}"
00-0038121,Alontae Taylor,TEN,CB,70.75,5.39,5,3748.0,MEDIUM,2026,2,RSM-v0.1-checkpoint1,"{""replacement_prior"":50.0,""sample_reliability"":0.5507,""season_count"":5.0,""weighted_observed_rating"":70.75}"
00-0038043,Joshua Williams,TEN,CB,58.62,8.59,5,1187.0,LOW,2026,2,RSM-v0.1-checkpoint1,"{""replacement_prior"":50.0,""sample_reliability"":0.284,""season_count"":5.0,""weighted_observed_rating"":58.62}"
00-0037758,Cordale Flott,TEN,CB,57.3,5.94,5,2318.0,MEDIUM,2026,2,RSM-v0.1-checkpoint1,"{""replacement_prior"":50.0,""sample_reliability"":0.505,""season_count"":5.0,""weighted_observed_rating"":57.3}"
00-0038407,Jaylon Jones,TEN,CB,55.2,7.21,5,2139.0,MEDIUM,2026,2,RSM-v0.1-checkpoint1,"{""replacement_prior"":50.0,""sample_reliability"":0.3994,""season_count"":5.0,""weighted_observed_rating"":55.2}"
00-0040201,Marcus Harris,TEN,CB,52.82,9.83,5,346.0,LOW,2026,2,RSM-v0.1-checkpoint1,"{""replacement_prior"":50.0,""sample_reliability"":0.1809,""season_count"":5.0,""weighted_observed_rating"":52.82}"
00-0040020,Micah Robinson,TEN,CB,52.17,11.08,5,70.0,LOW,2026,2,RSM-v0.1-checkpoint1,"{""replacement_prior"":50.0,""sample_reliability"":0.0765,""season_count"":5.0,""weighted_observed_rating"":52.17}"
00-0039292,Shemar Bartholomew,TEN,CB,51.32,11.26,5,54.0,LOW,2026,2,RSM-v0.1-checkpoint1,"{""replacement_prior"":50.0,""sample_reliability"":0.0615,""season_count"":5.0,""weighted_observed_rating"":51.32}"
00-0038620,Erick Hallett,TEN,CB,50.78,10.5,5,150.0,LOW,2026,2,RSM-v0.1-checkpoint1,"{""replacement_prior"":50.0,""sample_reliability"":0.125,""season_count"":5.0,""weighted_observed_rating"":50.78}"
00-0037136,Mario Goodrich,TEN,CB,50.15,11.54,5,74.0,LOW,2026,2,RSM-v0.1-checkpoint1,"{""replacement_prior"":50.0,""sample_reliability"":0.0385,""season_count"":5.0,""weighted_observed_rating"":50.15}"
00-0038453,Corey Mayfield Jr.,TEN,CB,50.02,11.93,5,5.0,LOW,2026,2,RSM-v0.1-checkpoint1,"{""replacement_prior"":50.0,""sample_reliability"":0.0055,""season_count"":5.0,""weighted_observed_rating"":50.02}"
00-0040917,Jalen McMurray,TEN,CB,50.02,11.93,5,5.0,LOW,2026,2,RSM-v0.1-checkpoint1,"{""replacement_prior"":50.0,""sample_reliability"":0.0055,""season_count"":5.0,""weighted_observed_rating"":50.02}"
00-0040674,Keydrain Calligan,TEN,CB,50.02,11.93,5,5.0,LOW,2026,2,RSM-v0.1-checkpoint1,"{""replacement_prior"":50.0,""sample_reliability"":0.0055,""season_count"":5.0,""weighted_observed_rating"":50.02}"
00-0040093,Melvin Smith,TEN,CB,50.02,11.93,5,5.0,LOW,2026,2,RSM-v0.1-checkpoint1,"{""replacement_prior"":50.0,""sample_reliability"":0.0055,""season_count"":5.0,""weighted_observed_rating"":50.02}"
00-0035643,Jeffery Simmons,TEN,DL,71.23,5.6,5,3070.0,MEDIUM,2026,2,RSM-v0.1-checkpoint1,"{""replacement_prior"":50.0,""sample_reliability"":0.5335,""season_count"":5.0,""weighted_observed_rating"":71.23}"
00-0033870,Solomon Thomas,TEN,DL,59.6,6.37,5,1737.0,MEDIUM,2026,2,RSM-v0.1-checkpoint1,"{""replacement_prior"":50.0,""sample_reliability"":0.4692,""season_count"":5.0,""weighted_observed_rating"":59.6}"
00-0036266,Jordan Elliott,TEN,DL,55.21,6.23,5,2052.0,MEDIUM,2026,2,RSM-v0.1-checkpoint1,"{""replacement_prior"":50.0,""sample_reliability"":0.4806,""season_count"":5.0,""weighted_observed_rating"":55.21}"
00-0037585,Timmy Horne,TEN,DL,51.18,10.88,5,452.0,LOW,2026,2,RSM-v0.1-checkpoint1,"{""replacement_prior"":50.0,""sample_reliability"":0.093,""season_count"":5.0,""weighted_observed_rating"":51.18}"
00-0040041,Nazir Stackhouse,TEN,DL,50.42,10.38,5,163.0,LOW,2026,2,RSM-v0.1-checkpoint1,"{""replacement_prior"":50.0,""sample_reliability"":0.1348,""season_count"":5.0,""weighted_observed_rating"":50.42}"
00-0040892,Jackie Marshall,TEN,DL,50.02,11.93,5,5.0,LOW,2026,2,RSM-v0.1-checkpoint1,"{""replacement_prior"":50.0,""sample_reliability"":0.0058,""season_count"":5.0,""weighted_observed_rating"":50.02}"
00-0040762,Laki Tasi,TEN,DL,50.02,11.93,5,5.0,LOW,2026,2,RSM-v0.1-checkpoint1,"{""replacement_prior"":50.0,""sample_reliability"":0.0058,""season_count"":5.0,""weighted_observed_rating"":50.02}"
00-0034805,John Franklin-Myers,TEN,EDGE,61.77,5.83,5,2321.0,MEDIUM,2026,2,RSM-v0.1-checkpoint1,"{""replacement_prior"":50.0,""sample_reliability"":0.5138,""season_count"":5.0,""weighted_observed_rating"":61.77}"
00-0034163,Jacob Martin,TEN,EDGE,58.98,6.6,5,1375.0,MEDIUM,2026,2,RSM-v0.1-checkpoint1,"{""replacement_prior"":50.0,""sample_reliability"":0.4501,""season_count"":5.0,""weighted_observed_rating"":58.98}"
00-0037663,Jermaine Johnson II,TEN,EDGE,56.77,6.71,5,1822.0,MEDIUM,2026,2,RSM-v0.1-checkpoint1,"{""replacement_prior"":50.0,""sample_reliability"":0.4411,""season_count"":5.0,""weighted_observed_rating"":56.77}"
00-0033902,Tanoh Kpassagnon,TEN,EDGE,55.05,8.33,5,924.0,LOW,2026,2,RSM-v0.1-checkpoint1,"{""replacement_prior"":50.0,""sample_reliability"":0.3056,""season_count"":5.0,""weighted_observed_rating"":55.05}"
00-0039436,Jaylen Harrell,TEN,EDGE,54.44,8.25,5,653.0,LOW,2026,2,RSM-v0.1-checkpoint1,"{""replacement_prior"":50.0,""sample_reliability"":0.3129,""season_count"":5.0,""weighted_observed_rating"":54.44}"
00-0038514,Truman Jones,TEN,EDGE,53.44,10.39,5,126.0,LOW,2026,2,RSM-v0.1-checkpoint1,"{""replacement_prior"":50.0,""sample_reliability"":0.1344,""season_count"":5.0,""weighted_observed_rating"":53.44}"
00-0034264,Jalyn Holmes,TEN,EDGE,52.96,7.88,5,632.0,LOW,2026,2,RSM-v0.1-checkpoint1,"{""replacement_prior"":50.0,""sample_reliability"":0.3431,""season_count"":5.0,""weighted_observed_rating"":52.96}"
00-0039430,James Williams,TEN,EDGE,52.83,9.92,5,193.0,LOW,2026,2,RSM-v0.1-checkpoint1,"{""replacement_prior"":50.0,""sample_reliability"":0.1733,""season_count"":5.0,""weighted_observed_rating"":52.83}"
00-0038711,Mohamoud Diabate,TEN,EDGE,52.31,7.88,5,907.0,LOW,2026,2,RSM-v0.1-checkpoint1,"{""replacement_prior"":50.0,""sample_reliability"":0.3436,""season_count"":5.0,""weighted_observed_rating"":52.31}"
00-0039858,Cedric Gray,TEN,EDGE,52.11,8.65,5,973.0,LOW,2026,2,RSM-v0.1-checkpoint1,"{""replacement_prior"":50.0,""sample_reliability"":0.2795,""season_count"":5.0,""weighted_observed_rating"":52.11}"
00-0040752,Oluwafemi Oladejo,TEN,EDGE,50.95,10.14,5,192.0,LOW,2026,2,RSM-v0.1-checkpoint1,"{""replacement_prior"":50.0,""sample_reliability"":0.155,""season_count"":5.0,""weighted_observed_rating"":50.95}"
00-0038479,Dyontae Johnson,TEN,EDGE,50.18,11.51,5,41.0,LOW,2026,2,RSM-v0.1-checkpoint1,"{""replacement_prior"":50.0,""sample_reliability"":0.041,""season_count"":5.0,""weighted_observed_rating"":50.18}"
00-0039381,Dominique Hampton,TEN,EDGE,50.02,11.92,5,5.0,LOW,2026,2,RSM-v0.1-checkpoint1,"{""replacement_prior"":50.0,""sample_reliability"":0.0066,""season_count"":5.0,""weighted_observed_rating"":50.02}"
00-0041508,Keldric Faulk,TEN,EDGE,50.02,11.92,5,5.0,LOW,2026,2,RSM-v0.1-checkpoint1,"{""replacement_prior"":50.0,""sample_reliability"":0.0066,""season_count"":5.0,""weighted_observed_rating"":50.02}"
00-0040920,Mani Powell,TEN,EDGE,50.02,11.92,5,5.0,LOW,2026,2,RSM-v0.1-checkpoint1,"{""replacement_prior"":50.0,""sample_reliability"":0.0066,""season_count"":5.0,""weighted_observed_rating"":50.02}"
00-0040503,Dorian Mausi,TEN,EDGE,49.88,9.67,5,354.0,LOW,2026,2,RSM-v0.1-checkpoint1,"{""replacement_prior"":50.0,""sample_reliability"":0.1938,""season_count"":5.0,""weighted_observed_rating"":49.88}"
00-0035192,Joey Slye,TEN,K,50.39,1.71,4,238.0,HIGH,2026,2,RSM-v0.1-checkpoint1,"{""replacement_prior"":50.0,""sample_reliability"":0.8573,""season_count"":4.0,""weighted_observed_rating"":50.39}"
00-0035672,Cody Barton,TEN,LB,59.41,5.32,5,3854.0,MEDIUM,2026,2,RSM-v0.1-checkpoint1,"{""replacement_prior"":50.0,""sample_reliability"":0.5569,""season_count"":5.0,""weighted_observed_rating"":59.41}"
00-0038600,Owen Pappoe,TEN,LB,54.9,9.28,5,343.0,LOW,2026,2,RSM-v0.1-checkpoint1,"{""replacement_prior"":50.0,""sample_reliability"":0.2265,""season_count"":5.0,""weighted_observed_rating"":54.9}"
00-0036511,Milo Eifler,TEN,LB,50.08,11.9,5,10.0,LOW,2026,2,RSM-v0.1-checkpoint1,"{""replacement_prior"":50.0,""sample_reliability"":0.0081,""season_count"":5.0,""weighted_observed_rating"":50.08}"
00-0041479,Anthony Hill Jr.,TEN,LB,50.02,11.93,5,5.0,LOW,2026,2,RSM-v0.1-checkpoint1,"{""replacement_prior"":50.0,""sample_reliability"":0.0058,""season_count"":5.0,""weighted_observed_rating"":50.02}"
00-0041492,Reid Carrico,TEN,LB,50.02,11.93,5,5.0,LOW,2026,2,RSM-v0.1-checkpoint1,"{""replacement_prior"":50.0,""sample_reliability"":0.0058,""season_count"":5.0,""weighted_observed_rating"":50.02}"
00-0036869,Dan Moore Jr.,TEN,OL,65.6,2.22,4,4175.0,LOW,2026,2,RSM-v0.1-checkpoint1,"{""replacement_prior"":50.0,""sample_reliability"":0.8153,""season_count"":4.0,""weighted_observed_rating"":65.6}"
00-0039034,Peter Skoronski,TEN,OL,63.75,2.21,3,3012.0,LOW,2026,2,RSM-v0.1-checkpoint1,"{""replacement_prior"":50.0,""sample_reliability"":0.8161,""season_count"":3.0,""weighted_observed_rating"":63.75}"
00-0039731,JC Latham,TEN,OL,62.6,2.46,2,1885.0,LOW,2026,2,RSM-v0.1-checkpoint1,"{""replacement_prior"":50.0,""sample_reliability"":0.7954,""season_count"":2.0,""weighted_observed_rating"":62.6}"
00-0035127,Andre James,TEN,OL,59.03,5.18,4,2715.0,LOW,2026,2,RSM-v0.1-checkpoint1,"{""replacement_prior"":50.0,""sample_reliability"":0.5681,""season_count"":4.0,""weighted_observed_rating"":59.03}"
00-0034112,Austin Schlottmann,TEN,OL,53.6,5.16,3,845.0,LOW,2026,2,RSM-v0.1-checkpoint1,"{""replacement_prior"":50.0,""sample_reliability"":0.5698,""season_count"":3.0,""weighted_observed_rating"":53.6}"
00-0037302,Austin Deculus,TEN,OL,52.91,7.28,3,584.0,LOW,2026,2,RSM-v0.1-checkpoint1,"{""replacement_prior"":50.0,""sample_reliability"":0.3935,""season_count"":3.0,""weighted_observed_rating"":52.91}"
00-0036866,James Hudson,TEN,OL,52.14,6.62,4,1161.0,LOW,2026,2,RSM-v0.1-checkpoint1,"{""replacement_prior"":50.0,""sample_reliability"":0.4482,""season_count"":4.0,""weighted_observed_rating"":52.14}"
00-0040079,Garrett Dellinger,TEN,OL,50.02,10.66,1,29.0,LOW,2026,2,RSM-v0.1-checkpoint1,"{""replacement_prior"":50.0,""sample_reliability"":0.112,""season_count"":1.0,""weighted_observed_rating"":50.02}"
00-0040921,Aamil Wagner,TEN,OL,50.0,12.0,0,0,LOW,2026,2,RSM-v0.1-checkpoint1,"{""replacement_prior"":50.0,""sample_reliability"":0.0,""season_count"":0.0,""weighted_observed_rating"":50.0}"
00-0040557,Drew Moss,TEN,OL,50.0,12.0,0,0,LOW,2026,2,RSM-v0.1-checkpoint1,"{""replacement_prior"":50.0,""sample_reliability"":0.0,""season_count"":0.0,""weighted_observed_rating"":50.0}"
00-0040881,Fernando Carmona,TEN,OL,50.0,12.0,0,0,LOW,2026,2,RSM-v0.1-checkpoint1,"{""replacement_prior"":50.0,""sample_reliability"":0.0,""season_count"":0.0,""weighted_observed_rating"":50.0}"
00-0040893,Pat Coogan,TEN,OL,50.0,12.0,0,0,LOW,2026,2,RSM-v0.1-checkpoint1,"{""replacement_prior"":50.0,""sample_reliability"":0.0,""season_count"":0.0,""weighted_observed_rating"":50.0}"
00-0040918,Rasheed Miller,TEN,OL,50.0,12.0,0,0,LOW,2026,2,RSM-v0.1-checkpoint1,"{""replacement_prior"":50.0,""sample_reliability"":0.0,""season_count"":0.0,""weighted_observed_rating"":50.0}"
00-0040512,Brandon Crenshaw-Dickson,TEN,OL,49.21,11.13,1,18.0,LOW,2026,2,RSM-v0.1-checkpoint1,"{""replacement_prior"":50.0,""sample_reliability"":0.0726,""season_count"":1.0,""weighted_observed_rating"":49.21}"
00-0037618,Zach Thomas,TEN,OL,48.79,9.75,3,137.0,LOW,2026,2,RSM-v0.1-checkpoint1,"{""replacement_prior"":50.0,""sample_reliability"":0.1872,""season_count"":3.0,""weighted_observed_rating"":48.79}"
00-0040190,Jackson Slater,TEN,OL,48.5,10.45,1,34.0,LOW,2026,2,RSM-v0.1-checkpoint1,"{""replacement_prior"":50.0,""sample_reliability"":0.1288,""season_count"":1.0,""weighted_observed_rating"":48.5}"
00-0035889,Tommy Townsend,TEN,OTHER,59.87,4.78,4,593.0,MEDIUM,2026,2,RSM-v0.1-checkpoint1,"{""replacement_prior"":50.0,""sample_reliability"":0.6013,""season_count"":4.0,""weighted_observed_rating"":59.87}"
00-0027557,Morgan Cox,TEN,OTHER,56.89,5.0,4,564.0,MEDIUM,2026,2,RSM-v0.1-checkpoint1,"{""replacement_prior"":50.0,""sample_reliability"":0.5831,""season_count"":4.0,""weighted_observed_rating"":56.89}"
00-0033869,Mitchell Trubisky,TEN,QB,56.5,7.87,4,366.0,LOW,2026,2,RSM-v0.1-checkpoint1,"{""replacement_prior"":50.0,""sample_reliability"":0.344,""season_count"":4.0,""weighted_observed_rating"":56.5}"
00-0040676,Cam Ward,TEN,QB,55.55,1.73,1,595.0,MEDIUM,2026,2,RSM-v0.1-checkpoint1,"{""replacement_prior"":50.0,""sample_reliability"":0.8561,""season_count"":1.0,""weighted_observed_rating"":55.55}"
00-0039152,Will Levis,TEN,QB,53.03,2.88,2,625.0,HIGH,2026,2,RSM-v0.1-checkpoint1,"{""replacement_prior"":50.0,""sample_reliability"":0.7598,""season_count"":2.0,""weighted_observed_rating"":53.03}"
00-0038550,Hendon Hooker,TEN,QB,50.3,10.91,1,10.0,LOW,2026,2,RSM-v0.1-checkpoint1,"{""replacement_prior"":50.0,""sample_reliability"":0.0909,""season_count"":1.0,""weighted_observed_rating"":50.3}"
00-0039032,Tyjae Spears,TEN,RB,58.19,3.8,3,411.0,HIGH,2026,2,RSM-v0.1-checkpoint1,"{""replacement_prior"":50.0,""sample_reliability"":0.6831,""season_count"":3.0,""weighted_observed_rating"":58.19}"
00-0035261,Tony Pollard,TEN,RB,57.67,2.04,4,1167.0,HIGH,2026,2,RSM-v0.1-checkpoint1,"{""replacement_prior"":50.0,""sample_reliability"":0.8301,""season_count"":4.0,""weighted_observed_rating"":57.67}"
00-0036924,Michael Carter,TEN,RB,56.46,4.89,4,412.0,MEDIUM,2026,2,RSM-v0.1-checkpoint1,"{""replacement_prior"":50.0,""sample_reliability"":0.5928,""season_count"":4.0,""weighted_observed_rating"":56.46}"
00-0040205,Kalel Mullings,TEN,RB,50.64,11.43,1,3.0,LOW,2026,2,RSM-v0.1-checkpoint1,"{""replacement_prior"":50.0,""sample_reliability"":0.0476,""season_count"":1.0,""weighted_observed_rating"":50.64}"
00-0040886,Nicholas Singleton,TEN,RB,50.0,12.0,0,0,LOW,2026,2,RSM-v0.1-checkpoint1,"{""replacement_prior"":50.0,""sample_reliability"":0.0,""season_count"":0.0,""weighted_observed_rating"":50.0}"
00-0037594,Julius Chestnut,TEN,RB,49.27,9.41,3,50.0,LOW,2026,2,RSM-v0.1-checkpoint1,"{""replacement_prior"":50.0,""sample_reliability"":0.2158,""season_count"":3.0,""weighted_observed_rating"":49.27}"
00-0037155,Tony Adams,TEN,S,59.29,6.31,5,2232.0,MEDIUM,2026,2,RSM-v0.1-checkpoint1,"{""replacement_prior"":50.0,""sample_reliability"":0.474,""season_count"":5.0,""weighted_observed_rating"":59.29}"
00-0035632,Amani Hooker,TEN,S,59.26,5.58,5,3160.0,MEDIUM,2026,2,RSM-v0.1-checkpoint1,"{""replacement_prior"":50.0,""sample_reliability"":0.5351,""season_count"":5.0,""weighted_observed_rating"":59.26}"
00-0034357,Isaiah Oliver,TEN,S,59.19,6.56,5,1752.0,MEDIUM,2026,2,RSM-v0.1-checkpoint1,"{""replacement_prior"":50.0,""sample_reliability"":0.4535,""season_count"":5.0,""weighted_observed_rating"":59.19}"
00-0040141,Kevin Winston Jr.,TEN,S,56.1,9.89,5,317.0,LOW,2026,2,RSM-v0.1-checkpoint1,"{""replacement_prior"":50.0,""sample_reliability"":0.1755,""season_count"":5.0,""weighted_observed_rating"":56.1}"
00-0036421,Terrell Burgess,TEN,S,52.73,9.83,5,319.0,LOW,2026,2,RSM-v0.1-checkpoint1,"{""replacement_prior"":50.0,""sample_reliability"":0.1812,""season_count"":5.0,""weighted_observed_rating"":52.73}"
00-0038703,Kendell Brooks,TEN,S,50.25,10.12,5,192.0,LOW,2026,2,RSM-v0.1-checkpoint1,"{""replacement_prior"":50.0,""sample_reliability"":0.1568,""season_count"":5.0,""weighted_observed_rating"":50.25}"
00-0038613,Jerrick Reed II,TEN,S,50.24,10.77,5,110.0,LOW,2026,2,RSM-v0.1-checkpoint1,"{""replacement_prior"":50.0,""sample_reliability"":0.1026,""season_count"":5.0,""weighted_observed_rating"":50.24}"
00-0040659,Derrick Canteen,TEN,S,50.02,11.93,5,5.0,LOW,2026,2,RSM-v0.1-checkpoint1,"{""replacement_prior"":50.0,""sample_reliability"":0.0055,""season_count"":5.0,""weighted_observed_rating"":50.02}"
00-0038115,Daniel Bellinger,TEN,TE,65.95,2.73,4,363.7,HIGH,2026,2,RSM-v0.1-checkpoint1,"{""replacement_prior"":50.0,""sample_reliability"":0.7724,""season_count"":4.0,""weighted_observed_rating"":65.95}"
00-0040584,Gunnar Helm,TEN,TE,57.69,2.64,1,88.8,MEDIUM,2026,2,RSM-v0.1-checkpoint1,"{""replacement_prior"":50.0,""sample_reliability"":0.7804,""season_count"":1.0,""weighted_observed_rating"":57.69}"
00-0036876,Kylen Granson,TEN,TE,53.31,3.67,4,263.0,HIGH,2026,2,RSM-v0.1-checkpoint1,"{""replacement_prior"":50.0,""sample_reliability"":0.6943,""season_count"":4.0,""weighted_observed_rating"":53.31}"
00-0039648,David Martin-Robinson,TEN,TE,52.51,7.48,2,30.0,MEDIUM,2026,2,RSM-v0.1-checkpoint1,"{""replacement_prior"":50.0,""sample_reliability"":0.377,""season_count"":2.0,""weighted_observed_rating"":52.51}"
00-0040901,Jaren Kanak,TEN,TE,50.0,12.0,0,0,LOW,2026,2,RSM-v0.1-checkpoint1,"{""replacement_prior"":50.0,""sample_reliability"":0.0,""season_count"":0.0,""weighted_observed_rating"":50.0}"
00-0039023,Joel Wilson,TEN,TE,50.0,12.0,0,0,LOW,2026,2,RSM-v0.1-checkpoint1,"{""replacement_prior"":50.0,""sample_reliability"":0.0,""season_count"":0.0,""weighted_observed_rating"":50.0}"
00-0034837,Calvin Ridley,TEN,WR,59.3,3.76,3,355.2,HIGH,2026,2,RSM-v0.1-checkpoint1,"{""replacement_prior"":50.0,""sample_reliability"":0.6866,""season_count"":3.0,""weighted_observed_rating"":59.3}"
00-0038117,Wan'Dale Robinson,TEN,WR,55.8,2.79,4,450.0,HIGH,2026,2,RSM-v0.1-checkpoint1,"{""replacement_prior"":50.0,""sample_reliability"":0.7673,""season_count"":4.0,""weighted_observed_rating"":55.8}"
00-0040705,Chimere Dike,TEN,WR,54.49,3.0,1,105.2,MEDIUM,2026,2,RSM-v0.1-checkpoint1,"{""replacement_prior"":50.0,""sample_reliability"":0.7503,""season_count"":1.0,""weighted_observed_rating"":54.49}"
00-0036345,K.J. Osborn,TEN,WR,54.48,3.85,3,324.2,HIGH,2026,2,RSM-v0.1-checkpoint1,"{""replacement_prior"":50.0,""sample_reliability"":0.6791,""season_count"":3.0,""weighted_observed_rating"":54.48}"
00-0040170,Elic Ayomanor,TEN,WR,54.38,2.53,1,131.2,MEDIUM,2026,2,RSM-v0.1-checkpoint1,"{""replacement_prior"":50.0,""sample_reliability"":0.7894,""season_count"":1.0,""weighted_observed_rating"":54.38}"
00-0040522,Xavier Restrepo,TEN,WR,51.52,10.0,1,7.0,LOW,2026,2,RSM-v0.1-checkpoint1,"{""replacement_prior"":50.0,""sample_reliability"":0.1667,""season_count"":1.0,""weighted_observed_rating"":51.52}"
00-0041438,Carnell Tate,TEN,WR,50.0,12.0,0,0,LOW,2026,2,RSM-v0.1-checkpoint1,"{""replacement_prior"":50.0,""sample_reliability"":0.0,""season_count"":0.0,""weighted_observed_rating"":50.0}"
00-0040445,Courtney Jackson,TEN,WR,50.0,12.0,0,0,LOW,2026,2,RSM-v0.1-checkpoint1,"{""replacement_prior"":50.0,""sample_reliability"":0.0,""season_count"":0.0,""weighted_observed_rating"":50.0}"
00-0040912,Hank Beatty,TEN,WR,50.0,12.0,0,0,LOW,2026,2,RSM-v0.1-checkpoint1,"{""replacement_prior"":50.0,""sample_reliability"":0.0,""season_count"":0.0,""weighted_observed_rating"":50.0}"
00-0040919,Tyren Montgomery,TEN,WR,50.0,12.0,0,0,LOW,2026,2,RSM-v0.1-checkpoint1,"{""replacement_prior"":50.0,""sample_reliability"":0.0,""season_count"":0.0,""weighted_observed_rating"":50.0}"
00-0037055,Lance McCutcheon,TEN,WR,45.99,9.47,1,9.3,LOW,2026,2,RSM-v0.1-checkpoint1,"{""replacement_prior"":50.0,""sample_reliability"":0.2105,""season_count"":1.0,""weighted_observed_rating"":45.99}"
00-0033551,Rasul Douglas,WAS,CB,65.62,5.51,5,3585.0,MEDIUM,2026,2,RSM-v0.1-checkpoint1,"{""replacement_prior"":50.0,""sample_reliability"":0.541,""season_count"":5.0,""weighted_observed_rating"":65.62}"
00-0036375,Amik Robertson,WAS,CB,62.08,5.73,5,2825.0,MEDIUM,2026,2,RSM-v0.1-checkpoint1,"{""replacement_prior"":50.0,""sample_reliability"":0.5223,""season_count"":5.0,""weighted_observed_rating"":62.08}"
00-0033783,Ahkello Witherspoon,WAS,CB,56.13,7.02,5,1976.0,MEDIUM,2026,2,RSM-v0.1-checkpoint1,"{""replacement_prior"":50.0,""sample_reliability"":0.4151,""season_count"":5.0,""weighted_observed_rating"":56.13}"
00-0039898,Mike Sainristil,WAS,CB,55.48,7.38,5,2006.0,MEDIUM,2026,2,RSM-v0.1-checkpoint1,"{""replacement_prior"":50.0,""sample_reliability"":0.3847,""season_count"":5.0,""weighted_observed_rating"":55.48}"
00-0034780,Isaac Yiadom,WAS,CB,55.09,7.87,5,1151.0,LOW,2026,2,RSM-v0.1-checkpoint1,"{""replacement_prior"":50.0,""sample_reliability"":0.3445,""season_count"":5.0,""weighted_observed_rating"":55.09}"
00-0038395,Terell Smith,WAS,CB,53.99,9.82,5,587.0,LOW,2026,2,RSM-v0.1-checkpoint1,"{""replacement_prior"":50.0,""sample_reliability"":0.1814,""season_count"":5.0,""weighted_observed_rating"":53.99}"
00-0033918,Fabian Moreau,WAS,CB,53.92,7.57,5,1790.0,MEDIUM,2026,2,RSM-v0.1-checkpoint1,"{""replacement_prior"":50.0,""sample_reliability"":0.3695,""season_count"":5.0,""weighted_observed_rating"":53.92}"
00-0040731,Trey Amos,WAS,CB,51.92,9.56,5,515.0,LOW,2026,2,RSM-v0.1-checkpoint1,"{""replacement_prior"":50.0,""sample_reliability"":0.2037,""season_count"":5.0,""weighted_observed_rating"":51.92}"
00-0038388,Darius Rush,WAS,CB,50.44,11.69,5,43.0,LOW,2026,2,RSM-v0.1-checkpoint1,"{""replacement_prior"":50.0,""sample_reliability"":0.0262,""season_count"":5.0,""weighted_observed_rating"":50.44}"
00-0041177,Fred Davis,WAS,CB,50.02,11.93,5,5.0,LOW,2026,2,RSM-v0.1-checkpoint1,"{""replacement_prior"":50.0,""sample_reliability"":0.0055,""season_count"":5.0,""weighted_observed_rating"":50.02}"
00-0034333,Daron Payne,WAS,DL,64.92,5.66,5,3182.0,MEDIUM,2026,2,RSM-v0.1-checkpoint1,"{""replacement_prior"":50.0,""sample_reliability"":0.5282,""season_count"":5.0,""weighted_observed_rating"":64.92}"
00-0039906,Jer'Zhan Newton,WAS,DL,60.94,8.01,5,950.0,LOW,2026,2,RSM-v0.1-checkpoint1,"{""replacement_prior"":50.0,""sample_reliability"":0.3323,""season_count"":5.0,""weighted_observed_rating"":60.94}"
00-0036260,Javon Kinlaw,WAS,DL,59.38,6.09,5,2060.0,MEDIUM,2026,2,RSM-v0.1-checkpoint1,"{""replacement_prior"":50.0,""sample_reliability"":0.4929,""season_count"":5.0,""weighted_observed_rating"":59.38}"
00-0034397,Tim Settle,WAS,DL,58.9,6.38,5,1761.0,MEDIUM,2026,2,RSM-v0.1-checkpoint1,"{""replacement_prior"":50.0,""sample_reliability"":0.4683,""season_count"":5.0,""weighted_observed_rating"":58.9}"
00-0035409,Shy Tuttle,WAS,DL,55.91,6.8,5,1895.0,MEDIUM,2026,2,RSM-v0.1-checkpoint1,"{""replacement_prior"":50.0,""sample_reliability"":0.4335,""season_count"":5.0,""weighted_observed_rating"":55.91}"
00-0037260,D.J. Davidson,WAS,DL,54.85,7.67,5,807.0,MEDIUM,2026,2,RSM-v0.1-checkpoint1,"{""replacement_prior"":50.0,""sample_reliability"":0.3605,""season_count"":5.0,""weighted_observed_rating"":54.85}"
00-0035278,Byron Cowart,WAS,DL,53.33,9.97,5,565.0,LOW,2026,2,RSM-v0.1-checkpoint1,"{""replacement_prior"":50.0,""sample_reliability"":0.1695,""season_count"":5.0,""weighted_observed_rating"":53.33}"
00-0040314,Ricky Barber,WAS,DL,51.92,11.44,5,36.0,LOW,2026,2,RSM-v0.1-checkpoint1,"{""replacement_prior"":50.0,""sample_reliability"":0.047,""season_count"":5.0,""weighted_observed_rating"":51.92}"
00-0040864,Jeffrey M'ba,WAS,DL,50.02,11.93,5,5.0,LOW,2026,2,RSM-v0.1-checkpoint1,"{""replacement_prior"":50.0,""sample_reliability"":0.0058,""season_count"":5.0,""weighted_observed_rating"":50.02}"
00-0034373,Dorance Armstrong,WAS,EDGE,63.72,6.4,5,1865.0,MEDIUM,2026,2,RSM-v0.1-checkpoint1,"{""replacement_prior"":50.0,""sample_reliability"":0.4663,""season_count"":5.0,""weighted_observed_rating"":63.72}"
00-0036940,Odafe Oweh,WAS,EDGE,63.42,5.87,5,2218.0,MEDIUM,2026,2,RSM-v0.1-checkpoint1,"{""replacement_prior"":50.0,""sample_reliability"":0.5106,""season_count"":5.0,""weighted_observed_rating"":63.42}"
00-0036286,K'Lavon Chaisson,WAS,EDGE,61.06,6.34,5,1540.0,MEDIUM,2026,2,RSM-v0.1-checkpoint1,"{""replacement_prior"":50.0,""sample_reliability"":0.4721,""season_count"":5.0,""weighted_observed_rating"":61.06}"
00-0035279,Charles Omenihu,WAS,EDGE,58.45,6.3,5,1768.0,MEDIUM,2026,2,RSM-v0.1-checkpoint1,"{""replacement_prior"":50.0,""sample_reliability"":0.4746,""season_count"":5.0,""weighted_observed_rating"":58.45}"
00-0033947,Deatrich Wise,WAS,EDGE,57.75,7.6,5,1903.0,MEDIUM,2026,2,RSM-v0.1-checkpoint1,"{""replacement_prior"":50.0,""sample_reliability"":0.3666,""season_count"":5.0,""weighted_observed_rating"":57.75}"
00-0037826,Drake Jackson,WAS,EDGE,53.72,9.55,5,577.0,LOW,2026,2,RSM-v0.1-checkpoint1,"{""replacement_prior"":50.0,""sample_reliability"":0.2042,""season_count"":5.0,""weighted_observed_rating"":53.72}"
00-0039412,Javontae Jean-Baptiste,WAS,EDGE,52.86,9.81,5,257.0,LOW,2026,2,RSM-v0.1-checkpoint1,"{""replacement_prior"":50.0,""sample_reliability"":0.1823,""season_count"":5.0,""weighted_observed_rating"":52.86}"
00-0038535,DJ Johnson,WAS,EDGE,51.63,8.68,5,679.0,LOW,2026,2,RSM-v0.1-checkpoint1,"{""replacement_prior"":50.0,""sample_reliability"":0.2764,""season_count"":5.0,""weighted_observed_rating"":51.63}"
00-0028292,Nick Bellore,WAS,EDGE,50.56,11.53,5,39.0,LOW,2026,2,RSM-v0.1-checkpoint1,"{""replacement_prior"":50.0,""sample_reliability"":0.0388,""season_count"":5.0,""weighted_observed_rating"":50.56}"
00-0041074,Joshua Josephs,WAS,EDGE,50.02,11.92,5,5.0,LOW,2026,2,RSM-v0.1-checkpoint1,"{""replacement_prior"":50.0,""sample_reliability"":0.0066,""season_count"":5.0,""weighted_observed_rating"":50.02}"
00-0040004,T.J. Maguranyanga,WAS,EDGE,50.02,11.72,5,15.0,LOW,2026,2,RSM-v0.1-checkpoint1,"{""replacement_prior"":50.0,""sample_reliability"":0.0233,""season_count"":5.0,""weighted_observed_rating"":50.02}"
00-0041182,Drew Stevens,WAS,K,50.0,12.0,0,0,LOW,2026,2,RSM-v0.1-checkpoint1,"{""replacement_prior"":50.0,""sample_reliability"":0.0,""season_count"":0.0,""weighted_observed_rating"":50.0}"
00-0034302,Frankie Luvu,WAS,LB,68.56,5.26,5,4097.0,MEDIUM,2026,2,RSM-v0.1-checkpoint1,"{""replacement_prior"":50.0,""sample_reliability"":0.5614,""season_count"":5.0,""weighted_observed_rating"":68.56}"
00-0037819,Leo Chenal,WAS,LB,63.42,6.45,5,1590.0,MEDIUM,2026,2,RSM-v0.1-checkpoint1,"{""replacement_prior"":50.0,""sample_reliability"":0.4622,""season_count"":5.0,""weighted_observed_rating"":63.42}"
00-0039368,Jordan Magee,WAS,LB,51.53,9.58,5,382.0,LOW,2026,2,RSM-v0.1-checkpoint1,"{""replacement_prior"":50.0,""sample_reliability"":0.2019,""season_count"":5.0,""weighted_observed_rating"":51.53}"
00-0040216,Kain Medrano,WAS,LB,50.08,10.49,5,144.0,LOW,2026,2,RSM-v0.1-checkpoint1,"{""replacement_prior"":50.0,""sample_reliability"":0.1262,""season_count"":5.0,""weighted_observed_rating"":50.08}"
00-0040318,Ale Kaho,WAS,LB,50.07,10.71,5,109.0,LOW,2026,2,RSM-v0.1-checkpoint1,"{""replacement_prior"":50.0,""sample_reliability"":0.1074,""season_count"":5.0,""weighted_observed_rating"":50.07}"
00-0039318,Curtis Jacobs,WAS,LB,50.07,11.69,5,27.0,LOW,2026,2,RSM-v0.1-checkpoint1,"{""replacement_prior"":50.0,""sample_reliability"":0.0262,""season_count"":5.0,""weighted_observed_rating"":50.07}"
00-0041028,Sonny Styles,WAS,LB,50.02,11.93,5,5.0,LOW,2026,2,RSM-v0.1-checkpoint1,"{""replacement_prior"":50.0,""sample_reliability"":0.0058,""season_count"":5.0,""weighted_observed_rating"":50.02}"
00-0032380,Laremy Tunsil,WAS,OL,68.79,2.44,4,3769.0,LOW,2026,2,RSM-v0.1-checkpoint1,"{""replacement_prior"":50.0,""sample_reliability"":0.7965,""season_count"":4.0,""weighted_observed_rating"":68.79}"
00-0036618,Sam Cosmi,WAS,OL,64.21,2.83,4,3395.0,LOW,2026,2,RSM-v0.1-checkpoint1,"{""replacement_prior"":50.0,""sample_reliability"":0.7644,""season_count"":4.0,""weighted_observed_rating"":64.21}"
00-0033831,Andrew Wylie,WAS,OL,63.69,3.3,4,3323.0,LOW,2026,2,RSM-v0.1-checkpoint1,"{""replacement_prior"":50.0,""sample_reliability"":0.7253,""season_count"":4.0,""weighted_observed_rating"":63.69}"
00-0040686,Josh Conerly Jr.,WAS,OL,62.45,2.15,1,1054.0,LOW,2026,2,RSM-v0.1-checkpoint1,"{""replacement_prior"":50.0,""sample_reliability"":0.8209,""season_count"":1.0,""weighted_observed_rating"":62.45}"
00-0032222,D.J. Humphries,WAS,OL,57.2,6.89,4,1676.0,LOW,2026,2,RSM-v0.1-checkpoint1,"{""replacement_prior"":50.0,""sample_reliability"":0.426,""season_count"":4.0,""weighted_observed_rating"":57.2}"
00-0037092,Chris Paul,WAS,OL,56.64,6.21,4,1432.0,LOW,2026,2,RSM-v0.1-checkpoint1,"{""replacement_prior"":50.0,""sample_reliability"":0.4825,""season_count"":4.0,""weighted_observed_rating"":56.64}"
00-0040092,Esa Pole,WAS,OL,56.53,5.47,1,275.0,LOW,2026,2,RSM-v0.1-checkpoint1,"{""replacement_prior"":50.0,""sample_reliability"":0.5446,""season_count"":1.0,""weighted_observed_rating"":56.53}"
00-0035149,Nick Allegretti,WAS,OL,56.06,5.2,4,1774.0,LOW,2026,2,RSM-v0.1-checkpoint1,"{""replacement_prior"":50.0,""sample_reliability"":0.5664,""season_count"":4.0,""weighted_observed_rating"":56.06}"
00-0037754,Nicholas Petit-Frere,WAS,OL,55.39,4.55,3,1675.0,LOW,2026,2,RSM-v0.1-checkpoint1,"{""replacement_prior"":50.0,""sample_reliability"":0.6212,""season_count"":3.0,""weighted_observed_rating"":55.39}"
00-0039913,Brandon Coleman,WAS,OL,53.94,3.75,2,1180.0,LOW,2026,2,RSM-v0.1-checkpoint1,"{""replacement_prior"":50.0,""sample_reliability"":0.6872,""season_count"":2.0,""weighted_observed_rating"":53.94}"
00-0034571,Trent Scott,WAS,OL,50.49,8.17,4,443.0,LOW,2026,2,RSM-v0.1-checkpoint1,"{""replacement_prior"":50.0,""sample_reliability"":0.319,""season_count"":4.0,""weighted_observed_rating"":50.49}"
00-0041108,Matt Gulbin,WAS,OL,50.0,12.0,0,0,LOW,2026,2,RSM-v0.1-checkpoint1,"{""replacement_prior"":50.0,""sample_reliability"":0.0,""season_count"":0.0,""weighted_observed_rating"":50.0}"
00-0041183,Tanoa Togiai,WAS,OL,50.0,12.0,0,0,LOW,2026,2,RSM-v0.1-checkpoint1,"{""replacement_prior"":50.0,""sample_reliability"":0.0,""season_count"":0.0,""weighted_observed_rating"":50.0}"
00-0035997,Julian Good-Jones,WAS,OL,49.93,11.9,1,2.0,LOW,2026,2,RSM-v0.1-checkpoint1,"{""replacement_prior"":50.0,""sample_reliability"":0.0086,""season_count"":1.0,""weighted_observed_rating"":49.93}"
00-0030140,Tress Way,WAS,OTHER,54.53,5.18,4,544.0,MEDIUM,2026,2,RSM-v0.1-checkpoint1,"{""replacement_prior"":50.0,""sample_reliability"":0.5687,""season_count"":4.0,""weighted_observed_rating"":54.53}"
00-0031156,Tyler Ott,WAS,OTHER,54.35,5.22,3,412.0,MEDIUM,2026,2,RSM-v0.1-checkpoint1,"{""replacement_prior"":50.0,""sample_reliability"":0.5647,""season_count"":3.0,""weighted_observed_rating"":54.35}"
00-0039910,Jayden Daniels,WAS,QB,59.78,3.12,2,733.0,HIGH,2026,2,RSM-v0.1-checkpoint1,"{""replacement_prior"":50.0,""sample_reliability"":0.7401,""season_count"":2.0,""weighted_observed_rating"":59.78}"
00-0032268,Marcus Mariota,WAS,QB,57.53,5.82,4,644.0,MEDIUM,2026,2,RSM-v0.1-checkpoint1,"{""replacement_prior"":50.0,""sample_reliability"":0.5152,""season_count"":4.0,""weighted_observed_rating"":57.53}"
00-0041117,Athan Kaliakmanis,WAS,QB,50.0,12.0,0,0,LOW,2026,2,RSM-v0.1-checkpoint1,"{""replacement_prior"":50.0,""sample_reliability"":0.0,""season_count"":0.0,""weighted_observed_rating"":50.0}"
00-0039677,Sam Hartman,WAS,QB,50.0,12.0,0,0,LOW,2026,2,RSM-v0.1-checkpoint1,"{""replacement_prior"":50.0,""sample_reliability"":0.0,""season_count"":0.0,""weighted_observed_rating"":50.0}"
00-0037256,Rachaad White,WAS,RB,60.3,2.72,4,907.0,HIGH,2026,2,RSM-v0.1-checkpoint1,"{""replacement_prior"":50.0,""sample_reliability"":0.7737,""season_count"":4.0,""weighted_observed_rating"":60.3}"
00-0040242,Jacory Croskey-Merritt,WAS,RB,60.26,2.9,1,188.0,MEDIUM,2026,2,RSM-v0.1-checkpoint1,"{""replacement_prior"":50.0,""sample_reliability"":0.7581,""season_count"":1.0,""weighted_observed_rating"":60.26}"
00-0033955,Jeremy McNichols,WAS,RB,59.13,5.47,2,142.0,MEDIUM,2026,2,RSM-v0.1-checkpoint1,"{""replacement_prior"":50.0,""sample_reliability"":0.5444,""season_count"":2.0,""weighted_observed_rating"":59.13}"
00-0035567,Craig Reynolds,WAS,RB,52.01,9.03,4,118.0,LOW,2026,2,RSM-v0.1-checkpoint1,"{""replacement_prior"":50.0,""sample_reliability"":0.2474,""season_count"":4.0,""weighted_observed_rating"":52.01}"
00-0041096,Kaytron Allen,WAS,RB,50.0,12.0,0,0,LOW,2026,2,RSM-v0.1-checkpoint1,"{""replacement_prior"":50.0,""sample_reliability"":0.0,""season_count"":0.0,""weighted_observed_rating"":50.0}"
00-0041178,Robert Henry Jr.,WAS,RB,50.0,12.0,0,0,LOW,2026,2,RSM-v0.1-checkpoint1,"{""replacement_prior"":50.0,""sample_reliability"":0.0,""season_count"":0.0,""weighted_observed_rating"":50.0}"
00-0037616,Nick Cross,WAS,S,59.25,6.04,5,2681.0,MEDIUM,2026,2,RSM-v0.1-checkpoint1,"{""replacement_prior"":50.0,""sample_reliability"":0.4966,""season_count"":5.0,""weighted_observed_rating"":59.25}"
00-0039149,Quan Martin,WAS,S,56.36,6.48,5,2237.0,MEDIUM,2026,2,RSM-v0.1-checkpoint1,"{""replacement_prior"":50.0,""sample_reliability"":0.46,""season_count"":5.0,""weighted_observed_rating"":56.36}"
00-0034465,Jeremy Reaves,WAS,S,55.89,8.28,5,1002.0,LOW,2026,2,RSM-v0.1-checkpoint1,"{""replacement_prior"":50.0,""sample_reliability"":0.3098,""season_count"":5.0,""weighted_observed_rating"":55.89}"
00-0038100,Percy Butler,WAS,S,53.55,8.57,5,1391.0,LOW,2026,2,RSM-v0.1-checkpoint1,"{""replacement_prior"":50.0,""sample_reliability"":0.286,""season_count"":5.0,""weighted_observed_rating"":53.55}"
00-0038368,Quindell Johnson,WAS,S,50.62,11.71,5,39.0,LOW,2026,2,RSM-v0.1-checkpoint1,"{""replacement_prior"":50.0,""sample_reliability"":0.0244,""season_count"":5.0,""weighted_observed_rating"":50.62}"
00-0039681,Tyler Owens,WAS,S,50.5,9.78,5,349.0,LOW,2026,2,RSM-v0.1-checkpoint1,"{""replacement_prior"":50.0,""sample_reliability"":0.185,""season_count"":5.0,""weighted_observed_rating"":50.5}"
00-0036872,Joshuah Bledsoe,WAS,S,50.06,11.83,5,26.0,LOW,2026,2,RSM-v0.1-checkpoint1,"{""replacement_prior"":50.0,""sample_reliability"":0.0138,""season_count"":5.0,""weighted_observed_rating"":50.06}"
00-0037522,Qwuantrezz Knight,WAS,S,50.03,11.91,5,8.0,LOW,2026,2,RSM-v0.1-checkpoint1,"{""replacement_prior"":50.0,""sample_reliability"":0.0075,""season_count"":5.0,""weighted_observed_rating"":50.03}"
00-0041181,Malik Spencer,WAS,S,50.02,11.93,5,5.0,LOW,2026,2,RSM-v0.1-checkpoint1,"{""replacement_prior"":50.0,""sample_reliability"":0.0055,""season_count"":5.0,""weighted_observed_rating"":50.02}"
00-0039912,Ben Sinnott,WAS,TE,61.27,3.76,2,108.7,HIGH,2026,2,RSM-v0.1-checkpoint1,"{""replacement_prior"":50.0,""sample_reliability"":0.6865,""season_count"":2.0,""weighted_observed_rating"":61.27}"
00-0037809,Chig Okonkwo,WAS,TE,59.21,2.34,4,400.2,HIGH,2026,2,RSM-v0.1-checkpoint1,"{""replacement_prior"":50.0,""sample_reliability"":0.8048,""season_count"":4.0,""weighted_observed_rating"":59.21}"
00-0036628,John Bates,WAS,TE,56.02,2.78,4,334.2,HIGH,2026,2,RSM-v0.1-checkpoint1,"{""replacement_prior"":50.0,""sample_reliability"":0.768,""season_count"":4.0,""weighted_observed_rating"":56.02}"
00-0039686,Colson Yankoff,WAS,TE,54.75,8.8,2,19.0,LOW,2026,2,RSM-v0.1-checkpoint1,"{""replacement_prior"":50.0,""sample_reliability"":0.2665,""season_count"":2.0,""weighted_observed_rating"":54.75}"
00-0040552,Joshua Simon,WAS,TE,50.0,12.0,0,0,LOW,2026,2,RSM-v0.1-checkpoint1,"{""replacement_prior"":50.0,""sample_reliability"":0.0,""season_count"":0.0,""weighted_observed_rating"":50.0}"
00-0041180,Quentin Moore,WAS,TE,50.0,12.0,0,0,LOW,2026,2,RSM-v0.1-checkpoint1,"{""replacement_prior"":50.0,""sample_reliability"":0.0,""season_count"":0.0,""weighted_observed_rating"":50.0}"
00-0039305,Jack Westover,WAS,TE,45.78,7.32,2,41.0,MEDIUM,2026,2,RSM-v0.1-checkpoint1,"{""replacement_prior"":50.0,""sample_reliability"":0.3901,""season_count"":2.0,""weighted_observed_rating"":45.78}"
00-0037011,Tre' McKitty,WAS,TE,45.35,6.04,2,101.2,MEDIUM,2026,2,RSM-v0.1-checkpoint1,"{""replacement_prior"":50.0,""sample_reliability"":0.4965,""season_count"":2.0,""weighted_observed_rating"":45.35}"
00-0035659,Terry McLaurin,WAS,WR,63.51,2.89,4,562.0,HIGH,2026,2,RSM-v0.1-checkpoint1,"{""replacement_prior"":50.0,""sample_reliability"":0.7596,""season_count"":4.0,""weighted_observed_rating"":63.51}"
00-0031588,Stefon Diggs,WAS,WR,62.85,3.03,4,487.8,HIGH,2026,2,RSM-v0.1-checkpoint1,"{""replacement_prior"":50.0,""sample_reliability"":0.7472,""season_count"":4.0,""weighted_observed_rating"":62.85}"
00-0039355,Luke McCaffrey,WAS,WR,59.75,5.54,2,98.8,MEDIUM,2026,2,RSM-v0.1-checkpoint1,"{""replacement_prior"":50.0,""sample_reliability"":0.5383,""season_count"":2.0,""weighted_observed_rating"":59.75}"
00-0036626,Dyami Brown,WAS,WR,55.92,4.69,4,208.7,MEDIUM,2026,2,RSM-v0.1-checkpoint1,"{""replacement_prior"":50.0,""sample_reliability"":0.6089,""season_count"":4.0,""weighted_observed_rating"":55.92}"
00-0036415,Van Jefferson,WAS,WR,55.92,3.07,4,403.8,HIGH,2026,2,RSM-v0.1-checkpoint1,"{""replacement_prior"":50.0,""sample_reliability"":0.7444,""season_count"":4.0,""weighted_observed_rating"":55.92}"
00-0037742,Treylon Burks,WAS,WR,53.29,5.27,4,212.5,MEDIUM,2026,2,RSM-v0.1-checkpoint1,"{""replacement_prior"":50.0,""sample_reliability"":0.5611,""season_count"":4.0,""weighted_observed_rating"":53.29}"
00-0040164,Jaylin Lane,WAS,WR,52.95,4.52,1,58.0,MEDIUM,2026,2,RSM-v0.1-checkpoint1,"{""replacement_prior"":50.0,""sample_reliability"":0.6237,""season_count"":1.0,""weighted_observed_rating"":52.95}"
00-0040317,Jacoby Jones,WAS,WR,52.29,11.4,1,1.8,LOW,2026,2,RSM-v0.1-checkpoint1,"{""replacement_prior"":50.0,""sample_reliability"":0.0498,""season_count"":1.0,""weighted_observed_rating"":52.29}"
00-0041040,Antonio Williams,WAS,WR,50.0,12.0,0,0,LOW,2026,2,RSM-v0.1-checkpoint1,"{""replacement_prior"":50.0,""sample_reliability"":0.0,""season_count"":0.0,""weighted_observed_rating"":50.0}"
00-0041176,Jaden Bradley,WAS,WR,50.0,12.0,0,0,LOW,2026,2,RSM-v0.1-checkpoint1,"{""replacement_prior"":50.0,""sample_reliability"":0.0,""season_count"":0.0,""weighted_observed_rating"":50.0}"
00-0040551,Nick Nash,WAS,WR,50.0,12.0,0,0,LOW,2026,2,RSM-v0.1-checkpoint1,"{""replacement_prior"":50.0,""sample_reliability"":0.0,""season_count"":0.0,""weighted_observed_rating"":50.0}"
