season,week,game_id,kickoff,away_team,home_team,actual_margin,roster_fair_home_margin,market_implied_home_margin,market_disagreement,absolute_market_disagreement,model_side,market_favorite,disagreement_direction,market_spread,sportsbook,line_timestamp,lineup_confidence,supporting_group_count,opposing_group_count,anomaly_score,flagged,flag_rule,ATS_result,top_reason_1,top_reason_2,top_reason_3,model_version
2023,1,2023_01_ARI_WAS,2023-09-10T13:00,ARI,WAS,4.0,3.071449011702783,7.0,-3.928550988297217,3.928550988297217,AWAY,HOME,MODEL_MORE_AWAY,7.0,,,HIGH,1,2,2.6190339921981445,False,,WIN,WR2_DIFFERENCE: WR2 difference +2.268 points,OL_RUN_VS_FRONT: OL run blocking versus front -1.616 points,OL_WEAKEST_LINK: weakest-link OL difference +1.144 points,RSM-v2-candidate-stage7c-anomaly-experimental
2023,1,2023_01_BUF_NYJ,2023-09-11T20:15,BUF,NYJ,6.0,0.6600532645550077,-2.5,3.1600532645550077,3.1600532645550077,HOME,AWAY,MODEL_MORE_HOME,-2.5,,,HIGH,1,2,2.106702176370005,False,,WIN,OL_WEAKEST_LINK: weakest-link OL difference +1.984 points,OL_RUN_VS_FRONT: OL run blocking versus front -1.452 points,OL_STRONGEST_PLAYER: strongest OL difference +1.283 points,RSM-v2-candidate-stage7c-anomaly-experimental
2023,1,2023_01_CAR_ATL,2023-09-10T13:00,CAR,ATL,14.0,4.846829717444234,3.5,1.3468297174442343,1.3468297174442343,HOME,HOME,MODEL_MORE_HOME,3.5,,,HIGH,2,1,1.1223580978701952,False,,WIN,OL_RUN_VS_FRONT: OL run blocking versus front +1.189 points,RECEIVERS_VS_SECONDARY: receivers versus secondary -1.137 points,OL_STRONGEST_PLAYER: strongest OL difference +1.035 points,RSM-v2-candidate-stage7c-anomaly-experimental
2023,1,2023_01_CIN_CLE,2023-09-10T13:00,CIN,CLE,21.0,4.683185279510509,-1.0,5.683185279510509,5.683185279510509,HOME,AWAY,MODEL_MORE_HOME,-1.0,,,HIGH,2,1,4.735987732925424,True,TOP_20_PERCENT,WIN,TE1_DIFFERENCE: TE1 difference +2.343 points,QB_DIFFERENCE: QB difference -0.550 points,OL_STRONGEST_PLAYER: strongest OL difference +1.350 points,RSM-v2-candidate-stage7c-anomaly-experimental
2023,1,2023_01_DAL_NYG,2023-09-10T20:20,DAL,NYG,-40.0,-6.484127087783332,-3.5,-2.9841270877833317,2.9841270877833317,AWAY,AWAY,MODEL_MORE_AWAY,-3.5,,,HIGH,3,0,2.9841270877833317,False,,WIN,OL_WEAKEST_LINK: weakest-link OL difference -3.572 points,WR1_DIFFERENCE: WR1 difference +1.006 points,WR2_DIFFERENCE: WR2 difference -1.623 points,RSM-v2-candidate-stage7c-anomaly-experimental
2023,1,2023_01_DET_KC,2023-09-07T20:20,DET,KC,-1.0,5.340478590061629,4.0,1.340478590061629,1.340478590061629,HOME,HOME,MODEL_MORE_HOME,4.0,,,HIGH,2,0,1.340478590061629,False,,LOSS,RECEIVER_REPLACEMENTS: receiver replacements -2.258 points,QB_VS_PASS_RUSH: QB versus pass rush +1.314 points,OL_RUN_VS_FRONT: OL run blocking versus front -1.352 points,RSM-v2-candidate-stage7c-anomaly-experimental
2023,1,2023_01_GB_CHI,2023-09-10T16:25,GB,CHI,-18.0,2.6908628316300685,1.0,1.6908628316300685,1.6908628316300685,HOME,HOME,MODEL_MORE_HOME,1.0,,,HIGH,1,1,1.2681471237225512,False,,LOSS,OL_WEAKEST_LINK: weakest-link OL difference -2.122 points,TE1_DIFFERENCE: TE1 difference +1.850 points,OL_STRONGEST_PLAYER: strongest OL difference +1.350 points,RSM-v2-candidate-stage7c-anomaly-experimental
2023,1,2023_01_HOU_BAL,2023-09-10T13:00,HOU,BAL,16.0,6.207133590227725,9.5,-3.292866409772275,3.292866409772275,AWAY,HOME,MODEL_MORE_AWAY,9.5,,,HIGH,1,2,2.1952442731815163,False,,LOSS,TE1_DIFFERENCE: TE1 difference +1.651 points,OL_RUN_VS_FRONT: OL run blocking versus front -1.079 points,OL_WEAKEST_LINK: weakest-link OL difference +1.400 points,RSM-v2-candidate-stage7c-anomaly-experimental
2023,1,2023_01_JAX_IND,2023-09-10T13:00,JAX,IND,-10.0,-2.487519964456535,-4.0,1.512480035543465,1.512480035543465,HOME,AWAY,MODEL_MORE_HOME,-4.0,,,HIGH,0,3,0.7562400177717326,False,,LOSS,QB_DIFFERENCE: QB difference -1.313 points,WR1_DIFFERENCE: WR1 difference +0.293 points,QB_VS_PASS_RUSH: QB versus pass rush -1.289 points,RSM-v2-candidate-stage7c-anomaly-experimental
2023,1,2023_01_LA_SEA,2023-09-10T16:25,LA,SEA,-17.0,-2.096056844997047,4.5,-6.596056844997047,6.596056844997047,AWAY,HOME,MODEL_MORE_AWAY,4.5,,,HIGH,3,0,6.596056844997047,True,TOP_10_PERCENT,WIN,OL_STRONGEST_PLAYER: strongest OL difference -2.709 points,OL_VS_PASS_RUSH: OL versus pass rush +1.693 points,TE1_DIFFERENCE: TE1 difference -1.163 points,RSM-v2-candidate-stage7c-anomaly-experimental
2023,1,2023_01_LV_DEN,2023-09-10T16:25,LV,DEN,-1.0,1.845782341919416,3.0,-1.154217658080584,1.154217658080584,AWAY,HOME,MODEL_MORE_AWAY,3.0,,,HIGH,1,1,0.8656632435604381,False,,WIN,OL_RUN_VS_FRONT: OL run blocking versus front -1.833 points,OL_WEAKEST_LINK: weakest-link OL difference +1.728 points,TE1_DIFFERENCE: TE1 difference -0.834 points,RSM-v2-candidate-stage7c-anomaly-experimental
2023,1,2023_01_MIA_LAC,2023-09-10T16:25,MIA,LAC,-2.0,6.564858382956496,3.0,3.564858382956496,3.564858382956496,HOME,HOME,MODEL_MORE_HOME,3.0,,,LOW,2,1,0.0,False,,LOSS,OL_WEAKEST_LINK: weakest-link OL difference +1.865 points,WR2_DIFFERENCE: WR2 difference -1.703 points,OL_STRONGEST_PLAYER: strongest OL difference +1.483 points,RSM-v2-candidate-stage7c-anomaly-experimental
2023,1,2023_01_PHI_NE,2023-09-10T16:25,PHI,NE,-5.0,-3.2911699963336734,-3.5,0.20883000366632665,0.20883000366632665,HOME,AWAY,MODEL_MORE_HOME,-3.5,,,HIGH,0,2,0.10441500183316332,False,,LOSS,WR2_DIFFERENCE: WR2 difference -2.232 points,OL_WEAKEST_LINK: weakest-link OL difference +0.732 points,TE1_DIFFERENCE: TE1 difference -1.603 points,RSM-v2-candidate-stage7c-anomaly-experimental
2023,1,2023_01_SF_PIT,2023-09-10T13:00,SF,PIT,-23.0,-2.9391945316107098,-1.5,-1.4391945316107098,1.4391945316107098,AWAY,AWAY,MODEL_MORE_AWAY,-1.5,,,HIGH,3,0,1.4391945316107098,False,,WIN,TE1_DIFFERENCE: TE1 difference -2.348 points,OL_WEAKEST_LINK: weakest-link OL difference +1.425 points,OL_STRONGEST_PLAYER: strongest OL difference -1.466 points,RSM-v2-candidate-stage7c-anomaly-experimental
2023,1,2023_01_TB_MIN,2023-09-10T13:00,TB,MIN,-3.0,-0.08353561706556034,4.0,-4.083535617065561,4.083535617065561,AWAY,HOME,MODEL_MORE_AWAY,4.0,,,HIGH,2,1,3.4029463475546335,False,,WIN,OL_STRONGEST_PLAYER: strongest OL difference -2.454 points,OL_RUN_VS_FRONT: OL run blocking versus front +1.838 points,OL_WEAKEST_LINK: weakest-link OL difference -2.175 points,RSM-v2-candidate-stage7c-anomaly-experimental
2023,1,2023_01_TEN_NO,2023-09-10T13:00,TEN,NO,1.0,8.42746148563297,3.0,5.4274614856329695,5.4274614856329695,HOME,HOME,MODEL_MORE_HOME,3.0,,,HIGH,2,0,5.4274614856329695,True,TOP_20_PERCENT,LOSS,OL_WEAKEST_LINK: weakest-link OL difference +3.050 points,OL_RUN_VS_FRONT: OL run blocking versus front -2.264 points,RECEIVER_REPLACEMENTS: receiver replacements +2.266 points,RSM-v2-candidate-stage7c-anomaly-experimental
2023,2,2023_02_BAL_CIN,2023-09-17T13:00,BAL,CIN,-3.0,0.8986290338861372,3.5,-2.601370966113863,2.601370966113863,AWAY,HOME,MODEL_MORE_AWAY,3.5,,,HIGH,1,1,1.9510282245853972,False,,WIN,TE1_DIFFERENCE: TE1 difference -3.480 points,WR2_DIFFERENCE: WR2 difference +1.338 points,OL_STRONGEST_PLAYER: strongest OL difference -0.955 points,RSM-v2-candidate-stage7c-anomaly-experimental
2023,2,2023_02_CHI_TB,2023-09-17T13:00,CHI,TB,10.0,7.913068437005443,2.5,5.413068437005443,5.413068437005443,HOME,HOME,MODEL_MORE_HOME,2.5,,,HIGH,4,0,5.413068437005443,True,TOP_20_PERCENT,WIN,OL_STRONGEST_PLAYER: strongest OL difference +2.950 points,OL_RUN_VS_FRONT: OL run blocking versus front -1.476 points,RECEIVERS_VS_SECONDARY: receivers versus secondary +1.678 points,RSM-v2-candidate-stage7c-anomaly-experimental
2023,2,2023_02_CLE_PIT,2023-09-18T20:15,CLE,PIT,4.0,-1.0511265242729086,-2.5,1.4488734757270914,1.4488734757270914,HOME,AWAY,MODEL_MORE_HOME,-2.5,,,HIGH,0,2,0.7244367378635457,False,,WIN,OL_STRONGEST_PLAYER: strongest OL difference -1.451 points,OL_WEAKEST_LINK: weakest-link OL difference +0.938 points,WR2_DIFFERENCE: WR2 difference -1.198 points,RSM-v2-candidate-stage7c-anomaly-experimental
2023,2,2023_02_GB_ATL,2023-09-17T13:00,GB,ATL,1.0,3.5446205311705308,3.0,0.5446205311705308,0.5446205311705308,HOME,HOME,MODEL_MORE_HOME,3.0,,,HIGH,3,0,0.5446205311705308,False,,LOSS,RECEIVER_REPLACEMENTS: receiver replacements -2.258 points,OL_STRONGEST_PLAYER: strongest OL difference +1.645 points,TE1_DIFFERENCE: TE1 difference +1.639 points,RSM-v2-candidate-stage7c-anomaly-experimental
2023,2,2023_02_IND_HOU,2023-09-17T13:00,IND,HOU,-11.0,4.458933856575401,-1.0,5.458933856575401,5.458933856575401,HOME,AWAY,MODEL_MORE_HOME,-1.0,,,HIGH,2,0,5.458933856575401,True,TOP_20_PERCENT,LOSS,QB_DIFFERENCE: QB difference +0.696 points,RECEIVERS_VS_SECONDARY: receivers versus secondary -0.326 points,QB_VS_PASS_RUSH: QB versus pass rush +0.495 points,RSM-v2-candidate-stage7c-anomaly-experimental
2023,2,2023_02_KC_JAX,2023-09-17T13:00,KC,JAX,-8.0,-5.507086906200865,-3.5,-2.0070869062008647,2.0070869062008647,AWAY,AWAY,MODEL_MORE_AWAY,-3.5,,,HIGH,3,0,2.0070869062008647,False,,WIN,TE1_DIFFERENCE: TE1 difference -3.638 points,OL_RUN_VS_FRONT: OL run blocking versus front +1.409 points,OL_WEAKEST_LINK: weakest-link OL difference -2.483 points,RSM-v2-candidate-stage7c-anomaly-experimental
2023,2,2023_02_LAC_TEN,2023-09-17T13:00,LAC,TEN,3.0,-2.242917945057388,-2.5,0.2570820549426118,0.2570820549426118,HOME,AWAY,MODEL_MORE_HOME,-2.5,,,LOW,0,3,0.0,False,,WIN,OL_WEAKEST_LINK: weakest-link OL difference -1.612 points,OL_RUN_VS_FRONT: OL run blocking versus front +0.766 points,OL_STRONGEST_PLAYER: strongest OL difference -1.525 points,RSM-v2-candidate-stage7c-anomaly-experimental
2023,2,2023_02_LV_BUF,2023-09-17T13:00,LV,BUF,28.0,3.1626242251160073,7.5,-4.337375774883993,4.337375774883993,AWAY,HOME,MODEL_MORE_AWAY,7.5,,,HIGH,0,1,2.1686878874419966,False,,LOSS,OL_RUN_VS_FRONT: OL run blocking versus front -1.655 points,OL_STRONGEST_PLAYER: strongest OL difference +1.271 points,RECEIVERS_VS_SECONDARY: receivers versus secondary +0.436 points,RSM-v2-candidate-stage7c-anomaly-experimental
2023,2,2023_02_MIA_NE,2023-09-17T20:20,MIA,NE,-7.0,1.9025783749456489,-2.0,3.902578374945649,3.902578374945649,HOME,AWAY,MODEL_MORE_HOME,-2.0,,,HIGH,1,1,2.926933781209237,False,,LOSS,WR2_DIFFERENCE: WR2 difference -2.004 points,TE1_DIFFERENCE: TE1 difference +1.952 points,OL_WEAKEST_LINK: weakest-link OL difference +1.018 points,RSM-v2-candidate-stage7c-anomaly-experimental
2023,2,2023_02_MIN_PHI,2023-09-14T20:15,MIN,PHI,6.0,2.5349844517713462,6.0,-3.4650155482286538,3.4650155482286538,AWAY,HOME,MODEL_MORE_AWAY,6.0,,,HIGH,1,1,2.5987616611714905,False,,PUSH,RECEIVER_REPLACEMENTS: receiver replacements -2.258 points,TE1_DIFFERENCE: TE1 difference +1.716 points,WR2_DIFFERENCE: WR2 difference +1.155 points,RSM-v2-candidate-stage7c-anomaly-experimental
2023,2,2023_02_NO_CAR,2023-09-18T19:15,NO,CAR,-3.0,-1.6006269358873157,-3.0,1.3993730641126843,1.3993730641126843,HOME,AWAY,MODEL_MORE_HOME,-3.0,,,HIGH,0,2,0.6996865320563421,False,,PUSH,RECEIVER_REPLACEMENTS: receiver replacements -2.258 points,WR2_DIFFERENCE: WR2 difference +0.605 points,OL_WEAKEST_LINK: weakest-link OL difference -1.053 points,RSM-v2-candidate-stage7c-anomaly-experimental
2023,2,2023_02_NYG_ARI,2023-09-17T16:05,NYG,ARI,-3.0,3.4142096867042238,-5.0,8.414209686704224,8.414209686704224,HOME,AWAY,MODEL_MORE_HOME,-5.0,,,HIGH,3,1,7.362433475866196,True,TOP_10_PERCENT,WIN,OL_WEAKEST_LINK: weakest-link OL difference +1.261 points,QB_DIFFERENCE: QB difference -0.498 points,RECEIVERS_VS_SECONDARY: receivers versus secondary +0.605 points,RSM-v2-candidate-stage7c-anomaly-experimental
2023,2,2023_02_NYJ_DAL,2023-09-17T16:25,NYJ,DAL,20.0,4.438933653069889,8.5,-4.061066346930111,4.061066346930111,AWAY,HOME,MODEL_MORE_AWAY,8.5,,,HIGH,1,2,2.7073775646200735,False,,LOSS,OL_WEAKEST_LINK: weakest-link OL difference +1.558 points,WR2_DIFFERENCE: WR2 difference -1.301 points,QB_VS_PASS_RUSH: QB versus pass rush +1.418 points,RSM-v2-candidate-stage7c-anomaly-experimental
2023,2,2023_02_SEA_DET,2023-09-17T13:00,SEA,DET,-6.0,6.279385254250347,4.5,1.7793852542503474,1.7793852542503474,HOME,HOME,MODEL_MORE_HOME,4.5,,,HIGH,3,0,1.7793852542503474,False,,LOSS,RECEIVER_REPLACEMENTS: receiver replacements -2.258 points,OL_STRONGEST_PLAYER: strongest OL difference +2.164 points,OL_WEAKEST_LINK: weakest-link OL difference +1.558 points,RSM-v2-candidate-stage7c-anomaly-experimental
2023,2,2023_02_SF_LA,2023-09-17T16:05,SF,LA,-7.0,-1.061321719728031,-7.5,6.438678280271969,6.438678280271969,HOME,AWAY,MODEL_MORE_HOME,-7.5,,,HIGH,1,4,3.863206968163181,False,,WIN,OL_VS_PASS_RUSH: OL versus pass rush -2.034 points,OL_RUN_VS_FRONT: OL run blocking versus front +1.747 points,QB_VS_PASS_RUSH: QB versus pass rush -1.039 points,RSM-v2-candidate-stage7c-anomaly-experimental
2023,2,2023_02_WAS_DEN,2023-09-17T16:25,WAS,DEN,-2.0,5.707326583313144,4.0,1.7073265833131437,1.7073265833131437,HOME,HOME,MODEL_MORE_HOME,4.0,,,HIGH,2,0,1.7073265833131437,False,,LOSS,TE1_DIFFERENCE: TE1 difference +1.232 points,WR1_DIFFERENCE: WR1 difference -0.368 points,WR2_DIFFERENCE: WR2 difference +1.082 points,RSM-v2-candidate-stage7c-anomaly-experimental
2023,3,2023_03_ATL_DET,2023-09-24T13:00,ATL,DET,14.0,4.819973910820012,3.0,1.8199739108200124,1.8199739108200124,HOME,HOME,MODEL_MORE_HOME,3.0,,,HIGH,3,0,1.8199739108200124,False,,WIN,OL_WEAKEST_LINK: weakest-link OL difference +1.394 points,OL_STRONGEST_PLAYER: strongest OL difference -0.935 points,WR2_DIFFERENCE: WR2 difference +0.818 points,RSM-v2-candidate-stage7c-anomaly-experimental
2023,3,2023_03_BUF_WAS,2023-09-24T13:00,BUF,WAS,-34.0,-3.826335194326971,-5.5,1.6736648056730292,1.6736648056730292,HOME,AWAY,MODEL_MORE_HOME,-5.5,,,HIGH,0,2,0.8368324028365146,False,,LOSS,OL_WEAKEST_LINK: weakest-link OL difference -1.579 points,OL_RUN_VS_FRONT: OL run blocking versus front +0.662 points,TE1_DIFFERENCE: TE1 difference -1.557 points,RSM-v2-candidate-stage7c-anomaly-experimental
2023,3,2023_03_CAR_SEA,2023-09-24T16:05,CAR,SEA,10.0,1.6886803443450713,5.0,-3.3113196556549287,3.3113196556549287,AWAY,HOME,MODEL_MORE_AWAY,5.0,,,HIGH,2,1,2.759433046379107,False,,LOSS,OL_STRONGEST_PLAYER: strongest OL difference -2.041 points,OL_RUN_VS_FRONT: OL run blocking versus front +1.626 points,QB_DIFFERENCE: QB difference +0.740 points,RSM-v2-candidate-stage7c-anomaly-experimental
2023,3,2023_03_CHI_KC,2023-09-24T16:25,CHI,KC,31.0,9.501651407763966,13.0,-3.4983485922360344,3.4983485922360344,AWAY,HOME,MODEL_MORE_AWAY,13.0,,,HIGH,0,3,1.7491742961180172,False,,LOSS,OL_WEAKEST_LINK: weakest-link OL difference +1.703 points,OL_RUN_VS_FRONT: OL run blocking versus front -1.081 points,QB_DIFFERENCE: QB difference +1.400 points,RSM-v2-candidate-stage7c-anomaly-experimental
2023,3,2023_03_DAL_ARI,2023-09-24T16:25,DAL,ARI,12.0,-4.640568625040845,-11.5,6.859431374959155,6.859431374959155,HOME,AWAY,MODEL_MORE_HOME,-11.5,,,HIGH,0,2,3.4297156874795776,False,,WIN,OL_VS_PASS_RUSH: OL versus pass rush -2.267 points,OL_RUN_VS_FRONT: OL run blocking versus front +0.887 points,QB_VS_PASS_RUSH: QB versus pass rush -2.124 points,RSM-v2-candidate-stage7c-anomaly-experimental
2023,3,2023_03_DEN_MIA,2023-09-24T13:00,DEN,MIA,50.0,3.6919748414718807,6.0,-2.3080251585281193,2.3080251585281193,AWAY,HOME,MODEL_MORE_AWAY,6.0,,,HIGH,1,2,1.538683439018746,False,,LOSS,WR2_DIFFERENCE: WR2 difference +1.797 points,QB_DIFFERENCE: QB difference -0.493 points,RECEIVERS_VS_SECONDARY: receivers versus secondary +0.740 points,RSM-v2-candidate-stage7c-anomaly-experimental
2023,3,2023_03_HOU_JAX,2023-09-24T13:00,HOU,JAX,-20.0,3.9261336535531735,7.5,-3.5738663464468265,3.5738663464468265,AWAY,HOME,MODEL_MORE_AWAY,7.5,,,HIGH,1,2,2.3825775642978844,False,,WIN,OL_WEAKEST_LINK: weakest-link OL difference -1.114 points,RECEIVERS_VS_SECONDARY: receivers versus secondary +1.084 points,QB_VS_COVERAGE: QB versus coverage +0.471 points,RSM-v2-candidate-stage7c-anomaly-experimental
2023,3,2023_03_IND_BAL,2023-09-24T13:00,IND,BAL,-3.0,8.568559894895081,7.5,1.0685598948950812,1.0685598948950812,HOME,HOME,MODEL_MORE_HOME,7.5,,,HIGH,3,0,1.0685598948950812,False,,LOSS,TE1_DIFFERENCE: TE1 difference +1.660 points,OL_RUN_VS_FRONT: OL run blocking versus front -0.754 points,QB_VS_PASS_RUSH: QB versus pass rush +1.406 points,RSM-v2-candidate-stage7c-anomaly-experimental
2023,3,2023_03_LAC_MIN,2023-09-24T13:00,LAC,MIN,-4.0,-1.0765027733775248,1.0,-2.0765027733775248,2.0765027733775248,AWAY,HOME,MODEL_MORE_AWAY,1.0,,,LOW,2,0,0.0,False,,WIN,OL_WEAKEST_LINK: weakest-link OL difference -1.559 points,OL_RUN_VS_FRONT: OL run blocking versus front +0.981 points,OL_STRONGEST_PLAYER: strongest OL difference -0.798 points,RSM-v2-candidate-stage7c-anomaly-experimental
2023,3,2023_03_LA_CIN,2023-09-25T20:15,LA,CIN,3.0,2.0181693273954218,3.0,-0.9818306726045782,0.9818306726045782,AWAY,HOME,MODEL_MORE_AWAY,3.0,,,HIGH,1,1,0.7363730044534337,False,,PUSH,TE1_DIFFERENCE: TE1 difference -1.926 points,OL_VS_PASS_RUSH: OL versus pass rush +1.615 points,OL_RUN_VS_FRONT: OL run blocking versus front -1.196 points,RSM-v2-candidate-stage7c-anomaly-experimental
2023,3,2023_03_NE_NYJ,2023-09-24T13:00,NE,NYJ,-5.0,-5.008579125675648,-2.5,-2.508579125675648,2.508579125675648,AWAY,AWAY,MODEL_MORE_AWAY,-2.5,,,HIGH,3,0,2.508579125675648,False,,WIN,TE1_DIFFERENCE: TE1 difference -3.126 points,WR2_DIFFERENCE: WR2 difference +0.714 points,QB_VS_PASS_RUSH: QB versus pass rush -1.286 points,RSM-v2-candidate-stage7c-anomaly-experimental
2023,3,2023_03_NO_GB,2023-09-24T13:00,NO,GB,1.0,-3.493370691130993,-1.5,-1.993370691130993,1.993370691130993,AWAY,AWAY,MODEL_MORE_AWAY,-1.5,,,HIGH,3,0,1.993370691130993,False,,LOSS,OL_STRONGEST_PLAYER: strongest OL difference -2.969 points,OL_RUN_VS_FRONT: OL run blocking versus front +1.424 points,RECEIVER_REPLACEMENTS: receiver replacements -2.258 points,RSM-v2-candidate-stage7c-anomaly-experimental
2023,3,2023_03_NYG_SF,2023-09-21T20:15,NYG,SF,18.0,6.512988815301163,10.5,-3.9870111846988374,3.9870111846988374,AWAY,HOME,MODEL_MORE_AWAY,10.5,,,HIGH,1,3,2.4918819904367733,False,,LOSS,RECEIVERS_VS_SECONDARY: receivers versus secondary +1.304 points,WR1_DIFFERENCE: WR1 difference -0.889 points,QB_VS_PASS_RUSH: QB versus pass rush +1.210 points,RSM-v2-candidate-stage7c-anomaly-experimental
2023,3,2023_03_PHI_TB,2023-09-25T19:15,PHI,TB,-14.0,2.00491725377938,-6.0,8.00491725377938,8.00491725377938,HOME,AWAY,MODEL_MORE_HOME,-6.0,,,HIGH,2,1,6.670764378149483,True,TOP_10_PERCENT,LOSS,TE1_DIFFERENCE: TE1 difference -2.196 points,OL_WEAKEST_LINK: weakest-link OL difference +2.018 points,OL_STRONGEST_PLAYER: strongest OL difference +1.641 points,RSM-v2-candidate-stage7c-anomaly-experimental
2023,3,2023_03_PIT_LV,2023-09-24T20:20,PIT,LV,-5.0,4.0441700143033845,3.0,1.0441700143033845,1.0441700143033845,HOME,HOME,MODEL_MORE_HOME,3.0,,,HIGH,2,1,0.8701416785861537,False,,LOSS,OL_RUN_VS_FRONT: OL run blocking versus front +2.250 points,OL_VS_PASS_RUSH: OL versus pass rush -1.810 points,TE1_DIFFERENCE: TE1 difference +1.037 points,RSM-v2-candidate-stage7c-anomaly-experimental
2023,3,2023_03_TEN_CLE,2023-09-24T13:00,TEN,CLE,24.0,5.100957373373493,3.5,1.6009573733734932,1.6009573733734932,HOME,HOME,MODEL_MORE_HOME,3.5,,,HIGH,2,1,1.334131144477911,False,,WIN,OL_STRONGEST_PLAYER: strongest OL difference +2.604 points,OL_RUN_VS_FRONT: OL run blocking versus front -1.030 points,OL_WEAKEST_LINK: weakest-link OL difference +1.433 points,RSM-v2-candidate-stage7c-anomaly-experimental
2023,4,2023_04_ARI_SF,2023-10-01T16:25,ARI,SF,19.0,7.471234043355945,15.0,-7.528765956644055,7.528765956644055,AWAY,HOME,MODEL_MORE_AWAY,15.0,,,HIGH,2,2,5.646574467483041,True,TOP_20_PERCENT,LOSS,TE1_DIFFERENCE: TE1 difference +2.836 points,OL_STRONGEST_PLAYER: strongest OL difference -1.600 points,QB_VS_PASS_RUSH: QB versus pass rush +1.705 points,RSM-v2-candidate-stage7c-anomaly-experimental
2023,4,2023_04_ATL_JAX,2023-10-01T09:30,ATL,JAX,16.0,2.058305566335356,3.5,-1.4416944336646438,1.4416944336646438,AWAY,HOME,MODEL_MORE_AWAY,3.5,,,HIGH,1,1,1.0812708252484828,False,,LOSS,OL_WEAKEST_LINK: weakest-link OL difference -1.108 points,OL_RUN_VS_FRONT: OL run blocking versus front +0.571 points,QB_DIFFERENCE: QB difference +0.394 points,RSM-v2-candidate-stage7c-anomaly-experimental
2023,4,2023_04_BAL_CLE,2023-10-01T13:00,BAL,CLE,-25.0,2.4624279399250275,-2.0,4.4624279399250275,4.4624279399250275,HOME,AWAY,MODEL_MORE_HOME,-2.0,,,HIGH,1,1,3.3468209549437704,False,,LOSS,WR2_DIFFERENCE: WR2 difference +1.596 points,WR1_DIFFERENCE: WR1 difference -0.838 points,OL_VS_PASS_RUSH: OL versus pass rush +0.674 points,RSM-v2-candidate-stage7c-anomaly-experimental
2023,4,2023_04_CIN_TEN,2023-10-01T13:00,CIN,TEN,24.0,-0.3747015119174528,-2.5,2.125298488082547,2.125298488082547,HOME,AWAY,MODEL_MORE_HOME,-2.5,,,HIGH,2,1,1.7710820734021224,False,,WIN,OL_WEAKEST_LINK: weakest-link OL difference -2.044 points,OL_RUN_VS_FRONT: OL run blocking versus front +1.341 points,OL_STRONGEST_PLAYER: strongest OL difference -1.828 points,RSM-v2-candidate-stage7c-anomaly-experimental
2023,4,2023_04_DEN_CHI,2023-10-01T13:00,DEN,CHI,-3.0,-1.263906990062519,-3.0,1.736093009937481,1.736093009937481,HOME,AWAY,MODEL_MORE_HOME,-3.0,,,HIGH,0,2,0.8680465049687405,False,,PUSH,RECEIVERS_VS_SECONDARY: receivers versus secondary -0.976 points,OL_VS_PASS_RUSH: OL versus pass rush +0.488 points,QB_VS_COVERAGE: QB versus coverage -0.906 points,RSM-v2-candidate-stage7c-anomaly-experimental
2023,4,2023_04_DET_GB,2023-09-28T20:15,DET,GB,-14.0,-4.147587336840734,-2.5,-1.6475873368407337,1.6475873368407337,AWAY,AWAY,MODEL_MORE_AWAY,-2.5,,,HIGH,3,0,1.6475873368407337,False,,WIN,OL_WEAKEST_LINK: weakest-link OL difference -2.213 points,OL_RUN_VS_FRONT: OL run blocking versus front +1.572 points,OL_STRONGEST_PLAYER: strongest OL difference -1.699 points,RSM-v2-candidate-stage7c-anomaly-experimental
2023,4,2023_04_KC_NYJ,2023-10-01T20:20,KC,NYJ,-3.0,-6.825323368714287,-9.5,2.6746766312857133,2.6746766312857133,HOME,AWAY,MODEL_MORE_HOME,-9.5,,,HIGH,0,3,1.3373383156428567,False,,WIN,TE1_DIFFERENCE: TE1 difference -3.260 points,WR2_DIFFERENCE: WR2 difference +1.642 points,OL_WEAKEST_LINK: weakest-link OL difference -1.877 points,RSM-v2-candidate-stage7c-anomaly-experimental
2023,4,2023_04_LA_IND,2023-10-01T13:00,LA,IND,-6.0,-2.622776552400375,-1.0,-1.6227765524003752,1.6227765524003752,AWAY,AWAY,MODEL_MORE_AWAY,-1.0,,,HIGH,3,0,1.6227765524003752,False,,WIN,TE1_DIFFERENCE: TE1 difference -1.656 points,OL_VS_PASS_RUSH: OL versus pass rush +1.019 points,QB_DIFFERENCE: QB difference -1.146 points,RSM-v2-candidate-stage7c-anomaly-experimental
2023,4,2023_04_LV_LAC,2023-10-01T16:05,LV,LAC,7.0,2.2513127828107113,7.0,-4.748687217189289,4.748687217189289,AWAY,HOME,MODEL_MORE_AWAY,7.0,,,LOW,1,1,0.0,False,,PUSH,OL_STRONGEST_PLAYER: strongest OL difference +1.236 points,TE1_DIFFERENCE: TE1 difference -0.980 points,OL_VS_PASS_RUSH: OL versus pass rush -0.461 points,RSM-v2-candidate-stage7c-anomaly-experimental
2023,4,2023_04_MIA_BUF,2023-10-01T13:00,MIA,BUF,28.0,2.1759069282774903,2.5,-0.3240930717225097,0.3240930717225097,AWAY,HOME,MODEL_MORE_AWAY,2.5,,,HIGH,1,1,0.24306980379188226,False,,LOSS,OL_STRONGEST_PLAYER: strongest OL difference +1.519 points,OL_RUN_VS_FRONT: OL run blocking versus front -1.084 points,TE1_DIFFERENCE: TE1 difference +0.894 points,RSM-v2-candidate-stage7c-anomaly-experimental
2023,4,2023_04_MIN_CAR,2023-10-01T13:00,MIN,CAR,-8.0,2.074433443058647,-4.5,6.574433443058647,6.574433443058647,HOME,AWAY,MODEL_MORE_HOME,-4.5,,,HIGH,2,1,5.478694535882205,True,TOP_20_PERCENT,LOSS,OL_RUN_VS_FRONT: OL run blocking versus front -1.115 points,OL_WEAKEST_LINK: weakest-link OL difference +0.807 points,WR1_DIFFERENCE: WR1 difference +0.611 points,RSM-v2-candidate-stage7c-anomaly-experimental
2023,4,2023_04_NE_DAL,2023-10-01T16:25,NE,DAL,35.0,4.385590922531059,6.5,-2.114409077468941,2.114409077468941,AWAY,HOME,MODEL_MORE_AWAY,6.5,,,HIGH,1,2,1.4096060516459605,False,,LOSS,TE1_DIFFERENCE: TE1 difference -2.090 points,OL_WEAKEST_LINK: weakest-link OL difference +1.450 points,OL_VS_PASS_RUSH: OL versus pass rush +0.928 points,RSM-v2-candidate-stage7c-anomaly-experimental
2023,4,2023_04_PIT_HOU,2023-10-01T13:00,PIT,HOU,24.0,-0.9068137717173865,-3.0,2.0931862282826135,2.0931862282826135,HOME,AWAY,MODEL_MORE_HOME,-3.0,,,HIGH,1,3,1.3082413926766334,False,,WIN,OL_VS_PASS_RUSH: OL versus pass rush -2.351 points,OL_STRONGEST_PLAYER: strongest OL difference +1.472 points,OL_RUN_VS_FRONT: OL run blocking versus front +1.361 points,RSM-v2-candidate-stage7c-anomaly-experimental
2023,4,2023_04_SEA_NYG,2023-10-02T20:15,SEA,NYG,-21.0,-0.888790465772499,-2.5,1.611209534227501,1.611209534227501,HOME,AWAY,MODEL_MORE_HOME,-2.5,,,HIGH,1,2,1.0741396894850006,False,,LOSS,RECEIVER_REPLACEMENTS: receiver replacements -2.258 points,OL_STRONGEST_PLAYER: strongest OL difference +1.751 points,WR2_DIFFERENCE: WR2 difference -1.645 points,RSM-v2-candidate-stage7c-anomaly-experimental
2023,4,2023_04_TB_NO,2023-10-01T13:00,TB,NO,-17.0,-0.63391823183342,4.0,-4.6339182318334196,4.6339182318334196,AWAY,HOME,MODEL_MORE_AWAY,4.0,,,HIGH,2,1,3.861598526527849,False,,WIN,OL_STRONGEST_PLAYER: strongest OL difference -1.466 points,OL_RUN_VS_FRONT: OL run blocking versus front +0.567 points,QB_DIFFERENCE: QB difference -0.715 points,RSM-v2-candidate-stage7c-anomaly-experimental
2023,4,2023_04_WAS_PHI,2023-10-01T13:00,WAS,PHI,3.0,9.42028806182004,9.5,-0.07971193817996003,0.07971193817996003,AWAY,HOME,MODEL_MORE_AWAY,9.5,,,HIGH,0,3,0.039855969089980015,False,,WIN,TE1_DIFFERENCE: TE1 difference +2.777 points,WR1_DIFFERENCE: WR1 difference -0.294 points,WR2_DIFFERENCE: WR2 difference +1.411 points,RSM-v2-candidate-stage7c-anomaly-experimental
2023,5,2023_05_BAL_PIT,2023-10-08T13:00,BAL,PIT,7.0,-1.9610599354464227,-4.5,2.5389400645535773,2.5389400645535773,HOME,AWAY,MODEL_MORE_HOME,-4.5,,,HIGH,1,3,1.5868375403459858,False,,WIN,TE1_DIFFERENCE: TE1 difference -1.907 points,OL_VS_PASS_RUSH: OL versus pass rush +1.853 points,OL_STRONGEST_PLAYER: strongest OL difference -1.506 points,RSM-v2-candidate-stage7c-anomaly-experimental
2023,5,2023_05_CAR_DET,2023-10-08T13:00,CAR,DET,18.0,7.038431895623267,9.5,-2.461568104376733,2.461568104376733,AWAY,HOME,MODEL_MORE_AWAY,9.5,,,HIGH,0,3,1.2307840521883664,False,,LOSS,OL_WEAKEST_LINK: weakest-link OL difference +1.205 points,OL_VS_PASS_RUSH: OL versus pass rush -0.275 points,QB_DIFFERENCE: QB difference +0.907 points,RSM-v2-candidate-stage7c-anomaly-experimental
2023,5,2023_05_CHI_WAS,2023-10-05T20:15,CHI,WAS,-20.0,2.2680633260914167,6.0,-3.7319366739085833,3.7319366739085833,AWAY,HOME,MODEL_MORE_AWAY,6.0,,,HIGH,0,1,1.8659683369542917,False,,WIN,OL_STRONGEST_PLAYER: strongest OL difference +1.259 points,TE1_DIFFERENCE: TE1 difference -1.063 points,OL_WEAKEST_LINK: weakest-link OL difference -0.805 points,RSM-v2-candidate-stage7c-anomaly-experimental
2023,5,2023_05_CIN_ARI,2023-10-08T16:05,CIN,ARI,-14.0,-0.85089911585231,-3.0,2.14910088414769,2.14910088414769,HOME,AWAY,MODEL_MORE_HOME,-3.0,,,HIGH,1,2,1.4327339227651266,False,,LOSS,OL_VS_PASS_RUSH: OL versus pass rush -1.574 points,OL_RUN_VS_FRONT: OL run blocking versus front +1.560 points,QB_VS_PASS_RUSH: QB versus pass rush -1.219 points,RSM-v2-candidate-stage7c-anomaly-experimental
2023,5,2023_05_DAL_SF,2023-10-08T20:20,DAL,SF,32.0,3.2262186240803548,3.5,-0.27378137591964524,0.27378137591964524,AWAY,HOME,MODEL_MORE_AWAY,3.5,,,HIGH,1,1,0.20533603193973393,False,,LOSS,TE1_DIFFERENCE: TE1 difference +2.265 points,OL_WEAKEST_LINK: weakest-link OL difference -1.554 points,OL_STRONGEST_PLAYER: strongest OL difference +1.444 points,RSM-v2-candidate-stage7c-anomaly-experimental
2023,5,2023_05_GB_LV,2023-10-09T20:15,GB,LV,4.0,7.881608948692413,1.0,6.881608948692413,6.881608948692413,HOME,HOME,MODEL_MORE_HOME,1.0,,,HIGH,3,0,6.881608948692413,True,TOP_10_PERCENT,WIN,OL_STRONGEST_PLAYER: strongest OL difference +1.802 points,OL_RUN_VS_FRONT: OL run blocking versus front -0.986 points,OL_WEAKEST_LINK: weakest-link OL difference +1.372 points,RSM-v2-candidate-stage7c-anomaly-experimental
2023,5,2023_05_HOU_ATL,2023-10-08T13:00,HOU,ATL,2.0,1.325454073106172,2.5,-1.174545926893828,1.174545926893828,AWAY,HOME,MODEL_MORE_AWAY,2.5,,,HIGH,2,2,0.8809094451703711,False,,WIN,OL_RUN_VS_FRONT: OL run blocking versus front -0.717 points,OL_VS_PASS_RUSH: OL versus pass rush +0.515 points,QB_DIFFERENCE: QB difference -0.669 points,RSM-v2-candidate-stage7c-anomaly-experimental
2023,5,2023_05_JAX_BUF,2023-10-08T09:30,JAX,BUF,-5.0,7.868221824876644,5.5,2.3682218248766436,2.3682218248766436,HOME,HOME,MODEL_MORE_HOME,5.5,,,HIGH,2,0,2.3682218248766436,False,,LOSS,WR2_DIFFERENCE: WR2 difference +1.538 points,OL_RUN_VS_FRONT: OL run blocking versus front -1.197 points,RECEIVERS_VS_SECONDARY: receivers versus secondary +1.476 points,RSM-v2-candidate-stage7c-anomaly-experimental
2023,5,2023_05_KC_MIN,2023-10-08T16:25,KC,MIN,-7.0,-3.9147893099957063,-3.5,-0.4147893099957063,0.4147893099957063,AWAY,AWAY,MODEL_MORE_AWAY,-3.5,,,HIGH,3,0,0.4147893099957063,False,,WIN,OL_WEAKEST_LINK: weakest-link OL difference -2.522 points,OL_RUN_VS_FRONT: OL run blocking versus front +1.860 points,TE1_DIFFERENCE: TE1 difference -1.705 points,RSM-v2-candidate-stage7c-anomaly-experimental
2023,5,2023_05_NO_NE,2023-10-08T13:00,NO,NE,-34.0,4.593629999090235,2.5,2.0936299990902354,2.0936299990902354,HOME,HOME,MODEL_MORE_HOME,2.5,,,HIGH,2,0,2.0936299990902354,False,,LOSS,TE1_DIFFERENCE: TE1 difference +2.061 points,QB_VS_COVERAGE: QB versus coverage -0.277 points,OL_VS_PASS_RUSH: OL versus pass rush +0.606 points,RSM-v2-candidate-stage7c-anomaly-experimental
2023,5,2023_05_NYG_MIA,2023-10-08T13:00,NYG,MIA,15.0,9.635495251456,12.5,-2.8645047485440003,2.8645047485440003,AWAY,HOME,MODEL_MORE_AWAY,12.5,,,HIGH,0,4,1.4322523742720001,False,,LOSS,WR2_DIFFERENCE: WR2 difference +2.557 points,WR1_DIFFERENCE: WR1 difference -0.900 points,RECEIVERS_VS_SECONDARY: receivers versus secondary +2.097 points,RSM-v2-candidate-stage7c-anomaly-experimental
2023,5,2023_05_NYJ_DEN,2023-10-08T16:25,NYJ,DEN,-10.0,4.009948280508851,2.5,1.5099482805088513,1.5099482805088513,HOME,HOME,MODEL_MORE_HOME,2.5,,,HIGH,1,0,1.5099482805088513,False,,LOSS,OL_STRONGEST_PLAYER: strongest OL difference -1.474 points,QB_VS_PASS_RUSH: QB versus pass rush +1.049 points,TE1_DIFFERENCE: TE1 difference +1.015 points,RSM-v2-candidate-stage7c-anomaly-experimental
2023,5,2023_05_PHI_LA,2023-10-08T16:05,PHI,LA,-9.0,-3.035011393760646,-3.5,0.4649886062393538,0.4649886062393538,HOME,AWAY,MODEL_MORE_HOME,-3.5,,,HIGH,2,2,0.34874145467951534,False,,LOSS,OL_VS_PASS_RUSH: OL versus pass rush -2.180 points,OL_RUN_VS_FRONT: OL run blocking versus front +1.422 points,RECEIVERS_VS_SECONDARY: receivers versus secondary -1.720 points,RSM-v2-candidate-stage7c-anomaly-experimental
2023,5,2023_05_TEN_IND,2023-10-08T13:00,TEN,IND,7.0,-2.163703874317803,-2.5,0.336296125682197,0.336296125682197,HOME,AWAY,MODEL_MORE_HOME,-2.5,,,HIGH,1,3,0.21018507855137314,False,,WIN,OL_STRONGEST_PLAYER: strongest OL difference +1.354 points,QB_VS_PASS_RUSH: QB versus pass rush -1.135 points,QB_VS_COVERAGE: QB versus coverage -1.111 points,RSM-v2-candidate-stage7c-anomaly-experimental
2023,6,2023_06_ARI_LA,2023-10-15T16:25,ARI,LA,17.0,6.578107400758075,7.0,-0.4218925992419251,0.4218925992419251,AWAY,HOME,MODEL_MORE_AWAY,7.0,,,HIGH,0,3,0.21094629962096256,False,,LOSS,TE1_DIFFERENCE: TE1 difference +1.353 points,OL_VS_PASS_RUSH: OL versus pass rush -0.218 points,QB_DIFFERENCE: QB difference +0.801 points,RSM-v2-candidate-stage7c-anomaly-experimental
2023,6,2023_06_BAL_TEN,2023-10-15T09:30,BAL,TEN,-8.0,-2.6803375450867586,-5.5,2.8196624549132414,2.8196624549132414,HOME,AWAY,MODEL_MORE_HOME,-5.5,,,HIGH,0,2,1.4098312274566207,False,,LOSS,OL_STRONGEST_PLAYER: strongest OL difference -2.733 points,OL_RUN_VS_FRONT: OL run blocking versus front +1.071 points,TE1_DIFFERENCE: TE1 difference -1.758 points,RSM-v2-candidate-stage7c-anomaly-experimental
2023,6,2023_06_CAR_MIA,2023-10-15T13:00,CAR,MIA,21.0,4.589441913459405,14.0,-9.410558086540595,9.410558086540595,AWAY,HOME,MODEL_MORE_AWAY,14.0,,,HIGH,1,2,6.273705391027063,False,,LOSS,OL_STRONGEST_PLAYER: strongest OL difference -1.262 points,QB_DIFFERENCE: QB difference +1.017 points,QB_VS_COVERAGE: QB versus coverage +0.903 points,RSM-v2-candidate-stage7c-anomaly-experimental
2023,6,2023_06_DAL_LAC,2023-10-16T20:15,DAL,LAC,-3.0,1.640248675683262,-1.5,3.140248675683262,3.140248675683262,HOME,AWAY,MODEL_MORE_HOME,-1.5,,,LOW,1,2,0.0,False,,LOSS,OL_STRONGEST_PLAYER: strongest OL difference +1.216 points,OL_VS_PASS_RUSH: OL versus pass rush -1.174 points,WR2_DIFFERENCE: WR2 difference +0.991 points,RSM-v2-candidate-stage7c-anomaly-experimental
2023,6,2023_06_DEN_KC,2023-10-12T20:15,DEN,KC,11.0,8.786780110577865,10.5,-1.7132198894221347,1.7132198894221347,AWAY,HOME,MODEL_MORE_AWAY,10.5,,,HIGH,0,3,0.8566099447110673,False,,LOSS,TE1_DIFFERENCE: TE1 difference +1.986 points,OL_RUN_VS_FRONT: OL run blocking versus front -1.357 points,OL_STRONGEST_PLAYER: strongest OL difference +1.822 points,RSM-v2-candidate-stage7c-anomaly-experimental
2023,6,2023_06_DET_TB,2023-10-15T16:25,DET,TB,-14.0,-2.6880802809265054,-3.0,0.3119197190734946,0.3119197190734946,HOME,AWAY,MODEL_MORE_HOME,-3.0,,,HIGH,0,3,0.1559598595367473,False,,LOSS,OL_STRONGEST_PLAYER: strongest OL difference +1.814 points,TE1_DIFFERENCE: TE1 difference -1.780 points,WR2_DIFFERENCE: WR2 difference -1.161 points,RSM-v2-candidate-stage7c-anomaly-experimental
2023,6,2023_06_IND_JAX,2023-10-15T13:00,IND,JAX,17.0,8.507742382433399,4.0,4.507742382433399,4.507742382433399,HOME,HOME,MODEL_MORE_HOME,4.0,,,HIGH,4,0,4.507742382433399,False,,WIN,QB_VS_PASS_RUSH: QB versus pass rush +1.135 points,OL_WEAKEST_LINK: weakest-link OL difference -0.749 points,QB_VS_COVERAGE: QB versus coverage +1.039 points,RSM-v2-candidate-stage7c-anomaly-experimental
2023,6,2023_06_MIN_CHI,2023-10-15T13:00,MIN,CHI,-6.0,-3.021648299453271,-3.0,-0.02164829945327096,0.02164829945327096,AWAY,AWAY,MODEL_MORE_AWAY,-3.0,,,HIGH,3,0,0.02164829945327096,False,,WIN,RECEIVERS_VS_SECONDARY: receivers versus secondary -1.683 points,TE1_DIFFERENCE: TE1 difference +0.482 points,QB_VS_COVERAGE: QB versus coverage -1.282 points,RSM-v2-candidate-stage7c-anomaly-experimental
2023,6,2023_06_NE_LV,2023-10-15T16:05,NE,LV,4.0,0.8583510169004771,3.0,-2.1416489830995227,2.1416489830995227,AWAY,HOME,MODEL_MORE_AWAY,3.0,,,HIGH,1,1,1.606236737324642,False,,LOSS,TE1_DIFFERENCE: TE1 difference -1.135 points,OL_WEAKEST_LINK: weakest-link OL difference +0.977 points,OL_STRONGEST_PLAYER: strongest OL difference -0.987 points,RSM-v2-candidate-stage7c-anomaly-experimental
2023,6,2023_06_NO_HOU,2023-10-15T13:00,NO,HOU,7.0,0.27782284158779413,-2.0,2.277822841587794,2.277822841587794,HOME,AWAY,MODEL_MORE_HOME,-2.0,,,HIGH,1,3,1.4236392759923713,False,,WIN,RECEIVERS_VS_SECONDARY: receivers versus secondary -1.589 points,OL_STRONGEST_PLAYER: strongest OL difference +0.634 points,WR2_DIFFERENCE: WR2 difference -0.763 points,RSM-v2-candidate-stage7c-anomaly-experimental
2023,6,2023_06_NYG_BUF,2023-10-15T20:20,NYG,BUF,5.0,13.273754476096022,15.5,-2.2262455239039785,2.2262455239039785,AWAY,HOME,MODEL_MORE_AWAY,15.5,,,HIGH,0,4,1.1131227619519892,False,,WIN,OL_STRONGEST_PLAYER: strongest OL difference +3.021 points,OL_RUN_VS_FRONT: OL run blocking versus front -2.464 points,WR2_DIFFERENCE: WR2 difference +2.456 points,RSM-v2-candidate-stage7c-anomaly-experimental
2023,6,2023_06_PHI_NYJ,2023-10-15T16:25,PHI,NYJ,6.0,-6.472670479669022,-6.5,0.02732952033097824,0.02732952033097824,HOME,AWAY,MODEL_MORE_HOME,-6.5,,,HIGH,0,3,0.01366476016548912,False,,WIN,TE1_DIFFERENCE: TE1 difference -3.731 points,OL_CONTINUITY: OL continuity +0.235 points,OL_VS_PASS_RUSH: OL versus pass rush -1.508 points,RSM-v2-candidate-stage7c-anomaly-experimental
2023,6,2023_06_SEA_CIN,2023-10-15T13:00,SEA,CIN,4.0,3.3151170805374206,3.0,0.3151170805374206,0.3151170805374206,HOME,HOME,MODEL_MORE_HOME,3.0,,,HIGH,2,1,0.26259756711451715,False,,WIN,OL_STRONGEST_PLAYER: strongest OL difference +3.017 points,RECEIVER_REPLACEMENTS: receiver replacements -2.258 points,OL_WEAKEST_LINK: weakest-link OL difference +2.658 points,RSM-v2-candidate-stage7c-anomaly-experimental
2023,6,2023_06_SF_CLE,2023-10-15T13:00,SF,CLE,2.0,-0.7779058389738585,-9.5,8.722094161026142,8.722094161026142,HOME,AWAY,MODEL_MORE_HOME,-9.5,,,HIGH,1,3,5.451308850641339,False,,WIN,TE1_DIFFERENCE: TE1 difference -2.106 points,OL_WEAKEST_LINK: weakest-link OL difference +1.002 points,QB_VS_PASS_RUSH: QB versus pass rush -0.798 points,RSM-v2-candidate-stage7c-anomaly-experimental
2023,6,2023_06_WAS_ATL,2023-10-15T13:00,WAS,ATL,-8.0,4.125028060085512,1.5,2.625028060085512,2.625028060085512,HOME,HOME,MODEL_MORE_HOME,1.5,,,HIGH,2,0,2.625028060085512,False,,LOSS,OL_WEAKEST_LINK: weakest-link OL difference +1.158 points,OL_RUN_VS_FRONT: OL run blocking versus front -0.595 points,OL_VS_PASS_RUSH: OL versus pass rush +0.897 points,RSM-v2-candidate-stage7c-anomaly-experimental
2023,7,2023_07_ARI_SEA,2023-10-22T16:05,ARI,SEA,10.0,1.60970811569129,9.5,-7.89029188430871,7.89029188430871,AWAY,HOME,MODEL_MORE_AWAY,9.5,,,HIGH,1,2,5.2601945895391395,False,,LOSS,OL_STRONGEST_PLAYER: strongest OL difference -4.412 points,WR2_DIFFERENCE: WR2 difference +1.231 points,OL_WEAKEST_LINK: weakest-link OL difference -1.222 points,RSM-v2-candidate-stage7c-anomaly-experimental
2023,7,2023_07_ATL_TB,2023-10-22T13:00,ATL,TB,-3.0,2.842793937393886,3.0,-0.15720606260611403,0.15720606260611403,AWAY,HOME,MODEL_MORE_AWAY,3.0,,,HIGH,0,1,0.07860303130305701,False,,WIN,RECEIVERS_VS_SECONDARY: receivers versus secondary +0.872 points,OL_RUN_VS_FRONT: OL run blocking versus front -0.759 points,OL_STRONGEST_PLAYER: strongest OL difference +0.673 points,RSM-v2-candidate-stage7c-anomaly-experimental
2023,7,2023_07_BUF_NE,2023-10-22T13:00,BUF,NE,4.0,-2.398553065659483,-7.5,5.101446934340517,5.101446934340517,HOME,AWAY,MODEL_MORE_HOME,-7.5,,,HIGH,0,2,2.5507234671702586,False,,WIN,OL_RUN_VS_FRONT: OL run blocking versus front +1.782 points,OL_WEAKEST_LINK: weakest-link OL difference -1.779 points,QB_VS_PASS_RUSH: QB versus pass rush -1.277 points,RSM-v2-candidate-stage7c-anomaly-experimental
2023,7,2023_07_CLE_IND,2023-10-22T13:00,CLE,IND,-1.0,-6.387653681043812,-3.5,-2.887653681043812,2.887653681043812,AWAY,AWAY,MODEL_MORE_AWAY,-3.5,,,HIGH,3,1,2.5266969709133353,False,,LOSS,QB_VS_PASS_RUSH: QB versus pass rush -1.769 points,OL_RUN_VS_FRONT: OL run blocking versus front +0.573 points,OL_VS_PASS_RUSH: OL versus pass rush -1.692 points,RSM-v2-candidate-stage7c-anomaly-experimental
2023,7,2023_07_DET_BAL,2023-10-22T13:00,DET,BAL,32.0,1.249294837352867,3.0,-1.750705162647133,1.750705162647133,AWAY,HOME,MODEL_MORE_AWAY,3.0,,,HIGH,1,0,1.750705162647133,False,,LOSS,OL_WEAKEST_LINK: weakest-link OL difference -1.529 points,OL_STRONGEST_PLAYER: strongest OL difference +1.004 points,WR2_DIFFERENCE: WR2 difference -1.170 points,RSM-v2-candidate-stage7c-anomaly-experimental
2023,7,2023_07_GB_DEN,2023-10-22T16:25,GB,DEN,2.0,4.917592447302858,1.5,3.417592447302858,3.417592447302858,HOME,HOME,MODEL_MORE_HOME,1.5,,,HIGH,3,1,2.9903933913900005,False,,WIN,OL_RUN_VS_FRONT: OL run blocking versus front -1.694 points,OL_STRONGEST_PLAYER: strongest OL difference +1.680 points,OL_WEAKEST_LINK: weakest-link OL difference +1.091 points,RSM-v2-candidate-stage7c-anomaly-experimental
2023,7,2023_07_JAX_NO,2023-10-19T20:15,JAX,NO,-7.0,1.5888378222813377,2.5,-0.9111621777186623,0.9111621777186623,AWAY,HOME,MODEL_MORE_AWAY,2.5,,,HIGH,1,1,0.6833716332889967,False,,WIN,OL_STRONGEST_PLAYER: strongest OL difference +1.078 points,WR1_DIFFERENCE: WR1 difference -0.689 points,TE1_DIFFERENCE: TE1 difference -0.651 points,RSM-v2-candidate-stage7c-anomaly-experimental
2023,7,2023_07_LAC_KC,2023-10-22T16:25,LAC,KC,14.0,6.688818936345574,5.5,1.188818936345574,1.188818936345574,HOME,HOME,MODEL_MORE_HOME,5.5,,,LOW,3,0,0.0,False,,WIN,TE1_DIFFERENCE: TE1 difference +2.262 points,OL_RUN_VS_FRONT: OL run blocking versus front -1.554 points,OL_WEAKEST_LINK: weakest-link OL difference +1.138 points,RSM-v2-candidate-stage7c-anomaly-experimental
2023,7,2023_07_LV_CHI,2023-10-22T13:00,LV,CHI,18.0,-3.2975292385434356,-2.5,-0.7975292385434356,0.7975292385434356,AWAY,AWAY,MODEL_MORE_AWAY,-2.5,,,HIGH,4,0,0.7975292385434356,False,,LOSS,QB_VS_COVERAGE: QB versus coverage -0.897 points,OL_CONTINUITY: OL continuity +0.235 points,WR2_DIFFERENCE: WR2 difference -0.766 points,RSM-v2-candidate-stage7c-anomaly-experimental
2023,7,2023_07_MIA_PHI,2023-10-22T20:20,MIA,PHI,14.0,5.06158664758932,3.0,2.06158664758932,2.06158664758932,HOME,HOME,MODEL_MORE_HOME,3.0,,,HIGH,2,1,1.7179888729911,False,,WIN,OL_STRONGEST_PLAYER: strongest OL difference +2.435 points,OL_WEAKEST_LINK: weakest-link OL difference -1.025 points,TE1_DIFFERENCE: TE1 difference +2.414 points,RSM-v2-candidate-stage7c-anomaly-experimental
2023,7,2023_07_PIT_LA,2023-10-22T16:05,PIT,LA,-7.0,3.817545896967933,3.5,0.3175458969679328,0.3175458969679328,HOME,HOME,MODEL_MORE_HOME,3.5,,,HIGH,2,2,0.2381594227259496,False,,LOSS,OL_VS_PASS_RUSH: OL versus pass rush -3.220 points,OL_RUN_VS_FRONT: OL run blocking versus front +2.080 points,WR2_DIFFERENCE: WR2 difference +1.772 points,RSM-v2-candidate-stage7c-anomaly-experimental
2023,7,2023_07_SF_MIN,2023-10-23T20:15,SF,MIN,5.0,-0.37045616738500664,-7.0,6.629543832614994,6.629543832614994,HOME,AWAY,MODEL_MORE_HOME,-7.0,,,HIGH,1,3,4.143464895384371,False,,WIN,TE1_DIFFERENCE: TE1 difference -2.614 points,OL_WEAKEST_LINK: weakest-link OL difference +1.608 points,OL_STRONGEST_PLAYER: strongest OL difference -1.034 points,RSM-v2-candidate-stage7c-anomaly-experimental
2023,7,2023_07_WAS_NYG,2023-10-22T13:00,WAS,NYG,7.0,2.5978439486827307,-3.0,5.597843948682731,5.597843948682731,HOME,AWAY,MODEL_MORE_HOME,-3.0,,,HIGH,1,1,4.198382961512048,False,,WIN,TE1_DIFFERENCE: TE1 difference +1.434 points,OL_STRONGEST_PLAYER: strongest OL difference -0.935 points,WR2_DIFFERENCE: WR2 difference +0.453 points,RSM-v2-candidate-stage7c-anomaly-experimental
2023,8,2023_08_ATL_TEN,2023-10-29T13:00,ATL,TEN,5.0,0.5291142299489566,-2.5,3.0291142299489566,3.0291142299489566,HOME,AWAY,MODEL_MORE_HOME,-2.5,,,HIGH,1,1,2.2718356724617177,False,,WIN,OL_STRONGEST_PLAYER: strongest OL difference -2.819 points,OL_RUN_VS_FRONT: OL run blocking versus front +1.875 points,OL_WEAKEST_LINK: weakest-link OL difference -1.161 points,RSM-v2-candidate-stage7c-anomaly-experimental
2023,8,2023_08_BAL_ARI,2023-10-29T16:25,BAL,ARI,-7.0,-9.620152240112443,-9.5,-0.12015224011244285,0.12015224011244285,AWAY,AWAY,MODEL_MORE_AWAY,-9.5,,,HIGH,5,0,0.12015224011244285,False,,LOSS,TE1_DIFFERENCE: TE1 difference -2.869 points,OL_RUN_VS_FRONT: OL run blocking versus front +2.250 points,OL_STRONGEST_PLAYER: strongest OL difference -2.009 points,RSM-v2-candidate-stage7c-anomaly-experimental
2023,8,2023_08_CHI_LAC,2023-10-29T20:20,CHI,LAC,17.0,6.379503703494462,9.5,-3.1204962965055376,3.1204962965055376,AWAY,HOME,MODEL_MORE_AWAY,9.5,,,HIGH,0,3,1.5602481482527688,False,,LOSS,RECEIVERS_VS_SECONDARY: receivers versus secondary +1.340 points,TE1_DIFFERENCE: TE1 difference -0.759 points,WR2_DIFFERENCE: WR2 difference +1.094 points,RSM-v2-candidate-stage7c-anomaly-experimental
2023,8,2023_08_CIN_SF,2023-10-29T16:25,CIN,SF,-14.0,6.728462990151879,4.0,2.728462990151879,2.728462990151879,HOME,HOME,MODEL_MORE_HOME,4.0,,,HIGH,2,1,2.2737191584598992,False,,LOSS,TE1_DIFFERENCE: TE1 difference +4.660 points,OL_WEAKEST_LINK: weakest-link OL difference -1.835 points,RECEIVERS_VS_SECONDARY: receivers versus secondary +0.950 points,RSM-v2-candidate-stage7c-anomaly-experimental
2023,8,2023_08_CLE_SEA,2023-10-29T16:05,CLE,SEA,4.0,-4.0481108442212275,4.0,-8.048110844221227,8.048110844221227,AWAY,HOME,MODEL_MORE_AWAY,4.0,,,HIGH,2,2,6.036083133165921,True,TOP_20_PERCENT,PUSH,OL_STRONGEST_PLAYER: strongest OL difference -3.586 points,OL_RUN_VS_FRONT: OL run blocking versus front +1.755 points,OL_VS_PASS_RUSH: OL versus pass rush -2.989 points,RSM-v2-candidate-stage7c-anomaly-experimental
2023,8,2023_08_HOU_CAR,2023-10-29T13:00,HOU,CAR,2.0,1.8830231642082131,-3.0,4.883023164208213,4.883023164208213,HOME,AWAY,MODEL_MORE_HOME,-3.0,,,HIGH,2,2,3.6622673731561597,False,,WIN,RECEIVERS_VS_SECONDARY: receivers versus secondary +1.253 points,OL_STRONGEST_PLAYER: strongest OL difference -0.998 points,WR2_DIFFERENCE: WR2 difference +0.863 points,RSM-v2-candidate-stage7c-anomaly-experimental
2023,8,2023_08_JAX_PIT,2023-10-29T13:00,JAX,PIT,-10.0,1.3136815403591116,-2.5,3.8136815403591116,3.8136815403591116,HOME,AWAY,MODEL_MORE_HOME,-2.5,,,HIGH,1,1,2.8602611552693338,False,,LOSS,OL_VS_PASS_RUSH: OL versus pass rush +2.152 points,OL_RUN_VS_FRONT: OL run blocking versus front -1.595 points,OL_WEAKEST_LINK: weakest-link OL difference +2.001 points,RSM-v2-candidate-stage7c-anomaly-experimental
2023,8,2023_08_KC_DEN,2023-10-29T16:25,KC,DEN,15.0,-6.857177414383106,-7.0,0.14282258561689432,0.14282258561689432,HOME,AWAY,MODEL_MORE_HOME,-7.0,,,HIGH,0,3,0.07141129280844716,False,,WIN,TE1_DIFFERENCE: TE1 difference -2.965 points,OL_RUN_VS_FRONT: OL run blocking versus front +1.244 points,OL_STRONGEST_PLAYER: strongest OL difference -1.506 points,RSM-v2-candidate-stage7c-anomaly-experimental
2023,8,2023_08_LA_DAL,2023-10-29T13:00,LA,DAL,23.0,2.72632817424656,6.5,-3.77367182575344,3.77367182575344,AWAY,HOME,MODEL_MORE_AWAY,6.5,,,HIGH,1,2,2.5157812171689597,False,,LOSS,OL_VS_PASS_RUSH: OL versus pass rush +2.256 points,OL_STRONGEST_PLAYER: strongest OL difference -1.789 points,WR2_DIFFERENCE: WR2 difference -1.459 points,RSM-v2-candidate-stage7c-anomaly-experimental
2023,8,2023_08_LV_DET,2023-10-30T20:15,LV,DET,12.0,4.371873191750714,7.0,-2.628126808249286,2.628126808249286,AWAY,HOME,MODEL_MORE_AWAY,7.0,,,HIGH,1,2,1.7520845388328574,False,,LOSS,OL_WEAKEST_LINK: weakest-link OL difference +1.480 points,QB_VS_PASS_RUSH: QB versus pass rush -0.550 points,RECEIVERS_VS_SECONDARY: receivers versus secondary +0.883 points,RSM-v2-candidate-stage7c-anomaly-experimental
2023,8,2023_08_MIN_GB,2023-10-29T13:00,MIN,GB,-14.0,-5.380911789265761,-1.0,-4.380911789265761,4.380911789265761,AWAY,AWAY,MODEL_MORE_AWAY,-1.0,,,HIGH,3,0,4.380911789265761,False,,WIN,OL_STRONGEST_PLAYER: strongest OL difference -2.174 points,OL_RUN_VS_FRONT: OL run blocking versus front +1.538 points,OL_WEAKEST_LINK: weakest-link OL difference -1.370 points,RSM-v2-candidate-stage7c-anomaly-experimental
2023,8,2023_08_NE_MIA,2023-10-29T13:00,NE,MIA,14.0,3.278432908980876,7.5,-4.221567091019124,4.221567091019124,AWAY,HOME,MODEL_MORE_AWAY,7.5,,,HIGH,2,2,3.166175318264343,False,,LOSS,OL_STRONGEST_PLAYER: strongest OL difference -1.990 points,QB_VS_PASS_RUSH: QB versus pass rush +1.210 points,TE1_DIFFERENCE: TE1 difference -1.364 points,RSM-v2-candidate-stage7c-anomaly-experimental
2023,8,2023_08_NO_IND,2023-10-29T13:00,NO,IND,-11.0,-1.7849793611057412,-2.0,0.21502063889425882,0.21502063889425882,HOME,AWAY,MODEL_MORE_HOME,-2.0,,,HIGH,1,2,0.14334709259617254,False,,LOSS,OL_WEAKEST_LINK: weakest-link OL difference -1.378 points,OL_RUN_VS_FRONT: OL run blocking versus front +0.844 points,QB_DIFFERENCE: QB difference -1.255 points,RSM-v2-candidate-stage7c-anomaly-experimental
2023,8,2023_08_NYJ_NYG,2023-10-29T13:00,NYJ,NYG,-3.0,2.888483377004621,-3.0,5.888483377004621,5.888483377004621,HOME,AWAY,MODEL_MORE_HOME,-3.0,,,HIGH,2,1,4.907069480837184,True,TOP_20_PERCENT,PUSH,TE1_DIFFERENCE: TE1 difference +2.548 points,OL_WEAKEST_LINK: weakest-link OL difference -0.813 points,OL_RUN_VS_FRONT: OL run blocking versus front +0.641 points,RSM-v2-candidate-stage7c-anomaly-experimental
2023,8,2023_08_PHI_WAS,2023-10-29T13:00,PHI,WAS,-7.0,-7.690677356073266,-7.0,-0.690677356073266,0.690677356073266,AWAY,AWAY,MODEL_MORE_AWAY,-7.0,,,HIGH,3,0,0.690677356073266,False,,PUSH,TE1_DIFFERENCE: TE1 difference -3.204 points,OL_WEAKEST_LINK: weakest-link OL difference +0.860 points,OL_VS_PASS_RUSH: OL versus pass rush -2.102 points,RSM-v2-candidate-stage7c-anomaly-experimental
2023,8,2023_08_TB_BUF,2023-10-26T20:15,TB,BUF,6.0,5.372175138730949,10.0,-4.627824861269051,4.627824861269051,AWAY,HOME,MODEL_MORE_AWAY,10.0,,,HIGH,0,2,2.3139124306345256,False,,WIN,OL_STRONGEST_PLAYER: strongest OL difference -1.026 points,QB_VS_PASS_RUSH: QB versus pass rush +1.009 points,QB_DIFFERENCE: QB difference +0.797 points,RSM-v2-candidate-stage7c-anomaly-experimental
2023,9,2023_09_ARI_CLE,2023-11-05T13:00,ARI,CLE,27.0,6.372312314181273,13.0,-6.627687685818727,6.627687685818727,AWAY,HOME,MODEL_MORE_AWAY,13.0,,,HIGH,2,3,4.639381380073108,False,,LOSS,OL_VS_PASS_RUSH: OL versus pass rush +3.050 points,OL_RUN_VS_FRONT: OL run blocking versus front -2.140 points,TE1_DIFFERENCE: TE1 difference +1.208 points,RSM-v2-candidate-stage7c-anomaly-experimental
2023,9,2023_09_BUF_CIN,2023-11-05T20:20,BUF,CIN,6.0,-5.7826141291819795,1.5,-7.2826141291819795,7.2826141291819795,AWAY,HOME,MODEL_MORE_AWAY,1.5,,,HIGH,3,1,6.372287363034232,True,TOP_20_PERCENT,LOSS,RECEIVERS_VS_SECONDARY: receivers versus secondary -2.767 points,OL_RUN_VS_FRONT: OL run blocking versus front +1.082 points,TE1_DIFFERENCE: TE1 difference -1.640 points,RSM-v2-candidate-stage7c-anomaly-experimental
2023,9,2023_09_CHI_NO,2023-11-05T13:00,CHI,NO,7.0,4.940465792532953,9.0,-4.059534207467047,4.059534207467047,AWAY,HOME,MODEL_MORE_AWAY,9.0,,,HIGH,0,3,2.0297671037335236,False,,WIN,RECEIVERS_VS_SECONDARY: receivers versus secondary +1.586 points,TE1_DIFFERENCE: TE1 difference -1.352 points,OL_WEAKEST_LINK: weakest-link OL difference +1.074 points,RSM-v2-candidate-stage7c-anomaly-experimental
2023,9,2023_09_DAL_PHI,2023-11-05T16:25,DAL,PHI,5.0,5.445401580976146,3.5,1.9454015809761458,1.9454015809761458,HOME,HOME,MODEL_MORE_HOME,3.5,,,HIGH,1,1,1.4590511857321093,False,,WIN,OL_WEAKEST_LINK: weakest-link OL difference -2.623 points,TE1_DIFFERENCE: TE1 difference +2.309 points,OL_STRONGEST_PLAYER: strongest OL difference +2.121 points,RSM-v2-candidate-stage7c-anomaly-experimental
2023,9,2023_09_IND_CAR,2023-11-05T16:05,IND,CAR,-14.0,2.8571208348222763,-1.5,4.357120834822276,4.357120834822276,HOME,AWAY,MODEL_MORE_HOME,-1.5,,,HIGH,3,0,4.357120834822276,False,,LOSS,OL_RUN_VS_FRONT: OL run blocking versus front -1.338 points,OL_VS_PASS_RUSH: OL versus pass rush +1.198 points,OL_WEAKEST_LINK: weakest-link OL difference +0.668 points,RSM-v2-candidate-stage7c-anomaly-experimental
2023,9,2023_09_LAC_NYJ,2023-11-06T20:15,LAC,NYJ,-21.0,-1.658105430675973,-3.0,1.341894569324027,1.341894569324027,HOME,AWAY,MODEL_MORE_HOME,-3.0,,,HIGH,1,2,0.8945963795493512,False,,LOSS,OL_RUN_VS_FRONT: OL run blocking versus front -1.820 points,OL_WEAKEST_LINK: weakest-link OL difference +1.525 points,TE1_DIFFERENCE: TE1 difference -1.405 points,RSM-v2-candidate-stage7c-anomaly-experimental
2023,9,2023_09_LA_GB,2023-11-05T13:00,LA,GB,17.0,-0.7220656061697954,3.5,-4.222065606169796,4.222065606169796,AWAY,HOME,MODEL_MORE_AWAY,3.5,,,HIGH,3,0,4.222065606169796,False,,LOSS,OL_STRONGEST_PLAYER: strongest OL difference -2.792 points,OL_VS_PASS_RUSH: OL versus pass rush +1.146 points,TE1_DIFFERENCE: TE1 difference -1.380 points,RSM-v2-candidate-stage7c-anomaly-experimental
2023,9,2023_09_MIA_KC,2023-11-05T09:30,MIA,KC,7.0,6.8853761273454674,1.0,5.8853761273454674,5.8853761273454674,HOME,HOME,MODEL_MORE_HOME,1.0,,,HIGH,3,1,5.149704111427284,True,TOP_20_PERCENT,WIN,TE1_DIFFERENCE: TE1 difference +2.448 points,OL_RUN_VS_FRONT: OL run blocking versus front -2.127 points,OL_WEAKEST_LINK: weakest-link OL difference +2.277 points,RSM-v2-candidate-stage7c-anomaly-experimental
2023,9,2023_09_MIN_ATL,2023-11-05T13:00,MIN,ATL,-3.0,-0.3647080630116033,3.5,-3.8647080630116033,3.8647080630116033,AWAY,HOME,MODEL_MORE_AWAY,3.5,,,HIGH,1,0,3.8647080630116033,False,,WIN,RECEIVERS_VS_SECONDARY: receivers versus secondary -1.522 points,OL_STRONGEST_PLAYER: strongest OL difference +1.240 points,WR2_DIFFERENCE: WR2 difference -1.426 points,RSM-v2-candidate-stage7c-anomaly-experimental
2023,9,2023_09_NYG_LV,2023-11-05T16:25,NYG,LV,24.0,5.023842393332433,1.0,4.023842393332433,4.023842393332433,HOME,HOME,MODEL_MORE_HOME,1.0,,,HIGH,2,1,3.3532019944436944,False,,WIN,OL_WEAKEST_LINK: weakest-link OL difference -1.971 points,TE1_DIFFERENCE: TE1 difference +1.512 points,OL_STRONGEST_PLAYER: strongest OL difference -0.983 points,RSM-v2-candidate-stage7c-anomaly-experimental
2023,9,2023_09_SEA_BAL,2023-11-05T13:00,SEA,BAL,34.0,9.351385630995075,6.0,3.3513856309950754,3.3513856309950754,HOME,HOME,MODEL_MORE_HOME,6.0,,,HIGH,3,0,3.3513856309950754,False,,WIN,OL_STRONGEST_PLAYER: strongest OL difference +3.525 points,OL_RUN_VS_FRONT: OL run blocking versus front -1.694 points,OL_VS_PASS_RUSH: OL versus pass rush +1.447 points,RSM-v2-candidate-stage7c-anomaly-experimental
2023,9,2023_09_TB_HOU,2023-11-05T13:00,TB,HOU,2.0,-1.542518939276671,2.5,-4.042518939276671,4.042518939276671,AWAY,HOME,MODEL_MORE_AWAY,2.5,,,HIGH,2,1,3.368765782730559,False,,WIN,WR2_DIFFERENCE: WR2 difference -1.620 points,QB_DIFFERENCE: QB difference +0.518 points,RECEIVERS_VS_SECONDARY: receivers versus secondary -1.350 points,RSM-v2-candidate-stage7c-anomaly-experimental
2023,9,2023_09_TEN_PIT,2023-11-02T20:15,TEN,PIT,4.0,0.18418081953406262,3.5,-3.3158191804659376,3.3158191804659376,AWAY,HOME,MODEL_MORE_AWAY,3.5,,,HIGH,2,1,2.763182650388281,False,,LOSS,OL_RUN_VS_FRONT: OL run blocking versus front -1.888 points,OL_VS_PASS_RUSH: OL versus pass rush +1.710 points,TE1_DIFFERENCE: TE1 difference -1.519 points,RSM-v2-candidate-stage7c-anomaly-experimental
2023,9,2023_09_WAS_NE,2023-11-05T13:00,WAS,NE,-3.0,3.613867197500341,2.5,1.113867197500341,1.113867197500341,HOME,HOME,MODEL_MORE_HOME,2.5,,,HIGH,2,1,0.9282226645836174,False,,LOSS,TE1_DIFFERENCE: TE1 difference +1.844 points,OL_STRONGEST_PLAYER: strongest OL difference -0.715 points,OL_WEAKEST_LINK: weakest-link OL difference -0.502 points,RSM-v2-candidate-stage7c-anomaly-experimental
2023,10,2023_10_ATL_ARI,2023-11-12T16:05,ATL,ARI,2.0,-2.2065004620403963,-2.0,-0.2065004620403963,0.2065004620403963,AWAY,AWAY,MODEL_MORE_AWAY,-2.0,,,HIGH,3,1,0.18068790428534676,False,,LOSS,OL_RUN_VS_FRONT: OL run blocking versus front +2.652 points,OL_STRONGEST_PLAYER: strongest OL difference -2.013 points,OL_VS_PASS_RUSH: OL versus pass rush -1.865 points,RSM-v2-candidate-stage7c-anomaly-experimental
2023,10,2023_10_CAR_CHI,2023-11-09T20:15,CAR,CHI,3.0,0.10167469139011076,3.0,-2.8983253086098895,2.8983253086098895,AWAY,HOME,MODEL_MORE_AWAY,3.0,,,HIGH,3,0,2.8983253086098895,False,,PUSH,TE1_DIFFERENCE: TE1 difference +1.285 points,RECEIVERS_VS_SECONDARY: receivers versus secondary -1.021 points,OL_RUN_VS_FRONT: OL run blocking versus front +0.630 points,RSM-v2-candidate-stage7c-anomaly-experimental
2023,10,2023_10_CLE_BAL,2023-11-12T13:00,CLE,BAL,-2.0,0.8260918784591651,6.0,-5.173908121540835,5.173908121540835,AWAY,HOME,MODEL_MORE_AWAY,6.0,,,HIGH,1,2,3.4492720810272233,False,,WIN,RECEIVER_REPLACEMENTS: receiver replacements -2.258 points,TE1_DIFFERENCE: TE1 difference +1.139 points,OL_VS_PASS_RUSH: OL versus pass rush -1.555 points,RSM-v2-candidate-stage7c-anomaly-experimental
2023,10,2023_10_DEN_BUF,2023-11-13T20:15,DEN,BUF,-2.0,8.878276808363392,7.5,1.3782768083633918,1.3782768083633918,HOME,HOME,MODEL_MORE_HOME,7.5,,,HIGH,4,0,1.3782768083633918,False,,LOSS,RECEIVERS_VS_SECONDARY: receivers versus secondary +1.868 points,OL_RUN_VS_FRONT: OL run blocking versus front -1.665 points,OL_STRONGEST_PLAYER: strongest OL difference +1.401 points,RSM-v2-candidate-stage7c-anomaly-experimental
2023,10,2023_10_DET_LAC,2023-11-12T16:05,DET,LAC,-3.0,-2.771918941871414,-2.5,-0.2719189418714141,0.2719189418714141,AWAY,AWAY,MODEL_MORE_AWAY,-2.5,,,HIGH,2,1,0.22659911822617837,False,,WIN,OL_WEAKEST_LINK: weakest-link OL difference -3.040 points,OL_RUN_VS_FRONT: OL run blocking versus front +0.673 points,TE1_DIFFERENCE: TE1 difference -1.203 points,RSM-v2-candidate-stage7c-anomaly-experimental
2023,10,2023_10_GB_PIT,2023-11-12T13:00,GB,PIT,4.0,-0.6131749781895262,3.0,-3.613174978189526,3.613174978189526,AWAY,HOME,MODEL_MORE_AWAY,3.0,,,HIGH,1,2,2.4087833187930174,False,,LOSS,OL_RUN_VS_FRONT: OL run blocking versus front -2.653 points,OL_STRONGEST_PLAYER: strongest OL difference +1.487 points,TE1_DIFFERENCE: TE1 difference -1.752 points,RSM-v2-candidate-stage7c-anomaly-experimental
2023,10,2023_10_HOU_CIN,2023-11-12T13:00,HOU,CIN,-3.0,0.6903749933258432,5.5,-4.809625006674157,4.809625006674157,AWAY,HOME,MODEL_MORE_AWAY,5.5,,,HIGH,2,1,4.00802083889513,False,,WIN,TE1_DIFFERENCE: TE1 difference -2.040 points,OL_WEAKEST_LINK: weakest-link OL difference +1.536 points,OL_STRONGEST_PLAYER: strongest OL difference -0.896 points,RSM-v2-candidate-stage7c-anomaly-experimental
2023,10,2023_10_IND_NE,2023-11-12T09:30,IND,NE,-4.0,5.645225423821154,-1.0,6.645225423821154,6.645225423821154,HOME,AWAY,MODEL_MORE_HOME,-1.0,,,HIGH,2,1,5.537687853184295,True,TOP_20_PERCENT,LOSS,TE1_DIFFERENCE: TE1 difference +2.362 points,OL_WEAKEST_LINK: weakest-link OL difference -0.994 points,RECEIVERS_VS_SECONDARY: receivers versus secondary +1.066 points,RSM-v2-candidate-stage7c-anomaly-experimental
2023,10,2023_10_NO_MIN,2023-11-12T13:00,NO,MIN,8.0,3.5288591057446963,-3.0,6.528859105744696,6.528859105744696,HOME,AWAY,MODEL_MORE_HOME,-3.0,,,HIGH,1,1,4.896644329308522,False,,WIN,WR2_DIFFERENCE: WR2 difference +1.778 points,QB_DIFFERENCE: QB difference -0.789 points,TE1_DIFFERENCE: TE1 difference +0.804 points,RSM-v2-candidate-stage7c-anomaly-experimental
2023,10,2023_10_NYG_DAL,2023-11-12T16:25,NYG,DAL,32.0,10.449911708863498,17.5,-7.050088291136502,7.050088291136502,AWAY,HOME,MODEL_MORE_AWAY,17.5,,,HIGH,0,3,3.525044145568251,False,,LOSS,QB_VS_PASS_RUSH: QB versus pass rush +1.937 points,OL_RUN_VS_FRONT: OL run blocking versus front -0.617 points,OL_VS_PASS_RUSH: OL versus pass rush +1.871 points,RSM-v2-candidate-stage7c-anomaly-experimental
2023,10,2023_10_NYJ_LV,2023-11-12T20:20,NYJ,LV,4.0,6.673516741640133,-1.0,7.673516741640133,7.673516741640133,HOME,AWAY,MODEL_MORE_HOME,-1.0,,,HIGH,3,0,7.673516741640133,True,TOP_5_PERCENT,WIN,TE1_DIFFERENCE: TE1 difference +2.086 points,OL_STRONGEST_PLAYER: strongest OL difference -1.510 points,QB_VS_PASS_RUSH: QB versus pass rush +1.057 points,RSM-v2-candidate-stage7c-anomaly-experimental
2023,10,2023_10_SF_JAX,2023-11-12T13:00,SF,JAX,-31.0,-2.2126987817324375,-3.0,0.7873012182675625,0.7873012182675625,HOME,AWAY,MODEL_MORE_HOME,-3.0,,,HIGH,1,3,0.49206326141722656,False,,LOSS,TE1_DIFFERENCE: TE1 difference -3.086 points,OL_WEAKEST_LINK: weakest-link OL difference +1.486 points,RECEIVERS_VS_SECONDARY: receivers versus secondary -1.032 points,RSM-v2-candidate-stage7c-anomaly-experimental
2023,10,2023_10_TEN_TB,2023-11-12T13:00,TEN,TB,14.0,4.867617528876182,2.5,2.367617528876182,2.367617528876182,HOME,HOME,MODEL_MORE_HOME,2.5,,,HIGH,2,1,1.9730146073968182,False,,WIN,OL_STRONGEST_PLAYER: strongest OL difference +3.025 points,OL_RUN_VS_FRONT: OL run blocking versus front -1.701 points,OL_WEAKEST_LINK: weakest-link OL difference +1.564 points,RSM-v2-candidate-stage7c-anomaly-experimental
2023,10,2023_10_WAS_SEA,2023-11-12T16:25,WAS,SEA,3.0,0.2783828786628244,6.0,-5.721617121337175,5.721617121337175,AWAY,HOME,MODEL_MORE_AWAY,6.0,,,HIGH,1,2,3.814411414224783,False,,WIN,OL_STRONGEST_PLAYER: strongest OL difference -3.763 points,TE1_DIFFERENCE: TE1 difference +1.608 points,QB_VS_PASS_RUSH: QB versus pass rush +0.566 points,RSM-v2-candidate-stage7c-anomaly-experimental
2023,11,2023_11_ARI_HOU,2023-11-19T13:00,ARI,HOU,5.0,5.209896808419387,5.5,-0.29010319158061293,0.29010319158061293,AWAY,HOME,MODEL_MORE_AWAY,5.5,,,HIGH,2,2,0.2175773936854597,False,,WIN,OL_RUN_VS_FRONT: OL run blocking versus front -1.627 points,WR2_DIFFERENCE: WR2 difference +1.398 points,QB_VS_PASS_RUSH: QB versus pass rush +1.116 points,RSM-v2-candidate-stage7c-anomaly-experimental
2023,11,2023_11_CHI_DET,2023-11-19T13:00,CHI,DET,5.0,8.409698077601444,8.0,0.40969807760144406,0.40969807760144406,HOME,HOME,MODEL_MORE_HOME,8.0,,,HIGH,3,0,0.40969807760144406,False,,LOSS,OL_WEAKEST_LINK: weakest-link OL difference +1.912 points,OL_VS_PASS_RUSH: OL versus pass rush -1.069 points,RECEIVERS_VS_SECONDARY: receivers versus secondary +1.709 points,RSM-v2-candidate-stage7c-anomaly-experimental
2023,11,2023_11_CIN_BAL,2023-11-16T20:15,CIN,BAL,14.0,4.742668359451372,4.0,0.7426683594513719,0.7426683594513719,HOME,HOME,MODEL_MORE_HOME,4.0,,,HIGH,2,2,0.5570012695885289,False,,WIN,TE1_DIFFERENCE: TE1 difference +3.962 points,WR2_DIFFERENCE: WR2 difference -1.620 points,RECEIVERS_VS_SECONDARY: receivers versus secondary +1.374 points,RSM-v2-candidate-stage7c-anomaly-experimental
2023,11,2023_11_DAL_CAR,2023-11-19T13:00,DAL,CAR,-23.0,-5.639924637142074,-11.0,5.360075362857926,5.360075362857926,HOME,AWAY,MODEL_MORE_HOME,-11.0,,,HIGH,0,3,2.680037681428963,False,,LOSS,OL_WEAKEST_LINK: weakest-link OL difference -1.551 points,WR1_DIFFERENCE: WR1 difference +0.584 points,QB_VS_PASS_RUSH: QB versus pass rush -1.214 points,RSM-v2-candidate-stage7c-anomaly-experimental
2023,11,2023_11_LAC_GB,2023-11-19T13:00,LAC,GB,3.0,0.15539029902783108,-3.0,3.155390299027831,3.155390299027831,HOME,AWAY,MODEL_MORE_HOME,-3.0,,,HIGH,2,1,2.6294919158565255,False,,WIN,OL_WEAKEST_LINK: weakest-link OL difference +1.901 points,OL_STRONGEST_PLAYER: strongest OL difference -1.624 points,QB_VS_PASS_RUSH: QB versus pass rush -0.974 points,RSM-v2-candidate-stage7c-anomaly-experimental
2023,11,2023_11_LV_MIA,2023-11-19T13:00,LV,MIA,7.0,2.496978816597813,14.0,-11.503021183402186,11.503021183402186,AWAY,HOME,MODEL_MORE_AWAY,14.0,,,HIGH,1,2,7.6686807889347905,False,,WIN,OL_WEAKEST_LINK: weakest-link OL difference -2.380 points,WR2_DIFFERENCE: WR2 difference +1.222 points,QB_DIFFERENCE: QB difference +1.033 points,RSM-v2-candidate-stage7c-anomaly-experimental
2023,11,2023_11_MIN_DEN,2023-11-19T20:20,MIN,DEN,1.0,-0.8994073376560201,2.5,-3.39940733765602,3.39940733765602,AWAY,HOME,MODEL_MORE_AWAY,2.5,,,HIGH,2,1,2.832839448046683,False,,WIN,WR2_DIFFERENCE: WR2 difference -1.119 points,QB_DIFFERENCE: QB difference +0.765 points,RECEIVERS_VS_SECONDARY: receivers versus secondary -1.099 points,RSM-v2-candidate-stage7c-anomaly-experimental
2023,11,2023_11_NYG_WAS,2023-11-19T13:00,NYG,WAS,-12.0,4.282114785679646,7.5,-3.2178852143203542,3.2178852143203542,AWAY,HOME,MODEL_MORE_AWAY,7.5,,,HIGH,0,3,1.6089426071601771,False,,WIN,WR2_DIFFERENCE: WR2 difference +1.265 points,TE1_DIFFERENCE: TE1 difference -0.859 points,OL_STRONGEST_PLAYER: strongest OL difference +0.909 points,RSM-v2-candidate-stage7c-anomaly-experimental
2023,11,2023_11_NYJ_BUF,2023-11-19T16:25,NYJ,BUF,26.0,11.712534441490163,8.0,3.7125344414901633,3.7125344414901633,HOME,HOME,MODEL_MORE_HOME,8.0,,,HIGH,3,0,3.7125344414901633,False,,WIN,OL_WEAKEST_LINK: weakest-link OL difference +2.143 points,OL_RUN_VS_FRONT: OL run blocking versus front -1.858 points,RECEIVERS_VS_SECONDARY: receivers versus secondary +1.811 points,RSM-v2-candidate-stage7c-anomaly-experimental
2023,11,2023_11_PHI_KC,2023-11-20T20:15,PHI,KC,-4.0,3.0834132500334306,2.5,0.5834132500334306,0.5834132500334306,HOME,HOME,MODEL_MORE_HOME,2.5,,,HIGH,2,0,0.5834132500334306,False,,LOSS,OL_WEAKEST_LINK: weakest-link OL difference +2.661 points,OL_VS_PASS_RUSH: OL versus pass rush -1.654 points,QB_VS_COVERAGE: QB versus coverage +0.809 points,RSM-v2-candidate-stage7c-anomaly-experimental
2023,11,2023_11_PIT_CLE,2023-11-19T13:00,PIT,CLE,3.0,11.018704106419468,2.5,8.518704106419468,8.518704106419468,HOME,HOME,MODEL_MORE_HOME,2.5,,,HIGH,4,0,8.518704106419468,True,TOP_5_PERCENT,WIN,OL_WEAKEST_LINK: weakest-link OL difference +3.114 points,OL_RUN_VS_FRONT: OL run blocking versus front -0.371 points,TE1_DIFFERENCE: TE1 difference +2.346 points,RSM-v2-candidate-stage7c-anomaly-experimental
2023,11,2023_11_SEA_LA,2023-11-19T16:25,SEA,LA,1.0,4.464962306818313,2.5,1.9649623068183129,1.9649623068183129,HOME,HOME,MODEL_MORE_HOME,2.5,,,HIGH,1,1,1.4737217301137346,False,,LOSS,OL_STRONGEST_PLAYER: strongest OL difference +2.966 points,RECEIVERS_VS_SECONDARY: receivers versus secondary -0.483 points,OL_WEAKEST_LINK: weakest-link OL difference +0.592 points,RSM-v2-candidate-stage7c-anomaly-experimental
2023,11,2023_11_TB_SF,2023-11-19T16:05,TB,SF,13.0,6.40676370140691,13.5,-7.09323629859309,7.09323629859309,AWAY,HOME,MODEL_MORE_AWAY,13.5,,,HIGH,1,3,4.433272686620681,False,,WIN,TE1_DIFFERENCE: TE1 difference +3.385 points,OL_WEAKEST_LINK: weakest-link OL difference -1.147 points,QB_VS_PASS_RUSH: QB versus pass rush +1.212 points,RSM-v2-candidate-stage7c-anomaly-experimental
2023,11,2023_11_TEN_JAX,2023-11-19T13:00,TEN,JAX,20.0,2.2057828266582225,6.5,-4.294217173341778,4.294217173341778,AWAY,HOME,MODEL_MORE_AWAY,6.5,,,HIGH,2,1,3.578514311118148,False,,LOSS,OL_STRONGEST_PLAYER: strongest OL difference +2.168 points,OL_WEAKEST_LINK: weakest-link OL difference -1.267 points,OL_RUN_VS_FRONT: OL run blocking versus front -0.839 points,RSM-v2-candidate-stage7c-anomaly-experimental
2023,12,2023_12_BAL_LAC,2023-11-26T20:20,BAL,LAC,-10.0,-1.691424860691384,-3.0,1.308575139308616,1.308575139308616,HOME,AWAY,MODEL_MORE_HOME,-3.0,,,HIGH,1,2,0.8723834262057439,False,,LOSS,OL_RUN_VS_FRONT: OL run blocking versus front +1.507 points,OL_WEAKEST_LINK: weakest-link OL difference -1.437 points,TE1_DIFFERENCE: TE1 difference -1.411 points,RSM-v2-candidate-stage7c-anomaly-experimental
2023,12,2023_12_BUF_PHI,2023-11-26T16:25,BUF,PHI,3.0,1.7680656208145156,2.5,-0.7319343791854844,0.7319343791854844,AWAY,HOME,MODEL_MORE_AWAY,2.5,,,HIGH,1,2,0.48795625279032295,False,,LOSS,TE1_DIFFERENCE: TE1 difference +2.362 points,OL_WEAKEST_LINK: weakest-link OL difference -1.916 points,RECEIVERS_VS_SECONDARY: receivers versus secondary -1.411 points,RSM-v2-candidate-stage7c-anomaly-experimental
2023,12,2023_12_CAR_TEN,2023-11-26T13:00,CAR,TEN,7.0,1.495307397976028,3.5,-2.004692602023972,2.004692602023972,AWAY,HOME,MODEL_MORE_AWAY,3.5,,,HIGH,1,2,1.336461734682648,False,,LOSS,OL_RUN_VS_FRONT: OL run blocking versus front +1.936 points,OL_STRONGEST_PLAYER: strongest OL difference -1.832 points,OL_WEAKEST_LINK: weakest-link OL difference -1.395 points,RSM-v2-candidate-stage7c-anomaly-experimental
2023,12,2023_12_CHI_MIN,2023-11-27T20:15,CHI,MIN,-2.0,5.692015755433606,3.0,2.692015755433606,2.692015755433606,HOME,HOME,MODEL_MORE_HOME,3.0,,,HIGH,2,0,2.692015755433606,False,,LOSS,RECEIVER_REPLACEMENTS: receiver replacements -2.258 points,RECEIVERS_VS_SECONDARY: receivers versus secondary +2.032 points,OL_STRONGEST_PLAYER: strongest OL difference +1.865 points,RSM-v2-candidate-stage7c-anomaly-experimental
2023,12,2023_12_CLE_DEN,2023-11-26T16:05,CLE,DEN,17.0,-0.8537627311063694,1.5,-2.3537627311063694,2.3537627311063694,AWAY,HOME,MODEL_MORE_AWAY,1.5,,,HIGH,2,1,1.961468942588641,False,,LOSS,RECEIVER_REPLACEMENTS: receiver replacements -2.258 points,WR2_DIFFERENCE: WR2 difference +1.523 points,OL_STRONGEST_PLAYER: strongest OL difference -2.009 points,RSM-v2-candidate-stage7c-anomaly-experimental
2023,12,2023_12_GB_DET,2023-11-23T12:30,GB,DET,-7.0,7.67580369917211,8.5,-0.8241963008278903,0.8241963008278903,AWAY,HOME,MODEL_MORE_AWAY,8.5,,,HIGH,0,3,0.41209815041394515,False,,WIN,OL_STRONGEST_PLAYER: strongest OL difference +1.904 points,OL_RUN_VS_FRONT: OL run blocking versus front -1.084 points,WR2_DIFFERENCE: WR2 difference +1.110 points,RSM-v2-candidate-stage7c-anomaly-experimental
2023,12,2023_12_JAX_HOU,2023-11-26T13:00,JAX,HOU,-3.0,4.0254948674564055,-1.0,5.0254948674564055,5.0254948674564055,HOME,AWAY,MODEL_MORE_HOME,-1.0,,,HIGH,3,0,5.0254948674564055,True,TOP_20_PERCENT,LOSS,OL_WEAKEST_LINK: weakest-link OL difference +0.965 points,OL_RUN_VS_FRONT: OL run blocking versus front -0.843 points,TE1_DIFFERENCE: TE1 difference +0.820 points,RSM-v2-candidate-stage7c-anomaly-experimental
2023,12,2023_12_KC_LV,2023-11-26T16:25,KC,LV,-14.0,-5.300090866927729,-9.0,3.6999091330722713,3.6999091330722713,HOME,AWAY,MODEL_MORE_HOME,-9.0,,,HIGH,0,3,1.8499545665361357,False,,LOSS,OL_RUN_VS_FRONT: OL run blocking versus front +1.966 points,QB_DIFFERENCE: QB difference -1.483 points,QB_VS_COVERAGE: QB versus coverage -1.411 points,RSM-v2-candidate-stage7c-anomaly-experimental
2023,12,2023_12_LA_ARI,2023-11-26T16:05,LA,ARI,-23.0,0.08040656479390074,-3.0,3.0804065647939005,3.0804065647939005,HOME,AWAY,MODEL_MORE_HOME,-3.0,,,HIGH,1,2,2.053604376529267,False,,LOSS,WR2_DIFFERENCE: WR2 difference -1.116 points,RECEIVERS_VS_SECONDARY: receivers versus secondary +0.512 points,QB_VS_PASS_RUSH: QB versus pass rush -0.609 points,RSM-v2-candidate-stage7c-anomaly-experimental
2023,12,2023_12_MIA_NYJ,2023-11-24T15:00,MIA,NYJ,-21.0,-1.8561066210849528,-9.5,7.643893378915047,7.643893378915047,HOME,AWAY,MODEL_MORE_HOME,-9.5,,,HIGH,1,2,5.095928919276698,False,,LOSS,OL_STRONGEST_PLAYER: strongest OL difference +2.305 points,TE1_DIFFERENCE: TE1 difference -1.498 points,OL_RUN_VS_FRONT: OL run blocking versus front -1.285 points,RSM-v2-candidate-stage7c-anomaly-experimental
2023,12,2023_12_NE_NYG,2023-11-26T13:00,NE,NYG,3.0,-1.2457120015079504,-4.5,3.2542879984920496,3.2542879984920496,HOME,AWAY,MODEL_MORE_HOME,-4.5,,,HIGH,1,2,2.169525332328033,False,,WIN,OL_RUN_VS_FRONT: OL run blocking versus front -1.015 points,OL_WEAKEST_LINK: weakest-link OL difference +0.979 points,RECEIVERS_VS_SECONDARY: receivers versus secondary -0.813 points,RSM-v2-candidate-stage7c-anomaly-experimental
2023,12,2023_12_NO_ATL,2023-11-26T13:00,NO,ATL,9.0,1.580520252342994,-2.0,3.580520252342994,3.580520252342994,HOME,AWAY,MODEL_MORE_HOME,-2.0,,,HIGH,1,1,2.6853901892572454,False,,WIN,OL_STRONGEST_PLAYER: strongest OL difference +1.161 points,OL_RUN_VS_FRONT: OL run blocking versus front -0.898 points,TE1_DIFFERENCE: TE1 difference +0.810 points,RSM-v2-candidate-stage7c-anomaly-experimental
2023,12,2023_12_PIT_CIN,2023-11-26T13:00,PIT,CIN,-6.0,8.581194004848953,-2.0,10.581194004848953,10.581194004848953,HOME,AWAY,MODEL_MORE_HOME,-2.0,,,HIGH,3,0,10.581194004848953,True,TOP_5_PERCENT,LOSS,OL_WEAKEST_LINK: weakest-link OL difference +3.407 points,TE1_DIFFERENCE: TE1 difference -1.352 points,WR2_DIFFERENCE: WR2 difference +1.940 points,RSM-v2-candidate-stage7c-anomaly-experimental
2023,12,2023_12_SF_SEA,2023-11-23T20:20,SF,SEA,-18.0,-6.135364100586135,-7.0,0.864635899413865,0.864635899413865,HOME,AWAY,MODEL_MORE_HOME,-7.0,,,HIGH,0,3,0.4323179497069325,False,,LOSS,TE1_DIFFERENCE: TE1 difference -2.816 points,OL_RUN_VS_FRONT: OL run blocking versus front +1.285 points,OL_STRONGEST_PLAYER: strongest OL difference -2.639 points,RSM-v2-candidate-stage7c-anomaly-experimental
2023,12,2023_12_TB_IND,2023-11-26T13:00,TB,IND,7.0,1.5040975473274636,2.5,-0.9959024526725364,0.9959024526725364,AWAY,HOME,MODEL_MORE_AWAY,2.5,,,HIGH,2,1,0.829918710560447,False,,LOSS,OL_STRONGEST_PLAYER: strongest OL difference +1.409 points,WR2_DIFFERENCE: WR2 difference -1.040 points,OL_WEAKEST_LINK: weakest-link OL difference +1.185 points,RSM-v2-candidate-stage7c-anomaly-experimental
2023,12,2023_12_WAS_DAL,2023-11-23T16:30,WAS,DAL,35.0,8.15178700139164,13.0,-4.848212998608361,4.848212998608361,AWAY,HOME,MODEL_MORE_AWAY,13.0,,,HIGH,0,3,2.4241064993041803,False,,LOSS,OL_VS_PASS_RUSH: OL versus pass rush +2.210 points,OL_STRONGEST_PLAYER: strongest OL difference -1.927 points,QB_VS_PASS_RUSH: QB versus pass rush +2.020 points,RSM-v2-candidate-stage7c-anomaly-experimental
2023,13,2023_13_ARI_PIT,2023-12-03T13:00,ARI,PIT,-14.0,0.840158446321073,6.0,-5.159841553678927,5.159841553678927,AWAY,HOME,MODEL_MORE_AWAY,6.0,,,HIGH,2,1,4.299867961399105,False,,WIN,OL_VS_PASS_RUSH: OL versus pass rush +3.110 points,OL_RUN_VS_FRONT: OL run blocking versus front -2.428 points,OL_WEAKEST_LINK: weakest-link OL difference -2.141 points,RSM-v2-candidate-stage7c-anomaly-experimental
2023,13,2023_13_ATL_NYJ,2023-12-03T13:00,ATL,NYJ,-5.0,-1.4493944266932002,-2.0,0.5506055733067998,0.5506055733067998,HOME,AWAY,MODEL_MORE_HOME,-2.0,,,HIGH,0,3,0.2753027866533999,False,,LOSS,TE1_DIFFERENCE: TE1 difference -1.606 points,OL_RUN_VS_FRONT: OL run blocking versus front +1.029 points,OL_WEAKEST_LINK: weakest-link OL difference -1.409 points,RSM-v2-candidate-stage7c-anomaly-experimental
2023,13,2023_13_CAR_TB,2023-12-03T16:05,CAR,TB,3.0,3.107951205784632,4.0,-0.8920487942153681,0.8920487942153681,AWAY,HOME,MODEL_MORE_AWAY,4.0,,,HIGH,1,2,0.5946991961435787,False,,WIN,OL_STRONGEST_PLAYER: strongest OL difference -1.187 points,RECEIVERS_VS_SECONDARY: receivers versus secondary +1.028 points,OL_RUN_VS_FRONT: OL run blocking versus front +1.017 points,RSM-v2-candidate-stage7c-anomaly-experimental
2023,13,2023_13_CIN_JAX,2023-12-04T20:15,CIN,JAX,-3.0,1.043402200937038,10.0,-8.956597799062962,8.956597799062962,AWAY,HOME,MODEL_MORE_AWAY,10.0,,,HIGH,2,1,7.463831499219134,True,TOP_5_PERCENT,WIN,OL_WEAKEST_LINK: weakest-link OL difference -2.662 points,TE1_DIFFERENCE: TE1 difference +1.561 points,OL_RUN_VS_FRONT: OL run blocking versus front +1.327 points,RSM-v2-candidate-stage7c-anomaly-experimental
2023,13,2023_13_CLE_LA,2023-12-03T16:25,CLE,LA,17.0,0.8543545993140236,3.5,-2.6456454006859764,2.6456454006859764,AWAY,HOME,MODEL_MORE_AWAY,3.5,,,HIGH,2,2,1.9842340505144822,False,,LOSS,OL_VS_PASS_RUSH: OL versus pass rush -2.666 points,WR2_DIFFERENCE: WR2 difference +1.514 points,QB_VS_PASS_RUSH: QB versus pass rush -1.216 points,RSM-v2-candidate-stage7c-anomaly-experimental
2023,13,2023_13_DEN_HOU,2023-12-03T13:00,DEN,HOU,5.0,3.238514815893219,3.5,-0.2614851841067809,0.2614851841067809,AWAY,HOME,MODEL_MORE_AWAY,3.5,,,HIGH,0,2,0.13074259205339045,False,,LOSS,OL_STRONGEST_PLAYER: strongest OL difference +1.735 points,OL_WEAKEST_LINK: weakest-link OL difference -1.181 points,QB_DIFFERENCE: QB difference +0.448 points,RSM-v2-candidate-stage7c-anomaly-experimental
2023,13,2023_13_DET_NO,2023-12-03T13:00,DET,NO,-5.0,-0.7013358178473155,-4.0,3.2986641821526845,3.2986641821526845,HOME,AWAY,MODEL_MORE_HOME,-4.0,,,HIGH,2,1,2.74888681846057,False,,LOSS,TE1_DIFFERENCE: TE1 difference -1.932 points,WR1_DIFFERENCE: WR1 difference +0.375 points,WR2_DIFFERENCE: WR2 difference -1.332 points,RSM-v2-candidate-stage7c-anomaly-experimental
2023,13,2023_13_IND_TEN,2023-12-03T13:00,IND,TEN,-3.0,1.3368908719439578,-1.5,2.836890871943958,2.836890871943958,HOME,AWAY,MODEL_MORE_HOME,-1.5,,,HIGH,3,2,2.2695126975551663,False,,LOSS,OL_STRONGEST_PLAYER: strongest OL difference -2.009 points,OL_RUN_VS_FRONT: OL run blocking versus front +0.762 points,OL_WEAKEST_LINK: weakest-link OL difference -1.810 points,RSM-v2-candidate-stage7c-anomaly-experimental
2023,13,2023_13_KC_GB,2023-12-03T20:20,KC,GB,8.0,-6.898690701671644,-5.5,-1.3986907016716437,1.3986907016716437,AWAY,AWAY,MODEL_MORE_AWAY,-5.5,,,HIGH,3,0,1.3986907016716437,False,,LOSS,OL_STRONGEST_PLAYER: strongest OL difference -2.312 points,OL_RUN_VS_FRONT: OL run blocking versus front +2.245 points,TE1_DIFFERENCE: TE1 difference -1.752 points,RSM-v2-candidate-stage7c-anomaly-experimental
2023,13,2023_13_LAC_NE,2023-12-03T13:00,LAC,NE,-6.0,1.436994621324251,-4.5,5.936994621324251,5.936994621324251,HOME,AWAY,MODEL_MORE_HOME,-4.5,,,HIGH,1,2,3.957996414216167,False,,LOSS,WR2_DIFFERENCE: WR2 difference -1.763 points,OL_STRONGEST_PLAYER: strongest OL difference +0.889 points,TE1_DIFFERENCE: TE1 difference +0.755 points,RSM-v2-candidate-stage7c-anomaly-experimental
2023,13,2023_13_MIA_WAS,2023-12-03T13:00,MIA,WAS,-30.0,-0.8511282527135289,-8.5,7.648871747286471,7.648871747286471,HOME,AWAY,MODEL_MORE_HOME,-8.5,,,HIGH,1,3,4.780544842054044,False,,LOSS,OL_STRONGEST_PLAYER: strongest OL difference +2.447 points,QB_VS_PASS_RUSH: QB versus pass rush -1.457 points,OL_WEAKEST_LINK: weakest-link OL difference +1.739 points,RSM-v2-candidate-stage7c-anomaly-experimental
2023,13,2023_13_SEA_DAL,2023-11-30T20:15,SEA,DAL,6.0,9.828117991104142,9.5,0.32811799110414164,0.32811799110414164,HOME,HOME,MODEL_MORE_HOME,9.5,,,HIGH,2,0,0.32811799110414164,False,,LOSS,OL_STRONGEST_PLAYER: strongest OL difference +2.891 points,OL_RUN_VS_FRONT: OL run blocking versus front -0.921 points,OL_VS_PASS_RUSH: OL versus pass rush +1.961 points,RSM-v2-candidate-stage7c-anomaly-experimental
2023,13,2023_13_SF_PHI,2023-12-03T16:25,SF,PHI,-23.0,3.3282160405070655,-3.0,6.3282160405070655,6.3282160405070655,HOME,AWAY,MODEL_MORE_HOME,-3.0,,,HIGH,2,1,5.273513367089221,True,TOP_20_PERCENT,LOSS,OL_VS_PASS_RUSH: OL versus pass rush +1.138 points,TE1_DIFFERENCE: TE1 difference -0.604 points,WR2_DIFFERENCE: WR2 difference +0.964 points,RSM-v2-candidate-stage7c-anomaly-experimental
2023,14,2023_14_BUF_KC,2023-12-10T16:25,BUF,KC,-3.0,1.3704631484402383,2.0,-0.6295368515597617,0.6295368515597617,AWAY,HOME,MODEL_MORE_AWAY,2.0,,,HIGH,2,1,0.5246140429664681,False,,WIN,TE1_DIFFERENCE: TE1 difference +2.343 points,WR2_DIFFERENCE: WR2 difference -1.836 points,RECEIVERS_VS_SECONDARY: receivers versus secondary -1.205 points,RSM-v2-candidate-stage7c-anomaly-experimental
2023,14,2023_14_CAR_NO,2023-12-10T13:00,CAR,NO,22.0,8.258429123565358,5.5,2.7584291235653584,2.7584291235653584,HOME,HOME,MODEL_MORE_HOME,5.5,,,HIGH,4,0,2.7584291235653584,False,,WIN,RECEIVER_REPLACEMENTS: receiver replacements +2.266 points,OL_VS_PASS_RUSH: OL versus pass rush -0.552 points,OL_WEAKEST_LINK: weakest-link OL difference +2.140 points,RSM-v2-candidate-stage7c-anomaly-experimental
2023,14,2023_14_DEN_LAC,2023-12-10T16:25,DEN,LAC,-17.0,1.921206119818927,3.0,-1.078793880181073,1.078793880181073,AWAY,HOME,MODEL_MORE_AWAY,3.0,,,HIGH,2,2,0.8090954101358048,False,,WIN,OL_WEAKEST_LINK: weakest-link OL difference -1.776 points,OL_RUN_VS_FRONT: OL run blocking versus front +0.903 points,QB_VS_PASS_RUSH: QB versus pass rush +0.398 points,RSM-v2-candidate-stage7c-anomaly-experimental
2023,14,2023_14_DET_CHI,2023-12-10T13:00,DET,CHI,15.0,-5.131237610719269,-3.0,-2.1312376107192694,2.1312376107192694,AWAY,AWAY,MODEL_MORE_AWAY,-3.0,,,HIGH,3,0,2.1312376107192694,False,,LOSS,OL_STRONGEST_PLAYER: strongest OL difference -2.332 points,OL_VS_PASS_RUSH: OL versus pass rush +1.357 points,OL_WEAKEST_LINK: weakest-link OL difference -1.746 points,RSM-v2-candidate-stage7c-anomaly-experimental
2023,14,2023_14_GB_NYG,2023-12-11T20:15,GB,NYG,2.0,0.6357815139775644,-6.0,6.635781513977564,6.635781513977564,HOME,AWAY,MODEL_MORE_HOME,-6.0,,,HIGH,0,2,3.317890756988782,False,,WIN,OL_STRONGEST_PLAYER: strongest OL difference +0.901 points,QB_VS_PASS_RUSH: QB versus pass rush -0.608 points,OL_RUN_VS_FRONT: OL run blocking versus front -0.583 points,RSM-v2-candidate-stage7c-anomaly-experimental
2023,14,2023_14_HOU_NYJ,2023-12-10T13:00,HOU,NYJ,24.0,-4.568320902380741,-3.5,-1.0683209023807407,1.0683209023807407,AWAY,AWAY,MODEL_MORE_AWAY,-3.5,,,HIGH,3,0,1.0683209023807407,False,,LOSS,TE1_DIFFERENCE: TE1 difference -1.842 points,OL_RUN_VS_FRONT: OL run blocking versus front +0.537 points,OL_WEAKEST_LINK: weakest-link OL difference -1.459 points,RSM-v2-candidate-stage7c-anomaly-experimental
2023,14,2023_14_IND_CIN,2023-12-10T13:00,IND,CIN,20.0,5.284750472718797,3.0,2.2847504727187973,2.2847504727187973,HOME,HOME,MODEL_MORE_HOME,3.0,,,HIGH,2,2,1.713562854539098,False,,WIN,OL_VS_PASS_RUSH: OL versus pass rush +1.842 points,TE1_DIFFERENCE: TE1 difference -1.361 points,QB_VS_PASS_RUSH: QB versus pass rush +1.418 points,RSM-v2-candidate-stage7c-anomaly-experimental
2023,14,2023_14_JAX_CLE,2023-12-10T13:00,JAX,CLE,4.0,2.0877041813329096,2.5,-0.4122958186670904,0.4122958186670904,AWAY,HOME,MODEL_MORE_AWAY,2.5,,,HIGH,1,2,0.2748638791113936,False,,LOSS,WR2_DIFFERENCE: WR2 difference -1.678 points,OL_VS_PASS_RUSH: OL versus pass rush +1.417 points,OL_RUN_VS_FRONT: OL run blocking versus front -1.620 points,RSM-v2-candidate-stage7c-anomaly-experimental
2023,14,2023_14_LA_BAL,2023-12-10T13:00,LA,BAL,6.0,1.4670401162272064,7.5,-6.032959883772794,6.032959883772794,AWAY,HOME,MODEL_MORE_AWAY,7.5,,,HIGH,1,2,4.021973255848529,False,,WIN,TE1_DIFFERENCE: TE1 difference -1.817 points,OL_VS_PASS_RUSH: OL versus pass rush +1.289 points,OL_RUN_VS_FRONT: OL run blocking versus front -1.497 points,RSM-v2-candidate-stage7c-anomaly-experimental
2023,14,2023_14_MIN_LV,2023-12-10T16:05,MIN,LV,-3.0,0.3727192131230255,-3.0,3.3727192131230255,3.3727192131230255,HOME,AWAY,MODEL_MORE_HOME,-3.0,,,HIGH,0,2,1.6863596065615127,False,,PUSH,RECEIVERS_VS_SECONDARY: receivers versus secondary -1.628 points,OL_RUN_VS_FRONT: OL run blocking versus front +0.900 points,TE1_DIFFERENCE: TE1 difference +0.739 points,RSM-v2-candidate-stage7c-anomaly-experimental
2023,14,2023_14_NE_PIT,2023-12-07T20:15,NE,PIT,-3.0,-3.9310929154326546,6.0,-9.931092915432654,9.931092915432654,AWAY,HOME,MODEL_MORE_AWAY,6.0,,,HIGH,2,1,8.275910762860544,True,TOP_5_PERCENT,WIN,OL_VS_PASS_RUSH: OL versus pass rush +1.672 points,OL_RUN_VS_FRONT: OL run blocking versus front -1.578 points,WR2_DIFFERENCE: WR2 difference -1.292 points,RSM-v2-candidate-stage7c-anomaly-experimental
2023,14,2023_14_PHI_DAL,2023-12-10T20:20,PHI,DAL,20.0,3.3761198235287067,3.5,-0.12388017647129335,0.12388017647129335,AWAY,HOME,MODEL_MORE_AWAY,3.5,,,HIGH,1,2,0.08258678431419555,False,,LOSS,OL_WEAKEST_LINK: weakest-link OL difference +2.098 points,TE1_DIFFERENCE: TE1 difference -1.619 points,WR2_DIFFERENCE: WR2 difference -0.797 points,RSM-v2-candidate-stage7c-anomaly-experimental
2023,14,2023_14_SEA_SF,2023-12-10T16:05,SEA,SF,12.0,11.296842901923085,14.5,-3.2031570980769146,3.2031570980769146,AWAY,HOME,MODEL_MORE_AWAY,14.5,,,HIGH,0,3,1.6015785490384573,False,,WIN,OL_STRONGEST_PLAYER: strongest OL difference +2.624 points,OL_RUN_VS_FRONT: OL run blocking versus front -1.270 points,TE1_DIFFERENCE: TE1 difference +2.433 points,RSM-v2-candidate-stage7c-anomaly-experimental
2023,14,2023_14_TB_ATL,2023-12-10T13:00,TB,ATL,-4.0,3.345000809743754,1.5,1.845000809743754,1.845000809743754,HOME,HOME,MODEL_MORE_HOME,1.5,,,HIGH,1,1,1.3837506073078156,False,,LOSS,OL_WEAKEST_LINK: weakest-link OL difference +1.639 points,RECEIVERS_VS_SECONDARY: receivers versus secondary -0.460 points,OL_VS_PASS_RUSH: OL versus pass rush +0.773 points,RSM-v2-candidate-stage7c-anomaly-experimental
2023,14,2023_14_TEN_MIA,2023-12-11T20:15,TEN,MIA,-1.0,5.978611501027593,14.0,-8.021388498972406,8.021388498972406,AWAY,HOME,MODEL_MORE_AWAY,14.0,,,HIGH,0,3,4.010694249486203,False,,WIN,WR2_DIFFERENCE: WR2 difference +1.392 points,WR1_DIFFERENCE: WR1 difference -0.793 points,RECEIVERS_VS_SECONDARY: receivers versus secondary +1.150 points,RSM-v2-candidate-stage7c-anomaly-experimental
2023,15,2023_15_ATL_CAR,2023-12-17T13:00,ATL,CAR,2.0,-4.923291882093071,-3.0,-1.9232918820930713,1.9232918820930713,AWAY,AWAY,MODEL_MORE_AWAY,-3.0,,,HIGH,4,0,1.9232918820930713,False,,LOSS,OL_WEAKEST_LINK: weakest-link OL difference -3.054 points,OL_REPLACEMENTS: OL replacement starters +0.287 points,TE1_DIFFERENCE: TE1 difference -1.411 points,RSM-v2-candidate-stage7c-anomaly-experimental
2023,15,2023_15_BAL_JAX,2023-12-17T20:20,BAL,JAX,-16.0,0.8557960161919936,-4.0,4.855796016191993,4.855796016191993,HOME,AWAY,MODEL_MORE_HOME,-4.0,,,HIGH,1,3,3.034872510119996,False,,LOSS,OL_WEAKEST_LINK: weakest-link OL difference -1.640 points,OL_RUN_VS_FRONT: OL run blocking versus front +1.498 points,OL_VS_PASS_RUSH: OL versus pass rush -0.658 points,RSM-v2-candidate-stage7c-anomaly-experimental
2023,15,2023_15_CHI_CLE,2023-12-17T13:00,CHI,CLE,3.0,4.59023561309256,3.0,1.5902356130925597,1.5902356130925597,HOME,HOME,MODEL_MORE_HOME,3.0,,,HIGH,2,1,1.3251963442437995,False,,PUSH,OL_STRONGEST_PLAYER: strongest OL difference +3.186 points,WR2_DIFFERENCE: WR2 difference -0.763 points,OL_RUN_VS_FRONT: OL run blocking versus front -0.668 points,RSM-v2-candidate-stage7c-anomaly-experimental
2023,15,2023_15_DAL_BUF,2023-12-17T16:25,DAL,BUF,21.0,2.1057918079831928,2.0,0.10579180798319276,0.10579180798319276,HOME,HOME,MODEL_MORE_HOME,2.0,,,HIGH,3,1,0.09256783198529367,False,,WIN,RECEIVERS_VS_SECONDARY: receivers versus secondary +1.959 points,OL_RUN_VS_FRONT: OL run blocking versus front -1.314 points,TE1_DIFFERENCE: TE1 difference -1.221 points,RSM-v2-candidate-stage7c-anomaly-experimental
2023,15,2023_15_DEN_DET,2023-12-16T20:15,DEN,DET,25.0,7.702934851285662,5.5,2.2029348512856624,2.2029348512856624,HOME,HOME,MODEL_MORE_HOME,5.5,,,HIGH,2,0,2.2029348512856624,False,,WIN,TE1_DIFFERENCE: TE1 difference +1.750 points,QB_VS_PASS_RUSH: QB versus pass rush -0.225 points,OL_WEAKEST_LINK: weakest-link OL difference +1.121 points,RSM-v2-candidate-stage7c-anomaly-experimental
2023,15,2023_15_HOU_TEN,2023-12-17T13:00,HOU,TEN,-3.0,-1.4078240839196923,3.0,-4.407824083919692,4.407824083919692,AWAY,HOME,MODEL_MORE_AWAY,3.0,,,HIGH,2,1,3.6731867365997433,False,,WIN,OL_STRONGEST_PLAYER: strongest OL difference -2.973 points,OL_RUN_VS_FRONT: OL run blocking versus front +1.781 points,OL_WEAKEST_LINK: weakest-link OL difference -1.557 points,RSM-v2-candidate-stage7c-anomaly-experimental
2023,15,2023_15_KC_NE,2023-12-17T13:00,KC,NE,-10.0,-4.492220553978304,-10.0,5.507779446021696,5.507779446021696,HOME,AWAY,MODEL_MORE_HOME,-10.0,,,HIGH,0,4,2.753889723010848,False,,PUSH,OL_WEAKEST_LINK: weakest-link OL difference -2.183 points,OL_RUN_VS_FRONT: OL run blocking versus front +1.592 points,QB_VS_COVERAGE: QB versus coverage -1.303 points,RSM-v2-candidate-stage7c-anomaly-experimental
2023,15,2023_15_LAC_LV,2023-12-14T20:15,LAC,LV,42.0,3.821317962390059,3.0,0.8213179623900588,0.8213179623900588,HOME,HOME,MODEL_MORE_HOME,3.0,,,HIGH,2,1,0.6844316353250489,False,,WIN,OL_WEAKEST_LINK: weakest-link OL difference +1.430 points,QB_DIFFERENCE: QB difference -0.802 points,TE1_DIFFERENCE: TE1 difference +1.270 points,RSM-v2-candidate-stage7c-anomaly-experimental
2023,15,2023_15_MIN_CIN,2023-12-16T13:00,MIN,CIN,3.0,-3.773396464428602,3.0,-6.773396464428602,6.773396464428602,AWAY,HOME,MODEL_MORE_AWAY,3.0,,,HIGH,2,0,6.773396464428602,True,TOP_10_PERCENT,PUSH,TE1_DIFFERENCE: TE1 difference -2.434 points,OL_STRONGEST_PLAYER: strongest OL difference +0.461 points,RECEIVERS_VS_SECONDARY: receivers versus secondary -1.885 points,RSM-v2-candidate-stage7c-anomaly-experimental
2023,15,2023_15_NYG_NO,2023-12-17T13:00,NYG,NO,18.0,7.367318049335084,6.0,1.3673180493350836,1.3673180493350836,HOME,HOME,MODEL_MORE_HOME,6.0,,,HIGH,4,0,1.3673180493350836,False,,WIN,OL_WEAKEST_LINK: weakest-link OL difference +2.402 points,TE1_DIFFERENCE: TE1 difference -1.761 points,RECEIVER_REPLACEMENTS: receiver replacements +2.266 points,RSM-v2-candidate-stage7c-anomaly-experimental
2023,15,2023_15_NYJ_MIA,2023-12-17T13:00,NYJ,MIA,30.0,7.276980560680448,7.5,-0.22301943931955215,0.22301943931955215,AWAY,HOME,MODEL_MORE_AWAY,7.5,,,HIGH,1,2,0.14867962621303477,False,,LOSS,OL_STRONGEST_PLAYER: strongest OL difference -2.969 points,QB_VS_PASS_RUSH: QB versus pass rush +1.288 points,RECEIVERS_VS_SECONDARY: receivers versus secondary +1.258 points,RSM-v2-candidate-stage7c-anomaly-experimental
2023,15,2023_15_PHI_SEA,2023-12-18T20:15,PHI,SEA,3.0,-6.622853121589674,-5.0,-1.6228531215896744,1.6228531215896744,AWAY,AWAY,MODEL_MORE_AWAY,-5.0,,,HIGH,3,0,1.6228531215896744,False,,LOSS,OL_STRONGEST_PLAYER: strongest OL difference -3.288 points,OL_RUN_VS_FRONT: OL run blocking versus front +0.465 points,TE1_DIFFERENCE: TE1 difference -1.845 points,RSM-v2-candidate-stage7c-anomaly-experimental
2023,15,2023_15_PIT_IND,2023-12-16T16:30,PIT,IND,17.0,3.2732798928184224,1.5,1.7732798928184224,1.7732798928184224,HOME,HOME,MODEL_MORE_HOME,1.5,,,HIGH,3,1,1.5516199062161196,False,,WIN,OL_RUN_VS_FRONT: OL run blocking versus front +2.535 points,OL_VS_PASS_RUSH: OL versus pass rush -2.494 points,QB_VS_PASS_RUSH: QB versus pass rush -1.420 points,RSM-v2-candidate-stage7c-anomaly-experimental
2023,15,2023_15_SF_ARI,2023-12-17T16:05,SF,ARI,-16.0,-6.433390953196126,-12.5,6.066609046803874,6.066609046803874,HOME,AWAY,MODEL_MORE_HOME,-12.5,,,HIGH,2,3,4.246626332762712,False,,LOSS,TE1_DIFFERENCE: TE1 difference -3.322 points,OL_RUN_VS_FRONT: OL run blocking versus front +1.843 points,QB_VS_PASS_RUSH: QB versus pass rush -2.425 points,RSM-v2-candidate-stage7c-anomaly-experimental
2023,15,2023_15_TB_GB,2023-12-17T13:00,TB,GB,-14.0,3.6182780316518013,4.0,-0.3817219683481987,0.3817219683481987,AWAY,HOME,MODEL_MORE_AWAY,4.0,,,HIGH,1,1,0.28629147626114904,False,,WIN,OL_WEAKEST_LINK: weakest-link OL difference +1.330 points,RECEIVERS_VS_SECONDARY: receivers versus secondary -0.639 points,OL_RUN_VS_FRONT: OL run blocking versus front +1.224 points,RSM-v2-candidate-stage7c-anomaly-experimental
2023,15,2023_15_WAS_LA,2023-12-17T16:05,WAS,LA,8.0,4.088662081543331,6.5,-2.4113379184566686,2.4113379184566686,AWAY,HOME,MODEL_MORE_AWAY,6.5,,,HIGH,1,2,1.6075586123044456,False,,LOSS,TE1_DIFFERENCE: TE1 difference +1.294 points,OL_STRONGEST_PLAYER: strongest OL difference -0.672 points,QB_DIFFERENCE: QB difference +0.647 points,RSM-v2-candidate-stage7c-anomaly-experimental
2023,16,2023_16_ARI_CHI,2023-12-24T16:25,ARI,CHI,11.0,2.257865992273386,4.5,-2.242134007726614,2.242134007726614,AWAY,HOME,MODEL_MORE_AWAY,4.5,,,HIGH,2,2,1.6816005057949606,False,,LOSS,OL_STRONGEST_PLAYER: strongest OL difference -2.532 points,OL_VS_PASS_RUSH: OL versus pass rush +2.205 points,QB_VS_PASS_RUSH: QB versus pass rush +1.388 points,RSM-v2-candidate-stage7c-anomaly-experimental
2023,16,2023_16_BAL_SF,2023-12-25T20:15,BAL,SF,-14.0,6.314466153547051,6.5,-0.18553384645294901,0.18553384645294901,AWAY,HOME,MODEL_MORE_AWAY,6.5,,,HIGH,2,3,0.1298736925170643,False,,WIN,TE1_DIFFERENCE: TE1 difference +3.658 points,WR1_DIFFERENCE: WR1 difference -1.028 points,WR2_DIFFERENCE: WR2 difference +1.605 points,RSM-v2-candidate-stage7c-anomaly-experimental
2023,16,2023_16_BUF_LAC,2023-12-23T20:00,BUF,LAC,-2.0,-2.7949172156845705,-13.0,10.20508278431543,10.20508278431543,HOME,AWAY,MODEL_MORE_HOME,-13.0,,,HIGH,0,4,5.102541392157715,False,,WIN,OL_RUN_VS_FRONT: OL run blocking versus front +1.981 points,RECEIVERS_VS_SECONDARY: receivers versus secondary -1.618 points,OL_STRONGEST_PLAYER: strongest OL difference -1.179 points,RSM-v2-candidate-stage7c-anomaly-experimental
2023,16,2023_16_CIN_PIT,2023-12-23T16:30,CIN,PIT,23.0,-1.246579287393105,-3.0,1.753420712606895,1.753420712606895,HOME,AWAY,MODEL_MORE_HOME,-3.0,,,HIGH,2,2,1.3150655344551714,False,,WIN,OL_WEAKEST_LINK: weakest-link OL difference -2.637 points,TE1_DIFFERENCE: TE1 difference +2.498 points,WR2_DIFFERENCE: WR2 difference -2.113 points,RSM-v2-candidate-stage7c-anomaly-experimental
2023,16,2023_16_CLE_HOU,2023-12-24T13:00,CLE,HOU,-14.0,3.1045007739620654,-3.0,6.104500773962066,6.104500773962066,HOME,AWAY,MODEL_MORE_HOME,-3.0,,,HIGH,2,1,5.087083978301721,True,TOP_20_PERCENT,LOSS,RECEIVER_REPLACEMENTS: receiver replacements -2.258 points,OL_STRONGEST_PLAYER: strongest OL difference +1.916 points,OL_VS_PASS_RUSH: OL versus pass rush -1.430 points,RSM-v2-candidate-stage7c-anomaly-experimental
2023,16,2023_16_DAL_MIA,2023-12-24T16:25,DAL,MIA,2.0,-0.15894870371538117,1.5,-1.6589487037153812,1.6589487037153812,AWAY,HOME,MODEL_MORE_AWAY,1.5,,,HIGH,1,2,1.1059658024769208,False,,LOSS,OL_WEAKEST_LINK: weakest-link OL difference -2.553 points,RECEIVERS_VS_SECONDARY: receivers versus secondary +1.645 points,OL_STRONGEST_PLAYER: strongest OL difference -1.640 points,RSM-v2-candidate-stage7c-anomaly-experimental
2023,16,2023_16_DET_MIN,2023-12-24T13:00,DET,MIN,-6.0,1.4646989324639417,-2.5,3.964698932463942,3.964698932463942,HOME,AWAY,MODEL_MORE_HOME,-2.5,,,HIGH,1,2,2.6431326216426276,False,,LOSS,TE1_DIFFERENCE: TE1 difference -1.997 points,QB_VS_PASS_RUSH: QB versus pass rush +0.854 points,OL_VS_PASS_RUSH: OL versus pass rush +0.808 points,RSM-v2-candidate-stage7c-anomaly-experimental
2023,16,2023_16_GB_CAR,2023-12-24T13:00,GB,CAR,-3.0,-2.5804698131902937,-3.5,0.9195301868097063,0.9195301868097063,HOME,AWAY,MODEL_MORE_HOME,-3.5,,,HIGH,0,2,0.45976509340485316,False,,WIN,TE1_DIFFERENCE: TE1 difference -2.472 points,OL_STRONGEST_PLAYER: strongest OL difference +1.605 points,OL_RUN_VS_FRONT: OL run blocking versus front -2.096 points,RSM-v2-candidate-stage7c-anomaly-experimental
2023,16,2023_16_IND_ATL,2023-12-24T13:00,IND,ATL,19.0,1.581510092636203,3.0,-1.418489907363797,1.418489907363797,AWAY,HOME,MODEL_MORE_AWAY,3.0,,,HIGH,1,1,1.0638674305228477,False,,LOSS,OL_STRONGEST_PLAYER: strongest OL difference -1.557 points,TE1_DIFFERENCE: TE1 difference +1.056 points,OL_VS_PASS_RUSH: OL versus pass rush +0.836 points,RSM-v2-candidate-stage7c-anomaly-experimental
2023,16,2023_16_JAX_TB,2023-12-24T16:05,JAX,TB,18.0,3.1657933074842717,-2.0,5.165793307484272,5.165793307484272,HOME,AWAY,MODEL_MORE_HOME,-2.0,,,HIGH,1,1,3.8743449806132038,False,,WIN,TE1_DIFFERENCE: TE1 difference +0.739 points,OL_RUN_VS_FRONT: OL run blocking versus front -0.632 points,RECEIVERS_VS_SECONDARY: receivers versus secondary +0.689 points,RSM-v2-candidate-stage7c-anomaly-experimental
2023,16,2023_16_LV_KC,2023-12-25T13:00,LV,KC,-6.0,8.513406391288648,11.0,-2.4865936087113525,2.4865936087113525,AWAY,HOME,MODEL_MORE_AWAY,11.0,,,HIGH,0,4,1.2432968043556762,False,,WIN,OL_RUN_VS_FRONT: OL run blocking versus front -2.103 points,RECEIVERS_VS_SECONDARY: receivers versus secondary +1.973 points,QB_VS_COVERAGE: QB versus coverage +1.560 points,RSM-v2-candidate-stage7c-anomaly-experimental
2023,16,2023_16_NE_DEN,2023-12-24T20:15,NE,DEN,-3.0,1.2503955695496565,7.0,-5.7496044304503435,5.7496044304503435,AWAY,HOME,MODEL_MORE_AWAY,7.0,,,HIGH,2,1,4.791337025375286,True,TOP_20_PERCENT,WIN,TE1_DIFFERENCE: TE1 difference -1.296 points,OL_WEAKEST_LINK: weakest-link OL difference +0.932 points,OL_STRONGEST_PLAYER: strongest OL difference -1.230 points,RSM-v2-candidate-stage7c-anomaly-experimental
2023,16,2023_16_NO_LA,2023-12-21T20:15,NO,LA,8.0,0.042658080339681215,4.0,-3.957341919660319,3.957341919660319,AWAY,HOME,MODEL_MORE_AWAY,4.0,,,HIGH,4,0,3.957341919660319,False,,LOSS,OL_WEAKEST_LINK: weakest-link OL difference -1.412 points,OL_STRONGEST_PLAYER: strongest OL difference +0.858 points,OL_VS_PASS_RUSH: OL versus pass rush -1.014 points,RSM-v2-candidate-stage7c-anomaly-experimental
2023,16,2023_16_NYG_PHI,2023-12-25T16:30,NYG,PHI,8.0,9.846093304858002,14.0,-4.153906695141998,4.153906695141998,AWAY,HOME,MODEL_MORE_AWAY,14.0,,,HIGH,0,3,2.076953347570999,False,,WIN,OL_STRONGEST_PLAYER: strongest OL difference +1.751 points,OL_RUN_VS_FRONT: OL run blocking versus front -1.357 points,TE1_DIFFERENCE: TE1 difference +1.685 points,RSM-v2-candidate-stage7c-anomaly-experimental
2023,16,2023_16_SEA_TEN,2023-12-24T13:00,SEA,TEN,-3.0,1.7641436801847505,-3.0,4.76414368018475,4.76414368018475,HOME,AWAY,MODEL_MORE_HOME,-3.0,,,HIGH,2,1,3.9701197334872913,False,,PUSH,OL_VS_PASS_RUSH: OL versus pass rush +0.983 points,OL_WEAKEST_LINK: weakest-link OL difference -0.914 points,OL_RUN_VS_FRONT: OL run blocking versus front +0.948 points,RSM-v2-candidate-stage7c-anomaly-experimental
2023,16,2023_16_WAS_NYJ,2023-12-24T13:00,WAS,NYJ,2.0,0.47029784485085124,3.0,-2.529702155149149,2.529702155149149,AWAY,HOME,MODEL_MORE_AWAY,3.0,,,HIGH,1,0,2.529702155149149,False,,WIN,OL_WEAKEST_LINK: weakest-link OL difference -0.961 points,OL_VS_PASS_RUSH: OL versus pass rush +0.728 points,TE1_DIFFERENCE: TE1 difference -0.551 points,RSM-v2-candidate-stage7c-anomaly-experimental
2023,17,2023_17_ARI_PHI,2023-12-31T13:00,ARI,PHI,-4.0,10.711305357657512,12.0,-1.288694642342488,1.288694642342488,AWAY,HOME,MODEL_MORE_AWAY,12.0,,,HIGH,1,2,0.8591297615616587,False,,WIN,WR2_DIFFERENCE: WR2 difference +3.147 points,OL_RUN_VS_FRONT: OL run blocking versus front -1.783 points,TE1_DIFFERENCE: TE1 difference +2.359 points,RSM-v2-candidate-stage7c-anomaly-experimental
2023,17,2023_17_ATL_CHI,2023-12-31T13:00,ATL,CHI,20.0,2.737634362186433,3.0,-0.2623656378135668,0.2623656378135668,AWAY,HOME,MODEL_MORE_AWAY,3.0,,,HIGH,0,2,0.1311828189067834,False,,LOSS,OL_RUN_VS_FRONT: OL run blocking versus front -1.390 points,OL_VS_PASS_RUSH: OL versus pass rush +0.897 points,OL_WEAKEST_LINK: weakest-link OL difference +0.876 points,RSM-v2-candidate-stage7c-anomaly-experimental
2023,17,2023_17_CAR_JAX,2023-12-31T13:00,CAR,JAX,26.0,4.285197083004611,3.5,0.7851970830046113,0.7851970830046113,HOME,HOME,MODEL_MORE_HOME,3.5,,,HIGH,2,1,0.6543309025038427,False,,WIN,WR2_DIFFERENCE: WR2 difference -1.921 points,OL_WEAKEST_LINK: weakest-link OL difference +1.116 points,OL_RUN_VS_FRONT: OL run blocking versus front +0.726 points,RSM-v2-candidate-stage7c-anomaly-experimental
2023,17,2023_17_CIN_KC,2023-12-31T16:25,CIN,KC,8.0,7.364379320931317,7.5,-0.13562067906868336,0.13562067906868336,AWAY,HOME,MODEL_MORE_AWAY,7.5,,,HIGH,1,3,0.0847629244179271,False,,LOSS,TE1_DIFFERENCE: TE1 difference +4.955 points,OL_WEAKEST_LINK: weakest-link OL difference -4.218 points,RECEIVERS_VS_SECONDARY: receivers versus secondary +2.192 points,RSM-v2-candidate-stage7c-anomaly-experimental
2023,17,2023_17_DET_DAL,2023-12-30T20:15,DET,DAL,1.0,0.0933173869093904,5.5,-5.406682613090609,5.406682613090609,AWAY,HOME,MODEL_MORE_AWAY,5.5,,,HIGH,2,1,4.505568844242174,False,,WIN,TE1_DIFFERENCE: TE1 difference -1.426 points,OL_VS_PASS_RUSH: OL versus pass rush +1.325 points,QB_VS_PASS_RUSH: QB versus pass rush +1.291 points,RSM-v2-candidate-stage7c-anomaly-experimental
2023,17,2023_17_GB_MIN,2023-12-31T20:20,GB,MIN,-23.0,6.050814980214546,1.0,5.050814980214546,5.050814980214546,HOME,HOME,MODEL_MORE_HOME,1.0,,,HIGH,3,0,5.050814980214546,True,TOP_20_PERCENT,LOSS,TE1_DIFFERENCE: TE1 difference -1.665 points,OL_WEAKEST_LINK: weakest-link OL difference +1.391 points,OL_RUN_VS_FRONT: OL run blocking versus front -1.392 points,RSM-v2-candidate-stage7c-anomaly-experimental
2023,17,2023_17_LAC_DEN,2023-12-31T16:25,LAC,DEN,7.0,1.8516774960666376,3.5,-1.6483225039333624,1.6483225039333624,AWAY,HOME,MODEL_MORE_AWAY,3.5,,,HIGH,2,2,1.2362418779500217,False,,LOSS,OL_RUN_VS_FRONT: OL run blocking versus front -1.114 points,RECEIVERS_VS_SECONDARY: receivers versus secondary +0.947 points,TE1_DIFFERENCE: TE1 difference +0.395 points,RSM-v2-candidate-stage7c-anomaly-experimental
2023,17,2023_17_LA_NYG,2023-12-31T13:00,LA,NYG,-1.0,-1.8601357796824054,-6.0,4.139864220317595,4.139864220317595,HOME,AWAY,MODEL_MORE_HOME,-6.0,,,HIGH,1,2,2.7599094802117294,False,,WIN,OL_STRONGEST_PLAYER: strongest OL difference -2.969 points,OL_RUN_VS_FRONT: OL run blocking versus front +1.171 points,OL_WEAKEST_LINK: weakest-link OL difference -0.886 points,RSM-v2-candidate-stage7c-anomaly-experimental
2023,17,2023_17_LV_IND,2023-12-31T13:00,LV,IND,3.0,0.6488582137334704,3.5,-2.8511417862665294,2.8511417862665294,AWAY,HOME,MODEL_MORE_AWAY,3.5,,,HIGH,2,1,2.375951488555441,False,,WIN,TE1_DIFFERENCE: TE1 difference -2.242 points,OL_STRONGEST_PLAYER: strongest OL difference +2.113 points,OL_WEAKEST_LINK: weakest-link OL difference +1.678 points,RSM-v2-candidate-stage7c-anomaly-experimental
2023,17,2023_17_MIA_BAL,2023-12-31T13:00,MIA,BAL,37.0,-0.5123307111657329,3.0,-3.512330711165733,3.512330711165733,AWAY,HOME,MODEL_MORE_AWAY,3.0,,,HIGH,4,1,3.1610976400491597,False,,LOSS,OL_STRONGEST_PLAYER: strongest OL difference +3.092 points,WR2_DIFFERENCE: WR2 difference -2.122 points,OL_RUN_VS_FRONT: OL run blocking versus front -1.749 points,RSM-v2-candidate-stage7c-anomaly-experimental
2023,17,2023_17_NE_BUF,2023-12-31T13:00,NE,BUF,6.0,6.225805581017061,15.0,-8.774194418982939,8.774194418982939,AWAY,HOME,MODEL_MORE_AWAY,15.0,,,HIGH,1,2,5.849462945988625,False,,WIN,OL_RUN_VS_FRONT: OL run blocking versus front -1.919 points,WR2_DIFFERENCE: WR2 difference +1.465 points,TE1_DIFFERENCE: TE1 difference -1.857 points,RSM-v2-candidate-stage7c-anomaly-experimental
2023,17,2023_17_NO_TB,2023-12-31T13:00,NO,TB,-10.0,-2.585948938154468,2.5,-5.085948938154468,5.085948938154468,AWAY,HOME,MODEL_MORE_AWAY,2.5,,,HIGH,2,0,5.085948938154468,True,TOP_20_PERCENT,WIN,OL_WEAKEST_LINK: weakest-link OL difference -2.191 points,WR1_DIFFERENCE: WR1 difference +0.833 points,OL_STRONGEST_PLAYER: strongest OL difference -0.845 points,RSM-v2-candidate-stage7c-anomaly-experimental
2023,17,2023_17_NYJ_CLE,2023-12-28T20:15,NYJ,CLE,17.0,0.8948868088583795,6.5,-5.605113191141621,5.605113191141621,AWAY,HOME,MODEL_MORE_AWAY,6.5,,,HIGH,3,1,4.904474042248919,True,TOP_20_PERCENT,LOSS,RECEIVER_REPLACEMENTS: receiver replacements -2.258 points,TE1_DIFFERENCE: TE1 difference +2.027 points,OL_STRONGEST_PLAYER: strongest OL difference -2.033 points,RSM-v2-candidate-stage7c-anomaly-experimental
2023,17,2023_17_PIT_SEA,2023-12-31T16:05,PIT,SEA,-7.0,2.9120896917704178,4.5,-1.5879103082295822,1.5879103082295822,AWAY,HOME,MODEL_MORE_AWAY,4.5,,,HIGH,2,2,1.1909327311721867,False,,WIN,OL_VS_PASS_RUSH: OL versus pass rush -2.694 points,WR2_DIFFERENCE: WR2 difference +1.842 points,OL_STRONGEST_PLAYER: strongest OL difference -1.742 points,RSM-v2-candidate-stage7c-anomaly-experimental
2023,17,2023_17_SF_WAS,2023-12-31T13:00,SF,WAS,-17.0,-7.1925977966930095,-14.0,6.8074022033069905,6.8074022033069905,HOME,AWAY,MODEL_MORE_HOME,-14.0,,,HIGH,2,2,5.1055516524802425,True,TOP_20_PERCENT,LOSS,TE1_DIFFERENCE: TE1 difference -4.439 points,OL_STRONGEST_PLAYER: strongest OL difference +2.400 points,QB_VS_PASS_RUSH: QB versus pass rush -2.498 points,RSM-v2-candidate-stage7c-anomaly-experimental
2023,17,2023_17_TEN_HOU,2023-12-31T13:00,TEN,HOU,23.0,2.666368974838468,5.0,-2.333631025161532,2.333631025161532,AWAY,HOME,MODEL_MORE_AWAY,5.0,,,HIGH,1,3,1.4585193907259575,False,,LOSS,OL_STRONGEST_PLAYER: strongest OL difference +3.009 points,WR2_DIFFERENCE: WR2 difference -1.298 points,OL_VS_PASS_RUSH: OL versus pass rush -1.127 points,RSM-v2-candidate-stage7c-anomaly-experimental
2023,18,2023_18_ATL_NO,2024-01-07T13:00,ATL,NO,31.0,6.875812224941749,3.5,3.3758122249417486,3.3758122249417486,HOME,HOME,MODEL_MORE_HOME,3.5,,,HIGH,4,0,3.3758122249417486,False,,WIN,OL_WEAKEST_LINK: weakest-link OL difference +2.716 points,TE1_DIFFERENCE: TE1 difference -0.604 points,RECEIVERS_VS_SECONDARY: receivers versus secondary +1.354 points,RSM-v2-candidate-stage7c-anomaly-experimental
2023,18,2023_18_BUF_MIA,2024-01-07T20:20,BUF,MIA,-7.0,-0.6960848495534555,-2.5,1.8039151504465445,1.8039151504465445,HOME,AWAY,MODEL_MORE_HOME,-2.5,,,HIGH,1,2,1.2026101002976963,False,,LOSS,OL_RUN_VS_FRONT: OL run blocking versus front +3.363 points,OL_WEAKEST_LINK: weakest-link OL difference -2.628 points,OL_STRONGEST_PLAYER: strongest OL difference -1.758 points,RSM-v2-candidate-stage7c-anomaly-experimental
2023,18,2023_18_CHI_GB,2024-01-07T16:25,CHI,GB,8.0,4.7925999289533285,2.5,2.2925999289533285,2.2925999289533285,HOME,HOME,MODEL_MORE_HOME,2.5,,,HIGH,2,0,2.2925999289533285,False,,WIN,OL_RUN_VS_FRONT: OL run blocking versus front +1.450 points,OL_VS_PASS_RUSH: OL versus pass rush -0.627 points,TE1_DIFFERENCE: TE1 difference +1.173 points,RSM-v2-candidate-stage7c-anomaly-experimental
2023,18,2023_18_CLE_CIN,2024-01-07T13:00,CLE,CIN,17.0,2.2096728856525725,7.5,-5.290327114347427,5.290327114347427,AWAY,HOME,MODEL_MORE_AWAY,7.5,,,HIGH,1,3,3.306454446467142,False,,LOSS,OL_WEAKEST_LINK: weakest-link OL difference +3.679 points,TE1_DIFFERENCE: TE1 difference -3.064 points,WR2_DIFFERENCE: WR2 difference +2.505 points,RSM-v2-candidate-stage7c-anomaly-experimental
2023,18,2023_18_DAL_WAS,2024-01-07T16:25,DAL,WAS,-28.0,-8.566268162721359,-13.0,4.433731837278641,4.433731837278641,HOME,AWAY,MODEL_MORE_HOME,-13.0,,,HIGH,1,4,2.6602391023671843,False,,LOSS,OL_VS_PASS_RUSH: OL versus pass rush -2.667 points,OL_STRONGEST_PLAYER: strongest OL difference +1.503 points,QB_VS_PASS_RUSH: QB versus pass rush -2.357 points,RSM-v2-candidate-stage7c-anomaly-experimental
2023,18,2023_18_DEN_LV,2024-01-07T16:25,DEN,LV,13.0,0.2974015686586724,3.5,-3.2025984313413276,3.2025984313413276,AWAY,HOME,MODEL_MORE_AWAY,3.5,,,HIGH,2,1,2.668832026117773,False,,LOSS,OL_WEAKEST_LINK: weakest-link OL difference -2.742 points,OL_RUN_VS_FRONT: OL run blocking versus front +2.304 points,TE1_DIFFERENCE: TE1 difference +1.574 points,RSM-v2-candidate-stage7c-anomaly-experimental
2023,18,2023_18_HOU_IND,2024-01-06T20:15,HOU,IND,-4.0,-0.8201324491556194,-1.5,0.6798675508443806,0.6798675508443806,HOME,AWAY,MODEL_MORE_HOME,-1.5,,,HIGH,0,3,0.3399337754221903,False,,LOSS,TE1_DIFFERENCE: TE1 difference -0.948 points,OL_WEAKEST_LINK: weakest-link OL difference +0.506 points,QB_VS_PASS_RUSH: QB versus pass rush -0.859 points,RSM-v2-candidate-stage7c-anomaly-experimental
2023,18,2023_18_JAX_TEN,2024-01-07T13:00,JAX,TEN,8.0,-1.1035968468171955,-3.5,2.3964031531828045,2.3964031531828045,HOME,AWAY,MODEL_MORE_HOME,-3.5,,,HIGH,1,2,1.5976021021218696,False,,WIN,OL_STRONGEST_PLAYER: strongest OL difference -2.855 points,OL_RUN_VS_FRONT: OL run blocking versus front +1.405 points,QB_VS_COVERAGE: QB versus coverage -0.596 points,RSM-v2-candidate-stage7c-anomaly-experimental
2023,18,2023_18_KC_LAC,2024-01-07T16:25,KC,LAC,-1.0,-4.600274878470262,3.5,-8.100274878470263,8.100274878470263,AWAY,HOME,MODEL_MORE_AWAY,3.5,,,HIGH,3,1,7.08774051866148,True,TOP_10_PERCENT,WIN,OL_WEAKEST_LINK: weakest-link OL difference +3.270 points,TE1_DIFFERENCE: TE1 difference -2.946 points,QB_VS_COVERAGE: QB versus coverage -1.665 points,RSM-v2-candidate-stage7c-anomaly-experimental
2023,18,2023_18_LA_SF,2024-01-07T16:25,LA,SF,-1.0,7.4962053403011035,5.5,1.9962053403011035,1.9962053403011035,HOME,HOME,MODEL_MORE_HOME,5.5,,,HIGH,2,1,1.6635044502509195,False,,LOSS,TE1_DIFFERENCE: TE1 difference +2.808 points,OL_RUN_VS_FRONT: OL run blocking versus front -1.027 points,OL_VS_PASS_RUSH: OL versus pass rush +2.127 points,RSM-v2-candidate-stage7c-anomaly-experimental
2023,18,2023_18_MIN_DET,2024-01-07T13:00,MIN,DET,10.0,3.428630945962798,3.5,-0.07136905403720206,0.07136905403720206,AWAY,HOME,MODEL_MORE_AWAY,3.5,,,HIGH,1,2,0.047579369358134706,False,,LOSS,TE1_DIFFERENCE: TE1 difference +1.797 points,QB_VS_PASS_RUSH: QB versus pass rush -0.728 points,OL_STRONGEST_PLAYER: strongest OL difference +0.819 points,RSM-v2-candidate-stage7c-anomaly-experimental
2023,18,2023_18_NYJ_NE,2024-01-07T13:00,NYJ,NE,-14.0,7.4769718612466045,2.5,4.9769718612466045,4.9769718612466045,HOME,HOME,MODEL_MORE_HOME,2.5,,,HIGH,3,0,4.9769718612466045,True,TOP_20_PERCENT,LOSS,TE1_DIFFERENCE: TE1 difference +2.846 points,OL_STRONGEST_PLAYER: strongest OL difference -0.743 points,OL_WEAKEST_LINK: weakest-link OL difference +1.781 points,RSM-v2-candidate-stage7c-anomaly-experimental
2023,18,2023_18_PHI_NYG,2024-01-07T16:25,PHI,NYG,17.0,-4.951888596011109,-4.5,-0.4518885960111092,0.4518885960111092,AWAY,AWAY,MODEL_MORE_AWAY,-4.5,,,HIGH,3,0,0.4518885960111092,False,,LOSS,TE1_DIFFERENCE: TE1 difference -1.808 points,OL_RUN_VS_FRONT: OL run blocking versus front +1.476 points,OL_STRONGEST_PLAYER: strongest OL difference -1.647 points,RSM-v2-candidate-stage7c-anomaly-experimental
2023,18,2023_18_PIT_BAL,2024-01-06T16:30,PIT,BAL,-7.0,5.721093487300301,-3.0,8.721093487300301,8.721093487300301,HOME,AWAY,MODEL_MORE_HOME,-3.0,,,HIGH,5,1,7.994335696691944,True,TOP_5_PERCENT,LOSS,OL_VS_PASS_RUSH: OL versus pass rush -1.650 points,OL_RUN_VS_FRONT: OL run blocking versus front +1.551 points,OL_STRONGEST_PLAYER: strongest OL difference +1.452 points,RSM-v2-candidate-stage7c-anomaly-experimental
2023,18,2023_18_SEA_ARI,2024-01-07T16:25,SEA,ARI,-1.0,1.8328117084278066,-2.5,4.332811708427807,4.332811708427807,HOME,AWAY,MODEL_MORE_HOME,-2.5,,,HIGH,1,2,2.888541138951871,False,,WIN,OL_STRONGEST_PLAYER: strongest OL difference +2.891 points,WR2_DIFFERENCE: WR2 difference -2.189 points,OL_WEAKEST_LINK: weakest-link OL difference +1.263 points,RSM-v2-candidate-stage7c-anomaly-experimental
2023,18,2023_18_TB_CAR,2024-01-07T13:00,TB,CAR,-9.0,-2.0968022600151115,-5.0,2.9031977399848885,2.9031977399848885,HOME,AWAY,MODEL_MORE_HOME,-5.0,,,HIGH,0,4,1.4515988699924443,False,,LOSS,OL_VS_PASS_RUSH: OL versus pass rush +1.573 points,RECEIVERS_VS_SECONDARY: receivers versus secondary -1.432 points,TE1_DIFFERENCE: TE1 difference -1.408 points,RSM-v2-candidate-stage7c-anomaly-experimental
