game_id,season,week,game_type,away_team,home_team,expected_away_points,expected_home_points,away_score,home_score,predicted_margin,actual_margin,predicted_total,actual_total,home_qb_rating,away_qb_rating,home_ol_rating,away_ol_rating,home_receiving_rating,away_receiving_rating,home_pass_offense_rating,away_pass_offense_rating,home_run_offense_rating,away_run_offense_rating,home_pass_defense_rating,away_pass_defense_rating,home_run_defense_rating,away_run_defense_rating,home_kicker_rating,away_kicker_rating,home_error,away_error,market_spread,market_total
2024_01_ARI_BUF,2024,1,REG,ARI,BUF,22.046,24.396,28.0,34.0,2.351,6.0,46.442,62.0,67.84,61.08,61.45,63.47,61.68,60.375,64.52,61.18,62.34,63.03,59.84,56.51,61.58,57.76,59.1,61.16,-9.604,-5.954000000000001,6.5,46.0
2024_01_BAL_KC,2024,1,REG,BAL,KC,22.018,23.915,20.0,27.0,1.897,7.0,45.933,47.0,68.79,63.92,60.21,53.75,64.085,62.82,64.72,61.22,62.78,59.03,59.68,61.35,59.36,58.82,60.34,63.3,-3.085000000000001,2.0180000000000007,3.0,46.0
2024_01_CAR_NO,2024,1,REG,CAR,NO,21.996,24.399,10.0,47.0,2.403,37.0,46.395,57.0,62.94,56.15,65.95,61.67,61.97,57.53,63.4,57.77,62.42,59.84,58.18,56.22,57.34,56.79,59.35,62.49,-22.601,11.995999999999999,3.5,41.5
2024_01_DAL_CLE,2024,1,REG,DAL,CLE,22.619,23.448,33.0,17.0,0.829,-16.0,46.067,50.0,59.34,66.45,60.73,56.27,61.485,63.01,60.02,62.99,62.23,58.15,58.23,61.28,59.25,58.0,60.24,71.38,6.448,-10.381,2.5,42.0
2024_01_DEN_SEA,2024,1,REG,DEN,SEA,21.469,23.524,20.0,26.0,2.055,6.0,44.993,46.0,60.96,54.99,61.07,58.91,62.02,62.53,61.38,58.32,61.26,58.71,57.88,59.94,60.39,59.33,59.44,55.01,-2.475999999999999,1.4690000000000012,6.5,42.0
2024_01_GB_PHI,2024,1,REG,GB,PHI,21.664,24.001,29.0,34.0,2.336,5.0,45.665,63.0,57.97,59.35,65.26,58.53,66.735,65.295,62.14,60.96,63.01,60.16,59.84,59.38,59.37,59.32,64.59,53.44,-9.998999999999999,-7.3359999999999985,2.0,49.5
2024_01_HOU_IND,2024,1,REG,HOU,IND,22.853,23.836,29.0,27.0,0.982,-2.0,46.689,56.0,57.86,65.81,63.64,61.04,60.005,62.575,59.92,63.63,61.81,61.23,57.08,59.93,57.61,57.27,66.09,63.65,-3.1640000000000015,-6.1469999999999985,-3.0,49.0
2024_01_JAX_MIA,2024,1,REG,JAX,MIA,22.107,24.042,17.0,20.0,1.935,3.0,46.149,37.0,64.28,62.08,56.99,66.29,64.235,60.79,62.92,62.51,64.35,63.1,61.74,57.67,58.41,59.15,56.28,58.05,4.042000000000002,5.106999999999999,3.5,49.5
2024_01_LA_DET,2024,1,REG,LA,DET,21.911,24.216,20.0,26.0,2.305,6.0,46.126,46.0,63.07,63.52,67.51,58.07,65.2,63.13,64.31,62.36,66.29,59.88,58.7,58.62,57.52,58.06,53.74,50.0,-1.783999999999999,1.9110000000000014,5.0,54.0
2024_01_LV_LAC,2024,1,REG,LV,LAC,22.237,23.375,10.0,22.0,1.138,12.0,45.613,32.0,54.96,58.72,58.56,59.83,58.815,64.16,57.24,60.56,58.02,59.66,59.07,58.94,58.01,58.41,68.31,65.17,1.375,12.236999999999998,3.0,41.0
2024_01_MIN_NYG,2024,1,REG,MIN,NYG,21.651,23.573,28.0,6.0,1.922,-22.0,45.224,34.0,56.8,57.1,60.18,64.36,61.75,62.455,59.06,60.4,60.25,63.68,58.99,58.04,61.65,57.8,60.78,50.0,17.573,-6.349,-1.0,42.5
2024_01_NE_CIN,2024,1,REG,NE,CIN,21.325,24.019,16.0,10.0,2.694,-6.0,45.344,26.0,62.54,57.68,66.44,58.7,58.055,59.095,62.42,58.02,60.8,59.33,56.91,56.93,58.23,58.72,60.96,44.4,14.018999999999998,5.324999999999999,8.0,40.5
2024_01_NYJ_SF,2024,1,REG,NYJ,SF,20.736,23.482,19.0,32.0,2.746,13.0,44.217,51.0,54.98,55.24,60.04,57.13,67.725,59.155,59.78,56.91,64.42,59.47,60.13,58.56,60.44,61.12,56.37,44.88,-8.518,1.7360000000000007,3.5,43.0
2024_01_PIT_ATL,2024,1,REG,PIT,ATL,22.107,23.207,18.0,10.0,1.1,-8.0,45.314,28.0,59.72,62.37,64.33,57.47,60.275,61.295,60.59,61.04,62.59,60.37,58.46,61.04,60.11,64.22,63.18,61.7,13.207,4.106999999999999,4.0,43.0
2024_01_TEN_CHI,2024,1,REG,TEN,CHI,21.842,23.285,17.0,24.0,1.443,7.0,45.127,41.0,54.88,56.63,61.45,57.81,62.035,61.81,58.45,58.63,61.84,60.25,59.81,60.37,58.94,59.61,61.67,62.91,-0.7149999999999999,4.841999999999999,4.0,43.0
2024_01_WAS_TB,2024,1,REG,WAS,TB,21.403,23.621,20.0,37.0,2.218,17.0,45.024,57.0,60.96,48.5,62.73,60.59,62.08,58.74,61.67,54.99,60.96,58.55,57.4,57.57,58.05,61.89,60.32,56.67,-13.379000000000001,1.4029999999999987,4.0,42.0
2024_02_ATL_PHI,2024,2,REG,ATL,PHI,21.32,23.305,22.0,21.0,1.985,-1.0,44.626,43.0,60.63,58.46,59.93,59.24,62.03,57.72,60.66,58.04,59.44,58.49,60.6,59.78,59.61,60.98,62.0,58.06,2.3049999999999997,-0.6799999999999997,5.5,46.5
2024_02_BUF_MIA,2024,2,REG,BUF,MIA,21.494,22.786,31.0,10.0,1.292,-21.0,44.28,41.0,61.22,63.82,55.05,58.15,60.16,57.81,59.9,60.71,58.18,58.39,61.67,60.34,58.33,60.68,54.28,55.99,12.786000000000001,-9.506,2.5,48.5
2024_02_CHI_HOU,2024,2,REG,CHI,HOU,20.952,23.199,13.0,19.0,2.246,6.0,44.151,32.0,59.62,54.86,59.15,57.12,59.255,55.83,59.45,55.73,58.8,56.79,61.21,60.48,59.2,59.39,62.52,58.92,4.199000000000002,7.952000000000002,6.0,45.5
2024_02_CIN_KC,2024,2,REG,CIN,KC,21.265,23.133,25.0,26.0,1.868,1.0,44.398,51.0,64.71,62.43,56.5,60.72,60.365,55.755,60.92,60.35,58.64,57.24,60.77,60.67,61.66,60.38,59.71,57.32,-2.867000000000001,-3.7349999999999994,6.5,47.5
2024_02_CLE_JAX,2024,2,REG,CLE,JAX,21.131,22.819,18.0,13.0,1.688,-5.0,43.949,31.0,58.27,54.59,59.97,58.54,56.965,58.485,58.28,56.57,57.52,56.76,59.64,58.83,59.54,59.97,55.28,57.78,9.818999999999999,3.1310000000000002,3.0,41.5
2024_02_IND_GB,2024,2,REG,IND,GB,21.591,22.88,10.0,16.0,1.29,6.0,44.471,26.0,57.14,57.59,54.9,58.74,60.355,58.595,57.43,58.21,56.96,58.23,59.59,57.22,59.65,58.16,52.48,62.3,6.879999999999999,11.591000000000001,-3.0,41.5
2024_02_LAC_CAR,2024,2,REG,LAC,CAR,21.647,22.563,26.0,3.0,0.916,-23.0,44.21,29.0,51.57,54.93,59.55,54.64,55.635,56.66,54.53,55.58,57.31,55.67,57.28,58.29,56.75,58.4,54.7,63.91,19.563,-4.3530000000000015,-5.0,39.0
2024_02_LA_ARI,2024,2,REG,LA,ARI,21.824,23.086,10.0,41.0,1.262,31.0,44.91,51.0,58.18,60.34,56.85,58.21,56.82,60.075,57.37,59.57,57.9,58.34,56.9,57.7,57.73,58.15,57.23,53.73,-17.914,11.824000000000002,-1.0,47.5
2024_02_LV_BAL,2024,2,REG,LV,BAL,21.028,22.806,26.0,23.0,1.778,-3.0,43.834,49.0,60.03,58.67,53.01,57.23,59.095,58.055,57.9,58.26,55.76,55.39,61.56,59.46,59.87,58.43,58.02,59.04,-0.19399999999999906,-4.972000000000001,9.0,41.0
2024_02_NO_DAL,2024,2,REG,NO,DAL,21.427,23.007,44.0,19.0,1.58,-25.0,44.434,63.0,61.6,60.27,54.58,62.71,57.935,60.51,58.89,60.53,55.36,60.77,63.52,59.63,59.18,59.91,64.45,56.72,4.0070000000000014,-22.573,6.5,47.0
2024_02_NYG_WAS,2024,2,REG,NYG,WAS,20.972,21.851,18.0,21.0,0.879,3.0,42.823,39.0,51.49,53.21,57.76,58.46,56.45,59.485,54.84,56.05,56.13,58.24,57.88,58.94,62.53,61.4,45.68,53.43,0.8509999999999991,2.9720000000000013,1.5,42.5
2024_02_NYJ_TEN,2024,2,REG,NYJ,TEN,20.559,22.611,24.0,17.0,2.052,-7.0,43.17,41.0,56.17,53.67,54.98,56.25,57.7,56.195,56.26,55.1,57.2,56.39,61.46,59.51,59.9,61.07,59.82,53.45,5.611000000000001,-3.440999999999999,-3.5,41.5
2024_02_PIT_DEN,2024,2,REG,PIT,DEN,21.539,21.729,13.0,6.0,0.19,-7.0,43.268,19.0,54.6,61.8,57.02,58.03,60.195,58.58,56.68,59.95,56.79,57.35,60.3,63.3,59.22,64.13,53.13,59.18,15.729,8.539000000000001,-3.0,36.5
2024_02_SEA_NE,2024,2,REG,SEA,NE,21.591,22.092,23.0,20.0,0.501,-3.0,43.682,43.0,55.12,57.32,56.98,58.11,56.835,59.825,55.87,58.15,57.05,58.6,58.34,60.24,58.77,60.88,49.69,56.83,2.0919999999999987,-1.408999999999999,-3.5,39.0
2024_02_SF_MIN,2024,2,REG,SF,MIN,22.387,22.329,17.0,23.0,-0.059,6.0,44.716,40.0,57.17,62.52,60.07,59.08,59.56,63.12,58.27,61.5,60.52,62.95,58.51,60.21,56.06,61.94,44.71,55.1,-0.6709999999999994,5.3870000000000005,-4.5,46.5
2024_02_TB_DET,2024,2,REG,TB,DET,21.615,23.203,20.0,16.0,1.587,-4.0,44.818,36.0,58.97,59.61,62.3,59.86,60.14,57.825,60.04,59.13,60.33,57.53,60.07,57.28,58.31,58.56,48.27,60.56,7.202999999999999,1.6149999999999984,7.5,51.5
2024_03_BAL_DAL,2024,3,REG,BAL,DAL,20.951,22.84,28.0,25.0,1.889,-3.0,43.792,53.0,61.89,60.7,58.33,55.35,58.51,60.635,60.06,59.08,57.18,57.22,63.21,63.56,60.44,61.15,66.4,56.9,-2.16,-7.0489999999999995,-1.5,47.5
2024_03_CAR_LV,2024,3,REG,CAR,LV,20.655,23.342,36.0,22.0,2.687,-14.0,43.997,58.0,58.67,49.81,58.18,60.03,59.09,54.835,58.75,53.7,56.29,57.43,60.9,57.75,59.25,56.84,60.73,54.86,1.3419999999999987,-15.344999999999999,5.5,40.0
2024_03_CHI_IND,2024,3,REG,CHI,IND,21.646,22.646,16.0,21.0,1.0,5.0,44.292,37.0,57.59,54.86,59.76,58.59,58.93,57.98,58.55,56.49,59.16,58.28,57.66,61.87,58.38,60.7,56.48,60.64,1.6460000000000008,5.646000000000001,1.5,43.0
2024_03_DEN_TB,2024,3,REG,DEN,TB,21.164,23.066,26.0,7.0,1.902,-19.0,44.23,33.0,59.66,54.6,60.1,58.03,58.825,60.735,59.75,57.14,57.7,57.38,58.73,60.75,59.41,59.67,61.74,53.34,16.066,-4.8359999999999985,6.0,40.5
2024_03_DET_ARI,2024,3,REG,DET,ARI,21.965,23.072,20.0,13.0,1.108,-7.0,45.037,33.0,60.48,59.0,57.57,63.91,58.375,59.835,59.04,59.95,59.25,61.9,57.85,60.62,59.68,58.89,59.0,55.69,10.072,1.9649999999999999,-3.0,51.5
2024_03_GB_TEN,2024,3,REG,GB,TEN,20.81,22.726,30.0,14.0,1.915,-16.0,43.536,44.0,56.17,57.23,56.01,55.99,57.74,61.73,56.53,58.18,57.84,57.93,61.38,59.68,60.41,60.54,60.22,49.55,8.725999999999999,-9.190000000000001,3.0,37.0
2024_03_HOU_MIN,2024,3,REG,HOU,MIN,21.953,22.526,7.0,34.0,0.572,27.0,44.479,41.0,57.17,60.46,57.21,59.44,60.715,60.07,58.25,60.13,59.15,59.24,60.33,62.46,58.84,60.6,55.62,64.85,-11.474,14.953,-2.0,46.0
2024_03_JAX_BUF,2024,3,REG,JAX,BUF,20.911,22.958,10.0,47.0,2.046,37.0,43.869,57.0,65.25,58.75,58.29,61.17,57.605,58.455,61.29,59.48,59.29,58.48,61.73,60.66,61.72,60.73,53.77,51.03,-24.042,10.911000000000001,4.0,46.5
2024_03_KC_ATL,2024,3,REG,KC,ATL,21.77,22.676,22.0,17.0,0.906,-5.0,44.445,39.0,58.46,64.36,60.39,58.85,58.275,60.265,58.58,61.3,59.5,59.9,60.33,61.34,61.46,62.7,58.89,60.91,5.675999999999998,-0.23000000000000043,-3.0,46.0
2024_03_LAC_PIT,2024,3,REG,LAC,PIT,20.613,23.416,10.0,20.0,2.803,10.0,44.029,30.0,61.8,54.93,58.87,55.54,58.825,57.245,60.11,56.03,58.01,56.62,62.48,58.74,65.0,58.67,61.82,64.25,3.4160000000000004,10.613,3.0,36.0
2024_03_MIA_SEA,2024,3,REG,MIA,SEA,21.332,22.723,3.0,24.0,1.391,21.0,44.055,27.0,59.01,60.76,57.52,56.46,59.04,60.67,58.74,60.17,57.0,59.75,60.24,61.78,61.85,58.55,57.69,53.7,-1.277000000000001,18.332,4.0,41.5
2024_03_NE_NYJ,2024,3,REG,NE,NYJ,20.75,22.523,3.0,24.0,1.773,21.0,43.273,27.0,53.75,55.77,57.14,57.33,56.97,60.165,55.56,57.1,57.45,58.46,60.1,59.32,61.63,59.3,55.14,48.82,-1.4770000000000003,17.75,6.5,39.0
2024_03_NYG_CLE,2024,3,REG,NYG,CLE,20.857,22.67,21.0,15.0,1.813,-6.0,43.527,36.0,55.23,54.39,59.5,59.24,58.81,59.76,57.22,56.85,57.6,58.81,59.3,58.81,60.94,62.57,59.04,48.09,7.670000000000002,-0.14300000000000068,6.5,38.0
2024_03_PHI_NO,2024,3,REG,PHI,NO,21.664,23.7,15.0,12.0,2.036,-3.0,45.363,27.0,62.06,61.19,63.37,60.86,65.24,62.705,63.62,61.33,62.09,60.15,62.3,60.43,61.15,59.54,58.1,62.26,11.7,6.6640000000000015,2.5,49.0
2024_03_SF_LA,2024,3,REG,SF,LA,22.439,22.583,24.0,27.0,0.144,3.0,45.023,51.0,60.08,62.96,59.25,60.11,59.555,64.37,59.38,62.28,59.09,63.75,57.9,60.88,58.64,62.9,54.45,56.14,-4.417000000000002,-1.561,-6.0,44.5
2024_03_WAS_CIN,2024,3,REG,WAS,CIN,20.399,23.063,38.0,33.0,2.664,-5.0,43.462,71.0,62.43,54.65,62.06,57.11,57.125,56.935,61.02,55.96,58.31,56.64,62.26,58.78,58.97,62.94,58.22,47.07,-9.937000000000001,-17.601,7.5,46.0
2024_04_BUF_BAL,2024,4,REG,BUF,BAL,21.615,22.976,10.0,35.0,1.361,25.0,44.591,45.0,61.74,67.27,56.44,58.94,60.25,59.655,59.86,63.04,59.4,60.17,62.54,60.44,60.27,60.73,57.17,55.51,-12.024000000000001,11.614999999999998,2.5,46.5
2024_04_CIN_CAR,2024,4,REG,CIN,CAR,22.16,22.63,34.0,24.0,0.47,-10.0,44.789,58.0,50.46,62.43,61.32,62.88,55.955,57.25,54.58,61.18,59.21,59.28,58.25,60.13,56.93,57.88,56.46,58.15,-1.370000000000001,-11.84,-4.5,47.0
2024_04_CLE_LV,2024,4,REG,CLE,LV,21.302,22.798,16.0,20.0,1.496,4.0,44.1,36.0,57.43,55.57,58.33,62.3,60.645,58.855,58.65,57.98,56.71,59.24,61.33,59.57,59.54,61.75,60.62,58.11,2.7979999999999983,5.302,-2.5,36.5
2024_04_DAL_NYG,2024,4,REG,DAL,NYG,21.847,21.915,20.0,15.0,0.068,-5.0,43.763,35.0,55.66,63.43,60.29,60.0,56.805,59.79,57.19,61.41,58.14,58.83,59.92,62.99,64.14,60.37,45.99,68.58,6.914999999999999,1.8470000000000013,-5.5,45.0
2024_04_DEN_NYJ,2024,4,REG,DEN,NYJ,20.646,22.858,10.0,9.0,2.212,-1.0,43.503,19.0,60.39,51.61,58.19,58.9,59.685,60.845,59.41,56.05,59.11,57.42,60.37,59.81,63.29,60.43,53.73,54.76,13.858,10.646,7.5,39.5
2024_04_JAX_HOU,2024,4,REG,JAX,HOU,21.005,23.365,20.0,24.0,2.36,4.0,44.37,44.0,59.96,58.72,60.41,62.21,60.36,57.955,60.22,59.45,59.81,59.43,62.56,60.48,62.07,60.21,64.31,54.47,-0.6350000000000016,1.004999999999999,5.5,44.5
2024_04_KC_LAC,2024,4,REG,KC,LAC,22.103,22.374,17.0,10.0,0.271,-7.0,44.477,27.0,54.93,65.13,55.66,58.53,57.63,60.92,56.26,61.84,56.81,59.91,59.4,61.72,59.46,63.39,64.79,61.6,12.373999999999999,5.1030000000000015,-7.5,41.5
2024_04_LA_CHI,2024,4,REG,LA,CHI,21.226,22.969,18.0,24.0,1.743,6.0,44.195,42.0,54.86,60.99,57.43,59.29,60.085,59.075,56.9,59.95,58.05,59.17,62.51,59.29,61.25,58.81,60.64,57.51,-1.0309999999999988,3.225999999999999,3.0,40.0
2024_04_MIN_GB,2024,4,REG,MIN,GB,21.561,22.479,31.0,29.0,0.918,-2.0,44.04,60.0,57.2,56.83,57.12,58.73,62.615,61.035,58.76,58.58,58.53,60.41,60.42,63.13,60.89,59.94,54.79,60.98,-6.521000000000001,-9.439,2.5,44.0
2024_04_NE_SF,2024,4,REG,NE,SF,20.499,23.709,13.0,30.0,3.21,17.0,44.208,43.0,65.19,55.63,60.96,57.57,65.205,60.295,63.89,57.17,62.26,58.4,61.27,59.87,63.86,59.46,55.69,49.75,-6.291,7.498999999999999,10.5,41.5
2024_04_NO_ATL,2024,4,REG,NO,ATL,21.827,22.653,24.0,26.0,0.826,2.0,44.479,50.0,58.46,61.95,58.67,60.2,58.87,65.24,58.43,63.03,58.84,60.7,60.99,61.86,61.59,62.16,60.29,58.28,-3.3470000000000013,-2.1729999999999983,2.5,41.5
2024_04_PHI_TB,2024,4,REG,PHI,TB,22.076,23.095,16.0,33.0,1.019,17.0,45.17,49.0,59.02,61.2,60.55,61.44,59.855,64.025,59.88,61.67,57.96,61.52,59.92,60.6,60.27,60.21,62.25,61.21,-9.905000000000001,6.0760000000000005,-1.0,42.0
2024_04_PIT_IND,2024,4,REG,PIT,IND,22.024,22.187,24.0,27.0,0.162,3.0,44.211,51.0,57.59,61.8,60.63,59.48,58.165,59.75,58.36,60.58,59.85,58.58,58.83,62.87,58.33,65.96,56.74,61.82,-4.812999999999999,-1.975999999999999,-2.5,40.0
2024_04_SEA_DET,2024,4,REG,SEA,DET,21.317,23.052,29.0,42.0,1.734,13.0,44.369,71.0,59.65,59.31,64.86,58.5,61.245,59.965,60.74,59.37,63.31,58.06,61.47,61.16,59.74,62.99,55.53,57.84,-18.948,-7.683,3.5,46.5
2024_04_TEN_MIA,2024,4,REG,TEN,MIA,21.055,22.456,31.0,12.0,1.401,-19.0,43.511,43.0,60.92,56.17,55.62,56.46,57.38,57.93,59.42,56.7,58.03,58.11,63.16,62.79,58.79,60.63,53.87,60.77,10.456,-9.945,2.5,37.0
2024_04_WAS_ARI,2024,4,REG,WAS,ARI,21.241,22.989,42.0,14.0,1.749,-28.0,44.23,56.0,60.37,60.46,60.49,57.75,58.57,57.6,59.72,58.98,60.55,58.53,58.24,59.7,61.09,63.77,59.52,50.18,8.989,-20.759,3.5,49.0
2024_05_ARI_SF,2024,5,REG,ARI,SF,21.127,23.946,24.0,23.0,2.819,-1.0,45.073,47.0,65.6,60.69,60.6,61.05,66.345,58.86,64.28,60.08,62.67,61.09,63.11,58.46,65.41,60.33,57.79,60.49,0.9460000000000015,-2.873000000000001,7.0,48.5
2024_05_BAL_CIN,2024,5,REG,BAL,CIN,21.812,23.097,41.0,38.0,1.285,-3.0,44.91,79.0,62.44,62.66,63.49,56.84,57.575,60.815,61.51,60.49,59.51,60.12,60.09,62.59,57.91,60.31,60.51,56.34,-14.902999999999999,-19.188,-2.5,48.5
2024_05_BUF_HOU,2024,5,REG,BUF,HOU,21.845,23.451,20.0,23.0,1.606,3.0,45.296,43.0,61.86,66.87,60.26,58.6,61.055,59.09,61.24,62.4,59.9,60.23,59.01,60.36,61.2,60.97,64.74,55.36,0.4510000000000005,1.8449999999999989,1.0,48.0
2024_05_CAR_CHI,2024,5,REG,CAR,CHI,20.63,23.166,10.0,36.0,2.536,26.0,43.796,46.0,51.54,50.77,57.84,61.9,60.7,55.88,55.62,54.64,58.92,59.9,63.09,58.36,61.92,56.97,61.37,57.87,-12.834,10.629999999999999,4.0,40.0
2024_05_CLE_WAS,2024,5,REG,CLE,WAS,20.891,22.689,13.0,34.0,1.797,21.0,43.58,47.0,62.23,55.82,58.37,59.37,58.68,58.98,60.36,57.55,59.08,58.21,60.07,60.77,65.23,61.1,50.86,58.38,-11.311,7.890999999999998,3.0,44.0
2024_05_DAL_PIT,2024,5,REG,DAL,PIT,21.68,22.684,20.0,17.0,1.004,-3.0,44.365,37.0,56.78,64.18,58.41,60.68,59.865,60.365,58.02,62.05,58.29,59.58,62.41,63.1,64.49,60.37,63.05,68.48,5.684000000000001,1.6799999999999997,2.5,43.5
2024_05_GB_LA,2024,5,REG,GB,LA,21.344,22.937,24.0,19.0,1.593,-5.0,44.281,43.0,61.09,58.56,59.64,58.03,59.2,62.49,60.09,59.55,59.51,58.92,59.02,60.58,58.7,61.5,57.22,48.05,3.937000000000001,-2.655999999999999,-3.0,49.5
2024_05_IND_JAX,2024,5,REG,IND,JAX,21.397,23.341,34.0,37.0,1.944,3.0,44.738,71.0,59.0,56.58,62.72,61.26,58.295,59.145,59.83,58.45,59.65,60.22,59.94,58.61,61.17,58.64,57.19,56.86,-13.658999999999999,-12.603000000000002,3.5,45.0
2024_05_LV_DEN,2024,5,REG,LV,DEN,21.335,22.364,18.0,34.0,1.029,16.0,43.699,52.0,51.95,57.64,59.32,57.73,61.045,61.32,56.35,58.74,58.13,56.41,60.2,61.37,60.81,60.11,54.7,61.75,-11.636,3.335000000000001,3.0,36.0
2024_05_MIA_NE,2024,5,REG,MIA,NE,21.483,22.186,15.0,10.0,0.702,-5.0,43.669,25.0,55.16,60.92,57.24,55.91,60.095,57.585,56.73,59.48,58.09,57.92,58.81,63.04,59.87,59.34,52.22,55.27,12.186,6.4830000000000005,-2.0,37.0
2024_05_NO_KC,2024,5,REG,NO,KC,21.641,23.37,13.0,26.0,1.729,13.0,45.011,39.0,65.39,61.96,59.09,59.62,62.125,65.49,62.54,62.91,60.23,60.61,62.09,61.72,63.62,60.33,61.04,60.82,-2.629999999999999,8.640999999999998,5.5,43.0
2024_05_NYG_SEA,2024,5,REG,NYG,SEA,20.788,22.656,29.0,20.0,1.868,-9.0,43.444,49.0,60.17,56.4,59.21,60.9,60.59,57.385,60.03,57.85,58.64,58.54,60.77,60.4,62.93,64.48,57.16,51.87,2.655999999999999,-8.212,7.0,42.5
2024_05_NYJ_MIN,2024,5,REG,NYJ,MIN,20.937,23.08,17.0,23.0,2.143,6.0,44.017,40.0,57.55,60.03,59.33,58.8,62.025,58.915,59.48,59.2,60.62,58.71,63.52,60.57,60.21,62.58,62.3,53.79,0.0799999999999983,3.937000000000001,2.5,42.0
2024_05_TB_ATL,2024,5,REG,TB,ATL,21.477,23.229,30.0,36.0,1.752,6.0,44.706,66.0,58.49,59.89,58.9,59.78,58.735,60.525,58.47,60.28,58.96,58.17,61.36,58.59,62.11,60.57,62.82,63.44,-12.771,-8.523,2.5,44.0
2024_06_ARI_GB,2024,6,REG,ARI,GB,20.975,22.914,13.0,34.0,1.939,21.0,43.888,47.0,58.82,60.75,58.65,61.53,64.285,59.13,60.17,60.35,59.98,61.36,63.36,58.61,60.99,60.37,48.26,47.77,-11.085999999999999,7.975000000000001,5.5,47.0
2024_06_ATL_CAR,2024,6,REG,ATL,CAR,22.087,22.226,38.0,20.0,0.139,-18.0,44.313,58.0,56.95,58.6,57.19,59.16,55.2,59.755,56.4,58.91,57.42,59.3,58.19,62.01,57.02,62.8,59.21,62.24,2.225999999999999,-15.913,-6.0,45.5
2024_06_BUF_NYJ,2024,6,REG,BUF,NYJ,21.564,22.755,23.0,20.0,1.191,-3.0,44.319,43.0,59.54,66.98,61.43,59.08,58.72,59.375,59.45,62.69,59.63,60.54,61.47,60.67,62.88,61.14,53.66,56.59,2.754999999999999,-1.436,-1.0,42.0
2024_06_CIN_NYG,2024,6,REG,CIN,NYG,21.398,22.702,17.0,7.0,1.304,-10.0,44.1,24.0,56.83,64.63,61.53,60.99,59.6,59.385,58.71,62.54,59.37,58.8,60.9,61.21,65.06,60.13,54.26,58.75,15.702000000000002,4.398,-4.5,46.0
2024_06_CLE_PHI,2024,6,REG,CLE,PHI,21.407,23.412,16.0,20.0,2.004,4.0,44.819,36.0,61.26,55.96,61.95,59.88,63.92,59.085,61.79,57.73,61.87,58.75,59.55,60.13,60.52,61.61,59.22,59.53,3.411999999999999,5.407,8.0,42.0
2024_06_DET_DAL,2024,6,REG,DET,DAL,21.894,23.713,47.0,9.0,1.819,-38.0,45.607,56.0,64.51,61.09,60.74,65.35,60.92,63.37,62.35,62.18,60.29,64.46,63.01,60.04,60.55,60.79,66.49,58.38,14.713000000000001,-25.106,-3.5,52.5
2024_06_HOU_NE,2024,6,REG,HOU,NE,22.254,22.626,41.0,21.0,0.372,-20.0,44.881,62.0,55.78,61.62,58.45,60.62,59.0,61.33,56.72,61.36,58.68,60.13,58.88,58.65,59.45,60.97,53.77,64.85,1.6260000000000012,-18.746,-6.5,38.5
2024_06_IND_TEN,2024,6,REG,IND,TEN,21.306,22.926,20.0,17.0,1.621,-3.0,44.232,37.0,51.78,58.12,57.41,61.77,57.655,59.395,54.91,59.53,58.49,60.33,63.11,59.13,60.9,58.73,63.38,59.31,5.925999999999998,1.306000000000001,2.5,42.0
2024_06_JAX_CHI,2024,6,REG,JAX,CHI,21.294,22.896,16.0,35.0,1.601,19.0,44.19,51.0,54.92,60.67,58.54,63.28,61.52,58.47,57.55,60.84,59.7,59.84,63.24,60.36,62.39,61.01,60.95,59.69,-12.104,5.2940000000000005,-1.5,44.5
2024_06_LAC_DEN,2024,6,REG,LAC,DEN,21.1,22.71,23.0,16.0,1.609,-7.0,43.81,39.0,53.05,55.18,59.65,58.87,63.445,56.18,58.13,56.46,58.44,57.83,61.01,61.38,61.16,59.17,56.35,61.93,6.710000000000001,-1.8999999999999986,-3.0,37.0
2024_06_PIT_LV,2024,6,REG,PIT,LV,21.77,22.227,32.0,13.0,0.457,-19.0,43.997,45.0,57.31,61.9,57.27,57.78,60.755,60.07,58.4,60.24,55.4,58.24,59.24,62.83,60.41,63.82,61.91,61.99,9.227,-10.23,-3.5,36.5
2024_06_SF_SEA,2024,6,REG,SF,SEA,22.197,22.485,36.0,24.0,0.288,-12.0,44.682,60.0,60.4,65.11,59.63,61.19,60.76,66.075,60.3,64.17,60.33,64.66,61.39,62.7,62.2,65.22,56.37,59.27,-1.5150000000000006,-13.803,-3.5,49.0
2024_06_TB_NO,2024,6,REG,TB,NO,21.487,23.471,51.0,27.0,1.984,-24.0,44.959,78.0,61.66,60.41,59.86,58.39,60.42,61.01,61.02,60.4,59.73,57.71,61.94,58.74,60.48,60.79,61.59,62.69,-3.529,-29.513,-3.5,42.5
2024_06_WAS_BAL,2024,6,REG,WAS,BAL,20.531,22.682,23.0,30.0,2.151,7.0,43.213,53.0,63.45,61.14,57.49,58.83,61.605,57.795,61.17,59.82,61.01,58.97,65.53,61.5,62.39,67.02,58.01,50.89,-7.318000000000001,-2.469000000000001,6.5,51.5
2024_07_BAL_TB,2024,7,REG,BAL,TB,22.021,22.939,41.0,31.0,0.918,-10.0,44.96,72.0,60.47,63.4,61.91,56.35,59.88,61.775,60.56,61.09,59.22,60.16,57.98,62.78,60.53,62.63,64.46,59.36,-8.061,-18.979,-4.5,51.0
2024_07_CAR_WAS,2024,7,REG,CAR,WAS,20.857,23.236,7.0,40.0,2.379,33.0,44.093,47.0,61.65,57.03,58.91,62.41,58.235,55.385,60.11,57.57,59.02,59.73,61.21,57.94,66.55,57.22,50.59,60.06,-16.764,13.857,10.0,51.0
2024_07_CIN_CLE,2024,7,REG,CIN,CLE,21.686,23.0,21.0,14.0,1.313,-7.0,44.686,35.0,56.29,62.48,58.08,61.2,57.965,59.16,56.95,61.58,60.25,58.4,60.0,59.05,61.37,60.35,59.41,59.9,9.0,0.6859999999999999,-5.5,42.0
2024_07_DEN_NO,2024,7,REG,DEN,NO,20.957,23.137,33.0,10.0,2.18,-23.0,44.095,43.0,61.42,54.14,60.06,59.61,59.665,63.52,60.41,58.68,59.68,58.25,62.03,61.32,62.6,61.26,62.54,57.15,13.137,-12.043,-2.5,37.0
2024_07_DET_MIN,2024,7,REG,DET,MIN,21.837,23.367,31.0,29.0,1.53,-2.0,45.205,60.0,56.43,61.67,59.71,65.69,61.65,65.335,58.93,63.12,60.65,65.03,64.33,60.58,62.52,61.41,68.68,60.59,-5.632999999999999,-9.163,1.0,50.5
2024_07_HOU_GB,2024,7,REG,HOU,GB,21.733,22.586,22.0,24.0,0.853,2.0,44.32,46.0,59.24,61.95,58.63,60.81,63.65,61.08,60.25,61.56,59.67,60.29,63.05,59.91,61.14,62.22,47.34,65.08,-1.4140000000000015,-0.26699999999999946,3.0,48.0
2024_07_KC_SF,2024,7,REG,KC,SF,21.279,23.356,28.0,18.0,2.077,-10.0,44.635,46.0,65.49,65.34,61.87,59.99,66.405,61.66,64.58,62.44,64.9,60.53,63.14,62.13,65.26,63.79,54.16,58.99,5.356000000000002,-6.721,2.5,47.5
2024_07_LAC_ARI,2024,7,REG,LAC,ARI,21.676,23.344,15.0,17.0,1.668,2.0,45.019,32.0,60.67,55.01,61.59,59.95,58.935,59.22,60.04,57.08,61.23,59.53,58.57,61.03,60.46,59.56,61.77,63.79,6.344000000000001,6.675999999999998,-1.0,44.0
2024_07_LV_LA,2024,7,REG,LV,LA,21.589,22.807,15.0,20.0,1.218,5.0,44.396,35.0,60.81,57.24,60.27,57.75,58.455,58.44,59.92,57.46,59.61,57.59,58.67,61.76,59.27,60.67,55.74,62.31,2.8069999999999986,6.588999999999999,7.0,43.0
2024_07_MIA_IND,2024,7,REG,MIA,IND,21.42,22.928,10.0,16.0,1.508,6.0,44.347,26.0,58.2,60.91,61.94,56.26,59.55,56.605,59.58,59.11,60.36,56.39,58.79,63.6,58.87,59.34,60.51,55.59,6.928000000000001,11.420000000000002,3.0,44.0
2024_07_NE_JAX,2024,7,REG,NE,JAX,21.091,23.366,16.0,32.0,2.275,16.0,44.457,48.0,60.43,55.73,63.51,58.55,59.215,59.105,60.91,56.73,60.16,58.94,60.36,60.1,59.56,60.12,60.7,54.17,-8.634,5.091000000000001,6.5,42.0
2024_07_NYJ_PIT,2024,7,REG,NYJ,PIT,20.865,22.787,15.0,37.0,1.922,22.0,43.653,52.0,56.68,59.6,56.91,61.7,59.8,59.595,57.62,60.06,57.97,60.04,62.7,60.47,64.24,62.16,63.79,52.71,-14.213000000000001,5.864999999999998,-3.0,40.0
2024_07_PHI_NYG,2024,7,REG,PHI,NYG,21.467,23.016,28.0,3.0,1.549,-25.0,44.482,31.0,56.33,61.57,61.8,63.23,59.67,62.18,58.45,61.95,59.77,61.2,61.2,58.48,65.45,58.63,52.07,58.99,20.016,-6.533000000000001,-3.0,42.0
2024_07_SEA_ATL,2024,7,REG,SEA,ATL,21.283,22.971,34.0,14.0,1.688,-20.0,44.254,48.0,58.75,59.97,59.62,59.9,60.045,61.065,59.13,60.22,59.97,60.22,61.8,60.62,62.77,63.27,63.15,57.26,8.971,-12.716999999999999,3.0,51.5
2024_07_TEN_BUF,2024,7,REG,TEN,BUF,21.082,23.122,10.0,34.0,2.039,24.0,44.204,44.0,66.79,51.84,60.85,57.36,59.115,58.29,62.82,55.23,61.19,58.47,61.12,62.85,61.51,60.54,55.64,64.43,-10.878,11.082,9.5,41.0
2024_08_ARI_MIA,2024,8,REG,ARI,MIA,21.7,23.036,28.0,27.0,1.336,-1.0,44.736,55.0,60.73,60.41,56.61,62.07,55.09,59.52,58.5,60.23,58.17,61.85,63.27,57.11,59.15,59.91,54.31,61.59,-3.9639999999999986,-6.300000000000001,4.0,46.5
2024_08_ATL_TB,2024,8,REG,ATL,TB,21.617,22.958,31.0,26.0,1.34,-5.0,44.575,57.0,60.43,58.56,60.77,60.19,60.835,59.99,60.57,59.19,59.43,60.49,60.3,61.74,61.7,63.01,62.51,61.87,-3.0420000000000016,-9.383,-1.5,47.0
2024_08_BAL_CLE,2024,8,REG,BAL,CLE,21.826,22.193,24.0,29.0,0.367,5.0,44.019,53.0,55.4,64.03,59.26,57.16,58.02,60.325,56.68,60.82,59.15,61.11,59.89,63.1,61.41,62.88,57.38,60.03,-6.806999999999999,-2.1739999999999995,-7.5,44.5
2024_08_BUF_SEA,2024,8,REG,BUF,SEA,21.825,23.062,31.0,10.0,1.237,-21.0,44.887,41.0,60.04,66.79,60.25,61.29,61.795,60.08,60.5,63.23,61.0,61.67,60.22,60.88,62.68,61.84,57.88,55.92,13.062000000000001,-9.175,-3.0,45.5
2024_08_CAR_DEN,2024,8,REG,CAR,DEN,21.118,23.426,14.0,28.0,2.308,14.0,44.545,42.0,54.72,56.37,60.07,62.56,63.48,56.6,59.01,57.92,59.01,59.73,62.44,57.77,61.71,57.19,57.73,59.75,-4.574000000000002,7.1179999999999986,13.0,40.5
2024_08_CHI_WAS,2024,8,REG,CHI,WAS,21.022,22.405,15.0,18.0,1.382,3.0,43.427,33.0,61.27,56.92,59.45,59.09,58.795,62.65,60.26,58.93,59.66,60.38,61.53,62.79,66.63,62.48,50.8,60.41,4.405000000000001,6.0219999999999985,1.5,46.5
2024_08_DAL_SF,2024,8,REG,DAL,SF,21.615,23.485,24.0,30.0,1.869,6.0,45.1,54.0,64.74,63.38,62.35,61.17,66.7,60.77,64.39,61.9,65.23,60.38,62.84,63.27,65.33,60.59,54.17,68.44,-6.515000000000001,-2.3850000000000016,5.5,48.0
2024_08_GB_JAX,2024,8,REG,GB,JAX,21.669,22.998,30.0,27.0,1.329,-3.0,44.667,57.0,60.79,59.2,63.94,59.08,59.955,64.635,61.46,60.66,59.9,60.27,60.26,63.35,59.55,61.1,60.9,55.58,-4.001999999999999,-8.331,-3.5,49.0
2024_08_IND_HOU,2024,8,REG,IND,HOU,21.687,23.835,20.0,23.0,2.148,3.0,45.522,43.0,61.59,58.09,61.2,62.4,61.295,59.35,61.5,59.56,60.73,60.63,59.6,58.82,62.38,59.48,65.26,61.84,0.8350000000000009,1.6870000000000012,5.0,45.0
2024_08_KC_LV,2024,8,REG,KC,LV,21.751,22.486,27.0,20.0,0.735,-7.0,44.237,47.0,56.47,64.8,59.24,60.79,58.91,61.565,57.44,62.28,58.83,61.0,61.97,62.41,60.81,63.58,62.85,58.86,2.4860000000000007,-5.248999999999999,-9.0,42.0
2024_08_MIN_LA,2024,8,REG,MIN,LA,22.326,22.241,20.0,30.0,-0.086,10.0,44.567,50.0,59.97,56.43,60.79,60.2,60.225,61.925,60.03,59.17,60.51,61.19,59.0,65.36,59.16,61.57,50.68,70.13,-7.759,2.3260000000000005,-3.0,47.5
2024_08_NO_LAC,2024,8,REG,NO,LAC,21.495,22.925,8.0,26.0,1.43,18.0,44.42,34.0,54.96,61.19,60.88,57.11,59.665,57.725,57.41,58.84,60.13,58.18,61.21,61.11,59.59,62.17,65.39,62.48,-3.0749999999999993,13.495000000000001,7.0,41.5
2024_08_NYG_PIT,2024,8,REG,NYG,PIT,20.687,22.86,18.0,26.0,2.173,8.0,43.547,44.0,59.64,55.9,58.06,62.26,60.605,60.165,59.42,58.47,58.88,60.39,62.72,60.79,64.27,64.07,63.64,51.85,-3.1400000000000006,2.687000000000001,6.0,37.5
2024_08_NYJ_NE,2024,8,REG,NYJ,NE,21.372,22.5,22.0,25.0,1.127,3.0,43.872,47.0,55.74,59.32,59.32,62.02,59.775,58.425,57.14,59.38,59.44,60.46,59.88,60.19,59.95,61.99,54.02,50.9,-2.5,-0.6280000000000001,-7.0,41.0
2024_08_PHI_CIN,2024,8,REG,PHI,CIN,21.792,23.471,37.0,17.0,1.678,-20.0,45.263,54.0,62.53,61.54,61.76,63.65,59.39,62.79,61.81,62.21,58.73,62.01,61.14,58.51,62.08,59.36,58.1,58.4,6.471,-15.207999999999998,2.5,47.5
2024_08_TEN_DET,2024,8,REG,TEN,DET,21.254,23.91,14.0,52.0,2.655,38.0,45.164,66.0,61.98,51.7,66.16,58.06,66.51,58.485,63.71,55.18,66.19,58.94,59.97,61.35,61.22,61.41,61.3,64.42,-28.09,7.254000000000001,12.5,45.0
2024_09_CHI_ARI,2024,9,REG,CHI,ARI,21.972,23.017,9.0,29.0,1.045,20.0,44.99,38.0,61.13,56.78,62.43,59.31,60.57,62.895,61.03,58.98,62.17,60.88,57.38,63.26,60.55,62.63,60.87,60.76,-5.9830000000000005,12.972000000000001,1.5,44.5
2024_09_DAL_ATL,2024,9,REG,DAL,ATL,21.917,23.247,21.0,27.0,1.33,6.0,45.164,48.0,57.86,63.32,60.49,61.7,60.84,60.845,59.14,62.08,61.21,60.63,62.65,61.13,62.82,59.02,60.99,69.8,-3.753,0.9170000000000016,3.0,52.0
2024_09_DEN_BAL,2024,9,REG,DEN,BAL,20.903,23.15,10.0,41.0,2.246,31.0,44.053,51.0,64.33,57.15,57.71,60.4,62.35,63.625,61.98,60.21,61.7,58.93,64.36,62.76,62.91,61.58,59.3,57.19,-17.85,10.902999999999999,9.0,46.5
2024_09_DET_GB,2024,9,REG,DET,GB,22.298,23.174,24.0,14.0,0.876,-10.0,45.472,38.0,59.48,62.35,59.31,66.13,65.95,66.65,61.18,63.97,60.86,66.79,63.67,60.08,62.13,61.35,56.15,64.11,9.174,-1.7020000000000017,-2.5,47.5
2024_09_HOU_NYJ,2024,9,REG,HOU,NYJ,22.098,22.662,13.0,21.0,0.564,8.0,44.759,34.0,59.8,62.01,62.21,62.47,58.96,59.655,59.81,61.07,60.82,61.47,59.66,60.3,62.17,62.8,50.31,66.34,1.661999999999999,9.097999999999999,2.5,43.5
2024_09_IND_MIN,2024,9,REG,IND,MIN,20.721,23.756,13.0,21.0,3.035,8.0,44.477,34.0,56.87,54.64,60.4,59.5,62.07,59.485,59.46,57.49,61.37,59.57,66.3,59.47,61.73,59.9,69.89,61.35,2.7560000000000002,7.721,6.5,47.0
2024_09_JAX_PHI,2024,9,REG,JAX,PHI,21.973,23.595,23.0,28.0,1.622,5.0,45.568,51.0,62.26,61.37,59.99,60.02,64.885,60.715,62.59,61.21,60.85,57.88,58.61,60.27,59.48,59.92,60.81,61.81,-4.405000000000001,-1.027000000000001,7.5,46.0
2024_09_LAC_CLE,2024,9,REG,LAC,CLE,21.642,22.961,27.0,10.0,1.319,-17.0,44.604,37.0,55.39,55.06,64.2,61.45,59.11,60.15,58.08,57.83,61.48,60.32,60.18,61.24,61.98,59.82,57.89,66.58,12.960999999999999,-5.3580000000000005,-2.0,42.5
2024_09_LA_SEA,2024,9,REG,LA,SEA,21.328,23.389,26.0,20.0,2.061,-6.0,44.717,46.0,59.93,60.55,60.33,61.49,61.76,60.59,60.49,60.59,60.67,60.97,60.18,59.39,62.47,59.37,58.15,51.22,3.3889999999999993,-4.672000000000001,-1.5,48.5
2024_09_LV_CIN,2024,9,REG,LV,CIN,21.201,22.999,24.0,41.0,1.799,17.0,44.2,65.0,63.97,56.92,61.65,56.99,60.15,59.705,62.56,57.46,58.94,57.85,61.2,62.43,62.07,60.89,57.08,64.0,-18.001,-2.7989999999999995,8.0,45.0
2024_09_MIA_BUF,2024,9,REG,MIA,BUF,21.263,23.365,27.0,30.0,2.101,3.0,44.628,57.0,67.29,61.25,61.77,56.77,60.605,58.945,63.8,59.57,62.5,60.27,61.21,63.38,62.03,59.31,55.74,55.44,-6.635000000000002,-5.736999999999998,6.5,49.0
2024_09_NE_TEN,2024,9,REG,NE,TEN,20.707,23.31,17.0,20.0,2.602,3.0,44.017,37.0,54.76,55.89,58.48,58.55,58.555,59.655,56.91,56.96,59.01,59.23,61.83,58.01,62.19,59.46,65.21,52.24,3.3099999999999987,3.7070000000000007,3.0,38.5
2024_09_NO_CAR,2024,9,REG,NO,CAR,22.291,22.516,22.0,23.0,0.225,1.0,44.806,45.0,56.25,61.22,62.78,60.6,57.51,62.665,58.37,60.87,59.86,61.4,58.08,62.66,57.49,62.29,57.43,58.85,-0.48400000000000176,0.29100000000000037,-7.0,43.5
2024_09_TB_KC,2024,9,REG,TB,KC,21.301,23.519,24.0,30.0,2.218,6.0,44.82,54.0,65.44,60.77,61.28,61.36,61.995,59.295,62.79,59.91,61.43,59.87,62.69,60.34,64.37,61.54,60.54,64.54,-6.481000000000002,-2.6990000000000016,9.0,45.5
2024_09_WAS_NYG,2024,9,REG,WAS,NYG,20.95,22.341,27.0,22.0,1.392,-5.0,43.291,49.0,55.99,62.93,62.49,59.79,60.795,58.93,58.73,61.15,61.91,58.77,61.57,61.01,63.88,66.23,51.4,50.75,0.3410000000000011,-6.050000000000001,-4.5,44.5
2024_10_ATL_NO,2024,10,REG,ATL,NO,21.275,23.014,17.0,20.0,1.739,3.0,44.289,37.0,61.24,58.34,61.28,60.87,62.305,59.98,60.85,59.05,61.78,61.3,63.66,62.4,62.29,63.01,60.47,62.02,3.0139999999999993,4.274999999999999,-3.5,46.5
2024_10_BUF_IND,2024,10,REG,BUF,IND,22.246,22.809,30.0,20.0,0.563,-10.0,45.055,50.0,53.7,67.22,60.02,62.25,59.77,60.475,57.26,63.95,59.67,62.3,59.66,61.1,60.57,61.76,62.95,57.93,2.809000000000001,-7.754000000000001,-4.5,46.5
2024_10_CIN_BAL,2024,10,REG,CIN,BAL,20.961,23.43,34.0,35.0,2.469,1.0,44.391,69.0,64.78,63.95,58.12,59.65,63.75,58.315,62.62,61.75,62.35,57.85,65.76,61.36,62.07,62.13,60.79,58.72,-11.57,-13.039000000000001,6.0,53.0
2024_10_DEN_KC,2024,10,REG,DEN,KC,20.826,23.499,14.0,16.0,2.673,2.0,44.325,30.0,65.61,55.68,61.97,60.02,62.06,63.23,63.06,59.34,61.84,58.56,63.27,60.76,64.19,61.5,59.58,57.8,7.498999999999999,6.8260000000000005,7.5,42.5
2024_10_DET_HOU,2024,10,REG,DET,HOU,22.415,23.523,26.0,23.0,1.108,-3.0,45.938,49.0,61.67,62.18,62.82,66.49,59.54,66.435,61.01,63.96,61.51,65.04,60.8,60.13,62.11,61.22,63.99,62.84,0.5229999999999997,-3.585000000000001,-4.5,49.0
2024_10_MIA_LA,2024,10,REG,MIA,LA,21.707,22.896,23.0,15.0,1.189,-8.0,44.604,38.0,60.55,62.37,62.18,57.51,60.83,59.055,60.85,60.29,61.1,60.89,60.19,63.55,59.73,59.03,54.29,56.48,7.896000000000001,-1.2929999999999993,2.5,49.5
2024_10_MIN_JAX,2024,10,REG,MIN,JAX,21.883,22.463,12.0,7.0,0.579,-5.0,44.346,19.0,60.62,56.53,60.4,60.71,59.325,60.535,60.29,59.24,57.81,60.52,59.38,65.67,59.77,61.5,61.33,62.28,15.463000000000001,9.883,-7.0,42.5
2024_10_NE_CHI,2024,10,REG,NE,CHI,20.646,23.589,19.0,3.0,2.944,-16.0,44.235,22.0,55.41,54.77,59.84,59.15,63.285,60.51,58.65,57.04,61.1,59.42,63.33,57.49,62.61,59.44,62.32,54.84,20.589,1.6460000000000008,6.5,37.5
2024_10_NYG_CAR,2024,10,REG,NYG,CAR,21.972,22.158,17.0,20.0,0.186,3.0,44.129,37.0,55.9,56.14,59.43,62.84,56.385,61.345,56.98,59.02,58.36,61.91,57.82,62.29,57.35,65.65,60.33,53.79,2.1580000000000013,4.972000000000001,-6.5,40.5
2024_10_NYJ_ARI,2024,10,REG,NYJ,ARI,21.808,22.973,6.0,31.0,1.165,25.0,44.781,37.0,60.81,59.69,62.77,60.85,60.735,58.85,61.02,59.51,62.47,60.14,57.14,61.03,60.89,62.75,53.62,56.68,-8.027000000000001,15.808,-2.0,45.5
2024_10_PHI_DAL,2024,10,REG,PHI,DAL,22.043,24.082,34.0,6.0,2.04,-28.0,46.125,40.0,63.13,62.42,62.46,60.81,60.98,63.77,62.16,62.45,61.4,60.99,60.99,58.78,59.14,59.62,68.62,60.01,18.082,-11.957,-7.5,44.5
2024_10_PIT_WAS,2024,10,REG,PIT,WAS,21.115,22.282,28.0,27.0,1.168,-1.0,43.397,55.0,62.81,60.3,60.14,58.9,59.425,60.815,61.43,60.03,59.08,59.35,62.3,62.94,66.27,64.63,50.24,63.12,-4.718,-6.885000000000002,1.5,45.0
2024_10_SF_TB,2024,10,REG,SF,TB,22.225,22.598,23.0,20.0,0.373,-3.0,44.823,43.0,60.54,65.0,61.59,62.81,59.265,66.64,59.87,64.43,59.84,65.61,60.24,63.32,61.93,65.13,62.7,53.98,2.597999999999999,-0.7749999999999986,-6.5,50.5
2024_10_TEN_LAC,2024,10,REG,TEN,LAC,21.558,22.792,17.0,27.0,1.235,10.0,44.35,44.0,54.94,55.42,61.75,57.65,61.76,58.96,58.69,57.2,60.6,58.8,59.5,62.62,60.21,63.09,63.52,63.86,-4.207999999999998,4.558,8.0,40.0
2024_11_ATL_DEN,2024,11,REG,ATL,DEN,21.547,22.798,6.0,38.0,1.251,32.0,44.345,44.0,57.48,58.03,60.85,61.27,64.29,60.76,60.59,59.38,59.39,61.91,60.37,62.58,61.26,60.22,55.46,56.29,-15.202000000000002,15.547,2.0,44.5
2024_11_BAL_PIT,2024,11,REG,BAL,PIT,21.181,22.889,16.0,18.0,1.708,2.0,44.071,34.0,60.51,64.94,59.85,58.34,61.11,62.365,60.35,61.96,59.85,62.63,63.54,63.85,66.93,62.38,64.9,58.03,4.888999999999999,5.181000000000001,-3.0,48.0
2024_11_CIN_LAC,2024,11,REG,CIN,LAC,21.635,23.026,27.0,34.0,1.392,7.0,44.661,61.0,54.22,64.04,61.9,60.17,61.825,58.495,58.48,61.98,60.46,57.99,59.72,61.24,60.4,61.88,64.29,55.77,-10.974,-5.364999999999998,1.0,48.0
2024_11_CLE_NO,2024,11,REG,CLE,NO,20.711,23.441,14.0,35.0,2.73,21.0,44.152,49.0,61.56,54.35,61.44,64.0,61.67,58.54,60.84,57.38,61.62,60.86,64.41,59.62,62.71,62.12,62.54,55.87,-11.559000000000001,6.7109999999999985,-1.0,44.0
2024_11_GB_CHI,2024,11,REG,GB,CHI,21.412,22.833,20.0,19.0,1.421,-1.0,44.245,39.0,55.46,59.07,59.82,59.75,62.815,65.305,58.5,60.94,60.93,60.63,61.36,62.42,61.76,62.01,61.85,54.79,3.8329999999999984,1.411999999999999,-6.0,41.0
2024_11_HOU_DAL,2024,11,REG,HOU,DAL,21.988,23.515,34.0,10.0,1.528,-24.0,45.503,44.0,63.35,61.4,62.58,62.72,60.27,59.315,62.07,60.69,61.25,61.42,60.92,61.62,59.36,63.63,69.96,62.65,13.515,-12.012,-7.5,41.5
2024_11_IND_NYJ,2024,11,REG,IND,NYJ,21.37,23.109,28.0,27.0,1.739,-1.0,44.479,55.0,59.63,54.67,60.75,59.88,58.315,59.36,59.25,57.56,60.12,59.37,59.72,59.68,62.42,60.86,59.0,61.9,-3.8909999999999982,-6.629999999999999,4.0,43.0
2024_11_JAX_DET,2024,11,REG,JAX,DET,21.564,24.735,6.0,52.0,3.171,46.0,46.299,58.0,61.74,60.53,66.5,60.31,66.36,58.96,63.78,60.11,66.63,57.87,60.64,59.73,61.56,59.84,73.72,63.7,-27.265,15.564,14.0,47.5
2024_11_KC_BUF,2024,11,REG,KC,BUF,22.075,23.228,21.0,30.0,1.154,9.0,45.303,51.0,66.64,65.9,62.46,61.83,63.44,62.55,64.87,63.42,62.88,61.63,61.29,63.18,60.23,64.13,57.41,59.91,-6.7719999999999985,1.0749999999999993,2.5,46.5
2024_11_LA_NE,2024,11,REG,LA,NE,21.655,22.739,28.0,22.0,1.084,-6.0,44.395,50.0,55.99,60.36,59.46,61.69,60.28,61.02,57.57,60.82,59.65,60.78,59.71,60.0,60.32,60.01,54.26,53.86,0.7390000000000008,-6.344999999999999,-4.0,42.5
2024_11_LV_MIA,2024,11,REG,LV,MIA,21.087,23.017,19.0,34.0,1.93,15.0,44.104,53.0,52.51,56.59,58.28,57.4,59.435,59.425,56.13,57.27,61.24,57.96,63.79,59.23,59.8,58.01,56.17,63.92,-10.983,2.0869999999999997,8.0,43.5
2024_11_MIN_TEN,2024,11,REG,MIN,TEN,21.533,22.374,23.0,13.0,0.841,-10.0,43.906,36.0,55.6,56.54,58.82,61.82,58.835,62.495,57.53,59.76,59.26,62.01,61.89,65.38,62.95,61.83,63.44,61.9,9.373999999999999,-1.4669999999999987,-6.0,40.0
2024_11_SEA_SF,2024,11,REG,SEA,SF,21.192,23.766,20.0,17.0,2.574,-3.0,44.958,37.0,65.89,59.5,62.85,60.69,67.635,61.315,65.25,60.36,63.87,60.39,62.54,59.67,62.88,60.91,52.74,56.44,6.765999999999998,1.1920000000000002,6.0,49.0
2024_11_WAS_PHI,2024,11,REG,WAS,PHI,21.411,22.799,18.0,26.0,1.387,8.0,44.21,44.0,62.35,62.34,60.88,58.23,63.835,58.66,62.48,60.57,61.26,58.26,59.22,63.64,59.77,64.66,58.17,50.86,-3.2010000000000005,3.4110000000000014,4.5,49.5
2024_12_ARI_SEA,2024,12,REG,ARI,SEA,21.744,23.537,6.0,16.0,1.793,10.0,45.282,22.0,60.03,61.96,60.83,62.88,61.04,61.195,60.66,61.7,60.43,62.77,60.3,56.94,58.55,60.27,57.17,48.23,7.536999999999999,15.744,-1.0,46.5
2024_12_BAL_LAC,2024,12,REG,BAL,LAC,21.909,22.813,30.0,23.0,0.904,-7.0,44.722,53.0,54.84,65.77,62.33,58.53,62.98,62.675,59.23,62.5,61.0,62.61,60.43,63.59,60.55,63.13,64.47,54.68,-0.18700000000000117,-8.091000000000001,-3.0,51.0
2024_12_DAL_WAS,2024,12,REG,DAL,WAS,22.117,22.803,34.0,26.0,0.686,-8.0,44.92,60.0,62.77,64.28,58.69,62.91,59.595,60.54,61.18,62.65,58.13,61.31,60.69,61.16,63.52,59.45,51.27,68.24,-3.196999999999999,-11.883,10.5,45.0
2024_12_DEN_LV,2024,12,REG,DEN,LV,21.452,22.895,29.0,19.0,1.443,-10.0,44.347,48.0,57.63,59.92,57.82,61.14,60.71,64.665,58.16,62.02,58.42,59.54,62.0,60.6,60.55,61.64,63.57,54.41,3.8949999999999996,-7.547999999999998,-6.5,41.5
2024_12_DET_IND,2024,12,REG,DET,IND,23.189,22.913,24.0,6.0,-0.277,-18.0,46.102,30.0,55.99,63.81,60.36,67.07,59.985,62.7,58.54,64.3,59.39,65.09,59.62,60.54,60.38,61.63,61.02,74.87,16.913,-0.8109999999999999,-7.0,50.5
2024_12_KC_CAR,2024,12,REG,KC,CAR,22.584,22.368,30.0,27.0,-0.217,-3.0,44.952,57.0,56.96,66.74,60.52,62.05,59.995,62.465,58.51,63.77,60.04,61.56,58.82,63.28,57.64,64.21,58.27,60.53,-4.6320000000000014,-7.416,-11.0,43.0
2024_12_MIN_CHI,2024,12,REG,MIN,CHI,21.474,22.486,30.0,27.0,1.012,-3.0,43.96,57.0,56.5,57.43,60.18,61.95,63.26,62.775,59.18,60.32,61.11,61.84,62.98,65.75,62.34,61.73,59.22,60.98,-4.513999999999999,-8.526,-3.0,39.5
2024_12_NE_MIA,2024,12,REG,NE,MIA,20.791,23.41,15.0,34.0,2.62,19.0,44.201,49.0,63.72,58.09,58.5,59.36,60.38,61.125,61.51,58.84,61.68,59.62,64.45,59.37,59.68,60.37,55.95,50.77,-10.59,5.791,7.5,46.0
2024_12_PHI_LA,2024,12,REG,PHI,LA,22.114,23.011,37.0,20.0,0.898,-17.0,45.125,57.0,61.92,62.96,62.06,63.72,61.63,64.47,61.89,63.69,60.86,62.38,60.12,59.47,60.02,59.95,46.0,55.31,3.0109999999999992,-14.886,-3.0,49.0
2024_12_PIT_CLE,2024,12,REG,PIT,CLE,21.736,21.684,19.0,24.0,-0.053,5.0,43.42,43.0,56.31,60.78,62.06,60.52,59.6,61.42,58.24,60.75,60.04,60.06,61.77,64.23,62.07,67.27,50.14,66.12,-2.315999999999999,2.7360000000000007,-3.5,36.5
2024_12_SF_GB,2024,12,REG,SF,GB,21.879,22.684,10.0,38.0,0.805,28.0,44.563,48.0,59.86,66.25,59.78,61.93,65.82,67.865,61.67,65.33,60.56,63.64,63.02,63.06,60.7,62.94,53.98,51.64,-15.315999999999999,11.879000000000001,6.5,44.5
2024_12_TB_NYG,2024,12,REG,TB,NYG,21.451,22.981,30.0,7.0,1.53,-23.0,44.431,37.0,55.88,61.45,63.06,62.7,61.17,59.215,58.91,60.49,62.06,60.5,61.7,59.03,65.16,62.09,53.64,64.48,15.981000000000002,-8.549,-6.5,40.5
2024_12_TEN_HOU,2024,12,REG,TEN,HOU,21.211,23.5,32.0,27.0,2.289,-5.0,44.711,59.0,62.06,55.86,63.08,60.12,59.615,59.755,61.19,58.23,61.85,59.81,61.92,59.43,63.69,62.54,62.95,63.49,-3.5,-10.789000000000001,8.0,40.5
2024_13_ARI_MIN,2024,13,REG,ARI,MIN,20.681,23.932,22.0,23.0,3.251,1.0,44.613,45.0,57.56,61.51,61.92,58.71,63.08,61.325,60.51,60.66,61.99,60.94,66.41,57.14,63.31,59.73,63.98,52.77,0.9319999999999986,-1.318999999999999,3.5,45.5
2024_13_CHI_DET,2024,13,REG,CHI,DET,21.599,24.146,20.0,23.0,2.547,3.0,45.745,43.0,63.34,57.35,67.2,60.52,66.25,62.725,64.86,59.49,66.85,61.17,60.42,64.29,61.99,62.73,73.13,60.21,1.1460000000000008,1.5990000000000002,9.5,47.5
2024_13_CLE_DEN,2024,13,REG,CLE,DEN,20.81,22.984,32.0,41.0,2.174,9.0,43.793,73.0,60.5,56.48,61.35,62.13,64.28,59.255,62.3,58.22,59.31,60.47,63.39,61.85,62.35,62.35,57.91,53.54,-18.016,-11.190000000000001,6.5,41.5
2024_13_HOU_JAX,2024,13,REG,HOU,JAX,22.243,22.97,23.0,20.0,0.727,-3.0,45.212,43.0,60.99,61.85,60.45,63.03,59.335,60.525,60.47,61.51,58.88,61.65,59.75,61.74,59.83,63.73,65.47,64.28,2.969999999999999,-0.7570000000000014,-3.5,44.5
2024_13_IND_NE,2024,13,REG,IND,NE,21.727,22.835,25.0,24.0,1.108,-1.0,44.562,49.0,57.4,56.08,59.61,57.98,60.81,59.95,58.47,58.07,59.8,58.24,59.33,59.24,58.97,60.45,52.87,64.09,-1.1649999999999991,-3.2729999999999997,-2.5,41.5
2024_13_LAC_ATL,2024,13,REG,LAC,ATL,21.423,23.072,17.0,13.0,1.649,-4.0,44.495,30.0,58.56,54.96,61.41,62.72,60.88,62.83,59.73,59.27,61.84,61.28,62.61,59.61,63.1,60.35,52.42,63.98,10.072,4.422999999999998,-1.0,47.0
2024_13_LA_NO,2024,13,REG,LA,NO,20.822,23.561,21.0,14.0,2.739,-7.0,44.383,35.0,62.9,61.86,61.59,62.37,61.315,61.755,61.24,61.96,61.8,61.34,64.85,59.64,63.18,59.89,59.99,47.83,9.561,-0.17800000000000082,-2.5,48.5
2024_13_LV_KC,2024,13,REG,LV,KC,21.062,23.875,17.0,19.0,2.813,2.0,44.937,36.0,66.81,57.29,66.75,58.37,62.435,60.05,64.72,57.99,63.82,58.49,62.49,58.99,64.12,60.42,54.25,65.19,4.875,4.062000000000001,13.5,42.0
2024_13_MIA_GB,2024,13,REG,MIA,GB,21.703,22.865,17.0,30.0,1.163,13.0,44.568,47.0,60.11,64.12,60.11,57.16,66.205,60.495,61.88,61.44,61.08,61.41,62.4,65.12,59.95,60.04,56.87,58.56,-7.135000000000002,4.702999999999999,3.5,47.5
2024_13_NYG_DAL,2024,13,REG,NYG,DAL,21.213,23.134,20.0,27.0,1.92,7.0,44.347,47.0,53.52,53.03,62.95,60.62,60.49,61.01,57.78,57.08,61.22,60.98,62.24,60.32,59.78,63.29,67.63,57.78,-3.8659999999999997,1.213000000000001,4.5,39.0
2024_13_PHI_BAL,2024,13,REG,PHI,BAL,21.734,24.047,24.0,19.0,2.313,-5.0,45.781,43.0,65.73,63.1,58.79,63.84,62.84,65.275,62.57,63.77,62.97,63.58,63.65,57.27,63.19,59.11,58.79,58.55,5.047000000000001,-2.2659999999999982,3.0,50.0
2024_13_PIT_CIN,2024,13,REG,PIT,CIN,21.727,22.354,44.0,38.0,0.627,-6.0,44.08,82.0,65.07,60.98,60.87,61.08,61.3,61.77,63.26,61.03,59.41,60.52,61.86,64.08,62.0,68.06,56.08,64.38,-15.646,-22.273,3.0,46.0
2024_13_SEA_NYJ,2024,13,REG,SEA,NYJ,21.63,23.145,26.0,21.0,1.515,-5.0,44.775,47.0,60.06,59.9,63.4,60.5,59.12,60.96,60.38,60.53,61.46,60.14,59.41,60.28,62.78,61.77,57.7,59.06,2.1449999999999996,-4.370000000000001,1.0,41.5
2024_13_SF_BUF,2024,13,REG,SF,BUF,22.314,23.088,10.0,35.0,0.774,25.0,45.403,45.0,67.25,66.32,62.79,63.16,63.165,67.96,65.22,65.57,62.69,64.27,61.43,63.35,60.49,65.3,56.01,56.16,-11.911999999999999,12.314,6.5,45.0
2024_13_TB_CAR,2024,13,REG,TB,CAR,22.163,22.852,26.0,23.0,0.688,-3.0,45.015,49.0,54.62,61.44,63.3,62.94,56.725,59.245,57.45,60.5,59.97,60.77,59.51,60.34,57.97,62.32,62.03,62.46,-0.1479999999999997,-3.8369999999999997,-6.5,46.0
2024_13_TEN_WAS,2024,13,REG,TEN,WAS,21.326,22.391,19.0,42.0,1.065,23.0,43.717,61.0,62.73,55.58,59.2,60.41,59.4,60.55,61.2,58.32,58.59,60.43,61.05,61.83,65.06,62.9,48.32,65.28,-19.609,2.3260000000000005,6.0,45.0
2024_14_ATL_MIN,2024,14,REG,ATL,MIN,20.579,22.799,21.0,42.0,2.22,21.0,43.379,63.0,56.04,58.44,60.9,63.65,63.16,57.43,59.62,59.42,61.6,61.6,66.45,62.16,63.51,60.62,53.51,52.69,-19.201,-0.4209999999999994,6.0,46.5
2024_14_BUF_LA,2024,14,REG,BUF,LA,22.354,22.633,42.0,44.0,0.28,2.0,44.987,86.0,62.02,67.33,62.44,62.64,61.755,63.49,62.07,65.27,61.69,63.08,60.19,65.42,60.54,61.6,53.16,57.03,-21.367,-19.646,-3.5,49.5
2024_14_CAR_PHI,2024,14,REG,CAR,PHI,21.797,24.135,16.0,22.0,2.339,6.0,45.932,38.0,63.05,55.66,64.23,59.28,65.345,57.65,63.82,57.29,63.69,58.53,56.94,59.3,59.31,58.28,60.11,61.73,2.1350000000000016,5.797000000000001,14.0,44.5
2024_14_CHI_SF,2024,14,REG,CHI,SF,21.348,22.737,13.0,38.0,1.389,25.0,44.086,51.0,54.96,57.66,62.87,60.62,67.95,62.885,60.38,59.68,64.64,61.32,61.79,64.82,64.41,63.32,56.28,61.3,-15.263000000000002,8.347999999999999,3.0,43.5
2024_14_CIN_DAL,2024,14,REG,CIN,DAL,21.462,22.735,27.0,20.0,1.273,-7.0,44.196,47.0,53.73,64.81,58.77,60.86,57.78,58.94,56.5,62.67,58.46,58.76,63.23,61.7,60.68,62.37,68.08,57.88,2.7349999999999994,-5.538,-5.0,51.0
2024_14_CLE_PIT,2024,14,REG,CLE,PIT,20.564,23.164,14.0,27.0,2.6,13.0,43.728,41.0,61.72,56.51,61.36,63.02,62.04,59.115,61.49,58.46,60.93,60.37,63.6,62.1,66.67,62.73,62.85,55.67,-3.8359999999999985,6.564,6.0,43.0
2024_14_GB_DET,2024,14,REG,GB,DET,21.464,24.529,31.0,34.0,3.064,3.0,45.993,65.0,63.65,60.84,67.29,59.99,66.255,66.745,65.02,62.31,67.19,61.29,62.13,60.65,63.8,60.65,68.2,57.13,-9.471,-9.536000000000001,3.0,53.0
2024_14_JAX_TEN,2024,14,REG,JAX,TEN,21.707,23.139,10.0,6.0,1.432,-4.0,44.847,16.0,55.58,60.99,60.33,60.67,60.385,59.68,58.29,60.68,60.35,59.05,59.34,61.17,63.19,60.19,64.45,63.26,17.139,11.707,3.0,40.0
2024_14_LAC_KC,2024,14,REG,LAC,KC,21.283,23.418,17.0,19.0,2.135,2.0,44.701,36.0,66.55,55.26,66.77,62.46,62.505,62.665,64.63,59.27,64.08,61.34,63.38,62.61,64.77,61.32,53.71,65.54,4.417999999999999,4.283000000000001,5.0,43.5
2024_14_LV_TB,2024,14,REG,LV,TB,21.375,23.529,13.0,28.0,2.154,15.0,44.904,41.0,61.22,57.18,63.21,57.79,61.075,61.355,61.43,58.19,61.11,58.73,60.74,59.44,62.49,61.05,61.67,64.39,-4.471,8.375,7.0,47.0
2024_14_NO_NYG,2024,14,REG,NO,NYG,21.736,22.25,14.0,11.0,0.514,-3.0,43.986,25.0,53.21,62.88,60.56,61.65,61.555,61.815,57.2,61.69,61.53,61.6,60.39,65.14,64.03,63.8,60.02,60.85,11.25,7.736000000000001,-5.5,41.0
2024_14_NYJ_MIA,2024,14,REG,NYJ,MIA,20.875,23.075,26.0,32.0,2.2,6.0,43.95,58.0,64.22,59.47,57.16,57.69,60.76,58.71,61.54,58.74,61.67,58.99,64.99,61.21,60.34,63.7,58.6,56.99,-8.925,-5.125,6.5,45.0
2024_14_SEA_ARI,2024,14,REG,SEA,ARI,21.901,22.935,30.0,18.0,1.035,-12.0,44.836,48.0,61.13,59.97,58.72,58.02,61.325,61.935,60.46,60.29,61.15,59.3,57.85,60.26,60.92,62.44,54.05,60.46,4.934999999999999,-8.099,3.0,45.5
2024_15_ATL_LV,2024,15,REG,ATL,LV,22.133,23.076,15.0,9.0,0.943,-6.0,45.209,24.0,57.09,59.05,61.87,64.21,61.16,60.595,58.9,60.49,60.41,63.15,59.17,60.26,60.76,63.12,64.32,61.62,14.076,7.132999999999999,-6.5,44.5
2024_15_BAL_NYG,2024,15,REG,BAL,NYG,22.066,22.579,35.0,14.0,0.513,-21.0,44.645,49.0,53.05,65.8,61.65,59.06,61.465,65.135,57.35,63.74,61.53,63.29,60.12,62.56,63.64,62.3,58.27,59.11,8.579,-12.934000000000001,-16.5,43.5
2024_15_BUF_DET,2024,15,REG,BUF,DET,22.279,24.311,48.0,42.0,2.032,-6.0,46.59,90.0,63.93,67.92,67.56,62.87,66.32,64.055,65.26,65.8,67.2,63.25,60.35,63.12,62.2,61.86,70.85,57.02,-17.689,-25.721,2.5,55.5
2024_15_CHI_MIN,2024,15,REG,CHI,MIN,21.001,22.952,12.0,30.0,1.951,18.0,43.952,42.0,56.09,57.6,61.15,60.77,63.73,63.15,59.95,59.83,61.84,61.45,66.34,63.92,63.34,62.31,63.79,61.83,-7.047999999999998,9.001000000000001,7.0,43.5
2024_15_CIN_TEN,2024,15,REG,CIN,TEN,21.713,22.45,37.0,27.0,0.737,-10.0,44.164,64.0,55.57,65.03,60.65,61.32,60.47,59.16,58.35,62.95,60.75,59.17,59.69,60.89,63.14,62.37,49.7,58.08,-4.550000000000001,-15.286999999999999,-6.0,46.5
2024_15_DAL_CAR,2024,15,REG,DAL,CAR,21.832,22.586,30.0,14.0,0.754,-16.0,44.417,44.0,55.65,53.88,59.79,59.11,58.055,58.18,57.47,56.73,58.94,59.15,60.02,62.82,58.67,60.51,60.32,69.72,8.585999999999999,-8.168,2.5,42.0
2024_15_GB_SEA,2024,15,REG,GB,SEA,21.756,23.241,30.0,13.0,1.484,-17.0,44.997,43.0,60.12,60.98,58.44,60.09,62.545,65.725,60.63,61.91,59.79,61.5,60.61,60.56,62.55,60.19,60.34,58.75,10.241,-8.244,-3.0,48.0
2024_15_IND_DEN,2024,15,REG,IND,DEN,21.169,23.412,13.0,31.0,2.244,18.0,44.581,44.0,60.12,56.0,61.57,59.13,64.12,60.005,62.14,58.26,59.5,59.15,63.46,59.46,62.41,60.7,59.33,65.2,-7.588000000000001,8.169,4.5,43.5
2024_15_KC_CLE,2024,15,REG,KC,CLE,22.163,22.318,21.0,7.0,0.155,-14.0,44.481,28.0,56.38,66.64,63.51,66.09,59.4,62.7,58.58,64.6,60.56,64.01,62.01,62.16,62.25,64.85,54.16,60.24,15.318000000000001,1.1630000000000003,-4.5,41.5
2024_15_LA_SF,2024,15,REG,LA,SF,21.324,23.585,12.0,6.0,2.261,-6.0,44.909,18.0,54.78,62.59,63.62,62.25,68.72,62.16,60.66,62.47,65.16,61.62,61.33,59.7,64.01,60.02,56.16,50.89,17.585,9.324000000000002,3.0,48.5
2024_15_MIA_HOU,2024,15,REG,MIA,HOU,21.73,23.138,12.0,20.0,1.408,8.0,44.868,32.0,61.81,64.68,60.54,57.32,60.91,61.0,61.08,61.85,60.97,61.54,60.78,64.88,62.98,60.31,65.87,59.43,3.1380000000000017,9.73,2.5,46.5
2024_15_NE_ARI,2024,15,REG,NE,ARI,21.516,23.475,17.0,30.0,1.96,13.0,44.991,47.0,61.17,57.78,63.45,59.8,61.335,61.055,61.44,58.77,63.37,60.14,58.46,59.65,60.15,58.97,52.64,53.35,-6.524999999999999,4.515999999999998,6.0,46.5
2024_15_NYJ_JAX,2024,15,REG,NYJ,JAX,21.409,22.766,32.0,25.0,1.357,-7.0,44.176,57.0,55.54,59.94,61.02,58.25,59.78,58.845,58.32,59.13,59.56,59.27,61.0,61.81,59.52,63.83,65.08,56.84,-2.2340000000000018,-10.591000000000001,-3.5,41.5
2024_15_PIT_PHI,2024,15,REG,PIT,PHI,22.689,23.088,13.0,27.0,0.399,14.0,45.778,40.0,63.17,61.8,64.47,61.8,65.595,62.59,64.01,61.78,64.1,61.46,56.82,63.83,58.84,66.24,59.53,65.59,-3.911999999999999,9.689,5.5,43.0
2024_15_TB_LAC,2024,15,REG,TB,LAC,21.951,23.642,40.0,17.0,1.691,-23.0,45.592,57.0,54.96,61.34,62.72,63.43,62.94,61.945,59.32,61.88,61.36,61.79,61.89,58.14,60.72,60.94,65.92,63.02,6.6419999999999995,-18.049,3.0,46.0
2024_15_WAS_NO,2024,15,REG,WAS,NO,20.795,22.767,20.0,19.0,1.972,-1.0,43.562,39.0,62.93,63.08,61.96,59.77,62.105,59.16,61.82,61.32,61.92,59.14,62.85,61.78,63.9,67.84,59.01,49.11,3.7669999999999995,0.7950000000000017,-7.5,44.5
2024_16_ARI_CAR,2024,16,REG,ARI,CAR,21.803,23.006,30.0,36.0,1.203,6.0,44.809,66.0,55.66,61.33,63.83,63.72,57.94,61.315,58.18,61.49,60.91,63.79,60.04,58.97,58.35,61.95,57.92,47.26,-12.994,-8.197,-5.5,47.0
2024_16_CLE_CIN,2024,16,REG,CLE,CIN,21.676,22.784,6.0,24.0,1.108,18.0,44.459,30.0,64.97,55.83,61.5,63.85,59.145,58.605,62.86,57.97,59.62,61.15,57.28,63.63,59.88,63.65,57.97,53.94,-1.216000000000001,15.675999999999998,10.0,46.5
2024_16_DEN_LAC,2024,16,REG,DEN,LAC,21.362,23.045,27.0,34.0,1.683,7.0,44.407,61.0,54.96,59.87,62.72,61.71,62.69,64.33,59.17,62.07,61.46,59.6,63.35,63.54,62.39,62.35,67.96,58.92,-10.954999999999998,-5.638000000000002,3.0,41.5
2024_16_DET_CHI,2024,16,REG,DET,CHI,22.657,23.283,34.0,17.0,0.626,-17.0,45.94,51.0,58.27,64.37,60.94,67.79,63.26,66.565,60.15,65.46,61.66,67.78,64.05,60.31,62.38,62.1,62.08,68.79,6.283000000000001,-11.343,-7.0,47.5
2024_16_HOU_KC,2024,16,REG,HOU,KC,21.768,23.715,19.0,27.0,1.947,8.0,45.482,46.0,66.74,62.03,66.18,63.16,62.53,62.52,64.56,62.49,63.96,62.03,62.59,61.07,65.33,63.02,60.73,66.94,-3.285,2.7680000000000007,3.5,42.5
2024_16_JAX_LV,2024,16,REG,JAX,LV,21.88,23.289,14.0,19.0,1.409,5.0,45.169,33.0,57.45,56.6,62.12,61.51,61.245,59.79,59.12,58.88,60.63,60.0,59.18,60.94,61.05,59.52,63.63,66.01,4.2890000000000015,7.879999999999999,2.5,41.5
2024_16_LA_NYJ,2024,16,REG,LA,NYJ,21.394,22.807,19.0,9.0,1.414,-10.0,44.201,28.0,60.65,62.77,58.55,62.58,59.135,62.115,59.62,62.56,59.55,61.73,61.67,59.82,63.72,60.35,50.97,52.53,13.806999999999999,2.3939999999999984,-3.0,47.0
2024_16_MIN_SEA,2024,16,REG,MIN,SEA,22.162,22.526,27.0,24.0,0.364,-3.0,44.688,51.0,60.24,56.36,60.97,62.25,61.97,63.235,61.06,60.07,60.72,62.46,60.51,66.2,59.89,63.32,60.23,66.59,-1.4740000000000002,-4.838000000000001,-2.5,43.0
2024_16_NE_BUF,2024,16,REG,NE,BUF,20.856,24.109,21.0,24.0,3.253,3.0,44.966,45.0,68.09,58.53,63.09,59.89,63.655,60.725,65.61,58.93,63.86,60.37,63.69,59.68,62.14,58.92,56.67,53.43,0.10900000000000176,-0.14399999999999835,14.0,48.0
2024_16_NO_GB,2024,16,REG,NO,GB,21.775,22.875,0.0,34.0,1.1,34.0,44.651,34.0,61.28,62.93,60.31,61.98,66.07,62.57,62.15,61.88,61.81,62.12,61.11,63.33,62.4,64.42,58.65,59.15,-11.125,21.775,14.0,44.0
2024_16_NYG_ATL,2024,16,REG,NYG,ATL,21.022,22.81,7.0,34.0,1.787,27.0,43.832,41.0,59.05,53.34,64.37,61.93,56.955,61.605,59.8,57.55,61.92,61.57,61.39,60.18,63.66,62.65,51.36,55.78,-11.190000000000001,14.021999999999998,9.5,42.5
2024_16_PHI_WAS,2024,16,REG,PHI,WAS,21.663,23.377,33.0,36.0,1.714,3.0,45.04,69.0,63.35,63.59,60.27,64.69,59.26,64.53,61.54,64.02,60.32,63.8,62.03,57.35,68.27,58.93,49.61,61.08,-12.623000000000001,-11.337,-4.0,47.0
2024_16_PIT_BAL,2024,16,REG,PIT,BAL,21.928,22.694,17.0,34.0,0.766,17.0,44.622,51.0,66.12,61.71,59.17,61.83,63.445,62.45,62.96,61.68,63.59,62.17,62.44,64.6,62.16,68.24,59.17,66.41,-11.306000000000001,4.928000000000001,7.0,44.5
2024_16_SF_MIA,2024,16,REG,SF,MIA,21.198,22.955,17.0,29.0,1.757,12.0,44.153,46.0,64.14,54.78,57.39,58.05,61.505,68.49,61.83,59.44,61.57,62.67,65.07,61.31,60.43,65.45,58.6,56.65,-6.045000000000002,4.198,-2.0,44.0
2024_16_TB_DAL,2024,16,REG,TB,DAL,22.036,23.593,24.0,26.0,1.558,2.0,45.629,50.0,54.73,61.77,59.37,63.61,60.765,62.635,57.69,62.38,60.59,61.93,62.41,58.17,60.49,61.0,70.61,64.5,-2.407,-1.9639999999999986,-4.5,47.5
2024_16_TEN_IND,2024,16,REG,TEN,IND,20.954,23.005,30.0,38.0,2.051,8.0,43.959,68.0,55.82,51.86,60.35,59.34,59.76,60.115,58.27,56.33,59.74,60.02,59.48,59.62,60.87,63.33,64.19,49.93,-14.995000000000001,-9.046,4.0,42.5
2024_17_ARI_LA,2024,17,REG,ARI,LA,21.73,23.222,9.0,13.0,1.492,4.0,44.952,22.0,62.57,61.27,63.41,58.55,60.375,61.415,62.28,60.43,61.43,61.63,59.54,59.07,60.07,61.85,51.72,54.23,10.222000000000001,12.73,6.5,48.0
2024_17_ATL_WAS,2024,17,REG,ATL,WAS,21.049,22.96,24.0,30.0,1.912,6.0,44.009,54.0,63.91,59.17,60.56,64.6,59.365,56.755,61.87,59.86,60.12,61.91,60.56,60.81,67.76,59.96,49.69,55.35,-7.039999999999999,-2.9510000000000005,3.5,46.5
2024_17_BAL_HOU,2024,17,REG,BAL,HOU,22.291,23.365,31.0,2.0,1.074,-29.0,45.655,33.0,62.03,66.34,60.54,59.34,62.78,65.625,62.06,64.16,60.84,63.77,59.72,62.06,62.27,61.87,64.82,59.09,21.365,-8.709,-5.5,46.5
2024_17_CAR_TB,2024,17,REG,CAR,TB,21.995,23.925,14.0,48.0,1.931,34.0,45.92,62.0,61.84,56.08,63.01,64.01,62.895,58.485,62.4,58.57,61.59,61.18,57.61,59.76,59.33,58.18,63.55,60.12,-24.075,7.995000000000001,9.5,47.5
2024_17_DAL_PHI,2024,17,REG,DAL,PHI,22.356,23.692,7.0,41.0,1.336,34.0,46.048,48.0,63.58,55.03,64.88,59.6,64.79,60.9,64.07,57.97,63.9,60.32,57.3,62.44,58.74,60.33,60.05,70.41,-17.308,15.356000000000002,7.5,37.5
2024_17_DEN_CIN,2024,17,REG,DEN,CIN,22.162,22.978,24.0,30.0,0.816,6.0,45.139,54.0,65.1,60.34,61.54,61.88,59.55,64.425,63.06,62.37,59.78,59.67,58.01,62.83,60.29,62.12,57.02,60.08,-7.0219999999999985,-1.838000000000001,3.5,50.5
2024_17_DET_SF,2024,17,REG,DET,SF,22.542,23.328,40.0,34.0,0.786,-6.0,45.87,74.0,54.76,64.77,63.31,67.92,68.805,66.83,60.57,65.76,65.03,67.89,63.03,60.45,64.53,61.7,55.34,66.32,-10.672,-17.458,-4.0,50.5
2024_17_GB_MIN,2024,17,REG,GB,MIN,21.343,23.491,25.0,27.0,2.148,2.0,44.834,52.0,56.31,61.44,62.45,60.52,63.295,66.625,60.09,62.35,62.48,62.17,65.85,61.12,62.92,61.72,67.28,60.38,-3.5090000000000003,-3.657,-1.0,49.0
2024_17_IND_NYG,2024,17,REG,IND,NYG,21.503,22.963,33.0,45.0,1.46,12.0,44.466,78.0,53.1,55.91,62.12,60.81,61.735,59.875,57.48,58.46,61.99,60.11,60.95,59.97,62.41,61.13,57.7,64.68,-22.037,-11.497,-7.5,40.5
2024_17_KC_PIT,2024,17,REG,KC,PIT,21.633,23.169,29.0,10.0,1.536,-19.0,44.802,39.0,61.54,66.76,62.04,66.27,62.51,63.34,61.66,64.98,62.29,63.8,64.08,62.68,67.77,65.13,66.0,62.23,13.169,-7.367000000000001,-3.0,43.5
2024_17_LAC_NE,2024,17,REG,LAC,NE,22.201,22.459,40.0,7.0,0.258,-33.0,44.66,47.0,58.81,54.96,60.21,62.96,61.475,62.79,59.45,59.24,60.57,61.47,59.72,64.08,58.99,62.22,55.43,67.84,15.459,-17.799,-6.0,42.0
2024_17_LV_NO,2024,17,REG,LV,NO,21.28,23.749,25.0,10.0,2.469,-15.0,45.029,35.0,62.96,57.32,62.02,62.62,60.95,61.845,61.88,59.3,61.03,61.23,62.77,59.25,64.15,58.06,60.0,62.82,13.748999999999999,-3.719999999999999,-2.0,37.5
2024_17_MIA_CLE,2024,17,REG,MIA,CLE,21.706,22.318,20.0,3.0,0.612,-17.0,44.025,23.0,55.74,64.19,64.19,56.28,58.36,61.885,57.88,61.77,61.57,61.41,61.43,64.75,62.19,60.22,52.09,59.49,19.318,1.7059999999999995,-3.0,32.5
2024_17_NYJ_BUF,2024,17,REG,NYJ,BUF,20.819,23.654,14.0,40.0,2.835,26.0,44.474,54.0,67.96,60.6,63.19,58.91,63.825,59.245,65.6,59.69,64.15,59.63,63.48,61.41,63.01,63.45,57.85,53.01,-16.346,6.818999999999999,10.0,44.5
2024_17_SEA_CHI,2024,17,REG,SEA,CHI,21.368,23.298,6.0,3.0,1.931,-3.0,44.666,9.0,58.89,60.31,60.94,62.23,63.69,61.975,60.58,61.35,61.62,61.18,64.18,60.18,62.31,62.47,61.77,59.96,20.298,15.367999999999999,-3.5,43.5
2024_17_TEN_JAX,2024,17,REG,TEN,JAX,20.8,22.983,13.0,20.0,2.183,7.0,43.783,33.0,56.78,51.92,61.58,60.46,59.9,60.485,59.02,56.67,59.84,60.44,60.32,61.83,59.46,62.86,66.37,43.93,2.9830000000000005,7.800000000000001,-1.0,38.0
2024_18_BUF_NE,2024,18,REG,BUF,NE,22.762,22.439,16.0,23.0,-0.322,7.0,45.201,39.0,55.82,66.84,58.91,63.39,61.265,63.13,57.78,64.9,59.97,64.1,58.83,61.0,58.09,63.7,55.19,58.09,-0.5609999999999999,6.7620000000000005,-3.0,36.5
2024_18_CAR_ATL,2024,18,REG,CAR,ATL,21.034,23.253,44.0,38.0,2.219,-6.0,44.288,82.0,59.17,55.44,64.84,64.06,56.535,59.67,59.78,58.89,62.19,61.29,63.14,59.97,64.41,58.16,52.96,59.1,-14.747,-22.966,7.5,48.5
2024_18_CHI_GB,2024,18,REG,CHI,GB,21.522,23.043,24.0,22.0,1.521,-2.0,44.565,46.0,60.12,56.31,60.74,61.09,66.905,63.585,61.86,59.39,62.42,61.81,61.74,63.4,62.6,63.3,60.5,61.93,1.0429999999999993,-2.4780000000000015,10.0,41.5
2024_18_CIN_PIT,2024,18,REG,CIN,PIT,20.911,24.108,19.0,17.0,3.197,-2.0,45.02,36.0,60.43,63.87,62.53,62.28,62.52,59.8,61.36,62.74,62.68,60.21,64.44,57.61,67.34,59.76,66.15,56.95,7.1080000000000005,1.9110000000000014,-2.5,48.5
2024_18_CLE_BAL,2024,18,REG,CLE,BAL,21.179,23.134,10.0,35.0,1.955,25.0,44.313,45.0,64.78,54.92,59.55,64.63,64.195,58.07,63.21,57.44,63.47,61.76,60.13,63.82,61.49,64.02,59.73,52.24,-11.866,11.178999999999998,19.5,42.5
2024_18_HOU_TEN,2024,18,REG,HOU,TEN,21.697,22.497,23.0,14.0,0.8,-9.0,44.194,37.0,51.92,60.45,60.68,60.75,60.55,62.6,56.73,61.36,60.41,60.83,62.14,60.83,63.07,62.9,56.59,64.94,8.497,-1.3030000000000008,2.5,36.5
2024_18_JAX_IND,2024,18,REG,JAX,IND,21.924,23.196,23.0,26.0,1.272,3.0,45.12,49.0,55.09,56.93,60.71,61.7,61.59,59.935,58.45,59.16,60.77,59.98,59.54,61.0,60.8,60.15,64.13,66.89,-2.8039999999999985,-1.0760000000000005,3.5,45.5
2024_18_KC_DEN,2024,18,REG,KC,DEN,21.976,22.684,0.0,38.0,0.709,38.0,44.66,38.0,58.33,66.14,62.03,66.39,64.515,63.58,61.54,64.83,59.83,64.05,63.63,63.02,62.44,65.38,60.21,59.47,-15.315999999999999,21.976,10.5,40.5
2024_18_LAC_LV,2024,18,REG,LAC,LV,22.319,23.326,34.0,20.0,1.008,-14.0,45.645,54.0,57.26,54.96,63.19,63.38,62.085,62.87,59.41,59.35,62.17,61.79,59.69,60.84,58.15,60.56,62.6,68.23,3.3260000000000005,-11.681000000000001,-7.0,42.5
2024_18_MIA_NYJ,2024,18,REG,MIA,NYJ,21.536,22.204,20.0,32.0,0.668,12.0,43.74,52.0,59.43,63.22,59.03,56.39,59.45,62.08,59.22,61.44,59.97,61.43,61.77,65.75,63.84,61.02,52.88,60.06,-9.796,1.5360000000000014,1.5,39.5
2024_18_MIN_DET,2024,18,REG,MIN,DET,21.935,23.787,9.0,31.0,1.852,22.0,45.722,40.0,63.51,57.69,68.13,62.71,67.025,63.575,65.28,60.88,68.29,62.73,60.84,66.23,62.18,63.03,65.96,63.48,-7.213000000000001,12.934999999999999,3.0,56.5
2024_18_NO_TB,2024,18,REG,NO,TB,22.198,23.153,19.0,27.0,0.955,8.0,45.351,46.0,60.85,62.01,63.23,62.15,63.28,60.91,62.19,61.53,61.84,61.08,58.26,62.98,59.81,64.04,63.79,60.26,-3.8470000000000013,3.1980000000000004,14.5,44.5
2024_18_NYG_PHI,2024,18,REG,NYG,PHI,21.957,23.478,13.0,20.0,1.521,7.0,45.434,33.0,62.57,54.51,65.02,62.31,65.19,62.04,63.76,58.33,64.08,61.68,57.56,62.17,59.1,63.47,60.39,58.28,3.4780000000000015,8.957,3.0,36.5
2024_18_SEA_LA,2024,18,REG,SEA,LA,22.047,22.746,30.0,25.0,0.699,-5.0,44.793,55.0,61.87,59.61,63.55,62.43,60.41,61.95,61.99,61.05,61.65,61.38,59.26,62.7,60.2,63.92,53.55,60.52,-2.2540000000000013,-7.952999999999999,-7.5,38.5
2024_18_SF_ARI,2024,18,REG,SF,ARI,22.512,22.939,24.0,47.0,0.427,23.0,45.451,71.0,60.42,65.5,59.09,63.48,61.7,68.89,60.31,65.44,61.82,65.21,58.69,60.32,60.14,62.09,52.75,51.85,-24.061,-1.4879999999999995,4.5,42.5
2024_18_WAS_DAL,2024,18,REG,WAS,DAL,21.103,22.855,23.0,19.0,1.752,-4.0,43.958,42.0,54.22,60.87,59.9,60.82,60.685,60.265,57.61,60.91,60.46,60.54,62.76,61.29,61.04,65.71,69.65,49.6,3.8550000000000004,-1.8969999999999985,-7.0,43.5
2025_01_ARI_NO,2025,1,REG,ARI,NO,21.67,23.73,20.0,13.0,2.059,-7.0,45.4,33.0,62.26,61.13,60.16,59.73,61.075,61.115,61.08,60.47,60.27,59.3,59.18,57.28,58.75,58.65,59.01,53.6,10.73,1.6700000000000017,-6.0,44.5
2025_01_BAL_BUF,2025,1,REG,BAL,BUF,21.576,23.814,40.0,41.0,2.238,1.0,45.389,81.0,67.54,53.88,63.96,59.94,62.315,65.995,64.83,58.69,64.25,64.53,60.83,60.98,58.59,59.77,55.58,50.0,-17.186,-18.424,-1.5,50.5
2025_01_CAR_JAX,2025,1,REG,CAR,JAX,21.845,23.917,10.0,26.0,2.072,16.0,45.762,36.0,60.62,56.86,55.99,60.96,60.6,58.735,59.84,58.33,57.47,59.81,58.59,57.87,55.91,55.71,68.21,55.69,-2.0829999999999984,11.844999999999999,4.5,45.5
2025_01_CIN_CLE,2025,1,REG,CIN,CLE,21.629,23.128,17.0,16.0,1.499,-1.0,44.757,33.0,57.4,65.11,65.47,62.53,58.51,59.19,59.04,63.13,62.09,60.23,61.24,58.84,61.22,58.02,48.74,53.92,7.128,4.629000000000001,-5.5,47.5
2025_01_DAL_PHI,2025,1,REG,DAL,PHI,22.704,23.641,20.0,24.0,0.937,4.0,46.345,44.0,63.77,63.03,59.52,58.69,64.43,61.005,63.02,61.64,61.77,57.87,56.01,59.45,57.18,60.6,58.24,67.85,-0.35900000000000176,2.7040000000000006,8.5,47.5
2025_01_DET_GB,2025,1,REG,DET,GB,22.645,23.439,13.0,27.0,0.794,14.0,46.084,40.0,61.48,65.02,57.21,61.24,66.11,63.79,61.59,63.06,60.6,65.17,59.47,60.93,60.24,59.25,60.46,63.69,-3.561,9.645,1.5,48.5
2025_01_HOU_LA,2025,1,REG,HOU,LA,22.292,23.989,9.0,14.0,1.697,5.0,46.281,23.0,62.11,61.48,64.57,58.84,59.94,59.82,62.03,60.09,61.96,57.9,56.82,55.94,56.99,56.8,52.83,63.29,9.989,13.292000000000002,3.5,43.5
2025_01_KC_LAC,2025,1,REG,KC,LAC,22.406,23.645,21.0,27.0,1.239,6.0,46.052,48.0,63.99,66.08,63.95,57.09,61.14,61.8,63.1,62.18,58.22,59.61,56.25,60.24,56.4,60.04,65.86,54.86,-3.3550000000000004,1.4059999999999988,-3.0,47.5
2025_01_LV_NE,2025,1,REG,LV,NE,22.27,23.241,20.0,13.0,0.971,-7.0,45.511,33.0,54.55,57.68,60.18,60.93,62.44,63.145,58.02,59.89,60.26,60.89,57.37,56.96,57.83,57.78,52.32,60.63,10.241,2.2699999999999996,2.5,44.5
2025_01_MIA_IND,2025,1,REG,MIA,IND,22.17,23.151,8.0,33.0,0.981,25.0,45.321,41.0,55.49,64.27,57.57,60.26,61.735,61.405,57.98,62.41,59.2,62.88,58.95,60.3,60.83,57.97,61.25,57.59,-9.849,14.170000000000002,1.5,47.5
2025_01_MIN_CHI,2025,1,REG,MIN,CHI,22.005,23.374,27.0,24.0,1.369,-3.0,45.38,51.0,58.32,53.56,64.18,62.13,63.99,61.95,61.0,58.2,62.94,61.96,58.57,61.76,58.04,60.69,60.84,59.94,-0.6260000000000012,-4.995000000000001,-1.5,43.5
2025_01_NYG_WAS,2025,1,REG,NYG,WAS,22.124,23.719,6.0,21.0,1.596,15.0,45.843,27.0,63.83,56.1,61.7,62.97,60.645,61.105,62.46,58.89,60.42,61.56,56.62,59.11,58.9,60.31,62.78,58.39,2.719000000000001,16.124,6.0,45.5
2025_01_PIT_NYJ,2025,1,REG,PIT,NYJ,22.203,22.979,34.0,32.0,0.776,-2.0,45.182,66.0,55.0,59.14,58.81,59.15,60.37,61.435,57.76,59.57,59.54,60.81,58.96,61.73,58.59,61.09,66.52,65.54,-9.021,-11.797,-3.0,37.5
2025_01_SF_SEA,2025,1,REG,SF,SEA,21.51,23.344,17.0,13.0,1.834,-4.0,44.854,30.0,59.0,57.16,56.32,59.18,57.275,68.575,58.19,60.6,57.16,62.85,59.77,57.41,60.97,56.6,59.26,48.28,10.344000000000001,4.510000000000002,-2.5,43.5
2025_01_TB_ATL,2025,1,REG,TB,ATL,22.767,23.12,23.0,20.0,0.352,-3.0,45.887,43.0,55.76,62.17,61.45,63.94,56.485,62.835,57.67,62.78,60.74,65.5,59.81,58.75,58.46,59.35,56.93,64.37,3.120000000000001,-0.23300000000000054,-1.5,47.5
2025_01_TEN_DEN,2025,1,REG,TEN,DEN,21.252,23.693,12.0,20.0,2.441,8.0,44.945,32.0,62.42,51.12,63.16,64.99,60.84,59.8,62.35,56.96,60.36,61.96,60.81,58.33,59.39,59.54,59.03,52.75,3.6930000000000014,9.251999999999999,8.5,42.5
2025_02_ATL_MIN,2025,2,REG,ATL,MIN,20.685,22.728,22.0,6.0,2.042,-16.0,43.413,28.0,53.39,56.11,58.61,59.45,58.9,58.445,56.49,57.53,58.39,58.77,62.38,59.38,61.5,59.69,56.94,51.2,16.728,-1.3150000000000013,3.5,44.5
2025_02_BUF_NYJ,2025,2,REG,BUF,NYJ,21.759,22.94,30.0,10.0,1.18,-20.0,44.699,40.0,54.8,63.9,56.85,60.35,59.51,59.51,56.8,61.57,58.03,60.29,59.66,60.37,59.54,59.02,63.43,53.83,12.940000000000001,-8.241,-6.0,47.5
2025_02_CAR_ARI,2025,2,REG,CAR,ARI,21.101,22.863,22.0,27.0,1.762,5.0,43.964,49.0,57.79,52.3,57.47,61.25,57.975,56.505,57.44,55.52,57.5,58.68,57.92,58.51,59.95,55.76,49.83,52.44,-4.1370000000000005,-0.8990000000000009,7.0,45.5
2025_02_CHI_DET,2025,2,REG,CHI,DET,20.842,23.406,21.0,52.0,2.565,31.0,44.248,73.0,60.1,54.11,59.54,60.04,60.88,59.75,60.01,56.87,60.44,59.13,60.74,58.83,58.77,58.9,57.92,46.71,-28.594,-0.15800000000000125,6.0,46.5
2025_02_CLE_BAL,2025,2,REG,CLE,BAL,20.672,22.42,17.0,41.0,1.748,24.0,43.092,58.0,53.16,55.28,56.66,60.87,60.425,56.38,55.91,56.53,60.4,58.08,60.56,62.31,60.43,61.53,58.08,48.01,-18.58,3.6720000000000006,12.5,46.5
2025_02_DEN_IND,2025,2,REG,DEN,IND,21.436,22.69,28.0,29.0,1.255,1.0,44.126,57.0,55.22,54.51,56.51,59.79,57.375,59.86,56.28,57.75,56.97,57.77,57.53,59.18,60.66,59.96,59.23,57.03,-6.309999999999999,-6.564,-2.5,43.5
2025_02_JAX_CIN,2025,2,REG,JAX,CIN,21.03,22.828,27.0,31.0,1.798,4.0,43.859,58.0,59.84,57.22,58.57,54.19,55.735,57.035,58.58,56.29,56.53,55.96,61.72,60.47,58.98,55.84,53.09,61.89,-8.172,-5.969999999999999,3.5,49.5
2025_02_LAC_LV,2025,2,REG,LAC,LV,21.963,22.729,20.0,9.0,0.767,-11.0,44.692,29.0,57.17,61.6,56.5,59.49,59.41,59.325,57.87,60.16,54.9,56.25,57.79,58.38,58.07,59.75,57.48,62.57,13.729,1.963000000000001,-3.5,46.5
2025_02_LA_TEN,2025,2,REG,LA,TEN,20.923,22.58,33.0,19.0,1.658,-14.0,43.503,52.0,50.1,58.93,58.99,58.73,56.49,56.64,54.06,58.24,58.06,57.63,59.78,57.02,60.32,57.73,50.36,48.42,3.5799999999999983,-12.077000000000002,-5.5,41.5
2025_02_NE_MIA,2025,2,REG,NE,MIA,20.989,23.336,33.0,27.0,2.348,-6.0,44.325,60.0,58.12,54.09,58.17,58.82,59.265,58.68,58.16,56.22,60.17,57.91,59.46,57.77,58.95,58.07,57.17,51.39,-3.6640000000000015,-12.011,1.5,43.5
2025_02_NYG_DAL,2025,2,REG,NYG,DAL,21.473,22.924,37.0,40.0,1.451,3.0,44.398,77.0,59.23,56.15,59.99,60.36,57.43,55.575,58.88,56.78,57.37,57.05,56.23,60.63,58.29,61.07,63.42,53.99,-17.076,-15.527000000000001,4.5,44.5
2025_02_PHI_KC,2025,2,REG,PHI,KC,21.617,23.406,20.0,17.0,1.789,-3.0,45.024,37.0,61.78,59.5,54.97,60.14,58.05,59.47,58.44,59.6,57.11,59.61,60.87,54.73,58.63,57.37,54.72,58.15,6.405999999999999,1.6170000000000009,-1.5,46.5
2025_02_SEA_PIT,2025,2,REG,SEA,PIT,20.152,22.867,31.0,17.0,2.716,-14.0,43.019,48.0,57.6,55.41,55.61,52.89,58.65,55.97,57.4,55.26,57.26,54.52,63.97,61.27,62.01,59.37,64.52,56.93,5.867000000000001,-10.847999999999999,3.5,40.5
2025_02_SF_NO,2025,2,REG,SF,NO,21.146,22.808,26.0,21.0,1.662,-5.0,43.954,47.0,51.9,56.6,58.87,56.1,58.555,62.89,55.33,57.99,58.28,59.44,61.53,58.54,59.65,57.07,55.04,54.54,1.8079999999999998,-4.853999999999999,-3.0,40.5
2025_02_TB_HOU,2025,2,REG,TB,HOU,21.949,22.829,20.0,19.0,0.881,-1.0,44.778,39.0,56.65,59.2,59.25,59.29,57.76,59.46,57.5,59.57,57.08,58.75,58.1,59.06,58.13,60.5,60.02,59.96,3.8290000000000006,1.9490000000000016,2.5,42.5
2025_02_WAS_GB,2025,2,REG,WAS,GB,21.187,23.16,18.0,27.0,1.973,9.0,44.347,45.0,59.15,57.37,56.54,58.75,60.355,57.455,58.68,57.77,57.75,57.49,59.88,57.72,59.69,59.53,58.61,55.59,-3.84,3.187000000000001,3.5,48.5
2025_03_ARI_SF,2025,3,REG,ARI,SF,21.334,22.541,15.0,16.0,1.208,1.0,43.875,31.0,55.57,58.32,56.97,58.17,57.015,58.98,56.59,58.09,57.74,58.13,59.11,58.52,57.36,61.03,53.54,50.8,6.541,6.334,1.5,44.5
2025_03_ATL_CAR,2025,3,REG,ATL,CAR,21.59,22.537,0.0,30.0,0.947,30.0,44.126,30.0,53.79,55.52,61.61,60.47,57.27,58.2,56.43,57.22,59.48,60.33,59.5,59.87,56.42,61.04,54.1,54.55,-7.463000000000001,21.59,-5.5,44.5
2025_03_CIN_MIN,2025,3,REG,CIN,MIN,20.809,21.936,10.0,48.0,1.127,38.0,42.745,58.0,44.5,59.91,58.09,60.53,58.975,55.79,52.42,59.03,58.24,57.75,62.8,63.24,61.89,59.83,58.39,54.14,-26.064,10.809000000000001,3.0,41.5
2025_03_DAL_CHI,2025,3,REG,DAL,CHI,21.809,22.679,14.0,31.0,0.87,17.0,44.488,45.0,54.1,59.87,61.12,58.56,61.27,58.17,57.48,59.1,60.13,57.42,59.81,57.83,59.02,59.62,45.68,66.35,-8.321000000000002,7.809000000000001,-1.5,49.5
2025_03_DEN_LAC,2025,3,REG,DEN,LAC,21.345,23.334,20.0,23.0,1.988,3.0,44.679,43.0,62.15,56.06,60.59,60.86,59.335,60.645,60.66,58.86,57.88,59.01,59.99,59.46,60.4,60.24,63.42,55.46,0.33399999999999963,1.3449999999999989,2.5,45.5
2025_03_DET_BAL,2025,3,REG,DET,BAL,21.756,22.855,38.0,30.0,1.098,-8.0,44.611,68.0,53.27,62.39,55.55,60.4,60.195,61.855,55.76,61.57,59.8,61.76,61.27,59.72,60.71,59.35,59.6,57.39,-7.145,-16.244,4.5,53.5
2025_03_GB_CLE,2025,3,REG,GB,CLE,21.318,22.135,10.0,13.0,0.818,3.0,43.453,23.0,53.92,59.99,61.61,55.76,56.49,63.135,56.08,59.65,58.73,58.44,61.9,60.42,60.36,60.82,47.41,58.69,9.135000000000002,11.318000000000001,-8.5,41.5
2025_03_HOU_JAX,2025,3,REG,HOU,JAX,21.366,23.181,10.0,17.0,1.815,7.0,44.547,27.0,57.61,56.69,57.35,59.56,57.55,58.01,57.28,57.64,57.84,57.66,62.11,58.64,57.7,58.59,63.24,62.15,6.181000000000001,11.366,1.5,43.5
2025_03_IND_TEN,2025,3,REG,IND,TEN,21.383,22.257,41.0,20.0,0.874,-21.0,43.64,61.0,50.82,56.54,58.04,57.85,56.545,58.555,54.16,57.45,58.01,58.75,60.51,58.47,59.96,61.59,53.19,61.1,2.2570000000000014,-19.617,-6.0,43.5
2025_03_KC_NYG,2025,3,REG,KC,NYG,20.914,22.734,22.0,9.0,1.821,-13.0,43.648,31.0,58.14,61.43,61.23,56.87,57.54,59.88,58.52,59.47,58.02,57.62,62.45,61.4,61.58,59.01,56.5,54.36,13.734000000000002,-1.0859999999999985,-6.0,44.5
2025_03_LA_PHI,2025,3,REG,LA,PHI,21.848,23.388,26.0,33.0,1.54,7.0,45.236,59.0,59.15,59.53,58.24,60.2,58.335,58.605,58.55,59.4,58.95,58.97,56.37,57.45,58.08,58.56,59.84,52.87,-9.611999999999998,-4.152000000000001,3.5,45.5
2025_03_LV_WAS,2025,3,REG,LV,WAS,21.306,23.031,24.0,41.0,1.725,17.0,44.337,65.0,56.81,56.81,59.79,57.69,58.255,58.045,57.88,57.09,58.35,55.84,58.05,58.23,59.66,58.66,56.02,58.63,-17.969,-2.693999999999999,2.5,43.5
2025_03_MIA_BUF,2025,3,REG,MIA,BUF,21.672,23.134,21.0,31.0,1.462,10.0,44.806,52.0,63.68,59.22,61.54,56.77,59.465,59.7,61.73,58.63,61.49,59.61,59.38,59.45,58.11,62.91,53.83,57.17,-7.866,0.6720000000000006,12.5,50.5
2025_03_NO_SEA,2025,3,REG,NO,SEA,20.947,21.954,13.0,44.0,1.008,31.0,42.901,57.0,56.15,52.63,54.14,59.55,56.475,59.31,55.78,56.05,55.24,58.87,60.67,62.89,59.56,61.01,57.07,53.28,-22.046,7.946999999999999,7.5,41.5
2025_03_NYJ_TB,2025,3,REG,NYJ,TB,21.227,23.171,27.0,29.0,1.944,2.0,44.398,56.0,59.3,54.55,60.7,57.19,60.01,58.48,59.98,56.3,60.18,58.09,60.27,59.89,61.89,60.06,57.56,64.47,-5.829000000000001,-5.773,6.5,43.5
2025_03_PIT_NE,2025,3,REG,PIT,NE,21.561,21.639,21.0,14.0,0.078,-7.0,43.201,35.0,56.41,56.5,58.78,56.9,58.995,57.64,57.39,56.83,58.45,58.09,59.31,65.11,59.53,63.45,49.33,64.48,7.638999999999999,0.5609999999999999,-1.5,44.5
2025_04_BAL_KC,2025,4,REG,BAL,KC,21.32,23.061,20.0,37.0,1.741,17.0,44.382,57.0,62.68,53.27,58.27,56.42,58.705,62.68,59.72,56.53,58.46,61.09,62.38,58.56,59.74,59.18,53.62,61.97,-13.939,1.3200000000000003,-2.5,48.5
2025_04_CAR_NE,2025,4,REG,CAR,NE,21.518,22.743,13.0,42.0,1.225,29.0,44.261,55.0,57.61,55.12,59.7,62.25,60.75,57.685,58.75,57.27,58.94,60.06,60.07,60.21,59.62,57.66,48.71,60.68,-19.257,8.518,5.5,42.5
2025_04_CHI_LV,2025,4,REG,CHI,LV,21.431,22.861,25.0,24.0,1.43,-1.0,44.292,49.0,59.17,57.79,59.69,61.79,59.345,62.7,59.05,59.66,56.94,61.15,58.34,60.45,58.9,59.66,59.07,44.33,-1.1389999999999993,-3.568999999999999,1.5,47.5
2025_04_CIN_DEN,2025,4,REG,CIN,DEN,21.179,22.649,3.0,28.0,1.47,25.0,43.828,31.0,57.31,60.35,61.38,59.85,61.065,56.71,59.7,59.29,59.53,57.11,60.11,63.4,60.81,60.58,56.62,54.85,-5.350999999999999,18.179,7.5,44.5
2025_04_CLE_DET,2025,4,REG,CLE,DET,20.926,23.091,10.0,34.0,2.166,24.0,44.017,44.0,62.96,54.99,61.39,62.66,63.025,56.825,62.4,56.89,62.75,59.3,60.66,63.3,60.31,61.12,55.3,51.14,-10.908999999999999,10.925999999999998,10.0,44.5
2025_04_GB_DAL,2025,4,REG,GB,DAL,21.767,23.185,40.0,40.0,1.418,0.0,44.951,80.0,60.09,60.0,59.29,56.68,58.51,62.275,59.48,59.28,57.99,59.13,57.81,60.88,59.68,61.02,67.75,57.62,-16.815,-18.233,-7.0,47.5
2025_04_IND_LA,2025,4,REG,IND,LA,21.802,22.729,20.0,27.0,0.927,7.0,44.531,47.0,59.45,57.25,60.84,58.62,58.215,59.595,59.38,58.27,59.62,59.6,59.51,59.16,57.8,62.08,51.05,61.13,-4.271000000000001,1.8019999999999996,3.5,49.5
2025_04_JAX_SF,2025,4,REG,JAX,SF,22.242,22.274,26.0,21.0,0.033,-5.0,44.516,47.0,56.23,57.95,57.62,58.26,55.96,57.89,56.87,57.69,57.54,58.39,55.96,63.63,55.45,58.47,55.01,62.22,1.274000000000001,-3.757999999999999,3.5,45.5
2025_04_LAC_NYG,2025,4,REG,LAC,NYG,21.493,22.794,18.0,21.0,1.301,3.0,44.287,39.0,57.81,61.82,61.65,61.8,57.65,59.85,58.49,61.0,58.46,59.51,63.05,60.94,62.58,59.55,57.05,64.73,1.7940000000000005,3.4929999999999986,-6.0,43.5
2025_04_MIN_PIT,2025,4,REG,MIN,PIT,20.325,22.717,21.0,24.0,2.392,3.0,43.042,45.0,57.57,48.41,57.51,58.15,58.3,60.355,57.62,54.63,58.72,59.32,65.75,62.58,64.24,61.88,65.59,62.7,-1.2830000000000013,-0.6750000000000007,-2.5,41.5
2025_04_NO_BUF,2025,4,REG,NO,BUF,20.989,23.437,19.0,31.0,2.448,12.0,44.425,50.0,64.7,54.12,62.33,60.77,59.88,59.655,62.53,57.04,62.23,59.41,61.58,62.54,59.39,60.62,61.65,52.78,-7.562999999999999,1.9890000000000008,15.5,48.5
2025_04_NYJ_MIA,2025,4,REG,NYJ,MIA,20.933,22.954,21.0,27.0,2.021,6.0,43.887,48.0,60.37,53.98,55.56,58.25,59.89,55.96,59.0,55.58,59.3,57.81,62.35,59.92,62.34,60.45,57.17,65.8,-4.045999999999999,-0.06700000000000017,2.5,44.5
2025_04_PHI_TB,2025,4,REG,PHI,TB,21.539,23.822,31.0,25.0,2.283,-6.0,45.361,56.0,60.69,60.41,61.28,58.98,60.15,62.435,60.77,60.49,60.53,60.34,61.47,56.79,62.39,58.54,60.16,61.16,-1.1780000000000008,-9.460999999999999,-3.5,44.5
2025_04_SEA_ARI,2025,4,REG,SEA,ARI,21.237,22.41,23.0,20.0,1.173,-3.0,43.647,43.0,59.04,58.11,59.01,54.44,59.585,58.405,58.82,57.27,58.59,55.98,58.18,61.6,60.98,60.63,50.11,58.99,2.41,-1.7630000000000017,-1.5,43.5
2025_04_TEN_HOU,2025,4,REG,TEN,HOU,21.066,22.863,0.0,26.0,1.797,26.0,43.929,26.0,57.67,50.82,57.76,60.43,57.77,57.69,57.51,55.04,57.0,58.83,58.85,59.68,58.78,60.08,61.81,52.75,-3.1370000000000005,21.066,7.5,39.5
2025_04_WAS_ATL,2025,4,REG,WAS,ATL,21.244,22.818,27.0,34.0,1.575,7.0,44.062,61.0,55.52,57.91,61.23,60.0,58.27,58.72,57.37,58.58,61.0,58.58,60.05,58.64,61.19,60.48,51.54,56.11,-11.181999999999999,-5.756,2.5,43.5
2025_05_DAL_NYJ,2025,5,REG,DAL,NYJ,22.081,23.309,37.0,22.0,1.228,-15.0,45.389,59.0,55.19,61.56,58.02,59.74,58.52,59.155,56.62,60.49,58.99,58.44,59.84,58.29,59.99,60.03,67.79,69.5,1.309000000000001,-14.919,1.5,48.5
2025_05_DEN_PHI,2025,5,REG,DEN,PHI,22.119,23.406,21.0,17.0,1.287,-4.0,45.525,38.0,60.77,58.9,59.41,62.42,63.34,61.8,60.95,60.83,60.9,60.62,56.8,60.25,59.19,61.03,62.32,56.0,6.405999999999999,1.1189999999999998,3.5,44.5
2025_05_DET_CIN,2025,5,REG,DET,CIN,21.846,22.544,37.0,24.0,0.698,-13.0,44.39,61.0,60.2,62.68,60.18,60.88,56.905,63.345,59.36,62.22,57.49,62.8,62.22,61.98,59.76,60.63,55.13,56.65,-1.4559999999999995,-15.154,-10.5,49.5
2025_05_HOU_BAL,2025,5,REG,HOU,BAL,21.769,22.654,44.0,10.0,0.885,-34.0,44.422,54.0,53.1,59.0,56.86,57.71,62.185,58.01,56.49,58.2,56.29,57.25,56.77,60.35,59.46,60.55,63.22,60.91,12.654,-22.231,-2.5,41.5
2025_05_KC_JAX,2025,5,REG,KC,JAX,21.004,22.631,28.0,31.0,1.627,3.0,43.636,59.0,58.35,63.81,58.78,59.23,56.955,59.18,57.51,60.59,58.9,59.29,64.07,62.76,60.22,60.19,60.67,52.2,-8.369,-6.995999999999999,-3.5,45.5
2025_05_LV_IND,2025,5,REG,LV,IND,21.22,23.32,6.0,40.0,2.1,34.0,44.54,46.0,56.17,58.75,59.19,57.37,61.16,59.405,58.23,58.4,60.38,57.43,59.09,59.0,62.14,59.62,62.32,57.45,-16.68,15.219999999999999,7.0,46.5
2025_05_MIA_CAR,2025,5,REG,MIA,CAR,21.662,22.05,24.0,27.0,0.387,3.0,43.712,51.0,54.64,61.38,62.82,56.13,57.765,56.525,57.22,58.94,60.56,58.25,59.25,63.61,57.52,62.72,50.75,57.24,-4.949999999999999,-2.338000000000001,-1.5,44.5
2025_05_MIN_CLE,2025,5,REG,MIN,CLE,20.974,21.985,21.0,17.0,1.011,-4.0,42.958,38.0,54.31,54.11,63.32,56.77,56.515,60.225,56.58,56.77,61.05,58.98,64.03,62.09,61.34,61.85,44.26,64.0,4.984999999999999,-0.0259999999999998,-3.5,35.5
2025_05_NE_BUF,2025,5,REG,NE,BUF,21.189,23.706,23.0,20.0,2.517,-3.0,44.895,43.0,65.18,59.27,62.86,59.93,59.135,61.67,62.53,59.84,62.66,59.39,61.07,60.18,59.02,60.89,61.92,48.49,3.7059999999999995,-1.811,7.5,49.5
2025_05_NYG_NO,2025,5,REG,NYG,NO,20.987,21.886,14.0,26.0,0.899,12.0,42.872,40.0,54.85,55.64,57.93,62.65,59.955,58.24,56.89,57.9,58.24,59.69,63.13,64.09,61.21,62.69,53.09,57.44,-4.114000000000001,6.986999999999998,1.5,41.5
2025_05_SF_LA,2025,5,REG,SF,LA,21.538,23.504,26.0,23.0,1.966,-3.0,45.042,49.0,60.12,62.98,60.22,59.97,58.4,58.105,59.74,61.12,59.33,59.02,60.53,56.3,60.05,55.73,50.57,55.1,0.5040000000000013,-4.462,8.5,43.5
2025_05_TB_SEA,2025,5,REG,TB,SEA,21.332,22.296,38.0,35.0,0.965,-3.0,43.628,73.0,58.74,60.69,54.77,58.84,59.885,58.8,58.0,59.7,56.44,59.51,62.74,61.55,61.25,63.31,58.41,60.77,-12.704,-16.668,3.5,44.5
2025_05_TEN_ARI,2025,5,REG,TEN,ARI,20.865,22.66,22.0,21.0,1.796,-1.0,43.525,43.0,58.71,49.28,59.78,60.67,59.69,57.32,58.87,54.27,59.47,59.18,58.67,61.09,59.59,59.53,51.17,50.13,1.6600000000000001,-1.1350000000000016,7.5,41.5
2025_05_WAS_LAC,2025,5,REG,WAS,LAC,21.109,23.599,27.0,10.0,2.49,-17.0,44.709,37.0,60.99,58.14,61.77,60.35,59.725,58.895,60.56,58.83,61.04,58.81,62.51,59.27,60.91,60.96,65.21,57.56,13.599,-5.890999999999998,2.5,47.5
2025_06_ARI_IND,2025,6,REG,ARI,IND,21.249,23.657,27.0,31.0,2.408,4.0,44.907,58.0,57.36,59.05,59.59,60.24,61.445,59.775,58.94,59.2,60.79,58.5,58.98,57.35,62.77,58.71,62.1,54.98,-7.343,-5.751000000000001,8.5,46.5
2025_06_BUF_ATL,2025,6,REG,BUF,ATL,22.469,22.758,14.0,24.0,0.289,10.0,45.227,38.0,55.75,64.95,61.45,63.35,59.045,59.47,57.72,62.63,61.84,62.88,59.11,60.14,59.86,60.95,52.34,63.08,-1.2420000000000009,8.469000000000001,-3.5,49.5
2025_06_CHI_WAS,2025,6,REG,CHI,WAS,21.045,23.089,25.0,24.0,2.043,-1.0,44.134,49.0,59.25,57.43,60.56,62.11,59.04,61.855,59.46,59.47,58.84,60.87,60.03,60.38,61.37,59.95,60.47,44.79,-0.9110000000000014,-3.9549999999999983,5.5,49.5
2025_06_CIN_GB,2025,6,REG,CIN,GB,20.858,22.962,18.0,27.0,2.104,9.0,43.82,45.0,60.92,54.48,58.01,60.76,63.455,57.47,60.45,57.22,60.38,57.54,63.63,62.56,58.99,60.22,58.01,57.17,-4.038,2.8580000000000005,14.0,44.5
2025_06_CLE_PIT,2025,6,REG,CLE,PIT,19.609,22.681,9.0,23.0,3.072,14.0,42.291,32.0,58.07,51.7,58.01,61.87,60.31,56.72,58.47,55.13,59.62,61.25,67.05,63.84,66.48,61.83,63.98,47.48,-0.31899999999999906,10.609000000000002,5.5,37.5
2025_06_DAL_CAR,2025,6,REG,DAL,CAR,22.443,23.118,27.0,30.0,0.676,3.0,45.561,57.0,55.68,61.75,63.09,59.82,57.545,59.425,57.83,60.69,60.35,58.89,58.74,57.64,57.11,59.39,54.4,68.86,-6.8820000000000014,-4.556999999999999,-3.0,47.5
2025_06_DEN_NYJ,2025,6,REG,DEN,NYJ,21.884,23.055,13.0,11.0,1.172,-2.0,44.939,24.0,56.19,59.14,59.2,62.92,58.55,62.11,57.41,61.16,59.62,60.78,59.84,60.75,60.28,61.81,67.99,58.95,12.055,8.884,-7.5,43.5
2025_06_DET_KC,2025,6,REG,DET,KC,21.706,22.528,17.0,30.0,0.822,13.0,44.234,47.0,63.55,62.96,59.71,61.22,59.25,64.15,60.61,62.63,59.67,63.5,64.43,63.14,60.22,61.9,52.77,57.4,-7.472000000000001,4.7059999999999995,2.5,51.5
2025_06_LAC_MIA,2025,6,REG,LAC,MIA,21.523,22.298,29.0,27.0,0.776,-2.0,43.821,56.0,61.7,60.97,55.82,61.87,55.835,59.72,58.93,60.62,57.67,61.21,64.06,62.56,62.31,61.44,52.8,65.37,-4.702000000000002,-7.477,-3.5,45.5
2025_06_LA_BAL,2025,6,REG,LA,BAL,21.586,22.332,17.0,3.0,0.745,-14.0,43.918,20.0,53.23,60.49,56.88,60.7,62.01,58.545,56.54,60.11,56.22,59.47,56.86,61.25,59.88,60.37,57.18,48.2,19.332,4.5859999999999985,-7.0,43.5
2025_06_NE_NO,2025,6,REG,NE,NO,20.978,22.551,25.0,19.0,1.572,-6.0,43.529,44.0,54.83,59.16,60.41,60.3,60.085,62.19,57.5,60.09,59.17,59.26,63.89,60.82,61.77,61.03,54.7,55.37,3.5509999999999984,-4.0219999999999985,-3.5,46.5
2025_06_PHI_NYG,2025,6,REG,PHI,NYG,21.896,23.41,17.0,34.0,1.514,17.0,45.307,51.0,55.96,61.02,63.33,59.7,58.635,62.835,58.17,61.09,59.64,60.88,60.14,56.78,61.89,59.23,59.6,63.09,-10.59,4.896000000000001,-7.0,40.5
2025_06_SEA_JAX,2025,6,REG,SEA,JAX,20.971,22.569,20.0,12.0,1.598,-8.0,43.54,32.0,58.48,59.75,59.09,55.21,57.96,61.145,58.11,58.98,58.92,57.01,63.74,63.7,59.77,61.3,62.06,58.17,10.568999999999999,0.9710000000000001,-1.5,47.5
2025_06_SF_TB,2025,6,REG,SF,TB,20.983,24.204,19.0,30.0,3.221,11.0,45.188,49.0,61.54,57.21,59.33,61.21,61.19,56.44,60.93,58.09,60.37,59.23,61.84,56.19,63.36,55.19,61.69,58.43,-5.795999999999999,1.9830000000000005,3.5,46.5
2025_06_TEN_LV,2025,6,REG,TEN,LV,20.952,23.161,10.0,20.0,2.209,10.0,44.113,30.0,58.3,51.0,59.2,61.11,58.865,57.645,58.36,55.26,58.4,59.19,59.0,57.69,59.87,59.5,58.1,51.09,3.1610000000000014,10.952000000000002,3.5,41.5
2025_07_ATL_SF,2025,7,REG,ATL,SF,21.93,22.989,10.0,20.0,1.059,10.0,44.919,30.0,57.15,55.22,61.92,60.75,56.735,58.945,58.32,57.21,59.79,62.18,56.39,59.31,55.6,61.82,59.9,49.93,2.9890000000000008,11.93,1.5,46.5
2025_07_CAR_NYJ,2025,7,REG,CAR,NYJ,21.593,23.427,13.0,6.0,1.834,-7.0,45.02,19.0,55.63,56.27,59.43,60.37,58.765,58.17,57.18,57.77,59.92,60.63,59.21,60.15,60.32,58.19,68.9,59.25,17.427,8.593,1.5,39.5
2025_07_GB_ARI,2025,7,REG,GB,ARI,22.216,22.9,27.0,23.0,0.685,-4.0,45.116,50.0,59.25,61.59,62.71,58.13,60.645,65.21,60.1,61.32,60.96,61.11,57.38,63.46,59.21,58.57,55.51,57.77,-0.10000000000000142,-4.783999999999999,-7.0,44.5
2025_07_HOU_SEA,2025,7,REG,HOU,SEA,21.011,22.959,19.0,27.0,1.948,8.0,43.97,46.0,59.92,60.6,55.45,57.76,62.485,59.165,59.49,59.33,57.63,57.88,64.24,60.5,62.44,59.36,58.63,62.96,-4.041,2.0109999999999992,3.0,41.5
2025_07_IND_LAC,2025,7,REG,IND,LAC,21.596,23.415,38.0,24.0,1.819,-14.0,45.011,62.0,61.78,57.84,59.14,59.9,57.785,62.345,60.17,59.51,58.97,61.21,62.24,58.36,60.84,62.54,66.15,62.58,-0.5850000000000009,-16.404,2.5,48.5
2025_07_LA_JAX,2025,7,REG,LA,JAX,21.082,22.748,35.0,7.0,1.666,-28.0,43.83,42.0,58.85,60.75,59.45,63.98,58.38,59.415,58.47,61.1,59.25,61.6,63.09,61.65,60.11,60.18,57.51,45.68,15.748000000000001,-13.918,-3.0,44.5
2025_07_LV_KC,2025,7,REG,LV,KC,21.001,23.224,0.0,31.0,2.223,31.0,44.225,31.0,64.34,58.51,60.05,59.5,60.505,59.82,61.47,58.9,60.19,58.88,64.26,58.8,60.55,59.96,51.95,58.43,-7.776,21.001,13.5,44.5
2025_07_MIA_CLE,2025,7,REG,MIA,CLE,20.715,21.891,6.0,31.0,1.176,25.0,42.606,37.0,51.55,61.67,62.23,56.08,56.745,57.825,55.14,59.82,61.27,58.61,64.03,63.97,61.56,62.29,51.0,50.69,-9.109000000000002,14.715,2.5,34.5
2025_07_NE_TEN,2025,7,REG,NE,TEN,21.697,22.154,31.0,13.0,0.457,-18.0,43.851,44.0,50.74,60.96,61.74,60.56,56.375,63.24,54.53,61.37,59.88,59.62,59.34,60.9,61.24,60.5,50.4,56.43,9.154,-9.303,-6.5,40.5
2025_07_NO_CHI,2025,7,REG,NO,CHI,21.323,22.117,14.0,26.0,0.795,12.0,43.44,40.0,58.34,55.66,58.92,60.73,61.99,60.22,59.31,58.0,60.13,59.6,59.91,63.12,60.33,61.93,45.03,55.68,-3.882999999999999,7.323,4.5,43.5
2025_07_NYG_DEN,2025,7,REG,NYG,DEN,21.328,22.994,32.0,33.0,1.666,1.0,44.322,65.0,59.96,56.05,63.16,63.65,60.32,59.13,61.21,58.43,60.08,61.35,61.91,62.07,62.03,62.62,60.65,59.82,-10.006,-10.672,7.5,39.5
2025_07_PHI_MIN,2025,7,REG,PHI,MIN,21.823,23.479,28.0,22.0,1.656,-6.0,45.302,50.0,54.78,61.42,57.41,59.88,61.065,63.52,57.56,61.47,59.14,61.23,61.7,56.32,61.7,58.7,61.66,63.32,1.4789999999999992,-6.177,-2.5,43.5
2025_07_PIT_CIN,2025,7,REG,PIT,CIN,21.805,21.131,31.0,33.0,-0.674,2.0,42.937,64.0,55.26,59.02,57.72,58.47,57.37,59.345,57.0,58.86,56.4,59.52,60.45,67.97,58.52,65.19,52.28,63.64,-11.869,-9.195,-5.5,45.5
2025_07_TB_DET,2025,7,REG,TB,DET,21.426,23.262,9.0,24.0,1.836,15.0,44.688,33.0,63.6,62.52,61.32,59.55,65.21,61.355,63.28,61.4,63.81,60.74,64.42,62.31,61.15,63.63,57.43,60.56,-0.7379999999999995,12.425999999999998,6.0,54.5
2025_07_WAS_DAL,2025,7,REG,WAS,DAL,22.116,23.481,22.0,44.0,1.364,22.0,45.597,66.0,62.65,60.53,58.73,61.82,60.055,59.775,61.1,60.52,58.3,59.59,57.0,60.21,59.12,61.48,69.45,59.08,-20.519,0.11599999999999966,1.5,54.5
2025_08_BUF_CAR,2025,8,REG,BUF,CAR,22.187,22.731,40.0,9.0,0.544,-31.0,44.918,49.0,57.1,66.03,60.88,63.64,56.995,60.13,57.7,63.28,60.75,63.43,61.19,62.04,57.87,61.22,59.23,54.96,13.731000000000002,-17.813,-7.0,47.5
2025_08_CHI_BAL,2025,8,REG,CHI,BAL,21.614,23.247,16.0,30.0,1.633,14.0,44.861,46.0,65.67,58.71,56.55,59.76,62.865,62.16,62.43,59.68,60.7,60.76,56.36,60.84,60.16,60.89,56.13,46.8,-6.753,5.614000000000001,2.5,45.5
2025_08_CLE_NE,2025,8,REG,CLE,NE,21.014,22.819,13.0,32.0,1.805,19.0,43.833,45.0,62.24,52.82,62.02,62.09,63.735,57.35,62.48,55.81,60.3,61.36,60.49,64.53,60.18,61.59,57.01,51.59,-9.181000000000001,8.014,7.0,40.5
2025_08_DAL_DEN,2025,8,REG,DAL,DEN,21.595,23.59,24.0,44.0,1.995,20.0,45.184,68.0,61.14,63.72,63.44,57.32,56.4,60.34,59.87,61.4,60.31,57.58,62.77,57.59,63.14,59.01,60.08,70.2,-20.41,-2.405000000000001,3.5,51.5
2025_08_GB_PIT,2025,8,REG,GB,PIT,20.825,22.915,35.0,25.0,2.09,-10.0,43.74,60.0,60.27,62.59,58.79,58.74,58.93,65.135,59.39,61.94,59.77,61.28,66.71,64.25,65.02,58.99,62.84,56.39,-2.085000000000001,-14.175,-3.0,46.5
2025_08_MIA_ATL,2025,8,REG,MIA,ATL,21.516,22.153,34.0,10.0,0.637,-24.0,43.669,44.0,56.08,61.78,61.06,56.41,59.045,56.9,57.73,59.71,62.33,58.17,59.29,63.98,60.2,62.19,48.62,56.89,12.152999999999999,-12.484000000000002,7.0,44.5
2025_08_MIN_LAC,2025,8,REG,MIN,LAC,21.522,23.331,10.0,37.0,1.809,27.0,44.853,47.0,63.09,54.79,59.25,58.31,61.27,60.175,61.45,57.39,60.42,59.32,60.55,61.96,59.76,61.82,66.0,63.38,-13.669,11.521999999999998,3.0,45.5
2025_08_NYG_PHI,2025,8,REG,NYG,PHI,22.155,23.125,20.0,38.0,0.97,18.0,45.28,58.0,63.3,56.93,59.91,63.93,64.085,59.395,62.57,58.87,61.3,61.76,56.48,62.71,59.74,62.74,59.96,60.07,-14.875,2.155000000000001,7.0,43.5
2025_08_NYJ_CIN,2025,8,REG,NYJ,CIN,21.951,22.719,39.0,38.0,0.767,-1.0,44.67,77.0,56.72,55.89,58.61,61.06,60.385,58.685,58.5,57.41,58.26,60.73,60.47,59.58,58.4,60.4,53.58,68.62,-15.280999999999999,-17.049,5.5,43.5
2025_08_SF_HOU,2025,8,REG,SF,HOU,21.688,23.904,15.0,26.0,2.216,11.0,45.591,41.0,60.83,57.84,58.66,62.32,59.26,63.915,59.53,60.16,57.83,63.09,63.07,55.89,60.52,55.69,62.8,61.18,-2.096,6.687999999999999,2.5,41.5
2025_08_TB_NO,2025,8,REG,TB,NO,21.62,22.591,23.0,3.0,0.971,-20.0,44.211,26.0,62.85,62.56,59.51,59.96,60.675,61.235,61.09,61.43,59.14,61.02,62.31,61.56,61.41,63.2,52.43,59.78,19.591,-1.379999999999999,-4.5,46.5
2025_08_TEN_IND,2025,8,REG,TEN,IND,20.813,23.459,14.0,38.0,2.646,24.0,44.271,52.0,58.92,51.33,60.15,62.0,64.055,56.66,60.37,55.07,62.29,59.92,58.29,59.41,63.09,61.66,61.52,50.96,-14.541,6.812999999999999,15.5,47.5
2025_08_WAS_KC,2025,8,REG,WAS,KC,21.388,23.264,7.0,28.0,1.876,21.0,44.652,35.0,65.99,61.5,56.73,59.62,61.34,59.625,61.87,60.5,58.73,58.65,61.95,57.43,60.5,60.26,51.65,58.24,-4.736000000000001,14.388000000000002,10.5,48.5
2025_09_ARI_DAL,2025,9,REG,ARI,DAL,22.125,23.771,27.0,17.0,1.645,-10.0,45.896,44.0,62.83,59.29,58.46,63.47,60.175,61.06,61.2,60.45,58.16,61.33,57.32,58.74,59.02,61.0,71.96,56.85,6.771000000000001,-4.875,3.5,53.5
2025_09_ATL_NE,2025,9,REG,ATL,NE,21.071,23.796,23.0,24.0,2.725,1.0,44.866,47.0,62.56,55.14,62.95,61.56,63.89,58.44,62.86,57.16,60.91,62.07,60.79,58.87,61.29,59.67,60.88,51.02,-0.20400000000000063,-1.9289999999999985,5.5,45.5
2025_09_BAL_MIA,2025,9,REG,BAL,MIA,21.094,23.0,28.0,6.0,1.906,-22.0,44.095,34.0,61.48,53.52,58.29,58.51,57.24,63.355,60.05,57.49,59.11,61.59,63.43,59.02,62.18,59.68,52.15,60.23,17.0,-6.905999999999999,-7.5,51.5
2025_09_CAR_GB,2025,9,REG,CAR,GB,20.857,23.576,16.0,13.0,2.719,-3.0,44.433,29.0,63.03,56.26,59.22,59.81,65.635,57.265,62.3,57.22,61.84,60.45,64.04,60.84,59.22,57.13,55.44,53.15,10.576,4.856999999999999,12.5,43.5
2025_09_CHI_CIN,2025,9,REG,CHI,CIN,21.485,22.682,47.0,42.0,1.197,-5.0,44.167,89.0,56.48,58.49,59.62,60.79,60.475,62.27,58.56,59.84,59.29,61.4,60.11,60.79,57.84,60.83,54.53,47.34,-19.318,-25.515,-3.0,51.5
2025_09_DEN_HOU,2025,9,REG,DEN,HOU,21.616,22.779,18.0,15.0,1.163,-3.0,44.395,33.0,60.75,61.67,59.52,63.94,59.365,57.24,59.71,60.52,58.89,60.88,62.98,62.98,60.35,63.05,64.62,62.07,7.779,3.6159999999999997,1.5,40.5
2025_09_IND_PIT,2025,9,REG,IND,PIT,20.83,23.374,20.0,27.0,2.544,7.0,44.204,47.0,59.63,58.94,59.54,60.49,58.95,64.085,59.23,60.51,60.23,62.63,66.53,58.46,64.74,63.6,67.47,56.7,-3.6260000000000012,0.8299999999999983,-3.5,51.5
2025_09_JAX_LV,2025,9,REG,JAX,LV,21.329,22.685,30.0,29.0,1.356,-1.0,44.013,59.0,57.06,58.99,59.11,60.2,59.655,54.33,58.08,57.84,58.69,58.1,58.59,61.99,59.84,60.13,58.8,54.71,-6.315000000000001,-8.671,-2.5,43.5
2025_09_KC_BUF,2025,9,REG,KC,BUF,22.051,23.324,21.0,28.0,1.273,7.0,45.375,49.0,65.5,65.32,64.15,57.39,61.295,61.855,63.7,61.91,64.18,59.26,58.24,63.72,56.78,60.65,55.23,53.26,-4.675999999999998,1.0509999999999984,-2.5,53.5
2025_09_LAC_TEN,2025,9,REG,LAC,TEN,22.021,22.28,27.0,20.0,0.259,-7.0,44.301,47.0,50.76,62.65,63.08,59.04,56.965,61.845,55.12,61.12,60.56,60.86,59.93,61.45,62.0,60.17,51.54,65.83,2.280000000000001,-4.978999999999999,-10.0,44.5
2025_09_MIN_DET,2025,9,REG,MIN,DET,21.062,23.488,27.0,24.0,2.426,-3.0,44.551,51.0,64.26,54.4,62.17,59.6,64.88,60.285,63.54,57.48,64.72,59.99,64.34,61.9,61.32,61.91,56.36,63.23,-0.5120000000000005,-5.937999999999999,9.5,47.5
2025_09_NO_LA,2025,9,REG,NO,LA,21.287,22.272,10.0,34.0,0.985,24.0,43.559,44.0,62.0,61.78,59.84,60.07,59.03,60.455,60.7,60.65,59.55,59.4,62.06,62.88,60.86,61.79,45.48,54.87,-11.728000000000002,11.286999999999999,14.0,44.5
2025_09_SEA_WAS,2025,9,REG,SEA,WAS,21.72,22.446,38.0,14.0,0.726,-24.0,44.167,52.0,61.05,60.69,58.23,57.81,59.56,61.705,60.02,60.08,57.86,58.63,58.19,64.15,60.67,62.41,59.29,58.18,8.446000000000002,-16.28,-2.5,47.5
2025_09_SF_NYG,2025,9,REG,SF,NYG,22.073,23.942,34.0,24.0,1.869,-10.0,46.015,58.0,57.84,62.47,64.39,62.51,59.715,64.095,59.48,62.29,62.15,63.29,60.45,55.43,62.57,54.7,52.64,61.91,-0.05799999999999983,-11.927,-2.5,47.5
2025_10_ARI_SEA,2025,10,REG,ARI,SEA,21.331,22.799,22.0,44.0,1.468,22.0,44.131,66.0,61.86,59.46,56.88,63.55,61.925,61.215,60.64,60.65,58.2,61.26,62.9,59.85,62.29,64.33,58.26,57.35,-21.201,-0.6690000000000005,7.0,44.5
2025_10_ATL_IND,2025,10,REG,ATL,IND,20.859,23.91,25.0,31.0,3.051,6.0,44.769,56.0,58.41,55.18,60.9,62.49,63.14,58.245,60.14,57.35,62.39,62.26,59.72,57.21,63.46,58.53,61.56,46.17,-7.09,-4.140999999999998,6.5,48.5
2025_10_BAL_MIN,2025,10,REG,BAL,MIN,21.008,23.126,27.0,19.0,2.119,-8.0,44.134,46.0,54.55,53.49,60.01,58.57,60.375,61.73,57.66,57.16,60.08,60.97,62.95,60.08,63.47,60.43,63.89,61.28,4.126000000000001,-5.992000000000001,-4.5,48.5
2025_10_BUF_MIA,2025,10,REG,BUF,MIA,21.801,22.91,13.0,30.0,1.109,17.0,44.71,43.0,61.99,66.57,58.5,64.29,55.5,61.695,59.47,64.29,59.13,64.24,63.44,62.46,62.03,57.92,57.01,54.87,-7.09,8.800999999999998,-8.5,50.5
2025_10_CLE_NYJ,2025,10,REG,CLE,NYJ,21.352,22.751,20.0,27.0,1.399,7.0,44.103,47.0,56.7,51.91,60.47,64.89,58.815,56.6,57.81,55.69,60.65,61.97,59.06,64.96,57.05,62.03,68.79,49.55,-4.248999999999999,1.3520000000000003,-1.5,37.5
2025_10_DET_WAS,2025,10,REG,DET,WAS,22.651,22.564,44.0,22.0,-0.086,-22.0,45.215,66.0,60.55,64.94,60.33,64.7,59.565,64.855,60.22,64.33,58.77,65.6,57.42,64.41,60.17,61.64,59.22,54.22,0.5640000000000001,-21.349,-8.5,49.5
2025_10_JAX_HOU,2025,10,REG,JAX,HOU,21.008,23.197,29.0,36.0,2.189,7.0,44.205,65.0,61.14,59.22,59.68,60.36,59.215,54.935,59.85,58.32,58.4,58.29,63.09,60.51,60.38,60.03,63.49,57.85,-12.803,-7.992000000000001,-1.5,37.5
2025_10_LA_SF,2025,10,REG,LA,SF,22.115,23.542,42.0,26.0,1.427,-16.0,45.657,68.0,63.11,63.27,60.24,62.94,64.45,58.685,62.25,61.85,62.42,61.02,56.09,61.7,55.23,60.66,62.54,43.15,-2.4579999999999984,-19.885,-5.5,49.5
2025_10_LV_DEN,2025,10,REG,LV,DEN,20.786,23.66,7.0,10.0,2.874,3.0,44.446,17.0,61.58,57.34,63.97,57.06,59.495,60.46,60.95,57.94,61.7,58.4,62.71,58.17,63.21,59.62,59.07,57.44,13.66,13.786000000000001,9.5,42.5
2025_10_NE_TB,2025,10,REG,NE,TB,21.651,23.505,28.0,23.0,1.854,-5.0,45.155,51.0,62.24,62.74,60.36,63.24,60.88,63.52,61.2,62.88,60.79,60.94,62.94,60.57,63.23,59.92,63.08,62.0,0.504999999999999,-6.349,2.5,48.5
2025_10_NO_CAR,2025,10,REG,NO,CAR,21.684,22.269,17.0,7.0,0.584,-10.0,43.953,24.0,55.69,62.28,59.84,60.81,57.22,59.215,57.0,60.44,60.45,59.42,60.63,62.75,57.49,61.28,52.04,55.21,15.268999999999998,4.684000000000001,5.5,38.5
2025_10_NYG_CHI,2025,10,REG,NYG,CHI,21.014,22.778,20.0,24.0,1.764,4.0,43.793,44.0,59.38,55.61,61.52,63.11,61.55,59.565,60.28,58.2,61.76,61.37,62.19,62.55,61.7,63.83,58.04,52.65,-1.2220000000000013,1.0139999999999993,4.5,45.5
2025_10_PHI_GB,2025,10,REG,PHI,GB,21.689,23.532,10.0,7.0,1.843,-3.0,45.221,17.0,63.51,63.57,59.37,58.32,63.33,64.195,61.53,62.41,61.74,60.78,61.66,57.55,61.47,60.63,54.57,57.82,16.532,11.689,1.5,45.5
2025_10_PIT_LAC,2025,10,REG,PIT,LAC,21.801,22.394,10.0,25.0,0.593,15.0,44.195,35.0,62.97,59.71,58.97,59.7,62.475,59.105,61.43,59.43,60.94,60.03,61.21,68.45,60.21,65.87,66.23,66.26,-2.6060000000000016,11.800999999999998,3.0,45.5
2025_11_BAL_CLE,2025,11,REG,BAL,CLE,21.42,22.567,23.0,16.0,1.147,-7.0,43.988,39.0,51.64,65.73,66.43,59.06,56.45,63.595,55.83,63.17,62.47,61.94,65.3,60.81,62.47,61.21,53.55,58.32,6.567,-1.5799999999999983,-7.5,37.5
2025_11_CAR_ATL,2025,11,REG,CAR,ATL,21.31,23.048,30.0,27.0,1.738,-3.0,44.359,57.0,55.05,54.99,62.63,59.88,58.21,57.055,57.28,56.63,62.44,60.39,57.59,59.65,58.79,56.74,50.37,48.49,-3.9520000000000017,-8.690000000000001,4.5,42.5
2025_11_CHI_MIN,2025,11,REG,CHI,MIN,21.62,22.846,19.0,17.0,1.225,-2.0,44.466,36.0,54.41,59.92,60.44,62.05,60.065,62.955,57.55,60.89,60.4,62.18,61.71,62.46,62.6,61.84,65.43,59.69,5.846,2.620000000000001,3.0,47.5
2025_11_CIN_PIT,2025,11,REG,CIN,PIT,20.004,23.886,12.0,34.0,3.882,22.0,43.891,46.0,58.98,56.79,59.6,60.22,58.73,61.1,58.94,59.08,60.07,59.56,68.94,58.59,66.35,55.9,67.11,54.93,-10.114,8.004000000000001,5.5,48.5
2025_11_DAL_LV,2025,11,REG,DAL,LV,22.287,22.604,33.0,16.0,0.318,-17.0,44.891,49.0,56.87,63.08,57.24,60.0,60.995,59.965,57.89,61.53,58.06,58.76,59.06,58.05,59.91,62.23,52.15,69.14,6.603999999999999,-10.713000000000001,-3.5,48.5
2025_11_DET_PHI,2025,11,REG,DET,PHI,22.684,22.993,9.0,16.0,0.308,7.0,45.677,25.0,63.49,65.37,57.97,61.82,64.215,65.805,62.3,64.3,60.63,65.02,57.88,64.62,60.35,60.8,59.94,57.78,6.9929999999999986,13.684000000000001,2.5,46.5
2025_11_GB_NYG,2025,11,REG,GB,NYG,21.921,22.484,27.0,20.0,0.563,-7.0,44.405,47.0,55.05,62.66,60.92,59.72,60.045,63.93,57.65,61.43,59.64,61.95,59.23,61.81,62.37,61.49,55.2,59.33,2.4840000000000018,-5.079000000000001,-7.5,41.5
2025_11_HOU_TEN,2025,11,REG,HOU,TEN,21.736,21.919,16.0,13.0,0.183,-3.0,43.655,29.0,50.5,60.8,62.95,60.29,56.675,59.56,54.89,59.94,60.42,59.29,59.49,63.95,62.13,62.08,53.5,63.84,8.919,5.736000000000001,-5.5,37.5
2025_11_KC_DEN,2025,11,REG,KC,DEN,21.029,22.684,19.0,22.0,1.655,3.0,43.713,41.0,60.94,65.72,60.06,57.45,59.195,61.78,59.81,61.99,59.87,59.35,63.45,64.53,64.01,60.45,59.26,54.59,0.684000000000001,2.029,-3.5,44.5
2025_11_LAC_JAX,2025,11,REG,LAC,JAX,22.003,22.737,6.0,35.0,0.734,29.0,44.74,41.0,58.41,62.76,60.48,59.26,54.41,61.865,57.71,61.29,58.33,59.54,60.58,61.89,60.16,60.25,61.71,65.65,-12.263000000000002,16.003,-3.0,43.5
2025_11_NYJ_NE,2025,11,REG,NYJ,NE,21.731,23.997,14.0,27.0,2.266,13.0,45.727,41.0,62.72,55.71,63.51,60.03,63.54,59.41,62.97,57.63,60.95,60.52,60.74,59.3,61.34,57.08,61.78,69.18,-3.003,7.731000000000002,12.5,43.5
2025_11_SEA_LA,2025,11,REG,SEA,LA,21.556,22.525,19.0,21.0,0.969,2.0,44.081,40.0,63.8,62.07,63.33,56.28,59.525,62.205,62.41,60.74,61.56,58.85,61.29,63.02,60.55,62.53,45.3,59.8,1.5249999999999986,2.556000000000001,3.0,49.5
2025_11_SF_ARI,2025,11,REG,SF,ARI,21.966,23.937,41.0,22.0,1.971,-19.0,45.903,63.0,56.89,62.85,64.86,60.29,61.335,66.145,59.72,62.79,60.8,62.67,60.1,56.08,64.36,55.47,57.61,61.57,1.9370000000000012,-19.034,-3.5,48.5
2025_11_TB_BUF,2025,11,REG,TB,BUF,22.006,23.215,32.0,44.0,1.209,12.0,45.221,76.0,66.3,61.73,64.52,61.17,61.605,61.015,64.22,61.23,64.22,61.12,62.81,63.4,57.94,63.3,55.25,64.51,-20.785,-9.994,6.0,46.5
2025_11_WAS_MIA,2025,11,REG,WAS,MIA,21.357,23.306,13.0,16.0,1.949,3.0,44.663,29.0,61.88,60.21,58.55,60.46,57.08,59.29,60.3,59.92,59.54,58.86,60.99,58.4,63.36,60.11,57.52,61.48,7.306000000000001,8.357,2.5,47.5
2025_12_ATL_NO,2025,12,REG,ATL,NO,21.099,23.396,24.0,10.0,2.297,-14.0,44.495,34.0,61.89,55.81,61.67,62.93,59.82,58.71,60.55,57.88,60.19,62.53,62.9,58.24,61.42,59.87,57.01,54.73,13.396,-2.901,1.5,41.5
2025_12_BUF_HOU,2025,12,REG,BUF,HOU,21.718,23.215,19.0,23.0,1.497,4.0,44.933,42.0,53.96,65.98,60.83,64.76,59.99,61.58,57.18,64.03,59.65,64.4,64.48,60.55,61.38,57.28,63.44,54.67,0.21499999999999986,2.718,-5.5,43.5
2025_12_CAR_SF,2025,12,REG,CAR,SF,21.985,24.15,9.0,20.0,2.166,11.0,46.135,29.0,63.19,56.93,61.14,58.79,66.93,58.81,63.32,57.97,63.39,60.05,56.1,59.27,55.17,57.25,60.33,51.76,4.149999999999999,12.985,7.5,48.5
2025_12_CLE_LV,2025,12,REG,CLE,LV,21.381,21.828,24.0,10.0,0.447,-14.0,43.208,34.0,57.42,51.63,57.65,64.89,60.895,57.185,58.23,55.72,58.28,61.9,59.09,65.4,59.9,62.84,51.78,55.78,11.828,-2.6189999999999998,3.0,35.5
2025_12_IND_KC,2025,12,REG,IND,KC,21.447,22.965,20.0,23.0,1.518,3.0,44.413,43.0,64.91,58.32,61.29,61.52,61.985,64.97,62.47,60.7,61.11,63.53,64.11,60.91,60.63,64.07,54.41,55.85,-0.03500000000000014,1.4469999999999992,3.5,50.5
2025_12_JAX_ARI,2025,12,REG,JAX,ARI,21.221,22.974,27.0,24.0,1.754,-3.0,44.195,51.0,57.24,59.22,64.11,60.81,61.695,54.54,59.81,58.2,60.74,58.5,59.87,61.28,64.51,60.53,56.55,62.49,-1.0259999999999998,-5.779,-2.5,47.5
2025_12_MIN_GB,2025,12,REG,MIN,GB,21.488,22.994,6.0,23.0,1.507,17.0,44.482,29.0,62.55,54.63,60.05,60.8,64.28,60.32,61.61,57.8,62.09,60.6,62.27,61.99,60.51,62.49,55.36,64.94,-0.006000000000000227,15.488,6.5,41.5
2025_12_NE_CIN,2025,12,REG,NE,CIN,22.766,22.927,26.0,20.0,0.161,-6.0,45.693,46.0,57.19,62.46,60.85,63.95,60.98,63.93,59.38,63.09,59.99,63.51,58.64,60.59,55.93,59.73,54.59,59.47,2.9269999999999996,-3.2340000000000018,-7.5,50.5
2025_12_NYG_DET,2025,12,REG,NYG,DET,20.982,23.738,27.0,34.0,2.756,7.0,44.72,61.0,64.23,55.02,61.99,64.79,66.03,60.655,63.89,58.57,65.1,62.1,63.84,60.7,61.22,62.27,58.53,52.89,-10.262,-6.018000000000001,14.0,50.5
2025_12_NYJ_BAL,2025,12,REG,NYJ,BAL,21.788,24.004,10.0,23.0,2.216,13.0,45.793,33.0,64.42,56.47,59.5,60.3,63.78,59.93,62.74,58.17,62.49,60.77,60.97,58.98,61.34,57.53,59.67,69.34,1.0040000000000013,11.788,14.0,44.5
2025_12_PHI_DAL,2025,12,REG,PHI,DAL,22.016,23.871,21.0,24.0,1.855,3.0,45.888,45.0,62.8,62.86,60.46,58.32,60.535,64.33,61.72,62.11,58.97,60.63,58.09,58.27,62.57,60.78,69.95,59.83,-0.12900000000000134,1.0159999999999982,-3.0,47.5
2025_12_PIT_CHI,2025,12,REG,PIT,CHI,21.481,22.182,28.0,31.0,0.7,3.0,43.663,59.0,59.54,58.93,62.76,60.13,64.19,59.82,61.15,59.26,62.86,59.36,62.74,68.7,61.9,66.44,59.76,67.16,-8.818000000000001,-6.518999999999998,3.0,46.5
2025_12_SEA_TEN,2025,12,REG,SEA,TEN,21.619,21.902,30.0,24.0,0.283,-6.0,43.521,54.0,51.28,60.36,63.39,58.25,57.27,62.22,55.43,60.36,60.75,59.88,59.02,64.37,63.25,63.28,54.42,59.59,-2.097999999999999,-8.381,-12.5,41.5
2025_12_TB_LA,2025,12,REG,TB,LA,21.873,22.684,7.0,34.0,0.811,27.0,44.557,41.0,62.56,61.87,63.68,59.48,59.915,61.055,62.02,60.93,61.91,60.46,61.38,60.82,60.75,63.39,45.52,64.8,-11.315999999999999,14.873000000000001,7.0,49.5
2025_13_ARI_TB,2025,13,REG,ARI,TB,20.851,23.35,17.0,20.0,2.499,3.0,44.201,37.0,62.01,57.71,59.95,63.14,61.075,61.81,61.17,59.81,60.33,60.29,62.91,60.64,63.36,62.1,64.47,51.42,3.3500000000000014,3.850999999999999,4.5,44.5
2025_13_ATL_NYJ,2025,13,REG,ATL,NYJ,22.135,23.709,24.0,27.0,1.575,3.0,45.844,51.0,56.79,55.71,60.83,62.96,59.26,58.995,58.24,58.01,60.68,62.67,57.71,58.28,57.54,60.02,70.34,59.14,-3.2910000000000004,-1.8649999999999984,-3.0,38.5
2025_13_BUF_PIT,2025,13,REG,BUF,PIT,21.121,23.393,26.0,7.0,2.271,-19.0,44.514,33.0,59.49,66.37,60.46,64.89,59.995,61.44,59.58,64.16,60.14,64.52,67.6,61.99,65.64,58.47,66.7,55.38,16.393,-4.879000000000001,-3.0,44.5
2025_13_CHI_PHI,2025,13,REG,CHI,PHI,22.232,23.357,24.0,15.0,1.125,-9.0,45.59,39.0,63.75,60.55,58.23,62.83,64.5,64.28,62.52,61.63,60.7,62.82,58.4,61.29,60.55,60.04,58.22,59.34,8.357,-1.7680000000000007,7.0,43.5
2025_13_CIN_BAL,2025,13,REG,CIN,BAL,21.347,24.319,32.0,14.0,2.972,-18.0,45.667,46.0,65.14,57.47,59.71,63.09,63.76,57.745,63.09,59.29,62.75,60.13,60.96,58.58,61.23,55.68,61.6,56.37,10.318999999999999,-10.652999999999999,7.0,52.5
2025_13_DEN_WAS,2025,13,REG,DEN,WAS,22.042,21.808,27.0,26.0,-0.234,-1.0,43.851,53.0,61.3,61.79,60.94,60.46,59.865,62.96,60.78,62.06,59.13,60.34,59.09,66.39,60.44,63.98,47.77,59.74,-4.192,-4.957999999999998,-6.5,43.5
2025_13_GB_DET,2025,13,REG,GB,DET,21.425,23.892,31.0,24.0,2.468,-7.0,45.317,55.0,64.74,63.22,65.51,60.74,66.21,64.375,64.86,62.02,67.31,62.55,63.05,62.33,61.03,61.14,57.79,51.68,-0.10800000000000054,-9.575,2.5,48.5
2025_13_HOU_IND,2025,13,REG,HOU,IND,21.542,22.765,20.0,16.0,1.223,-4.0,44.307,36.0,58.84,54.4,61.48,61.13,64.465,61.175,60.76,58.04,63.27,59.96,60.2,65.14,62.11,61.6,56.16,64.5,6.765000000000001,1.5420000000000016,3.0,44.5
2025_13_JAX_TEN,2025,13,REG,JAX,TEN,21.321,22.066,25.0,3.0,0.745,-22.0,43.386,28.0,51.09,59.59,59.69,60.85,57.695,54.66,54.75,58.42,59.23,58.7,60.59,61.98,62.66,60.86,52.34,62.42,19.066,-3.6789999999999985,-6.0,42.5
2025_13_KC_DAL,2025,13,REG,KC,DAL,22.027,23.379,28.0,31.0,1.352,3.0,45.406,59.0,63.59,65.64,61.74,61.62,60.66,62.255,62.34,62.95,59.84,62.19,58.42,63.93,62.71,60.6,68.81,56.09,-7.620999999999999,-5.972999999999999,-3.5,53.5
2025_13_LA_CAR,2025,13,REG,LA,CAR,21.705,22.325,28.0,31.0,0.62,3.0,44.03,59.0,57.14,63.4,58.74,63.75,58.785,60.42,58.01,62.49,60.17,62.1,59.73,61.58,57.07,60.6,47.01,42.17,-8.675,-6.295000000000002,-10.0,44.5
2025_13_LV_LAC,2025,13,REG,LV,LAC,20.627,24.094,14.0,31.0,3.467,17.0,44.721,45.0,62.91,58.97,61.1,59.01,63.1,60.155,62.14,58.8,61.94,59.05,64.04,58.33,62.0,59.77,67.06,51.17,-6.905999999999999,6.626999999999999,10.0,40.5
2025_13_MIN_SEA,2025,13,REG,MIN,SEA,21.193,22.685,0.0,26.0,1.492,26.0,43.878,26.0,61.19,54.94,56.23,61.21,62.085,60.12,60.3,57.94,58.95,60.92,64.1,62.64,63.1,62.76,59.19,66.27,-3.3150000000000013,21.193,12.5,42.5
2025_13_NO_MIA,2025,13,REG,NO,MIA,20.379,22.872,17.0,21.0,2.493,4.0,43.251,38.0,62.32,62.02,58.79,60.08,56.815,60.38,60.24,60.56,60.09,58.16,62.27,62.37,63.74,61.12,58.05,40.73,1.8719999999999999,3.3790000000000013,5.5,41.5
2025_13_NYG_NE,2025,13,REG,NYG,NE,21.57,23.719,15.0,33.0,2.149,18.0,45.289,48.0,63.37,56.71,63.49,65.05,64.065,61.265,63.38,59.51,63.48,62.57,60.93,60.63,60.3,62.06,61.86,54.91,-9.280999999999999,6.57,7.0,46.5
2025_13_SF_CLE,2025,13,REG,SF,CLE,21.549,23.161,26.0,8.0,1.611,-18.0,44.71,34.0,51.49,63.49,65.0,61.27,57.695,66.825,55.95,63.38,62.11,63.5,65.57,58.52,63.14,57.55,55.86,60.02,15.161000000000001,-4.4510000000000005,-5.5,35.5
2025_14_CHI_GB,2025,14,REG,CHI,GB,21.504,23.292,21.0,28.0,1.788,7.0,44.796,49.0,63.33,60.44,61.06,59.64,64.55,62.74,62.16,60.57,62.76,61.02,62.47,61.61,61.09,60.02,54.43,58.94,-4.707999999999998,0.5040000000000013,6.5,44.5
2025_14_CIN_BUF,2025,14,REG,CIN,BUF,21.753,24.084,34.0,39.0,2.33,5.0,45.837,73.0,66.09,57.63,65.08,63.92,61.8,58.3,64.19,59.7,64.57,60.64,60.18,60.24,58.6,56.7,55.66,57.48,-14.916,-12.247,6.0,54.5
2025_14_DAL_DET,2025,14,REG,DAL,DET,21.821,23.807,30.0,44.0,1.987,14.0,45.628,74.0,64.81,63.76,60.26,61.97,66.82,60.885,64.09,62.52,64.78,59.95,64.28,58.55,60.93,63.55,57.15,68.21,-20.193,-8.178999999999998,3.5,55.5
2025_14_DEN_LV,2025,14,REG,DEN,LV,21.992,22.038,24.0,17.0,0.046,-7.0,44.03,41.0,57.15,62.19,58.02,60.78,63.025,61.15,58.97,61.15,58.33,60.75,59.29,63.26,59.75,63.91,51.45,59.3,5.038,-2.007999999999999,-8.5,40.5
2025_14_HOU_KC,2025,14,REG,HOU,KC,21.235,23.417,20.0,10.0,2.182,-10.0,44.652,30.0,65.74,54.72,61.81,61.59,62.68,61.565,63.18,58.44,62.37,59.99,64.45,62.41,60.77,59.93,57.55,64.29,13.417000000000002,1.2349999999999994,4.5,41.5
2025_14_IND_JAX,2025,14,REG,IND,JAX,22.05,22.629,19.0,36.0,0.579,17.0,44.678,55.0,60.02,58.93,58.59,61.56,55.325,64.795,58.48,60.91,57.62,63.33,61.55,63.04,59.71,60.31,61.45,62.32,-13.370999999999999,3.0500000000000007,-2.5,44.5
2025_14_LA_ARI,2025,14,REG,LA,ARI,20.971,22.845,45.0,17.0,1.874,-28.0,43.816,62.0,58.08,63.09,63.38,63.83,60.63,60.655,59.37,62.54,61.77,62.15,61.28,61.15,64.51,58.85,49.01,41.7,5.844999999999999,-24.029,-9.5,49.5
2025_14_MIA_NYJ,2025,14,REG,MIA,NYJ,22.082,22.853,34.0,10.0,0.771,-24.0,44.935,44.0,55.36,62.11,61.06,58.15,58.78,56.715,57.33,60.0,60.78,59.85,57.71,62.39,57.5,63.85,69.09,57.88,12.853000000000002,-11.918,-2.5,41.5
2025_14_NO_TB,2025,14,REG,NO,TB,20.157,23.236,24.0,20.0,3.079,-4.0,43.392,44.0,62.02,55.58,60.31,60.47,61.065,59.29,61.21,57.21,60.61,58.7,62.68,62.56,62.43,61.17,64.22,41.5,3.2360000000000007,-3.843,7.5,41.5
2025_14_PHI_LAC,2025,14,REG,PHI,LAC,21.255,24.069,19.0,22.0,2.814,3.0,45.324,41.0,63.03,63.55,60.23,58.42,63.97,64.695,62.22,62.54,61.8,60.76,64.33,58.18,62.51,60.3,67.09,55.61,2.068999999999999,2.254999999999999,-1.5,41.5
2025_14_PIT_BAL,2025,14,REG,PIT,BAL,21.42,22.652,27.0,22.0,1.232,-5.0,44.073,49.0,64.64,59.36,59.85,60.47,63.655,60.045,62.83,59.5,62.97,60.07,63.27,67.68,62.16,65.66,62.8,65.55,0.652000000000001,-5.579999999999998,5.5,43.5
2025_14_SEA_ATL,2025,14,REG,SEA,ATL,21.883,22.428,37.0,9.0,0.545,-28.0,44.311,46.0,55.88,60.88,63.16,56.79,59.53,62.32,58.27,60.3,63.09,59.27,58.35,64.32,59.94,63.15,55.36,59.5,13.428,-15.117,-7.0,44.5
2025_14_TEN_CLE,2025,14,REG,TEN,CLE,20.034,22.55,31.0,29.0,2.515,-2.0,42.584,60.0,51.4,51.09,65.38,59.83,58.185,57.36,56.06,54.61,62.42,59.19,65.41,60.88,62.91,62.64,55.49,52.33,-6.449999999999999,-10.966000000000001,4.5,33.5
2025_14_WAS_MIN,2025,14,REG,WAS,MIN,20.672,23.312,0.0,31.0,2.64,31.0,43.984,31.0,55.2,57.15,61.32,61.69,60.275,59.775,58.05,58.92,60.83,59.6,62.53,59.63,62.61,60.39,64.85,48.16,-7.687999999999999,20.672,-1.5,43.5
2025_15_ARI_HOU,2025,15,REG,ARI,HOU,20.923,23.733,20.0,40.0,2.81,20.0,44.656,60.0,54.36,57.93,61.84,60.56,61.46,60.535,58.32,58.74,60.25,59.6,62.43,57.6,59.95,57.46,64.93,49.62,-16.267,0.9229999999999983,10.5,42.5
2025_15_ATL_TB,2025,15,REG,ATL,TB,21.038,23.596,29.0,28.0,2.557,-1.0,44.634,57.0,61.87,55.7,60.55,63.29,60.57,59.13,61.02,58.03,60.81,63.05,62.63,60.54,63.12,59.89,65.65,54.35,-4.404,-7.962,6.0,43.5
2025_15_BAL_CIN,2025,15,REG,BAL,CIN,22.512,22.717,24.0,0.0,0.204,-24.0,45.229,24.0,57.5,64.77,64.1,60.3,58.15,63.38,59.62,62.93,60.64,63.03,60.41,62.96,56.92,61.95,57.86,60.93,22.717,-1.4879999999999995,-2.5,51.5
2025_15_BUF_NE,2025,15,REG,BUF,NE,22.526,23.6,35.0,31.0,1.074,-4.0,46.126,66.0,63.85,66.89,61.51,65.21,64.24,62.07,63.21,64.61,62.8,64.67,61.14,63.02,59.91,58.37,59.88,61.34,-7.399999999999999,-12.474,-2.5,49.5
2025_15_CAR_NO,2025,15,REG,CAR,NO,20.755,22.12,17.0,20.0,1.364,3.0,42.875,37.0,55.34,57.79,60.75,58.83,59.23,59.005,57.16,58.49,59.04,60.0,62.59,61.05,61.13,58.33,40.55,47.97,2.120000000000001,3.754999999999999,-2.5,41.5
2025_15_CLE_CHI,2025,15,REG,CLE,CHI,21.731,22.618,3.0,31.0,0.887,28.0,44.348,34.0,60.25,56.15,60.07,67.01,63.0,58.7,60.69,58.67,61.32,63.33,60.53,65.35,59.33,63.12,59.76,56.81,-8.382000000000001,18.731,7.5,38.5
2025_15_DET_LA,2025,15,REG,DET,LA,22.376,22.276,34.0,41.0,-0.1,7.0,44.652,75.0,63.33,65.25,64.06,60.38,60.81,66.69,62.74,64.29,62.45,64.84,61.35,64.99,59.31,62.15,40.96,57.53,-18.724,-11.623999999999999,5.5,54.5
2025_15_GB_DEN,2025,15,REG,GB,DEN,21.529,23.308,26.0,34.0,1.78,8.0,44.837,60.0,62.26,63.73,61.09,61.13,64.765,66.68,63.09,63.44,60.91,62.87,62.15,62.56,63.51,61.07,60.38,52.31,-10.692,-4.471,-1.5,42.5
2025_15_IND_SEA,2025,15,REG,IND,SEA,21.16,22.781,16.0,18.0,1.62,2.0,43.941,34.0,61.2,50.0,56.94,61.76,62.36,63.97,60.53,56.75,59.27,62.95,63.8,63.26,62.42,62.19,60.91,62.66,4.780999999999999,5.16,13.5,41.5
2025_15_LAC_KC,2025,15,REG,LAC,KC,22.215,22.668,16.0,13.0,0.453,-3.0,44.883,29.0,65.49,62.8,58.21,61.34,62.56,62.91,62.39,62.09,60.6,60.79,60.77,64.62,60.86,62.54,54.94,68.32,9.668,6.215,5.5,41.5
2025_15_LV_PHI,2025,15,REG,LV,PHI,21.515,23.604,0.0,31.0,2.089,31.0,45.119,31.0,63.15,57.34,58.75,58.15,64.56,62.995,62.35,59.06,61.05,58.55,58.43,58.56,60.66,59.76,56.52,56.48,-7.396000000000001,21.515,12.5,37.5
2025_15_MIA_PIT,2025,15,REG,MIA,PIT,20.212,22.92,15.0,28.0,2.708,13.0,43.132,43.0,59.66,62.2,60.49,58.38,60.055,56.545,59.55,60.03,60.33,60.09,67.93,62.47,65.71,64.48,67.21,52.79,-5.079999999999998,5.212,3.0,42.5
2025_15_MIN_DAL,2025,15,REG,MIN,DAL,21.931,23.442,34.0,26.0,1.511,-8.0,45.374,60.0,63.66,54.96,62.17,61.78,60.895,60.345,62.54,58.08,60.0,61.21,58.28,62.79,62.54,63.08,71.28,67.57,-2.558,-12.068999999999999,5.5,47.5
2025_15_NYJ_JAX,2025,15,REG,NYJ,JAX,21.728,23.711,20.0,48.0,1.983,28.0,45.439,68.0,60.34,56.77,58.81,61.13,60.515,57.345,59.74,57.46,59.68,60.57,61.76,58.07,60.0,57.85,63.71,69.6,-24.289,1.7280000000000015,13.5,40.5
2025_15_TEN_SF,2025,15,REG,TEN,SF,21.614,23.924,24.0,37.0,2.31,13.0,45.539,61.0,63.92,51.12,61.52,64.2,67.155,55.945,63.7,55.17,63.72,60.89,57.7,58.51,55.44,62.0,60.06,52.91,-13.076,-2.3859999999999992,12.5,44.5
2025_15_WAS_NYG,2025,15,REG,WAS,NYG,20.928,23.056,29.0,21.0,2.128,-8.0,43.984,50.0,56.82,56.83,65.2,61.73,59.79,60.1,59.0,58.97,62.41,59.59,60.61,60.05,62.08,60.64,54.55,48.44,2.056000000000001,-8.072,2.5,46.5
2025_16_ATL_ARI,2025,16,REG,ATL,ARI,21.65,22.543,26.0,19.0,0.893,-7.0,44.192,45.0,57.9,55.7,60.87,63.5,60.625,59.825,58.77,58.26,60.06,63.3,59.97,60.38,59.61,61.58,49.39,54.98,3.5429999999999993,-4.350000000000001,-2.5,48.5
2025_16_BUF_CLE,2025,16,REG,BUF,CLE,21.901,22.736,23.0,20.0,0.836,-3.0,44.637,43.0,54.15,67.03,63.65,65.44,57.465,62.465,56.82,64.81,60.95,64.94,65.31,63.11,63.03,58.37,58.7,61.46,2.7360000000000007,-1.0990000000000002,-10.5,41.5
2025_16_CIN_MIA,2025,16,REG,CIN,MIA,20.941,23.597,45.0,21.0,2.656,-24.0,44.538,66.0,62.37,57.57,58.46,64.47,57.085,57.92,60.21,59.65,60.37,60.76,64.09,59.11,64.17,56.13,57.79,57.8,2.5970000000000013,-24.059,-3.5,48.5
2025_16_GB_CHI,2025,16,REG,GB,CHI,21.893,23.046,16.0,22.0,1.154,6.0,44.939,38.0,60.33,63.43,60.54,57.93,62.805,66.685,60.74,62.7,61.51,61.39,60.93,62.6,59.99,61.06,58.91,56.3,1.0459999999999994,5.893000000000001,1.5,45.5
2025_16_JAX_DEN,2025,16,REG,JAX,DEN,21.395,23.771,34.0,20.0,2.376,-14.0,45.166,54.0,62.87,61.07,64.75,59.04,64.775,60.59,64.08,60.13,61.96,59.86,62.42,61.32,63.62,58.97,60.17,64.21,3.771000000000001,-12.605,3.5,46.5
2025_16_KC_TEN,2025,16,REG,KC,TEN,21.853,22.338,9.0,26.0,0.485,17.0,44.191,35.0,51.12,65.38,64.28,58.47,56.475,62.415,55.25,62.32,61.3,60.6,58.49,61.38,62.08,60.87,52.39,55.37,-3.661999999999999,12.853000000000002,-3.5,37.5
2025_16_LAC_DAL,2025,16,REG,LAC,DAL,22.33,23.148,34.0,17.0,0.818,-17.0,45.479,51.0,63.51,62.85,62.37,61.6,60.765,62.905,62.47,62.02,60.08,61.04,58.28,64.87,62.95,62.62,68.52,68.36,6.148,-11.670000000000002,1.5,50.5
2025_16_LA_SEA,2025,16,REG,LA,SEA,20.544,23.236,37.0,38.0,2.692,1.0,43.78,75.0,61.14,62.97,57.07,60.39,62.06,60.245,60.45,61.48,59.09,60.87,64.53,61.22,62.59,59.29,62.03,41.06,-14.764,-16.456,1.5,42.5
2025_16_LV_HOU,2025,16,REG,LV,HOU,20.93,23.495,21.0,23.0,2.565,2.0,44.426,44.0,54.24,57.38,62.14,58.22,61.59,61.215,58.35,58.34,60.57,58.3,62.68,58.52,61.42,59.64,64.82,56.73,0.495000000000001,-0.07000000000000028,14.5,39.5
2025_16_MIN_NYG,2025,16,REG,MIN,NYG,21.509,22.614,16.0,13.0,1.105,-3.0,44.123,29.0,61.06,54.9,65.43,62.05,60.7,60.535,61.31,58.14,62.79,61.38,62.41,62.91,63.12,63.43,49.49,68.41,9.614,5.509,-2.5,41.5
2025_16_NE_BAL,2025,16,REG,NE,BAL,21.97,23.695,28.0,24.0,1.725,-4.0,45.664,52.0,64.89,63.29,60.21,63.8,63.47,64.095,63.04,63.37,63.04,64.53,63.1,61.22,62.13,60.23,61.06,60.25,-0.3049999999999997,-6.030000000000001,3.5,48.5
2025_16_NYJ_NO,2025,16,REG,NYJ,NO,21.548,22.377,6.0,29.0,0.829,23.0,43.924,35.0,57.21,56.67,60.43,61.0,59.42,57.345,58.01,57.4,59.14,60.35,62.63,59.34,61.18,58.62,40.66,70.16,-6.623000000000001,15.547999999999998,6.5,39.5
2025_16_PHI_WAS,2025,16,REG,PHI,WAS,21.949,22.753,29.0,18.0,0.804,-11.0,44.702,47.0,57.22,63.48,61.91,59.02,60.11,64.815,59.2,62.61,59.63,61.24,60.16,58.53,60.47,60.64,47.74,57.13,4.753,-7.050999999999998,-7.0,43.5
2025_16_PIT_DET,2025,16,REG,PIT,DET,21.337,22.708,29.0,24.0,1.371,-5.0,44.045,53.0,65.23,59.86,60.53,60.78,66.425,59.675,64.19,59.68,64.71,60.29,65.06,68.44,62.14,64.12,56.42,67.21,-1.2920000000000016,-7.663,7.5,52.5
2025_16_SF_IND,2025,16,REG,SF,IND,22.44,24.162,48.0,27.0,1.722,-21.0,46.601,75.0,50.68,65.11,61.87,61.89,63.29,67.575,56.93,64.46,62.62,63.92,59.53,55.31,62.02,53.98,62.23,60.79,-2.838000000000001,-25.56,-4.5,46.5
2025_16_TB_CAR,2025,16,REG,TB,CAR,22.108,22.093,20.0,23.0,-0.015,3.0,44.202,43.0,58.14,62.04,58.93,60.98,59.07,59.86,58.75,60.83,59.91,61.09,61.3,63.51,59.08,62.91,49.17,66.39,-0.907,2.1080000000000005,-3.0,44.5
2025_17_ARI_CIN,2025,17,REG,ARI,CIN,21.373,24.141,14.0,37.0,2.768,23.0,45.514,51.0,63.52,59.83,64.59,61.05,58.88,60.875,62.61,59.81,61.31,60.24,60.98,55.66,57.21,57.8,57.5,47.9,-12.859000000000002,7.373000000000001,7.0,52.5
2025_17_BAL_GB,2025,17,REG,BAL,GB,21.78,23.015,41.0,24.0,1.235,-17.0,44.794,65.0,63.4,64.96,58.43,60.23,66.965,63.405,62.88,63.04,61.59,63.15,62.56,63.25,62.23,62.15,56.14,57.75,-0.9849999999999994,-19.22,2.5,38.5
2025_17_CHI_SF,2025,17,REG,CHI,SF,22.819,23.931,38.0,42.0,1.112,4.0,46.75,80.0,65.86,60.71,62.16,60.88,68.225,62.955,65.02,61.05,64.4,61.73,55.59,61.45,54.75,60.4,60.15,59.28,-18.069,-15.181000000000001,3.5,51.5
2025_17_DAL_WAS,2025,17,REG,DAL,WAS,22.32,22.811,30.0,23.0,0.491,-7.0,45.131,53.0,60.51,63.74,61.94,62.49,59.425,60.99,60.33,62.69,59.68,60.23,60.21,58.11,60.6,61.54,46.75,68.48,-0.18900000000000006,-7.68,-8.5,50.5
2025_17_DEN_KC,2025,17,REG,DEN,KC,21.98,22.831,20.0,13.0,0.851,-7.0,44.81,33.0,65.23,62.78,62.12,61.15,62.37,64.21,62.98,63.14,61.52,60.79,60.42,63.03,61.01,63.92,54.18,59.06,9.831,1.9800000000000004,-13.5,37.5
2025_17_DET_MIN,2025,17,REG,DET,MIN,21.781,22.899,10.0,23.0,1.119,13.0,44.68,33.0,54.9,65.63,62.22,60.71,60.69,66.59,58.24,64.45,61.63,64.86,63.19,64.56,63.67,62.23,68.86,55.23,-0.10099999999999909,11.780999999999999,-7.0,45.5
2025_17_HOU_LAC,2025,17,REG,HOU,LAC,21.502,23.603,20.0,16.0,2.101,-4.0,45.105,36.0,63.2,62.11,62.7,62.33,63.72,61.705,62.7,61.94,61.72,60.78,64.95,62.81,62.83,61.48,68.66,65.53,7.6030000000000015,1.501999999999999,1.5,40.5
2025_17_JAX_IND,2025,17,REG,JAX,IND,21.695,22.898,23.0,17.0,1.203,-6.0,44.592,40.0,53.88,61.27,61.63,58.36,62.725,60.68,58.26,60.12,62.31,59.55,59.65,61.26,63.19,59.86,54.39,64.27,5.898,-1.3049999999999997,-3.5,48.5
2025_17_LA_ATL,2025,17,REG,LA,ATL,21.862,22.856,24.0,27.0,0.994,3.0,44.717,51.0,56.01,64.12,63.16,60.4,60.06,60.21,58.38,61.97,63.34,60.9,60.47,61.03,61.67,61.36,53.32,60.33,-4.143999999999998,-2.1380000000000017,-7.5,48.5
2025_17_NE_NYJ,2025,17,REG,NE,NYJ,22.32,22.881,42.0,10.0,0.561,-32.0,45.201,52.0,47.12,63.6,61.18,61.53,57.48,64.18,53.17,63.07,60.56,60.48,59.16,61.13,58.71,60.12,70.73,60.7,12.881,-19.68,-12.5,42.5
2025_17_NO_TEN,2025,17,REG,NO,TEN,21.078,22.15,34.0,26.0,1.072,-8.0,43.229,60.0,51.59,57.77,64.63,60.78,56.77,59.905,55.74,58.53,61.47,59.42,60.6,63.1,62.34,61.53,51.83,54.13,-3.8500000000000014,-12.922,-1.5,39.5
2025_17_NYG_LV,2025,17,REG,NYG,LV,22.022,22.543,34.0,10.0,0.52,-24.0,44.565,44.0,57.54,59.37,58.59,63.86,62.27,60.875,58.93,60.35,58.77,62.13,58.46,61.19,59.73,62.72,55.68,57.34,12.543,-11.978000000000002,-3.0,40.5
2025_17_PHI_BUF,2025,17,REG,PHI,BUF,21.612,24.253,13.0,12.0,2.641,-1.0,45.866,25.0,66.83,63.7,65.45,59.3,62.4,65.08,64.7,62.83,65.13,61.64,63.24,58.75,59.18,60.7,61.18,52.98,12.253,8.611999999999998,3.0,45.5
2025_17_PIT_CLE,2025,17,REG,PIT,CLE,21.313,21.479,6.0,13.0,0.166,7.0,42.792,19.0,53.19,60.2,61.87,61.03,58.06,60.635,56.25,60.36,60.28,60.63,65.23,68.73,63.05,66.14,59.37,66.36,8.479,15.312999999999999,-4.5,35.5
2025_17_SEA_CAR,2025,17,REG,SEA,CAR,21.949,21.987,27.0,10.0,0.038,-17.0,43.936,37.0,58.47,61.15,58.74,56.6,59.36,62.345,58.95,60.4,59.93,59.0,60.06,64.96,57.81,62.82,49.58,61.84,11.986999999999998,-5.050999999999998,-6.5,42.5
2025_17_TB_MIA,2025,17,REG,TB,MIA,21.499,22.581,17.0,20.0,1.082,3.0,44.08,37.0,62.42,61.87,58.6,61.25,57.25,60.115,60.31,60.9,60.53,61.49,63.9,63.44,64.32,63.7,57.43,66.91,2.5809999999999995,4.498999999999999,-5.5,44.5
2025_18_ARI_LA,2025,18,REG,ARI,LA,20.378,23.878,20.0,37.0,3.5,17.0,44.257,57.0,63.77,59.9,60.62,57.33,59.58,60.175,61.54,58.75,61.14,58.63,61.6,57.63,61.61,58.99,61.44,38.78,-13.122,0.3780000000000001,14.5,49.5
2025_18_BAL_PIT,2025,18,REG,BAL,PIT,20.361,22.88,24.0,26.0,2.519,2.0,43.241,50.0,59.98,54.58,59.57,60.61,61.56,62.225,60.08,58.21,60.37,63.1,68.77,63.86,66.28,62.67,64.96,58.85,-3.120000000000001,-3.6389999999999993,-4.5,41.5
2025_18_CAR_TB,2025,18,REG,CAR,TB,20.811,23.75,14.0,16.0,2.94,2.0,44.561,30.0,62.04,58.09,61.53,59.01,60.935,59.17,61.4,58.77,61.49,60.0,61.58,60.93,62.89,58.36,65.37,49.32,7.75,6.811,3.0,43.5
2025_18_CLE_CIN,2025,18,REG,CLE,CIN,21.677,22.826,20.0,18.0,1.149,-2.0,44.503,38.0,64.35,54.05,64.84,59.57,59.105,58.38,63.1,56.21,61.53,59.21,60.34,65.45,55.17,62.59,57.54,61.31,4.8260000000000005,1.6769999999999996,9.5,47.5
2025_18_DAL_NYG,2025,18,REG,DAL,NYG,21.805,23.645,17.0,34.0,1.841,17.0,45.45,51.0,59.99,63.85,63.93,62.67,61.095,61.13,60.71,62.83,62.26,60.28,62.93,56.82,63.68,62.86,60.86,68.05,-10.355,4.805,-3.0,50.5
2025_18_DET_CHI,2025,18,REG,DET,CHI,22.483,23.103,19.0,16.0,0.62,-3.0,45.586,35.0,61.19,65.07,61.32,63.1,65.325,67.365,61.82,65.03,62.99,65.76,60.08,63.38,60.35,62.4,59.27,55.18,7.1030000000000015,3.4830000000000005,3.5,51.5
2025_18_GB_MIN,2025,18,REG,GB,MIN,21.353,23.362,3.0,16.0,2.009,13.0,44.716,19.0,54.96,63.34,62.36,58.62,60.725,67.45,58.3,63.1,61.6,61.72,63.87,62.51,63.94,59.69,70.19,56.29,7.361999999999998,18.353,12.5,37.5
2025_18_IND_HOU,2025,18,REG,IND,HOU,21.16,23.514,30.0,38.0,2.354,8.0,44.674,68.0,62.03,53.91,62.5,56.54,61.95,63.1,62.07,57.3,60.85,60.22,62.93,59.81,61.55,63.37,65.47,62.46,-14.486,-8.84,9.5,37.5
2025_18_KC_LV,2025,18,REG,KC,LV,22.178,22.727,12.0,14.0,0.549,2.0,44.905,26.0,57.59,65.29,59.87,60.38,62.395,62.245,59.23,62.61,59.26,61.61,58.51,60.64,58.71,61.9,55.59,54.52,8.727,10.178,-3.5,36.5
2025_18_LAC_DEN,2025,18,REG,LAC,DEN,21.848,23.141,3.0,19.0,1.293,16.0,44.99,22.0,62.82,63.2,64.9,62.79,64.46,63.71,63.94,62.78,62.9,61.69,62.92,64.73,63.75,62.95,59.44,66.72,4.140999999999998,18.848,14.5,37.5
2025_18_MIA_NE,2025,18,REG,MIA,NE,21.614,22.791,10.0,38.0,1.177,28.0,44.406,48.0,64.37,62.63,61.72,58.7,64.665,57.55,63.62,60.47,60.88,60.71,61.11,64.17,60.19,64.5,56.81,57.3,-15.209,11.614,14.0,44.5
2025_18_NO_ATL,2025,18,REG,NO,ATL,21.149,22.565,17.0,19.0,1.416,2.0,43.715,36.0,56.01,59.82,62.61,60.97,60.23,60.295,58.35,59.57,63.41,59.54,60.78,63.44,62.76,61.57,52.69,54.23,3.5650000000000013,4.149000000000001,4.5,43.5
2025_18_NYJ_BUF,2025,18,REG,NYJ,BUF,21.214,24.359,8.0,35.0,3.145,27.0,45.572,43.0,66.68,47.94,65.69,61.34,62.53,57.53,64.76,53.55,65.21,60.86,63.9,59.26,59.27,58.66,60.98,70.6,-10.640999999999998,13.213999999999999,12.5,39.5
2025_18_SEA_SF,2025,18,REG,SEA,SF,22.678,23.534,13.0,3.0,0.856,-10.0,46.212,16.0,66.41,60.89,62.41,56.75,68.415,62.925,65.4,60.44,64.72,59.66,55.67,64.42,55.0,62.45,60.26,61.94,20.534,9.678,-2.5,47.5
2025_18_TEN_JAX,2025,18,REG,TEN,JAX,21.345,23.508,7.0,41.0,2.163,34.0,44.853,48.0,61.36,56.3,58.59,64.98,60.93,57.025,60.23,58.05,59.86,61.61,61.36,58.83,58.72,61.26,65.45,53.05,-17.492,14.344999999999999,12.5,46.5
2025_18_WAS_PHI,2025,18,REG,WAS,PHI,21.399,23.331,24.0,17.0,1.932,-7.0,44.73,41.0,63.63,60.61,59.44,61.9,64.885,59.58,62.78,60.42,61.61,59.68,58.61,60.0,60.81,60.81,53.26,48.63,6.3309999999999995,-2.600999999999999,3.0,38.5
