game_id,season,week,game_type,home_team,away_team,actual_home_score,actual_away_score,actual_margin,actual_total,market_spread,market_total,market_residual,home_field_indicator,qb_quality_diff,qb_vs_pass_rush_matchup,qb_vs_coverage_matchup,ol_pass_vs_pass_rush_matchup,ol_run_vs_front_matchup,receiving_vs_secondary_matchup,rushing_vs_front_matchup,ol_weakest_diff,ol_strongest_diff,ol_continuity_diff,ol_replacement_starters_diff,wr1_diff,wr2_diff,te1_diff,receiver_replacements_diff,pass_rusher1_diff,pass_rusher2_diff,weakest_coverage_diff,secondary_average_diff,front_seven_average_diff,rest_diff
2021_01_ARI_TEN,2021,1,REG,TEN,ARI,13.0,38.0,-25.0,51.0,2.5,54.0,-27.5,1.0,4.689999999999998,5.494999999999997,4.565000000000005,-3.4510000000000005,-2.733142857142859,1.7850000000000108,5.5728571428571385,-6.829999999999998,-0.18999999999999773,0.0,0,4.850000000000001,8.999999999999993,-8.339999999999996,0,-3.5900000000000034,5.199999999999996,2.230000000000004,-0.1249999999999929,1.5228571428571414,0.0
2021_01_BAL_LV,2021,1,REG,LV,BAL,33.0,27.0,6.0,60.0,-3.0,50.5,9.0,1.0,-1.7999999999999972,-4.069999999999993,-8.337499999999999,-0.8719999999999999,3.6694285714285684,-5.100000000000001,14.701428571428572,8.619999999999997,-4.650000000000006,0.0,0,0.10000000000000142,-0.259999999999998,6.200000000000003,0,-3.8699999999999974,-0.6700000000000017,-6.390000000000001,-6.537500000000001,2.2714285714285722,0.0
2021_01_CHI_LA,2021,1,REG,LA,CHI,34.0,14.0,20.0,48.0,9.5,46.0,10.5,1.0,4.910000000000004,0.025000000000005684,5.9925,-5.073,-2.415142857142861,5.137500000000003,-2.517142857142858,4.140000000000001,0.9000000000000057,0.0,0,3.0600000000000023,1.0399999999999991,9.419999999999995,0,-5.589999999999996,-4.18,-0.0799999999999983,1.082499999999996,-2.2271428571428586,0.0
2021_01_CLE_KC,2021,1,REG,KC,CLE,33.0,29.0,4.0,62.0,5.5,54.5,-1.5,1.0,10.61,4.384999999999991,12.634999999999998,-7.729000000000006,-2.555428571428571,7.232500000000002,-4.46142857142857,3.520000000000003,-5.170000000000002,0.0,0,4.390000000000001,6.45000000000001,7.540000000000006,0,-2.8000000000000114,-9.649999999999999,7.449999999999996,2.0249999999999986,-1.0514285714285734,0.0
2021_01_DAL_TB,2021,1,REG,TB,DAL,31.0,29.0,2.0,60.0,10.0,52.5,-8.0,1.0,0.7999999999999972,10.719999999999985,0.2674999999999983,15.313999999999986,10.672571428571423,4.155000000000001,4.33857142857142,8.989999999999995,3.989999999999995,0.0,0,4.900000000000006,4.039999999999999,12.29,0,8.179999999999993,11.659999999999997,0.38000000000000256,-0.5324999999999989,5.278571428571425,0.0
2021_01_DEN_NYG,2021,1,REG,NYG,DEN,13.0,27.0,-14.0,40.0,-3.0,41.5,-11.0,1.0,-4.690000000000005,-6.155000000000001,-0.2150000000000034,-1.7070000000000007,2.4294285714285664,9.567499999999995,1.8514285714285705,-2.0,4.810000000000002,0.0,0,6.880000000000003,4.030000000000001,3.8999999999999915,0,-1.759999999999998,-1.1700000000000017,1.5599999999999952,4.475000000000001,2.671428571428571,0.0
2021_01_GB_NO,2021,1,REG,NO,GB,38.0,3.0,35.0,41.0,-4.0,49.0,39.0,1.0,-0.8900000000000006,-4.730000000000004,2.427500000000002,-2.1940000000000026,-1.0654285714285692,3.345000000000006,-0.941428571428574,6.469999999999999,-1.7099999999999937,0.0,-1,2.5800000000000054,0.7100000000000009,4.630000000000003,0,-5.239999999999995,-2.4399999999999977,3.8999999999999986,3.3175000000000026,-2.71142857142857,0.0
2021_01_JAX_HOU,2021,1,REG,HOU,JAX,37.0,21.0,16.0,58.0,-3.5,45.5,19.5,1.0,9.25,9.795000000000002,10.832499999999996,-0.39699999999999847,1.6480000000000032,2.9499999999999957,-3.1699999999999946,-0.8300000000000054,0.7700000000000102,0.0,0,0.28999999999999915,-0.060000000000002274,4.799999999999997,0,2.1999999999999957,-1.1099999999999994,1.480000000000004,1.582499999999996,2.5900000000000034,0.0
2021_01_LAC_WAS,2021,1,REG,WAS,LAC,16.0,20.0,-4.0,36.0,2.5,45.5,-6.5,1.0,-8.390000000000008,-4.7350000000000065,-5.32500000000001,6.591000000000001,8.284571428571432,2.2674999999999983,0.8385714285714272,4.300000000000004,2.3400000000000034,0.0,0,-0.5300000000000011,-1.4100000000000037,-3.219999999999999,0,2.269999999999996,5.039999999999999,5.6299999999999955,3.0649999999999977,5.348571428571432,0.0
2021_01_MIA_NE,2021,1,REG,NE,MIA,16.0,17.0,-1.0,33.0,3.5,43.5,-4.5,1.0,-0.769999999999996,-1.4050000000000011,0.5649999999999977,3.2149999999999963,0.20857142857143174,2.8374999999999986,-8.061428571428564,11.019999999999996,-0.06999999999999318,0.0,-1,-5.169999999999995,1.980000000000004,6.119999999999997,0,-3.8100000000000094,2.539999999999999,-1.5400000000000063,1.3349999999999937,-3.6414285714285697,0.0
2021_01_MIN_CIN,2021,1,REG,CIN,MIN,27.0,24.0,3.0,51.0,-3.0,47.0,6.0,1.0,-3.210000000000001,-1.644999999999996,-4.405000000000001,4.207000000000008,1.5405714285714325,-6.3675,-4.251428571428569,-3.8900000000000006,6.150000000000006,0.0,0,-4.260000000000005,-4.04999999999999,-8.910000000000004,0,5.050000000000004,-1.9200000000000017,-0.39000000000000057,-1.1950000000000003,-1.1014285714285705,0.0
2021_01_NYJ_CAR,2021,1,REG,CAR,NYJ,19.0,14.0,5.0,33.0,3.5,44.5,1.5,1.0,2.789999999999999,2.799999999999997,4.07,0.6039999999999992,-3.320285714285717,-0.9099999999999966,3.7857142857142847,0.8000000000000043,1.480000000000004,0.0,0,-0.9500000000000028,-0.6899999999999977,-3.980000000000004,0,2.3999999999999986,-2.3800000000000026,2.5800000000000054,1.2800000000000011,-3.914285714285718,0.0
2021_01_PHI_ATL,2021,1,REG,ATL,PHI,6.0,32.0,-26.0,38.0,3.5,49.0,-29.5,1.0,7.300000000000004,9.600000000000009,6.127500000000005,-1.9979999999999976,-1.9165714285714301,2.4299999999999997,-3.6685714285714255,-9.64,-1.5,0.0,1,8.850000000000009,0.5,1.1900000000000048,-1,2.6299999999999955,1.970000000000006,-2.4299999999999997,-1.1724999999999994,2.3814285714285717,0.0
2021_01_PIT_BUF,2021,1,REG,BUF,PIT,16.0,23.0,-7.0,39.0,6.5,48.0,-13.5,1.0,0.04999999999999716,-5.570000000000007,1.9774999999999991,0.8799999999999955,1.2571428571428598,2.125,2.4471428571428575,4.530000000000001,-1.5300000000000011,0.0,-2,2.6300000000000026,4.020000000000003,0.240000000000002,0,-10.400000000000006,-0.8400000000000034,-1.759999999999998,1.927500000000002,-5.24285714285714,0.0
2021_01_SEA_IND,2021,1,REG,IND,SEA,16.0,28.0,-12.0,44.0,-3.0,49.0,-9.0,1.0,-5.989999999999995,-6.2849999999999895,-3.902499999999989,1.2950000000000017,4.785714285714285,0.8475000000000037,9.155714285714282,4.460000000000001,-1.230000000000004,0.0,0,-5.229999999999997,-4.3600000000000065,2.780000000000001,0,-0.3499999999999943,-0.240000000000002,-2.979999999999997,2.0875000000000057,3.1957142857142884,0.0
2021_01_SF_DET,2021,1,REG,DET,SF,33.0,41.0,-8.0,74.0,-9.5,46.0,1.5,1.0,1.6000000000000014,8.034999999999997,0.15500000000000114,-0.47700000000000387,-6.929142857142857,-3.2124999999999986,3.7928571428571445,-8.68,-4.759999999999991,0.0,0,3.9100000000000037,-5.18,-7.519999999999996,0,5.559999999999995,7.310000000000002,-0.8399999999999963,-1.4450000000000003,-0.017142857142857792,0.0
2021_02_ATL_TB,2021,2,REG,TB,ATL,48.0,25.0,23.0,73.0,13.5,52.0,9.5,1.0,2.9199999999999946,12.144999999999996,4.714999999999996,13.903000000000006,5.753714285714288,6.737500000000004,4.355714285714285,6.630000000000003,0.9599999999999937,0.19999999999999996,0,2.3299999999999983,7.219999999999999,6.039999999999999,0,6.270000000000003,12.18,0.5999999999999943,1.7950000000000017,1.0757142857142838,3.0
2021_02_BUF_MIA,2021,2,REG,MIA,BUF,0.0,35.0,-35.0,35.0,-3.5,48.0,-31.5,1.0,-6.490000000000002,-5.785000000000004,-9.165,-0.9750000000000014,-2.135714285714286,-2.434999999999995,-2.7557142857142836,-2.239999999999995,4.259999999999998,-0.20000000000000007,0,6.800000000000004,-0.3400000000000034,-2.279999999999994,0,2.3599999999999994,-0.9500000000000028,0.8800000000000026,-2.674999999999997,-0.4557142857142864,0.0
2021_02_CIN_CHI,2021,2,REG,CHI,CIN,20.0,17.0,3.0,37.0,2.0,44.5,1.0,1.0,-1.3800000000000026,-0.8049999999999926,-5.660000000000004,-0.4189999999999898,2.2574285714285693,-5.830000000000005,3.691428571428567,3.3599999999999994,-2.1799999999999997,-0.19999999999999996,0,0.9200000000000017,-0.8100000000000023,-3.210000000000001,0,2.20000000000001,-1.0499999999999972,-5.220000000000006,-4.280000000000001,3.251428571428569,0.0
2021_02_DAL_LAC,2021,2,REG,LAC,DAL,17.0,20.0,-3.0,37.0,3.0,55.0,-6.0,1.0,-2.8500000000000014,-5.470000000000006,-7.6100000000000065,-3.172000000000004,-1.7448571428571427,-5.240000000000002,1.0271428571428558,-1.8200000000000003,0.6499999999999986,0.19999999999999996,0,0.3500000000000014,0.5799999999999983,-1.1000000000000014,0,1.0799999999999983,-6.32,-6.650000000000006,-4.760000000000005,-1.192857142857143,-3.0
2021_02_DEN_JAX,2021,2,REG,JAX,DEN,13.0,23.0,-10.0,36.0,-6.0,45.0,-4.0,1.0,-0.10000000000000142,0.8349999999999937,-0.19250000000000256,3.0989999999999895,0.6340000000000003,1.2175000000000011,-1.5699999999999932,1.5999999999999943,2.700000000000003,-0.19999999999999996,0,5.350000000000001,0.2600000000000051,-2.0,0,-0.38000000000000256,2.25,0.7800000000000011,-0.09250000000000114,-1.529999999999994,0.0
2021_02_DET_GB,2021,2,REG,GB,DET,35.0,17.0,18.0,52.0,11.5,49.5,6.5,1.0,2.1099999999999994,-0.4200000000000017,5.419999999999995,-1.8979999999999961,2.2405714285714353,3.5224999999999937,4.828571428571429,-1.509999999999998,3.7700000000000102,-0.20000000000000007,0,-0.18999999999999773,-0.6900000000000048,-0.10000000000000142,0,-1.1300000000000026,-3.9299999999999997,4.0,3.309999999999995,1.6085714285714303,0.0
2021_02_HOU_CLE,2021,2,REG,CLE,HOU,31.0,21.0,10.0,52.0,13.5,48.5,-3.5,1.0,-8.219999999999999,-1.0349999999999966,-9.264999999999993,8.669000000000004,2.6240000000000023,-1.3549999999999969,7.079999999999998,0.75,3.6700000000000017,0.4,0,-1.490000000000002,-0.03999999999999915,0.5600000000000023,0,8.380000000000003,5.990000000000002,-0.44999999999999574,-1.0449999999999946,1.1400000000000006,0.0
2021_02_KC_BAL,2021,2,REG,BAL,KC,36.0,35.0,1.0,71.0,-3.5,53.5,4.5,1.0,-4.100000000000001,1.0350000000000037,-2.352499999999999,1.8090000000000046,2.1054285714285683,0.3500000000000014,-1.3385714285714272,-8.200000000000003,-0.45999999999999375,-0.19999999999999996,0,-0.8999999999999986,-1.029999999999994,-5.200000000000003,0,0.36999999999999744,9.899999999999999,-1.2800000000000011,1.7475000000000023,5.431428571428569,-1.0
2021_02_LA_IND,2021,2,REG,IND,LA,24.0,27.0,-3.0,51.0,-4.0,48.0,1.0,1.0,-4.5,-8.784999999999997,-1.3275000000000006,-0.40100000000000335,2.6754285714285615,2.757499999999993,0.20142857142856485,5.8700000000000045,4.86999999999999,-0.20000000000000007,0,2.240000000000002,0.5700000000000003,-4.480000000000004,0,-4.259999999999998,-4.310000000000002,1.6599999999999966,3.1724999999999994,-1.2085714285714317,0.0
2021_02_LV_PIT,2021,2,REG,PIT,LV,17.0,26.0,-9.0,43.0,5.5,46.5,-14.5,1.0,-3.0,3.644999999999996,-0.730000000000004,1.2889999999999944,-0.8845714285714337,-0.9000000000000057,-2.018571428571434,-3.0899999999999963,-3.3599999999999994,0.4,1,-4.18,-0.8999999999999986,-5.049999999999997,0,18.049999999999997,-4.759999999999998,1.7899999999999991,2.269999999999996,4.471428571428568,1.0
2021_02_MIN_ARI,2021,2,REG,ARI,MIN,34.0,33.0,1.0,67.0,4.0,51.0,-3.0,1.0,-2.969999999999999,8.97999999999999,-4.897499999999994,18.551999999999985,9.424857142857142,-2.1174999999999926,0.7028571428571482,9.799999999999997,5.200000000000003,0.0,0,-0.3999999999999986,-2.9099999999999966,2.0799999999999983,0,11.929999999999993,11.969999999999999,-5.1299999999999955,-1.9274999999999949,2.8228571428571456,0.0
2021_02_NE_NYJ,2021,2,REG,NYJ,NE,6.0,25.0,-19.0,31.0,-5.5,43.0,-13.5,1.0,3.3599999999999994,2.825000000000003,-0.3999999999999986,0.4590000000000032,4.132571428571424,-2.6625000000000014,4.278571428571425,-0.1700000000000017,0.8699999999999974,0.0,0,1.7100000000000009,2.1299999999999955,-5.3700000000000045,0,-2.999999999999993,1.9299999999999997,-1.2000000000000028,-3.759999999999998,3.1385714285714243,0.0
2021_02_NO_CAR,2021,2,REG,CAR,NO,26.0,7.0,19.0,33.0,-3.0,45.0,22.0,1.0,-12.849999999999994,-3.7199999999999847,-18.074999999999996,9.988000000000007,2.260857142857148,-9.645000000000003,-0.2571428571428527,2.3699999999999974,2.1300000000000026,0.19999999999999996,0,-7.590000000000003,-4.419999999999995,-4.82,0,8.410000000000004,9.850000000000001,-3.729999999999997,-5.225000000000001,1.402857142857151,0.0
2021_02_NYG_WAS,2021,2,REG,WAS,NYG,30.0,29.0,1.0,59.0,4.0,42.0,-3.0,1.0,1.7100000000000009,6.664999999999999,1.6149999999999949,5.331000000000003,1.0131428571428671,-1.3575000000000088,1.277142857142863,2.8200000000000003,-3.269999999999996,0.0,0,-0.6299999999999955,0.17999999999999972,-3.269999999999996,0,5.740000000000002,4.170000000000002,6.039999999999999,-0.09500000000000597,0.6371428571428623,0.0
2021_02_SF_PHI,2021,2,REG,PHI,SF,11.0,17.0,-6.0,28.0,-3.0,49.0,-3.0,1.0,-3.769999999999996,-3.094999999999999,-1.3774999999999906,0.8089999999999975,0.9297142857142902,-3.0749999999999957,1.355714285714292,-1.1700000000000017,0.8900000000000006,-0.19999999999999996,0,-8.530000000000001,-5.909999999999997,-4.509999999999991,0,3.4299999999999997,-2.0799999999999983,3.1000000000000014,2.3925000000000054,0.7957142857142898,0.0
2021_02_TEN_SEA,2021,2,REG,SEA,TEN,30.0,33.0,-3.0,63.0,6.5,53.5,-9.5,1.0,2.240000000000002,-2.865000000000002,3.332499999999996,-7.213000000000008,-5.178000000000004,0.9924999999999926,-3.8900000000000006,-2.1000000000000014,-0.4199999999999946,0.19999999999999996,0,2.280000000000001,-1.009999999999998,2.6099999999999994,0,-5.539999999999999,-4.670000000000002,-1.980000000000004,1.092499999999994,-3.0700000000000003,0.0
2021_03_ARI_JAX,2021,3,REG,JAX,ARI,19.0,31.0,-12.0,50.0,-8.0,51.5,-4.0,1.0,-2.1400000000000006,-11.659999999999997,-2.4424999999999955,-11.79399999999999,-7.432571428571421,-3.3699999999999903,-4.698571428571434,-3.1599999999999966,-1.3499999999999943,0.0,0,-1.5300000000000011,-3.0799999999999983,-7.57,0,-8.450000000000003,-10.589999999999996,3.270000000000003,-0.3024999999999949,-5.1585714285714275,0.0
2021_03_ATL_NYG,2021,3,REG,NYG,ATL,14.0,17.0,-3.0,31.0,3.0,48.0,-6.0,1.0,-2.1000000000000014,-4.700000000000003,6.255000000000003,0.5760000000000005,1.7288571428571444,10.470000000000006,0.3028571428571425,4.100000000000001,1.2199999999999989,-0.19999999999999996,0,-0.769999999999996,1.5799999999999983,2.5799999999999983,0,-5.039999999999999,-0.1599999999999966,4.520000000000003,8.355000000000004,-1.4471428571428575,3.0
2021_03_BAL_DET,2021,3,REG,DET,BAL,17.0,19.0,-2.0,36.0,-7.5,51.0,5.5,1.0,-1.6799999999999997,-0.8200000000000003,-4.765000000000001,-0.7540000000000049,-5.066857142857145,-5.644999999999996,4.207142857142863,1.3399999999999963,-0.769999999999996,-0.19999999999999996,0,-3.0800000000000054,-1.769999999999996,-2.1000000000000014,0,-0.5400000000000063,2.260000000000005,-5.329999999999998,-3.085000000000001,-3.452857142857141,-1.0
2021_03_CAR_HOU,2021,3,REG,HOU,CAR,9.0,24.0,-15.0,33.0,-8.0,43.0,-7.0,1.0,10.93,4.089999999999996,12.34000000000001,-8.271999999999998,-0.681999999999995,4.537500000000016,-4.980000000000004,-2.9200000000000017,-2.4599999999999937,0.0,0,1.8299999999999983,0.14999999999999858,5.380000000000003,0,-7.540000000000006,-6.140000000000001,0.44000000000000483,1.4100000000000108,0.75,0.0
2021_03_CHI_CLE,2021,3,REG,CLE,CHI,26.0,6.0,20.0,32.0,7.5,45.0,12.5,1.0,2.230000000000004,5.759999999999998,6.8825,3.5859999999999985,-3.7911428571428587,7.094999999999999,0.44285714285713595,-2.1199999999999974,2.8299999999999983,0.19999999999999996,0,0.4099999999999966,1.1200000000000045,4.769999999999996,0,2.260000000000005,4.799999999999997,6.1399999999999935,4.652499999999996,-3.847142857142863,0.0
2021_03_CIN_PIT,2021,3,REG,PIT,CIN,10.0,24.0,-14.0,34.0,2.5,42.5,-16.5,1.0,1.1400000000000006,2.2150000000000034,2.522500000000008,-3.7009999999999934,-0.40885714285713703,-0.539999999999992,-0.43285714285714505,-0.060000000000002274,-2.8599999999999994,-0.4,0,-2.6799999999999997,-1.3499999999999943,-1.3800000000000026,0,-0.45000000000000284,2.6000000000000014,0.30000000000000426,1.3825000000000074,4.367142857142859,0.0
2021_03_GB_SF,2021,3,REG,SF,GB,28.0,30.0,-2.0,58.0,3.5,50.5,-5.5,1.0,-2.6799999999999997,-11.57,-5.3825,-5.989999999999995,-0.032857142857139365,-0.7100000000000009,-7.252857142857145,4.670000000000002,-3.180000000000007,0.19999999999999996,0,2.4399999999999977,2.269999999999996,4.539999999999992,0,-9.949999999999996,-7.830000000000005,-3.8200000000000003,-2.7025000000000006,-2.932857142857145,1.0
2021_03_IND_TEN,2021,3,REG,TEN,IND,25.0,16.0,9.0,41.0,4.5,47.0,4.5,1.0,3.969999999999999,10.079999999999998,2.155000000000001,4.451999999999998,-2.597999999999999,-2.417499999999997,0.05000000000000426,-7.239999999999995,3.5799999999999983,0.0,0,0.7700000000000031,2.3499999999999943,-3.219999999999999,0,6.6399999999999935,5.580000000000005,2.969999999999999,-1.8149999999999977,-0.9399999999999977,0.0
2021_03_LAC_KC,2021,3,REG,KC,LAC,24.0,30.0,-6.0,54.0,6.5,55.0,-12.5,1.0,6.570000000000007,-0.1699999999999875,11.575000000000003,-3.485999999999997,4.653999999999996,10.014999999999993,-2.5,3.799999999999997,1.4100000000000037,0.19999999999999996,0,2.5799999999999983,1.1099999999999994,13.809999999999995,0,-3.9599999999999937,-9.520000000000003,6.100000000000001,5.0049999999999955,1.3999999999999986,0.0
2021_03_MIA_LV,2021,3,REG,LV,MIA,31.0,28.0,3.0,59.0,4.0,45.0,-1.0,1.0,8.43,4.04999999999999,4.805,-4.352000000000011,-0.38628571428571945,-1.0450000000000017,0.365714285714283,-1.9299999999999997,1.269999999999996,-0.20000000000000007,0,-3.3799999999999955,2.460000000000001,6.289999999999999,0,-6.6100000000000065,-2.1499999999999986,-2.8999999999999986,-3.625,-0.41428571428571814,0.0
2021_03_NO_NE,2021,3,REG,NE,NO,13.0,28.0,-15.0,41.0,3.0,44.0,-18.0,1.0,-12.669999999999995,-15.97999999999999,-15.735,-3.2819999999999894,-4.350809523809517,-5.105000000000004,-13.018809523809523,2.8999999999999986,-0.03999999999999915,-0.19999999999999996,0,-6.699999999999996,-4.489999999999995,4.359999999999999,0,-3.1400000000000006,-3.479999999999997,-6.07,-3.065000000000005,-4.378809523809522,0.0
2021_03_NYJ_DEN,2021,3,REG,DEN,NYJ,26.0,0.0,26.0,26.0,10.5,42.0,15.5,1.0,4.3700000000000045,4.334999999999994,6.7425,-0.5210000000000079,-3.0360000000000014,2.329999999999991,0.6799999999999926,1.3600000000000065,0.5499999999999972,0.0,0,-3.8299999999999983,-2.6499999999999986,2.3100000000000023,-1,3.6799999999999926,-3.75,1.8999999999999986,2.372499999999995,-2.5500000000000043,0.0
2021_03_PHI_DAL,2021,3,REG,DAL,PHI,41.0,21.0,20.0,62.0,3.5,51.5,16.5,1.0,5.019999999999996,11.530000000000001,6.084999999999994,3.3599999999999994,-4.138571428571439,3.5349999999999966,-0.8185714285714312,-3.3200000000000003,-3.229999999999997,-0.19999999999999996,0,5.899999999999999,4.609999999999999,-4.990000000000002,0,7.510000000000005,5.509999999999998,0.38000000000000256,1.0649999999999977,-0.9885714285714329,0.0
2021_03_SEA_MIN,2021,3,REG,MIN,SEA,30.0,17.0,13.0,47.0,-2.0,53.5,15.0,1.0,-0.060000000000002274,2.460000000000001,0.2049999999999983,1.6900000000000048,-1.0842857142857127,-0.8150000000000048,1.7057142857142864,0.030000000000001137,-4.550000000000004,0.0,0,-2.9200000000000017,0.480000000000004,-0.4100000000000037,0,3.490000000000002,1.5499999999999972,1.4299999999999997,0.26500000000000057,-0.25428571428571445,0.0
2021_03_TB_LA,2021,3,REG,LA,TB,34.0,24.0,10.0,58.0,-1.0,55.0,11.0,1.0,-0.5600000000000023,-8.990000000000009,-2.270000000000003,-11.382000000000005,-2.836285714285708,-3.7849999999999966,2.125714285714295,-3.530000000000001,-1.6400000000000006,0.0,0,-1.6599999999999966,-3.489999999999995,-1.6399999999999935,0,-8.279999999999994,-8.579999999999998,-5.580000000000005,-1.7100000000000009,0.1157142857142901,0.0
2021_03_WAS_BUF,2021,3,REG,BUF,WAS,43.0,21.0,22.0,64.0,7.5,45.5,14.5,1.0,6.859999999999999,10.155000000000001,12.287500000000001,4.655000000000001,2.8428571428571416,6.359999999999999,3.702857142857141,4.890000000000001,0.769999999999996,0.0,0,0.8900000000000006,0.10000000000000142,2.259999999999998,-1,8.220000000000006,-1.6300000000000026,3.3899999999999935,5.427500000000002,1.4828571428571422,-3.0
2021_04_ARI_LA,2021,4,REG,LA,ARI,20.0,37.0,-17.0,57.0,3.5,53.5,-20.5,1.0,2.3700000000000045,-5.550000000000011,0.15500000000000114,-7.206000000000017,3.505428571428567,-1.5575000000000045,2.5514285714285663,4.469999999999999,-1.0900000000000034,0.4,0,0.10999999999999943,0.3100000000000023,2.4399999999999977,0,-8.27000000000001,-7.570000000000007,-2.0800000000000054,-2.2150000000000034,2.7914285714285683,0.0
2021_04_BAL_DEN,2021,4,REG,DEN,BAL,7.0,23.0,-16.0,30.0,1.0,44.0,-17.0,1.0,-4.199999999999996,-7.809999999999995,-6.267499999999991,-3.9680000000000035,-1.876571428571431,-6.9424999999999955,6.3414285714285725,4.050000000000004,-2.0200000000000102,0.0,0,-5.640000000000001,-3.940000000000005,-4.550000000000004,0,-0.28000000000000114,-6.939999999999998,-5.289999999999999,-2.0674999999999955,-1.518571428571427,0.0
2021_04_CAR_DAL,2021,4,REG,DAL,CAR,36.0,28.0,8.0,64.0,4.5,51.5,3.5,1.0,4.850000000000001,-1.009999999999998,7.0,-7.006,-3.320285714285717,4.1924999999999955,-4.184285714285714,0.730000000000004,-1.769999999999996,0.0,0,-0.4100000000000037,-0.07000000000000028,3.789999999999999,0,-4.189999999999998,-7.530000000000001,3.509999999999998,2.1499999999999986,-2.174285714285716,-4.0
2021_04_CLE_MIN,2021,4,REG,MIN,CLE,7.0,14.0,-7.0,21.0,-1.0,52.0,-6.0,1.0,5.349999999999994,-7.530000000000001,8.509999999999998,-17.935999999999993,-8.174571428571426,4.427500000000009,-4.948571428571427,-2.9499999999999957,-6.160000000000004,-0.19999999999999996,0,-0.9199999999999946,0.9299999999999997,3.2900000000000063,0,-13.209999999999994,-12.549999999999997,7.469999999999999,3.1600000000000037,-3.1185714285714283,0.0
2021_04_DET_CHI,2021,4,REG,CHI,DET,24.0,14.0,10.0,38.0,3.0,42.0,7.0,1.0,-3.3299999999999983,-2.0350000000000037,-4.665000000000006,3.1169999999999902,8.760571428571424,-4.052500000000009,5.938571428571429,4.009999999999998,-2.230000000000004,0.0,0,0.3999999999999986,-1.5300000000000011,-5.43,0,3.769999999999996,-1.1799999999999997,-0.7700000000000031,-1.335000000000008,6.938571428571429,0.0
2021_04_HOU_BUF,2021,4,REG,BUF,HOU,40.0,0.0,40.0,40.0,19.0,47.5,21.0,1.0,-4.939999999999998,1.9399999999999977,5.834999999999994,7.6739999999999995,1.8254285714285743,11.584999999999994,4.071428571428569,1.3100000000000023,-0.5799999999999983,0.0,0,-1.3900000000000006,1.519999999999996,0.3999999999999986,0,7.109999999999999,6.649999999999999,6.700000000000003,10.774999999999991,1.0314285714285703,-3.0
2021_04_IND_MIA,2021,4,REG,MIA,IND,17.0,27.0,-10.0,44.0,2.5,41.5,-12.5,1.0,-4.840000000000003,4.009999999999991,-6.725000000000001,4.053999999999988,-2.3260000000000076,-3.4949999999999974,-4.309999999999995,-5.769999999999996,-0.9200000000000017,0.0,0,-0.6300000000000026,-0.740000000000002,-1.1199999999999974,0,11.790000000000006,5.909999999999997,3.200000000000003,-1.884999999999998,2.469999999999999,0.0
2021_04_JAX_CIN,2021,4,REG,CIN,JAX,24.0,21.0,3.0,45.0,7.5,46.0,-4.5,1.0,4.18,10.499999999999993,7.527500000000003,4.119999999999997,2.597142857142863,6.177500000000009,2.597142857142863,-8.119999999999997,0.12000000000000455,0.0,0,1.6400000000000006,2.1400000000000006,5.230000000000004,0,6.179999999999993,6.460000000000001,-0.2700000000000031,3.3475000000000037,4.797142857142859,0.0
2021_04_KC_PHI,2021,4,REG,PHI,KC,30.0,42.0,-12.0,72.0,-7.5,53.5,-4.5,1.0,-9.389999999999993,-12.669999999999987,-14.144999999999996,-4.143999999999991,-3.129714285714286,-10.482500000000009,-1.0157142857142887,-3.25,1.710000000000008,0.19999999999999996,0,-3.430000000000007,-6.890000000000001,-5.82,0,-4.609999999999999,-1.9499999999999957,-2.549999999999997,-4.755000000000003,-2.2657142857142887,-1.0
2021_04_LV_LAC,2021,4,REG,LAC,LV,28.0,14.0,14.0,42.0,3.0,52.0,11.0,1.0,-1.009999999999998,2.6799999999999997,0.00750000000000739,6.710000000000001,1.8185714285714312,-1.2124999999999915,3.098571428571425,3.1000000000000014,1.6000000000000085,0.0,0,-3.0900000000000034,-1.9500000000000028,-0.0799999999999983,0,5.939999999999998,1.4399999999999977,1.9100000000000037,1.0175000000000054,-1.201428571428572,0.0
2021_04_NYG_NO,2021,4,REG,NO,NYG,21.0,27.0,-6.0,48.0,7.5,43.0,-13.5,1.0,9.769999999999996,16.729999999999997,11.737499999999997,4.530000000000001,-0.9916666666666671,3.0549999999999997,7.648333333333333,-1.3099999999999952,-5.009999999999991,-0.19999999999999996,0,5.8700000000000045,4.160000000000004,-2.5800000000000054,0,9.740000000000002,4.18,2.3999999999999986,1.9675000000000011,1.4383333333333326,0.0
2021_04_PIT_GB,2021,4,REG,GB,PIT,27.0,17.0,10.0,44.0,6.5,45.0,3.5,1.0,6.0,2.9750000000000014,6.9325000000000045,0.31100000000000705,-1.469714285714275,4.607500000000002,5.034285714285723,1.8100000000000023,5.339999999999996,0.0,0,3.6599999999999966,2.6400000000000006,5.6399999999999935,0,-0.5899999999999892,-5.460000000000001,1.3400000000000034,0.9325000000000045,-4.805714285714281,0.0
2021_04_SEA_SF,2021,4,REG,SF,SEA,21.0,28.0,-7.0,49.0,2.5,52.0,-9.5,1.0,-2.979999999999997,-3.279999999999994,-12.04,4.844000000000001,4.255428571428567,-9.880000000000003,-3.3585714285714303,7.200000000000003,1.5499999999999972,0.0,0,-1.6199999999999974,-1.1300000000000026,0.4899999999999949,0,-2.279999999999994,1.6799999999999997,-6.18,-9.060000000000002,-0.8885714285714315,0.0
2021_04_TB_NE,2021,4,REG,NE,TB,17.0,19.0,-2.0,36.0,-6.0,49.5,4.0,1.0,-9.5,-17.169999999999995,-8.927500000000002,-11.293999999999997,-8.741142857142862,-2.3074999999999974,-9.57714285714286,-8.050000000000004,-3.0900000000000034,-0.19999999999999996,0,-4.920000000000002,-3.8000000000000043,-3.1599999999999966,0,-4.290000000000006,-11.049999999999997,-2.9399999999999977,0.572499999999998,-5.117142857142859,0.0
2021_04_TEN_NYJ,2021,4,REG,NYJ,TEN,27.0,24.0,3.0,51.0,-5.5,44.5,8.5,1.0,-14.349999999999994,-17.235,-16.744999999999997,-4.297000000000011,-0.8177142857142954,-5.375000000000007,-7.915714285714287,-1.3599999999999994,-2.680000000000007,0.0,0,-3.6000000000000014,-3.539999999999999,0.9499999999999957,1,-2.240000000000002,-3.530000000000001,-1.0900000000000034,-2.395000000000003,0.5942857142857108,0.0
2021_04_WAS_ATL,2021,4,REG,ATL,WAS,30.0,34.0,-4.0,64.0,-1.0,47.5,-3.0,1.0,5.759999999999998,9.379999999999995,1.4899999999999949,1.5660000000000025,3.1502857142857152,-5.342500000000001,1.0842857142857127,-2.229999999999997,0.7800000000000011,-0.19999999999999996,0,1.2299999999999969,-1.2899999999999991,0.75,0,8.239999999999995,-1.0,-0.490000000000002,-4.270000000000003,5.20428571428571,0.0
2021_05_BUF_KC,2021,5,REG,KC,BUF,20.0,38.0,-18.0,58.0,2.5,57.0,-20.5,1.0,5.859999999999999,1.5200000000000031,2.0174999999999983,-5.463999999999999,-0.18828571428571905,1.292500000000004,0.32571428571428385,-2.0700000000000003,-1.759999999999998,0.0,0,4.340000000000003,1.0,7.439999999999998,0,-3.299999999999997,-5.380000000000003,-3.940000000000005,-3.842500000000001,0.9357142857142833,0.0
2021_05_CHI_LV,2021,5,REG,LV,CHI,9.0,20.0,-11.0,29.0,5.5,46.0,-16.5,1.0,5.810000000000002,1.6000000000000085,4.605000000000004,-9.003999999999998,-8.312571428571431,3.6875,-6.138571428571424,-3.940000000000005,-1.9299999999999997,-0.19999999999999996,0,3.8999999999999986,3.0800000000000054,8.71,0,-8.339999999999996,-0.0799999999999983,-0.970000000000006,-1.2049999999999983,-3.518571428571427,-1.0
2021_05_CLE_LAC,2021,5,REG,LAC,CLE,47.0,42.0,5.0,89.0,2.5,46.5,2.5,1.0,3.5,-1.2750000000000057,1.1475000000000009,-6.161000000000001,-1.2017142857142815,-2.5375000000000014,-0.4557142857142864,0.7700000000000031,-2.719999999999999,0.0,0,-1.1600000000000037,-2.039999999999999,3.3100000000000023,0,-5.010000000000005,-4.539999999999999,1.4200000000000017,-2.352499999999999,0.18428571428571416,-1.0
2021_05_DEN_PIT,2021,5,REG,PIT,DEN,27.0,19.0,8.0,46.0,-2.0,40.0,10.0,1.0,4.159999999999997,14.29999999999999,6.122499999999995,6.857999999999997,3.6508571428571486,0.3725000000000023,4.432857142857145,-3.279999999999994,-1.1099999999999994,0.0,0,-3.8800000000000026,0.480000000000004,-3.489999999999995,0,14.489999999999995,5.790000000000006,4.299999999999997,1.9624999999999986,6.932857142857145,0.0
2021_05_DET_MIN,2021,5,REG,MIN,DET,19.0,17.0,2.0,36.0,10.0,49.5,-8.0,1.0,3.4200000000000017,5.3700000000000045,8.704999999999998,1.656000000000006,2.608857142857147,5.2549999999999955,5.482857142857142,-0.0899999999999963,0.6099999999999994,0.19999999999999996,0,3.3000000000000043,2.1700000000000017,-2.6300000000000026,0,1.7800000000000082,2.1199999999999974,5.949999999999996,5.284999999999997,2.902857142857144,0.0
2021_05_GB_CIN,2021,5,REG,CIN,GB,22.0,25.0,-3.0,47.0,-2.0,50.0,-1.0,1.0,-10.249999999999993,-7.97999999999999,-8.632499999999993,0.008000000000002672,-2.113428571428571,1.374999999999993,-3.911428571428573,-5.509999999999998,-5.6200000000000045,-0.19999999999999996,0,0.519999999999996,-1.9600000000000009,0.28000000000000114,0,2.450000000000003,2.0900000000000034,-1.4399999999999977,1.6174999999999997,0.14857142857142946,3.0
2021_05_IND_BAL,2021,5,REG,BAL,IND,31.0,25.0,6.0,56.0,7.5,46.5,-1.5,1.0,4.909999999999997,8.599999999999994,4.727499999999992,2.578000000000003,-3.229142857142854,1.3299999999999983,-16.15714285714286,-5.619999999999997,2.1599999999999966,0.0,0,0.6499999999999986,1.1599999999999966,2.530000000000001,0,9.850000000000001,-2.470000000000006,4.229999999999997,-0.18250000000000455,-2.117142857142859,0.0
2021_05_LA_SEA,2021,5,REG,SEA,LA,17.0,26.0,-9.0,43.0,-2.5,53.5,-6.5,1.0,-0.3500000000000014,-5.055,4.969999999999992,-6.811,-7.8445714285714345,6.657499999999999,-5.118571428571435,-4.519999999999996,-0.3299999999999983,0.0,0,3.0800000000000054,1.8999999999999986,0.8100000000000094,0,-5.32,-4.090000000000003,5.57,5.319999999999993,-5.738571428571433,0.0
2021_05_MIA_TB,2021,5,REG,TB,MIA,45.0,17.0,28.0,62.0,11.0,48.0,17.0,1.0,11.080000000000005,13.574999999999996,11.585000000000008,7.362999999999985,3.9908571428571378,7.137499999999996,1.17285714285714,4.539999999999999,4.43,0.19999999999999996,0,5.859999999999999,8.920000000000002,7.069999999999993,0,0.9699999999999989,4.019999999999996,-0.12000000000000455,0.5050000000000026,-0.8771428571428572,0.0
2021_05_NE_HOU,2021,5,REG,HOU,NE,22.0,25.0,-3.0,47.0,-8.0,39.5,5.0,1.0,11.850000000000001,3.500000000000007,12.254999999999995,-9.593999999999994,-1.9954285714285689,-1.0450000000000088,1.9785714285714278,-2.1899999999999977,-1.1999999999999957,0.0,0,2.5700000000000003,-1.3799999999999955,-3.490000000000002,0,-10.18,-6.520000000000003,2.740000000000002,0.40499999999999403,-0.7514285714285691,0.0
2021_05_NO_WAS,2021,5,REG,WAS,NO,22.0,33.0,-11.0,55.0,-2.5,43.5,-8.5,1.0,-2.3599999999999994,-9.985,-0.9599999999999937,-4.560999999999993,-2.2493333333333254,-1.9124999999999943,-9.443333333333335,0.7800000000000011,3.780000000000001,0.19999999999999996,0,-6.090000000000003,-3.6300000000000026,-1.3399999999999963,0,-11.090000000000003,-4.160000000000004,4.780000000000001,1.4000000000000057,-5.313333333333333,0.0
2021_05_NYG_DAL,2021,5,REG,DAL,NYG,44.0,20.0,24.0,64.0,7.5,53.0,16.5,1.0,4.090000000000003,7.810000000000009,4.527500000000003,5.322000000000003,-2.798238095238105,1.7175000000000011,-0.6702380952380977,0.3299999999999983,-0.8000000000000114,0.0,0,-0.9799999999999969,-0.740000000000002,2.8399999999999963,0,7.230000000000004,0.21000000000000085,5.909999999999997,0.4375,-4.400238095238102,0.0
2021_05_NYJ_ATL,2021,5,REG,ATL,NYJ,27.0,20.0,7.0,47.0,3.0,45.5,4.0,1.0,10.910000000000004,12.420000000000002,11.967500000000008,0.22399999999999665,-0.5845714285714365,3.187500000000007,0.6114285714285614,-3.4399999999999977,2.1700000000000017,0.19999999999999996,0,0.3200000000000003,1.5600000000000023,2.6199999999999974,-1,5.670000000000002,-2.6499999999999986,5.339999999999996,1.0575000000000045,0.7014285714285649,0.0
2021_05_PHI_CAR,2021,5,REG,CAR,PHI,18.0,21.0,-3.0,39.0,2.5,46.0,-5.5,1.0,-1.1699999999999946,6.39500000000001,-0.32499999999999574,8.51700000000001,-0.33799999999999386,-0.4375,1.8599999999999994,3.049999999999997,-1.5400000000000063,0.19999999999999996,0,3.5,2.970000000000006,-9.099999999999994,0,6.02000000000001,9.11,0.0,0.8449999999999989,-1.2899999999999991,0.0
2021_05_SF_ARI,2021,5,REG,ARI,SF,17.0,10.0,7.0,27.0,6.0,48.5,1.0,1.0,1.8999999999999986,15.110000000000007,5.732500000000002,11.552000000000007,1.4062857142857155,3.020000000000003,8.70428571428571,-6.899999999999999,-0.39000000000000057,-0.19999999999999996,0,-0.9699999999999989,-1.3900000000000006,-1.240000000000002,0,14.39,12.030000000000008,1.0200000000000031,3.832500000000003,3.0642857142857167,0.0
2021_05_TEN_JAX,2021,5,REG,JAX,TEN,19.0,37.0,-18.0,56.0,-4.0,49.0,-14.0,1.0,-9.530000000000001,-15.660000000000004,-9.357500000000002,-6.225999999999999,-4.784571428571425,-0.0449999999999946,-7.1385714285714315,1.8499999999999943,-2.0,0.0,0,-2.1099999999999994,0.6400000000000006,-4.07,0,-3.730000000000004,-8.529999999999994,3.539999999999999,0.17249999999999943,-4.688571428571429,3.0
2021_06_ARI_CLE,2021,6,REG,CLE,ARI,14.0,37.0,-23.0,51.0,3.0,48.0,-26.0,1.0,-3.1299999999999955,-0.9849999999999852,-1.7149999999999963,2.2870000000000132,0.9234285714285733,0.9074999999999989,4.371428571428574,3.059999999999995,1.0100000000000051,0.0,0,1.3799999999999955,1.4000000000000057,-2.809999999999995,0,5.760000000000005,-1.4699999999999989,-1.8900000000000006,1.4149999999999991,0.7814285714285703,0.0
2021_06_BUF_TEN,2021,6,REG,TEN,BUF,34.0,31.0,3.0,65.0,-6.0,53.5,9.0,1.0,-0.6400000000000006,-1.3149999999999835,-9.480000000000004,-0.9289999999999878,-0.6925714285714264,-11.370000000000005,4.711428571428584,-1.8700000000000045,2.3699999999999903,0.0,0,2.039999999999999,-4.580000000000005,-7.82,0,-2.569999999999993,1.220000000000006,-10.799999999999997,-8.840000000000003,-0.4385714285714215,0.0
2021_06_CIN_DET,2021,6,REG,DET,CIN,11.0,34.0,-23.0,45.0,-3.5,46.5,-19.5,1.0,-0.9099999999999966,-4.564999999999998,-4.077500000000001,-7.8089999999999975,-8.14257142857143,-3.6950000000000003,-2.768571428571434,-4.299999999999997,-5.640000000000001,0.19999999999999996,0,-4.909999999999997,1.4600000000000009,-0.2700000000000031,0,-3.210000000000008,-4.100000000000001,-4.039999999999999,-3.167500000000004,-3.988571428571433,0.0
2021_06_DAL_NE,2021,6,REG,NE,DAL,29.0,35.0,-6.0,64.0,-3.5,50.5,-2.5,1.0,-9.049999999999997,1.3199999999999932,-11.689999999999998,9.999999999999986,3.8521428571428586,-4.039999999999999,-4.4478571428571385,-3.740000000000002,-0.38000000000000966,0.0,0,-2.3799999999999955,0.4200000000000017,-4.609999999999999,0,13.79,6.949999999999996,-6.289999999999999,-2.6400000000000006,4.222142857142863,0.0
2021_06_GB_CHI,2021,6,REG,CHI,GB,14.0,24.0,-10.0,38.0,-5.5,44.0,-4.5,1.0,-18.529999999999994,-16.955,-20.707499999999996,3.3129999999999953,4.790857142857149,-5.225000000000001,-0.6471428571428461,7.1299999999999955,-4.510000000000005,0.19999999999999996,0,-2.4200000000000017,-1.9799999999999969,-5.589999999999996,0,3.239999999999995,-0.0899999999999963,-2.8100000000000023,-2.177500000000002,3.0528571428571496,0.0
2021_06_HOU_IND,2021,6,REG,IND,HOU,31.0,3.0,28.0,34.0,10.5,43.5,17.5,1.0,-8.400000000000006,-9.555,-6.015000000000008,1.1610000000000085,6.494571428571433,2.8725000000000023,14.768571428571434,3.6000000000000014,2.0900000000000034,0.19999999999999996,0,0.0,-1.5900000000000034,0.6400000000000006,0,-2.780000000000001,0.47000000000000597,-1.6900000000000048,2.384999999999998,4.178571428571431,-1.0
2021_06_KC_WAS,2021,6,REG,WAS,KC,13.0,31.0,-18.0,44.0,-6.0,54.0,-12.0,1.0,-13.189999999999998,-16.665000000000006,-14.129999999999995,-1.865000000000009,-2.8200000000000003,-6.564999999999998,6.07,-3.519999999999996,2.6099999999999994,0.4,0,-4.780000000000001,-1.8999999999999986,-13.479999999999997,0,-5.550000000000004,-1.3999999999999986,-1.5700000000000003,-0.9399999999999977,-4.43,0.0
2021_06_LAC_BAL,2021,6,REG,BAL,LAC,34.0,6.0,28.0,40.0,3.0,50.5,25.0,1.0,0.8999999999999986,-3.0249999999999986,4.3474999999999895,-3.918999999999997,-1.3182857142857145,3.4799999999999898,2.1957142857142813,-3.8899999999999935,2.3700000000000045,0.0,0,-1.0300000000000011,0.25,1.1299999999999955,0,-2.210000000000008,-5.640000000000001,-1.7800000000000011,3.447499999999991,-1.3242857142857147,-1.0
2021_06_LA_NYG,2021,6,REG,NYG,LA,11.0,38.0,-27.0,49.0,-7.5,49.5,-19.5,1.0,-6.210000000000001,-8.665,-2.727499999999992,-4.228999999999992,-4.393999999999991,1.157500000000013,-5.579999999999991,-4.509999999999998,-0.4399999999999977,-0.19999999999999996,0,0.0800000000000054,-1.7800000000000011,-7.670000000000002,0,-2.3900000000000006,-2.520000000000003,1.0399999999999991,3.482500000000009,-2.6199999999999974,-3.0
2021_06_LV_DEN,2021,6,REG,DEN,LV,24.0,34.0,-10.0,58.0,5.0,45.5,-15.0,1.0,-8.350000000000001,-5.9850000000000065,-2.6824999999999974,4.642999999999994,0.5151428571428625,2.085000000000001,-0.12285714285713567,1.4299999999999997,3.0300000000000082,0.19999999999999996,0,-1.2900000000000063,-5.039999999999999,-4.019999999999996,0,5.850000000000001,-1.1199999999999974,9.090000000000003,5.667500000000004,-1.7628571428571362,0.0
2021_06_MIA_JAX,2021,6,REG,JAX,MIA,23.0,20.0,3.0,43.0,-2.5,47.5,5.5,1.0,-1.019999999999996,-3.4549999999999983,-1.0499999999999972,1.4590000000000032,-2.343142857142851,0.7599999999999909,0.4928571428571402,5.1200000000000045,2.3500000000000014,0.0,0,0.6399999999999935,-1.240000000000002,0.8299999999999983,0,-6.760000000000005,1.8900000000000006,1.4600000000000009,-0.030000000000001137,-6.237142857142857,0.0
2021_06_MIN_CAR,2021,6,REG,CAR,MIN,28.0,34.0,-6.0,62.0,-2.5,45.5,-3.5,1.0,-7.880000000000003,-3.934999999999995,-11.869999999999997,7.647000000000006,1.5334285714285727,-9.552499999999995,-1.008571428571429,1.3199999999999932,4.940000000000005,0.0,0,-4.150000000000006,-5.009999999999998,-9.020000000000003,0,0.1600000000000108,7.730000000000004,-4.919999999999995,-3.989999999999995,-2.1685714285714255,0.0
2021_06_SEA_PIT,2021,6,REG,PIT,SEA,23.0,20.0,3.0,43.0,5.5,43.0,-2.5,1.0,6.719999999999999,22.970000000000006,4.204999999999998,16.410000000000004,9.531428571428563,-6.597500000000004,8.381428571428565,1.8599999999999994,-1.8800000000000097,0.19999999999999996,0,-5.119999999999997,-6.43,-3.0600000000000023,0,24.08,8.420000000000002,-1.3699999999999974,-2.5150000000000006,9.371428571428567,-3.0
2021_06_TB_PHI,2021,6,REG,PHI,TB,22.0,28.0,-6.0,50.0,-7.0,53.0,1.0,1.0,-8.190000000000005,-19.96500000000001,-9.732500000000002,-16.227000000000004,-7.4262857142857115,-6.575000000000003,-3.5642857142857167,-7.670000000000002,-0.05000000000001137,-0.19999999999999996,0,-4.75,-8.980000000000004,-0.8900000000000006,0,-9.719999999999999,-13.830000000000005,-0.28999999999999915,-1.5424999999999969,-2.9742857142857133,0.0
2021_07_ATL_MIA,2021,7,REG,MIA,ATL,28.0,30.0,-2.0,58.0,-1.5,48.5,-0.5,1.0,-4.789999999999999,-12.495000000000005,-3.0600000000000023,-8.589000000000006,-1.4354285714285737,1.2674999999999983,2.1185714285714283,2.280000000000001,-2.9000000000000057,-0.19999999999999996,0,-0.8200000000000003,1.009999999999998,-3.479999999999997,0,-13.310000000000002,-2.1000000000000014,-4.919999999999995,1.7299999999999969,-0.5514285714285734,-7.0
2021_07_CAR_NYG,2021,7,REG,NYG,CAR,25.0,3.0,22.0,28.0,-3.0,42.5,25.0,1.0,2.049999999999997,-8.510000000000005,4.4925,-13.860000000000007,-1.7185714285714369,4.930000000000007,-6.198571428571434,-4.310000000000002,-0.07000000000000739,0.0,0,1.2899999999999991,2.0800000000000054,0.030000000000001137,0,-11.39,-9.729999999999997,0.3999999999999986,2.4425000000000026,1.5814285714285674,0.0
2021_07_CHI_TB,2021,7,REG,TB,CHI,38.0,3.0,35.0,41.0,12.5,47.0,22.5,1.0,12.989999999999995,12.420000000000002,17.229999999999997,1.9240000000000137,-0.5217142857142818,9.915000000000006,-2.2757142857142867,1.9299999999999997,3.8000000000000114,0.0,0,4.75,5.730000000000004,8.600000000000001,0,0.2400000000000091,-1.3799999999999955,6.830000000000005,4.240000000000002,-3.0157142857142887,3.0
2021_07_CIN_BAL,2021,7,REG,BAL,CIN,17.0,41.0,-24.0,58.0,6.5,45.5,-30.5,1.0,2.8799999999999955,-1.085000000000008,7.847499999999997,-3.0450000000000017,-0.06857142857142406,4.660000000000004,-10.228571428571428,-3.269999999999996,1.2600000000000051,-0.19999999999999996,0,-4.209999999999994,0.6499999999999986,5.019999999999996,0,-1.7600000000000051,-6.170000000000002,2.1899999999999977,4.967500000000001,-0.9885714285714258,0.0
2021_07_DEN_CLE,2021,7,REG,CLE,DEN,17.0,14.0,3.0,31.0,2.0,40.5,1.0,1.0,0.46999999999999886,3.864999999999995,2.7575000000000003,3.8489999999999966,1.438285714285712,5.372500000000002,6.304285714285712,-3.520000000000003,2.3599999999999994,0.19999999999999996,0,7.829999999999998,2.6799999999999997,0.6499999999999986,0,11.180000000000007,-4.390000000000001,3.780000000000001,2.2875000000000014,0.9842857142857113,0.0
2021_07_DET_LA,2021,7,REG,LA,DET,28.0,19.0,9.0,47.0,17.0,51.0,-8.0,1.0,3.700000000000003,3.855000000000004,3.7450000000000045,5.527000000000001,12.787714285714287,3.2875000000000014,9.125714285714288,8.36,6.149999999999999,0.19999999999999996,-1,3.1400000000000006,1.2700000000000031,4.240000000000002,0,-0.8800000000000097,1.1899999999999977,-0.7100000000000009,0.045000000000001705,7.415714285714287,0.0
2021_07_HOU_ARI,2021,7,REG,ARI,HOU,31.0,5.0,26.0,36.0,20.5,47.0,5.5,1.0,8.670000000000002,20.110000000000007,9.0475,15.580000000000005,8.961428571428577,2.3149999999999977,11.761428571428581,4.140000000000001,3.229999999999997,0.19999999999999996,0,1.9600000000000009,-0.5200000000000031,0.519999999999996,0,10.380000000000003,12.500000000000007,-2.0,0.3774999999999977,4.8214285714285765,0.0
2021_07_IND_SF,2021,7,REG,SF,IND,18.0,30.0,-12.0,48.0,3.5,41.5,-15.5,1.0,0.8100000000000023,-1.7650000000000006,-7.999999999999993,-0.6069999999999993,-2.7177142857142798,-5.4424999999999955,-18.215714285714277,1.5799999999999983,1.9099999999999966,0.0,0,3.5900000000000034,2.200000000000003,5.57,0,-2.049999999999997,-3.1000000000000014,-1.1799999999999997,-8.809999999999995,-4.685714285714283,7.0
2021_07_KC_TEN,2021,7,REG,TEN,KC,27.0,3.0,24.0,30.0,-4.0,57.5,28.0,1.0,-3.510000000000005,0.45000000000000284,-9.41000000000001,5.278000000000006,-0.920571428571435,-10.8975,10.441428571428567,-0.38000000000000256,3.4099999999999966,0.0,0,-1.5900000000000034,1.4000000000000057,-12.14,0,1.3200000000000074,6.6000000000000085,-5.489999999999995,-5.900000000000006,-2.238571428571433,-1.0
2021_07_NO_SEA,2021,7,REG,SEA,NO,10.0,13.0,-3.0,23.0,-6.0,42.0,3.0,1.0,-6.3799999999999955,-15.114999999999995,-4.659999999999997,-6.6370000000000005,-2.1634285714285753,1.4375,-11.03142857142857,-3.5800000000000054,4.599999999999994,0.0,0,-2.6799999999999997,0.8500000000000014,2.9200000000000017,0,-12.419999999999995,-5.050000000000004,5.619999999999997,1.7199999999999989,-4.261428571428574,-7.0
2021_07_NYJ_NE,2021,7,REG,NE,NYJ,54.0,13.0,41.0,67.0,7.0,43.0,34.0,1.0,4.710000000000001,13.07,6.597499999999997,5.494,-4.9802857142857135,4.724999999999994,-3.5342857142857085,-5.030000000000001,-0.12999999999999545,-0.19999999999999996,0,-0.6600000000000037,3.4099999999999966,-2.4099999999999966,-1,12.020000000000003,4.699999999999996,3.1799999999999997,1.8874999999999957,-2.114285714285714,-7.0
2021_07_PHI_LV,2021,7,REG,LV,PHI,33.0,22.0,11.0,55.0,1.0,48.0,10.0,1.0,4.599999999999994,1.3049999999999926,0.539999999999992,-1.5230000000000032,1.2120000000000033,0.7224999999999966,-2.4299999999999997,4.960000000000001,-5.8799999999999955,0.19999999999999996,0,4.859999999999999,9.11,-0.4299999999999997,0,-3.9100000000000037,-2.6799999999999997,-5.230000000000004,-4.060000000000002,-0.5599999999999952,-3.0
2021_07_WAS_GB,2021,7,REG,GB,WAS,24.0,10.0,14.0,34.0,8.5,48.0,5.5,1.0,10.270000000000003,11.274999999999999,5.512500000000003,-2.149000000000008,-0.24828571428572133,-0.6400000000000006,8.125714285714281,-6.789999999999999,1.5700000000000074,0.19999999999999996,0,3.029999999999994,1.259999999999998,4.409999999999997,-1,0.35999999999999943,1.6500000000000057,-5.660000000000004,-4.7575,2.905714285714282,0.0
2021_08_CAR_ATL,2021,8,REG,ATL,CAR,13.0,19.0,-6.0,32.0,2.5,47.0,-8.5,1.0,5.759999999999998,-2.5900000000000105,5.174999999999997,-10.100000000000009,1.5028571428571453,3.227499999999999,-5.137142857142855,-3.6799999999999997,0.1700000000000017,0.0,0,-0.020000000000003126,2.1000000000000014,11.439999999999998,0,-3.9299999999999926,-12.770000000000003,2.5600000000000023,-0.5850000000000009,3.2528571428571453,0.0
2021_08_CIN_NYJ,2021,8,REG,NYJ,CIN,34.0,31.0,3.0,65.0,-11.5,43.5,14.5,1.0,-3.990000000000002,-13.770000000000003,-6.93,-10.93,-4.215714285714284,-9.915000000000006,-8.565714285714286,-0.5200000000000031,-1.9799999999999898,0.0,0,-8.260000000000005,-2.260000000000005,-7.140000000000001,1,-11.360000000000007,-8.200000000000003,-5.839999999999996,-2.9399999999999977,-3.065714285714286,0.0
2021_08_DAL_MIN,2021,8,REG,MIN,DAL,16.0,20.0,-4.0,36.0,4.5,49.5,-8.5,1.0,0.5399999999999991,0.3300000000000054,0.967499999999994,-3.692,-0.3603333333333367,1.444999999999986,3.5416666666666714,-5.6200000000000045,-3.940000000000005,0.0,0,2.4399999999999906,1.269999999999996,-0.8000000000000043,0,-1.0300000000000011,0.6100000000000065,0.8800000000000026,0.4274999999999949,3.1216666666666697,0.0
2021_08_GB_ARI,2021,8,REG,ARI,GB,21.0,24.0,-3.0,45.0,6.5,51.0,-9.5,1.0,-3.5899999999999963,6.599999999999994,-4.522500000000001,10.925999999999988,2.783142857142856,-1.1525000000000034,-0.4728571428571371,0.9799999999999969,-2.3599999999999994,-0.19999999999999996,0,0.6499999999999986,-0.9599999999999937,-2.6799999999999997,0,9.850000000000001,10.529999999999994,-0.8299999999999983,-0.9325000000000045,2.047142857142859,0.0
2021_08_JAX_SEA,2021,8,REG,SEA,JAX,31.0,7.0,24.0,38.0,4.0,44.0,20.0,1.0,-4.890000000000001,-7.555,-0.2675000000000054,-5.436999999999998,-0.5534285714285758,8.37749999999999,-4.011428571428581,-7.75,0.8999999999999915,0.0,0,2.529999999999994,6.130000000000003,5.539999999999999,0,-4.469999999999999,-0.8599999999999994,5.259999999999998,4.622499999999995,2.2185714285714226,-8.0
2021_08_LA_HOU,2021,8,REG,HOU,LA,22.0,38.0,-16.0,60.0,-17.0,47.0,1.0,1.0,2.9599999999999937,0.7650000000000006,5.36999999999999,-5.298999999999992,-6.12828571428571,-1.0850000000000009,-8.624285714285712,-7.460000000000001,-3.0400000000000063,0.0,0,-1.6000000000000014,-0.35999999999999943,-6.799999999999997,0,-2.7199999999999918,-1.6699999999999946,5.369999999999997,2.4099999999999966,-3.0242857142857105,0.0
2021_08_MIA_BUF,2021,8,REG,BUF,MIA,26.0,11.0,15.0,37.0,15.0,48.5,0.0,1.0,5.68,13.404999999999994,13.129999999999995,8.504999999999995,-0.2600000000000051,8.212499999999991,-0.3900000000000077,-6.580000000000005,-0.519999999999996,-0.19999999999999996,0,1.8599999999999994,3.0,3.200000000000003,0,3.6700000000000017,11.779999999999994,6.699999999999996,7.449999999999996,-1.0400000000000063,6.0
2021_08_NE_LAC,2021,8,REG,LAC,NE,24.0,27.0,-3.0,51.0,3.5,50.5,-6.5,1.0,3.8599999999999994,3.355000000000004,2.3349999999999937,0.13500000000001222,3.0414285714285825,-2.2125000000000057,10.17142857142857,1.75,0.6500000000000057,0.4,0,1.7999999999999972,-0.7299999999999969,-0.09000000000000341,0,-0.09000000000000341,-0.9199999999999946,-0.17999999999999972,-1.5250000000000057,2.401428571428575,7.0
2021_08_NYG_KC,2021,8,REG,KC,NYG,20.0,17.0,3.0,37.0,10.5,53.0,-7.5,1.0,8.340000000000003,13.065000000000005,8.677500000000002,7.370999999999995,3.6859999999999857,6.147499999999994,-1.9400000000000048,5.549999999999997,-2.780000000000001,0.0,0,2.8500000000000014,2.759999999999998,11.409999999999997,0,8.04,1.4100000000000037,0.20000000000000284,0.3374999999999986,1.039999999999992,0.0
2021_08_PHI_DET,2021,8,REG,DET,PHI,6.0,44.0,-38.0,50.0,-3.0,48.5,-35.0,1.0,2.6000000000000014,3.1999999999999957,0.05250000000000199,-3.308000000000014,-7.808000000000014,-3.1624999999999943,-4.810000000000009,-3.8100000000000023,-7.810000000000002,0.19999999999999996,0,0.4100000000000037,2.440000000000005,-5.280000000000001,0,0.8699999999999903,0.3299999999999983,-4.039999999999999,-2.5474999999999994,-3.9000000000000057,0.0
2021_08_PIT_CLE,2021,8,REG,CLE,PIT,10.0,15.0,-5.0,25.0,5.5,43.0,-10.5,1.0,-0.13000000000000256,6.129999999999988,3.0899999999999963,10.623999999999988,0.18828571428571195,6.355000000000004,2.0642857142857167,2.9099999999999966,3.569999999999993,0.0,0,10.549999999999997,3.0900000000000034,-0.5399999999999991,0,13.5,-0.980000000000004,2.0799999999999983,3.219999999999999,-4.175714285714285,-4.0
2021_08_SF_CHI,2021,8,REG,CHI,SF,22.0,33.0,-11.0,55.0,-4.5,40.0,-6.5,1.0,-10.659999999999997,4.224999999999994,-9.409999999999997,12.302999999999983,4.273714285714284,-2.7224999999999966,9.275714285714294,-1.8399999999999963,-3.039999999999992,0.0,0,-3.3299999999999983,-2.9000000000000057,-7.93,0,14.920000000000002,14.850000000000001,-0.9299999999999997,1.25,6.855714285714292,0.0
2021_08_TB_NO,2021,8,REG,NO,TB,36.0,27.0,9.0,63.0,-4.0,48.5,13.0,1.0,-6.359999999999999,-18.19999999999999,-5.825000000000003,-18.123999999999988,-10.274000000000001,-2.2250000000000014,-0.6900000000000048,-4.039999999999999,-5.990000000000002,0.0,0,-2.819999999999993,-4.3799999999999955,-2.6799999999999926,0,-3.6899999999999977,-19.990000000000002,-4.869999999999997,0.5349999999999966,-3.990000000000002,-1.0
2021_08_TEN_IND,2021,8,REG,IND,TEN,31.0,34.0,-3.0,65.0,3.0,51.0,-6.0,1.0,-4.740000000000002,-13.050000000000004,1.9825000000000017,-9.782000000000004,0.5437142857142874,7.330000000000005,4.665714285714294,-5.800000000000004,-1.6099999999999994,-0.19999999999999996,0,-2.75,-4.670000000000002,3.1600000000000037,0,-8.980000000000004,-7.640000000000008,2.1099999999999994,6.722500000000004,2.0157142857142887,0.0
2021_08_WAS_DEN,2021,8,REG,DEN,WAS,17.0,10.0,7.0,27.0,4.0,45.0,3.0,1.0,-0.22999999999999687,3.190000000000005,0.07750000000000057,4.579999999999998,2.788571428571423,1.2199999999999989,2.088571428571427,5.729999999999997,-1.0100000000000051,0.19999999999999996,0,0.6300000000000026,-0.6099999999999994,4.770000000000003,0,6.230000000000004,0.6099999999999994,-3.8700000000000045,0.30749999999999744,1.6285714285714263,3.0
2021_09_ARI_SF,2021,9,REG,SF,ARI,17.0,31.0,-14.0,48.0,5.5,44.5,-19.5,1.0,-1.3699999999999974,-16.559999999999988,-4.847499999999997,-12.019999999999989,-1.6957142857142813,-2.6225000000000023,-9.205714285714286,8.36,1.9099999999999966,0.0,0,-1.7800000000000011,1.3100000000000023,5.259999999999998,0,-15.039999999999992,-15.340000000000003,-0.46000000000000085,-3.477499999999999,-4.865714285714283,-3.0
2021_09_ATL_NO,2021,9,REG,NO,ATL,25.0,27.0,-2.0,52.0,7.0,43.0,-9.0,1.0,6.179999999999993,13.399999999999999,10.412499999999994,6.754000000000012,1.02328571428572,4.790000000000006,11.409285714285716,2.460000000000001,-2.9499999999999886,-0.19999999999999996,0,1.8000000000000043,1.3500000000000014,-4.969999999999992,0,16.200000000000003,-1.759999999999998,-2.769999999999996,4.232500000000002,1.4892857142857139,0.0
2021_09_BUF_JAX,2021,9,REG,JAX,BUF,9.0,6.0,3.0,15.0,-14.5,48.0,17.5,1.0,-7.899999999999999,-13.915,-16.882499999999993,-6.052999999999997,-4.773714285714284,-10.829999999999998,1.0042857142857144,-2.0900000000000034,2.299999999999997,-0.19999999999999996,1,0.03999999999999915,-4.080000000000005,-3.9000000000000057,0,-1.4000000000000057,-10.630000000000003,-9.219999999999999,-8.982499999999995,-4.7357142857142875,0.0
2021_09_CHI_PIT,2021,9,REG,PIT,CHI,29.0,27.0,2.0,56.0,7.0,40.0,-5.0,1.0,9.240000000000002,9.619999999999997,14.237500000000004,-2.520000000000003,-1.162857142857142,6.3600000000000065,2.7271428571428586,-4.3799999999999955,-0.10000000000000853,0.0,0,-0.36999999999999744,-1.3100000000000023,6.830000000000005,0,12.920000000000002,-12.160000000000004,5.219999999999999,4.997500000000002,1.7371428571428567,0.0
2021_09_CLE_CIN,2021,9,REG,CIN,CLE,16.0,41.0,-25.0,57.0,2.5,47.5,-27.5,1.0,2.729999999999997,8.404999999999994,4.852499999999999,7.374999999999993,4.538571428571423,3.125000000000007,-0.8414285714285725,7.090000000000003,-1.789999999999992,0.19999999999999996,0,-2.259999999999991,2.0999999999999943,1.8999999999999986,0,2.010000000000005,9.339999999999996,4.019999999999996,2.1225000000000023,2.838571428571427,0.0
2021_09_DEN_DAL,2021,9,REG,DAL,DEN,16.0,30.0,-14.0,46.0,10.5,50.0,-24.5,1.0,4.789999999999999,2.240000000000002,8.195000000000007,-3.2280000000000015,-4.600619047619055,5.222500000000011,-1.7226190476190553,-3.980000000000004,-0.0800000000000125,-0.19999999999999996,0,0.5600000000000023,4.210000000000001,-1.4299999999999997,0,-1.2199999999999989,-3.8800000000000026,4.100000000000001,3.4050000000000082,-3.922619047619051,0.0
2021_09_GB_KC,2021,9,REG,KC,GB,13.0,7.0,6.0,20.0,7.0,48.0,-1.0,1.0,0.6800000000000068,0.4550000000000054,0.8625000000000043,3.551000000000002,5.516000000000005,1.6875,-3.789999999999992,7.719999999999999,-0.21999999999999886,0.19999999999999996,0,1.6000000000000014,-0.14999999999999858,5.520000000000003,0,1.6299999999999955,-2.0799999999999983,1.5799999999999983,0.18249999999999744,1.740000000000002,-4.0
2021_09_HOU_MIA,2021,9,REG,MIA,HOU,17.0,9.0,8.0,26.0,4.0,45.0,4.0,1.0,5.130000000000003,6.6200000000000045,6.149999999999999,4.636000000000003,6.418857142857142,0.46999999999999886,5.892857142857146,6.529999999999994,0.8900000000000006,0.19999999999999996,0,-2.039999999999999,-2.1599999999999966,3.270000000000003,0,10.82,-7.839999999999996,-1.4100000000000037,1.019999999999996,3.2728571428571414,0.0
2021_09_LAC_PHI,2021,9,REG,PHI,LAC,24.0,27.0,-3.0,51.0,-1.0,49.5,-2.0,1.0,-4.509999999999998,-6.445,-3.479999999999997,-1.7530000000000001,1.1820000000000022,-0.2924999999999969,-2.3100000000000023,-0.7800000000000011,2.759999999999991,0.0,0,-2.020000000000003,-3.1799999999999997,1.2800000000000011,0,-4.6000000000000085,0.7299999999999969,3.510000000000005,1.0300000000000011,1.0,0.0
2021_09_LV_NYG,2021,9,REG,NYG,LV,23.0,16.0,7.0,39.0,-3.0,47.0,10.0,1.0,-4.690000000000005,-14.124999999999993,1.6199999999999903,-9.404999999999987,-1.5628571428571405,1.7874999999999943,-3.99285714285714,-1.8299999999999983,5.159999999999997,0.0,0,-3.3800000000000026,-6.480000000000004,-6.890000000000008,0,-15.199999999999996,-3.6700000000000017,3.030000000000001,6.309999999999995,-1.5928571428571416,-8.0
2021_09_MIN_BAL,2021,9,REG,BAL,MIN,34.0,31.0,3.0,65.0,7.5,51.0,-4.5,1.0,-0.14000000000000057,2.6499999999999915,2.440000000000005,8.229999999999997,7.624285714285719,2.4025000000000105,-8.265714285714289,0.8400000000000034,6.140000000000001,-0.19999999999999996,0,-3.230000000000004,-3.5899999999999963,7.729999999999997,0,-2.260000000000005,7.840000000000003,1.3000000000000043,2.5800000000000054,2.184285714285714,7.0
2021_09_NE_CAR,2021,9,REG,CAR,NE,6.0,24.0,-18.0,30.0,-3.5,41.5,-14.5,1.0,-2.990000000000002,-2.6250000000000213,-4.732500000000002,0.9109999999999872,1.1674285714285801,-6.732500000000002,9.331428571428575,-0.8699999999999974,2.0400000000000063,-0.19999999999999996,0,0.5900000000000034,-4.539999999999999,-9.07,0,-2.190000000000012,2.9200000000000017,1.1000000000000014,-1.7424999999999997,0.6214285714285737,0.0
2021_09_NYJ_IND,2021,9,REG,IND,NYJ,45.0,30.0,15.0,75.0,10.5,46.0,4.5,1.0,1.3999999999999986,-2.645000000000003,7.0575000000000045,-4.923000000000002,0.4620000000000033,6.6825000000000045,12.399999999999999,0.5,1.509999999999991,0.0,0,-0.5799999999999983,-0.5399999999999991,2.8000000000000043,0,-2.4099999999999966,-5.68,3.8599999999999994,5.657500000000006,1.3400000000000034,0.0
2021_09_TEN_LA,2021,9,REG,LA,TEN,16.0,28.0,-12.0,44.0,7.0,53.5,-19.0,1.0,0.07000000000000739,-1.8249999999999886,-0.019999999999988916,-3.1829999999999927,0.9805714285714302,1.7800000000000082,-2.0314285714285703,-0.7399999999999949,-1.3100000000000023,0.19999999999999996,0,-1.1299999999999955,-2.740000000000002,8.250000000000007,0,-1.9200000000000017,-1.8699999999999903,-1.6600000000000037,-0.0899999999999963,2.268571428571427,0.0
2021_10_ATL_DAL,2021,10,REG,DAL,ATL,43.0,3.0,40.0,46.0,8.0,55.0,32.0,1.0,1.1000000000000014,6.450000000000003,3.9549999999999983,6.4480000000000075,-4.094857142857137,2.477499999999999,-5.442857142857143,2.030000000000001,-1.259999999999991,0.0,0,1.4699999999999989,0.8200000000000003,-6.619999999999997,0,4.93,5.770000000000003,0.2700000000000031,2.854999999999997,-5.192857142857143,0.0
2021_10_BAL_MIA,2021,10,REG,MIA,BAL,22.0,10.0,12.0,32.0,-8.5,46.5,20.5,1.0,-6.43,-4.54999999999999,-9.86999999999999,-1.1459999999999866,-1.975999999999992,-6.339999999999989,6.789999999999999,4.039999999999999,-3.4399999999999977,0.0,0,-2.279999999999994,-3.509999999999998,-4.819999999999993,0,5.75,-1.9899999999999949,-5.490000000000002,-3.4399999999999906,1.0500000000000043,0.0
2021_10_BUF_NYJ,2021,10,REG,NYJ,BUF,17.0,45.0,-28.0,62.0,-13.0,47.0,-15.0,1.0,-5.830000000000005,-13.555000000000014,-16.032500000000013,-4.535000000000018,2.9371428571428453,-11.242500000000014,-0.9428571428571431,9.019999999999996,1.4299999999999926,0.0,0,-0.9500000000000028,-1.8500000000000014,-6.609999999999999,0,-5.3500000000000085,-10.100000000000001,-8.900000000000006,-10.202500000000008,-0.25285714285714533,3.0
2021_10_CAR_ARI,2021,10,REG,ARI,CAR,10.0,34.0,-24.0,44.0,7.0,42.0,-31.0,1.0,6.789999999999999,1.3200000000000003,6.305,-4.378,3.192,3.247499999999995,1.5399999999999991,-3.0799999999999983,0.46999999999999886,-0.4,0,0.45000000000000284,3.9299999999999997,5.619999999999997,0,0.2400000000000091,-11.179999999999993,-1.3500000000000014,-0.48499999999999943,2.1000000000000014,0.0
2021_10_CLE_NE,2021,10,REG,NE,CLE,45.0,7.0,38.0,52.0,2.5,45.5,35.5,1.0,0.3200000000000003,8.205000000000005,-1.8599999999999994,8.437000000000005,0.8019999999999925,-4.529999999999994,-9.350000000000009,6.409999999999997,-3.6300000000000097,0.0,0,-11.960000000000008,3.3200000000000003,-7.869999999999997,0,5.719999999999999,10.050000000000004,1.6299999999999955,-2.1799999999999997,0.2499999999999929,0.0
2021_10_DET_PIT,2021,10,REG,PIT,DET,16.0,16.0,0.0,32.0,9.0,43.0,-9.0,1.0,-0.5799999999999983,10.159999999999997,4.142500000000005,13.79399999999999,13.726857142857135,5.347500000000004,12.762857142857136,4.730000000000004,4.939999999999991,0.0,0,-1.6400000000000006,-3.1999999999999957,5.909999999999997,0,22.499999999999993,-1.019999999999996,4.300000000000004,4.722500000000004,10.67285714285714,-8.0
2021_10_JAX_IND,2021,10,REG,IND,JAX,23.0,17.0,6.0,40.0,10.5,47.5,-4.5,1.0,4.82,-1.1300000000000026,9.4775,-1.764000000000003,9.508857142857146,6.577500000000001,11.152857142857144,10.519999999999996,0.519999999999996,0.19999999999999996,-1,-0.10999999999999943,1.4799999999999969,-0.47000000000000597,0,-7.6100000000000065,-4.289999999999999,1.6799999999999997,4.657499999999999,5.322857142857146,3.0
2021_10_KC_LV,2021,10,REG,LV,KC,14.0,41.0,-27.0,55.0,-2.5,53.5,-24.5,1.0,-3.809999999999995,-6.705000000000005,-10.012499999999996,-7.83700000000001,-6.651999999999994,-10.435000000000002,5.330000000000005,-8.979999999999997,-2.4100000000000037,-0.19999999999999996,0,-0.0799999999999983,-2.6200000000000045,-3.8499999999999943,0,-7.080000000000005,1.2899999999999991,-2.8900000000000006,-6.202500000000001,-1.7099999999999937,0.0
2021_10_LA_SF,2021,10,REG,SF,LA,31.0,10.0,21.0,41.0,-3.5,50.0,24.5,1.0,-3.6600000000000037,-9.500000000000007,-7.067500000000003,-3.5740000000000123,-3.5868571428571485,-3.167500000000004,-8.162857142857135,2.030000000000001,0.8900000000000006,-0.19999999999999996,0,-1.1400000000000006,0.45000000000000284,0.9799999999999898,0,0.28000000000000114,-11.96,1.3399999999999963,-3.407499999999999,-5.85285714285714,0.0
2021_10_MIN_LAC,2021,10,REG,LAC,MIN,20.0,27.0,-7.0,47.0,3.0,53.5,-10.0,1.0,-0.7199999999999989,2.865000000000009,-3.8924999999999983,7.657000000000011,5.2334285714285755,-3.8374999999999986,2.3114285714285714,5.490000000000002,3.8500000000000014,0.0,0,-2.809999999999995,-2.8999999999999986,5.690000000000005,0,1.5800000000000125,5.589999999999996,-1.5800000000000054,-3.1724999999999994,1.1614285714285728,0.0
2021_10_NO_TEN,2021,10,REG,TEN,NO,23.0,21.0,2.0,44.0,3.0,44.0,-1.0,1.0,-2.9599999999999937,-3.3900000000000006,-6.619999999999997,2.275999999999989,0.31885714285714784,-4.957500000000003,-2.077142857142853,2.8200000000000003,3.200000000000003,0.0,0,0.8599999999999994,1.7700000000000031,-3.3699999999999974,0,-2.719999999999999,1.8599999999999994,-0.6100000000000065,-3.6600000000000037,-2.387142857142848,0.0
2021_10_PHI_DEN,2021,10,REG,DEN,PHI,13.0,30.0,-17.0,43.0,1.0,44.5,-18.0,1.0,0.6700000000000017,-6.795000000000002,1.2075000000000031,-9.011000000000003,-5.866,-0.5349999999999966,-5.199999999999996,-2.1700000000000017,-5.549999999999997,-0.19999999999999996,0,2.710000000000001,-1.5,-5.0,0,-5.400000000000006,-9.530000000000001,-4.32,0.5375000000000014,-4.32,0.0
2021_10_SEA_GB,2021,10,REG,GB,SEA,17.0,0.0,17.0,17.0,3.0,49.5,14.0,1.0,13.529999999999994,22.024999999999984,11.809999999999995,9.07099999999999,4.756,-2.664999999999999,10.86,0.9500000000000028,1.1799999999999926,0.0,0,-2.1899999999999977,-1.4699999999999989,-1.1799999999999997,0,8.179999999999993,8.810000000000002,2.229999999999997,-1.7199999999999989,4.18,-7.0
2021_10_TB_WAS,2021,10,REG,WAS,TB,29.0,19.0,10.0,48.0,-10.0,51.0,20.0,1.0,-10.719999999999999,-24.409999999999997,-14.067499999999995,-16.884,-9.652571428571427,-7.3274999999999935,-7.798571428571421,-6.450000000000003,-1.519999999999996,0.0,0,-5.119999999999997,-6.469999999999999,-1.6199999999999974,0,-13.829999999999998,-13.550000000000004,-4.0,-3.3474999999999966,-6.458571428571425,0.0
2021_11_ARI_SEA,2021,11,REG,SEA,ARI,13.0,23.0,-10.0,36.0,2.5,46.0,-12.5,1.0,-9.600000000000001,-17.055,-9.032500000000006,-9.530999999999999,-5.917428571428573,1.7224999999999895,-5.651428571428575,-0.7000000000000028,-0.37000000000000455,0.0,0,-0.18000000000000682,2.5,4.759999999999998,0,-11.659999999999997,-3.25,-3.469999999999999,0.5674999999999955,-3.8414285714285725,0.0
2021_11_BAL_CHI,2021,11,REG,CHI,BAL,13.0,16.0,-3.0,29.0,-5.0,43.0,2.0,1.0,-11.339999999999996,-14.374999999999993,-21.14,-1.4309999999999974,2.4140000000000015,-12.182500000000005,9.04,6.809999999999995,-3.049999999999997,0.19999999999999996,0,-1.8599999999999994,0.730000000000004,-8.030000000000001,0,0.8100000000000023,-6.880000000000003,-8.630000000000003,-9.800000000000004,0.8100000000000023,3.0
2021_11_CIN_LV,2021,11,REG,LV,CIN,13.0,32.0,-19.0,45.0,-1.0,50.5,-18.0,1.0,1.7299999999999969,1.2899999999999991,-1.2124999999999986,-6.172000000000004,-3.9848571428571518,-3.0999999999999943,0.057142857142849834,-6.640000000000001,-4.809999999999995,0.0,0,2.1300000000000097,-0.5,1.1999999999999957,0,-5.320000000000007,4.440000000000005,-4.670000000000002,-2.9424999999999955,1.7471428571428547,-7.0
2021_11_DAL_KC,2021,11,REG,KC,DAL,19.0,9.0,10.0,28.0,2.5,56.0,7.5,1.0,3.190000000000005,2.2350000000000065,3.424999999999997,-0.5169999999999959,7.042047619047615,3.862499999999997,-1.6059523809523881,3.970000000000006,-1.4500000000000028,0.0,0,2.289999999999999,0.17999999999999972,8.829999999999998,0,-1.480000000000004,-0.4299999999999997,-1.490000000000002,0.23499999999999233,6.604047619047613,0.0
2021_11_DET_CLE,2021,11,REG,CLE,DET,13.0,10.0,3.0,23.0,13.0,42.5,-10.0,1.0,-1.240000000000002,13.385000000000005,2.5375000000000014,17.991000000000007,9.691714285714284,4.302499999999995,12.105714285714285,1.5700000000000003,7.979999999999997,0.19999999999999996,0,9.169999999999995,-2.9000000000000057,1.1699999999999946,0,16.819999999999993,12.430000000000007,-0.2700000000000031,3.7775000000000034,6.325714285714284,0.0
2021_11_GB_MIN,2021,11,REG,MIN,GB,34.0,31.0,3.0,65.0,-1.0,48.0,4.0,1.0,-2.0600000000000023,-3.9950000000000045,0.9974999999999952,-2.708999999999996,-1.1325714285714241,2.9599999999999937,-2.03857142857143,0.5499999999999972,-3.1699999999999946,0.19999999999999996,0,3.6899999999999977,1.1200000000000045,-3.6000000000000014,0,3.2900000000000063,-7.159999999999997,1.6600000000000037,3.0574999999999974,-0.3585714285714303,0.0
2021_11_HOU_TEN,2021,11,REG,TEN,HOU,13.0,22.0,-9.0,35.0,10.5,44.5,-19.5,1.0,12.230000000000004,18.860000000000014,6.484999999999999,13.654000000000003,9.26828571428571,-2.5974999999999966,12.144285714285715,7.439999999999998,4.680000000000007,0.19999999999999996,0,2.519999999999996,7.009999999999998,0.15000000000000568,0,7.1100000000000065,6.149999999999999,-8.440000000000005,-5.7450000000000045,2.2442857142857164,-7.0
2021_11_IND_BUF,2021,11,REG,BUF,IND,15.0,41.0,-26.0,56.0,7.5,49.5,-33.5,1.0,3.440000000000005,14.795000000000009,9.415,9.24900000000001,-2.655999999999999,6.114999999999995,-7.719999999999999,-7.990000000000002,-2.950000000000003,0.0,0,0.35999999999999943,2.780000000000001,5.18,0,9.07,13.640000000000008,6.740000000000002,5.974999999999994,-0.5500000000000043,0.0
2021_11_MIA_NYJ,2021,11,REG,NYJ,MIA,17.0,24.0,-7.0,41.0,-3.5,44.5,-3.5,1.0,-3.3399999999999963,-14.294999999999995,-9.847499999999997,-8.982999999999997,-2.145142857142858,-8.092500000000001,-4.727142857142866,0.7199999999999989,0.7099999999999937,-0.19999999999999996,0,1.3500000000000014,-2.6400000000000006,-2.5,0,-13.129999999999995,-8.780000000000001,-6.699999999999996,-6.5075,-4.117142857142859,-3.0
2021_11_NE_ATL,2021,11,REG,ATL,NE,0.0,25.0,-25.0,25.0,-7.0,47.5,-18.0,1.0,2.270000000000003,-14.135000000000012,0.6825000000000045,-17.39500000000001,-0.5514285714285734,-3.424999999999997,0.03857142857142293,-4.219999999999999,1.9099999999999966,0.0,0,-0.740000000000002,-0.259999999999998,-0.9500000000000028,0,-18.810000000000002,-14.000000000000007,3.530000000000001,-1.5874999999999986,0.4385714285714215,0.0
2021_11_NO_PHI,2021,11,REG,PHI,NO,40.0,29.0,11.0,69.0,2.5,42.5,8.5,1.0,6.140000000000001,-5.199999999999996,3.0250000000000057,-10.103999999999992,-5.017809523809518,-4.41749999999999,-10.37380952380952,0.9499999999999957,3.6000000000000085,0.0,0,-1.6700000000000017,-2.969999999999999,4.3500000000000085,0,-7.8899999999999935,-14.79,2.780000000000001,-3.114999999999995,-6.253809523809522,0.0
2021_11_NYG_TB,2021,11,REG,TB,NYG,30.0,10.0,20.0,40.0,11.5,49.5,8.5,1.0,6.609999999999999,21.42,7.177500000000002,20.455999999999996,8.898857142857132,2.5700000000000074,6.632857142857141,6.830000000000005,1.3400000000000034,0.0,0,3.059999999999995,7.020000000000003,-0.3200000000000003,0,15.709999999999994,13.910000000000004,4.140000000000001,0.5675000000000026,3.2528571428571382,-7.0
2021_11_PIT_LAC,2021,11,REG,LAC,PIT,41.0,37.0,4.0,78.0,5.5,47.5,-1.5,1.0,3.269999999999996,10.719999999999999,0.15499999999999403,9.654000000000003,-0.2917142857142849,-1.7100000000000009,1.0042857142857144,3.720000000000006,0.3500000000000085,0.0,0,3.0,2.710000000000001,0.3400000000000034,0,8.57,6.329999999999998,-3.0700000000000003,-3.115000000000002,-2.4957142857142856,0.0
2021_11_SF_JAX,2021,11,REG,JAX,SF,10.0,30.0,-20.0,40.0,-6.5,45.0,-13.5,1.0,-6.359999999999999,-6.329999999999998,-3.5975000000000037,-6.047999999999995,-8.949428571428562,-2.2650000000000006,4.078571428571436,-11.350000000000001,-1.75,0.0,0,-0.8999999999999986,-5.619999999999997,-5.299999999999997,0,-0.9899999999999949,1.0500000000000043,-0.490000000000002,2.7624999999999957,-2.8714285714285666,1.0
2021_11_WAS_CAR,2021,11,REG,CAR,WAS,21.0,27.0,-6.0,48.0,3.5,43.0,-9.5,1.0,1.2199999999999989,14.865000000000009,-1.3975000000000009,11.859000000000009,1.0111428571428505,-4.984999999999999,7.657142857142851,-4.509999999999998,-0.6200000000000045,0.0,0,0.14000000000000057,-2.5900000000000034,-1.5799999999999983,0,15.340000000000003,11.950000000000003,-4.380000000000003,-2.6174999999999997,2.797142857142852,0.0
2021_12_ATL_JAX,2021,12,REG,JAX,ATL,14.0,21.0,-7.0,35.0,-1.5,46.0,-5.5,1.0,-4.730000000000004,3.224999999999987,-5.710000000000001,6.536999999999999,-5.7965714285714185,-0.8975000000000009,-2.2285714285714278,-4.460000000000001,-0.6799999999999926,-0.19999999999999996,0,1.0499999999999972,0.6400000000000006,-3.7099999999999937,0,12.079999999999991,3.8299999999999983,-4.920000000000002,-0.9799999999999969,-4.378571428571426,-3.0
2021_12_BUF_NO,2021,12,REG,NO,BUF,6.0,31.0,-25.0,37.0,-7.0,45.0,-18.0,1.0,-10.020000000000003,-6.979999999999997,-11.29,3.906000000000006,6.7860000000000085,1.0125000000000028,9.13000000000001,5.030000000000001,-0.8900000000000006,0.0,0,0.7800000000000011,1.2299999999999969,-1.5799999999999983,0,5.860000000000014,0.21999999999999886,-1.5200000000000031,-1.269999999999996,5.920000000000009,0.0
2021_12_CAR_MIA,2021,12,REG,MIA,CAR,33.0,10.0,23.0,43.0,-1.0,41.0,24.0,1.0,2.3999999999999986,3.6100000000000065,6.609999999999999,0.15800000000000836,3.5737142857142956,7.447500000000005,-2.724285714285699,0.259999999999998,-1.3999999999999915,0.19999999999999996,0,-0.7800000000000011,3.0999999999999943,5.910000000000004,0,2.3400000000000034,0.0799999999999983,6.049999999999997,4.210000000000001,4.625714285714295,0.0
2021_12_CHI_DET,2021,12,REG,DET,CHI,14.0,16.0,-2.0,30.0,-2.0,41.5,0.0,1.0,5.739999999999995,-1.875000000000007,6.939999999999998,-10.983000000000004,-12.623714285714286,2.325000000000003,-10.215714285714284,-2.3200000000000003,-4.3799999999999955,0.0,0,1.6600000000000037,1.1099999999999994,2.239999999999995,0,-10.119999999999997,-5.109999999999999,0.21000000000000085,1.2000000000000028,-9.255714285714284,0.0
2021_12_CLE_BAL,2021,12,REG,BAL,CLE,16.0,10.0,6.0,26.0,3.0,47.0,3.0,1.0,5.210000000000008,0.6799999999999926,9.992500000000007,-5.098000000000013,0.34199999999999875,3.852499999999999,-11.380000000000003,1.0,-0.3299999999999983,-0.19999999999999996,0,-9.769999999999996,0.45000000000000284,4.219999999999999,0,-10.91000000000001,1.8499999999999943,8.0,4.782499999999999,0.9099999999999966,0.0
2021_12_LAC_DEN,2021,12,REG,DEN,LAC,28.0,13.0,15.0,41.0,-2.5,47.5,17.5,1.0,-5.1200000000000045,-16.545,-3.3000000000000043,-13.393,-3.0751428571428647,-0.23500000000000654,-5.987142857142864,-3.519999999999996,-3.239999999999995,0.0,0,-0.8900000000000006,-1.509999999999998,-3.3299999999999983,0,-11.869999999999997,-10.980000000000004,-1.1999999999999957,1.8200000000000003,-1.1071428571428612,7.0
2021_12_LA_GB,2021,12,REG,GB,LA,36.0,28.0,8.0,64.0,-2.0,47.0,10.0,1.0,2.8700000000000045,7.325000000000003,4.1825000000000045,-0.3130000000000024,-5.039428571428566,1.2774999999999963,4.03857142857143,-5.810000000000002,-2.039999999999992,-0.19999999999999996,0,-0.46999999999999886,0.36999999999999744,-1.9499999999999957,0,1.5300000000000011,7.380000000000003,2.549999999999997,1.3125,-0.27142857142856514,-6.0
2021_12_LV_DAL,2021,12,REG,DAL,LV,33.0,36.0,-3.0,69.0,7.0,51.0,-10.0,1.0,0.5,4.950000000000003,7.162500000000001,8.498000000000012,-0.8346190476190358,5.922499999999999,-3.6526190476190408,5.1200000000000045,3.9199999999999946,0.0,0,-3.710000000000008,2.480000000000004,-5.019999999999996,0,8.43,0.46999999999999886,7.800000000000004,6.662500000000001,-4.882619047619045,0.0
2021_12_MIN_SF,2021,12,REG,SF,MIN,34.0,26.0,8.0,60.0,3.5,49.0,4.5,1.0,-2.6300000000000026,-1.2900000000000063,-8.847499999999997,7.721999999999994,6.25628571428571,-5.16749999999999,-6.155714285714289,6.240000000000002,6.419999999999995,0.0,0,-5.119999999999997,-0.38000000000000256,7.1000000000000085,0,3.549999999999997,-0.8699999999999974,-2.6499999999999986,-6.217499999999994,-0.1257142857142881,0.0
2021_12_NYJ_HOU,2021,12,REG,HOU,NYJ,14.0,21.0,-7.0,35.0,3.0,44.5,-10.0,1.0,-2.1600000000000037,1.3249999999999957,6.189999999999998,-1.8170000000000002,-2.990571428571428,9.375,-0.9385714285714286,-6.609999999999999,-2.1199999999999903,0.19999999999999996,0,0.6799999999999997,4.350000000000001,-1.4099999999999966,0,2.1400000000000006,4.829999999999998,8.490000000000002,8.350000000000001,2.3114285714285714,0.0
2021_12_PHI_NYG,2021,12,REG,NYG,PHI,13.0,7.0,6.0,20.0,-4.0,45.5,10.0,1.0,-0.6599999999999966,-8.764999999999986,1.2050000000000054,-8.020999999999994,-0.8045714285714354,0.865000000000002,-3.1585714285714346,0.36999999999999744,-1.3299999999999983,-0.20000000000000007,0,0.5399999999999991,-0.9299999999999997,-7.440000000000005,0,-7.969999999999992,-8.240000000000002,-1.6300000000000026,1.865000000000002,-0.8885714285714315,-1.0
2021_12_PIT_CIN,2021,12,REG,CIN,PIT,41.0,10.0,31.0,51.0,3.5,43.5,27.5,1.0,2.490000000000002,10.710000000000015,2.1999999999999957,11.40400000000001,1.2668571428571411,2.094999999999999,-1.117142857142852,3.1000000000000014,1.8299999999999983,0.0,0,3.8299999999999983,2.5799999999999983,0.0899999999999963,0,7.660000000000004,8.780000000000001,2.1000000000000014,-0.29000000000000625,-1.9171428571428564,0.0
2021_12_SEA_WAS,2021,12,REG,WAS,SEA,17.0,15.0,2.0,32.0,-1.0,47.0,3.0,1.0,2.8299999999999983,3.0149999999999935,0.8625000000000043,1.3289999999999935,0.7197142857142822,-5.937499999999993,-1.0142857142857125,1.1999999999999957,0.5499999999999972,0.0,0,-3.8000000000000043,-4.509999999999998,-8.899999999999999,0,-2.480000000000004,2.8499999999999943,5.780000000000001,-1.967499999999994,-0.42428571428571615,0.0
2021_12_TB_IND,2021,12,REG,IND,TB,31.0,38.0,-7.0,69.0,-3.0,53.0,-4.0,1.0,-5.169999999999995,-21.28499999999999,-5.527499999999996,-17.924999999999997,-4.657142857142851,-4.197500000000005,5.362857142857159,-1.4799999999999969,-1.6200000000000045,0.0,0,-3.280000000000001,-5.990000000000002,-5.410000000000004,0,-14.979999999999997,-17.25,-6.299999999999997,-0.3575000000000017,-2.847142857142849,1.0
2021_12_TEN_NE,2021,12,REG,NE,TEN,36.0,13.0,23.0,49.0,7.5,43.0,15.5,1.0,-4.480000000000004,-1.3999999999999915,-1.6200000000000045,1.2660000000000053,-3.724000000000011,2.874999999999993,-12.07,-1.3500000000000014,-3.0799999999999983,-0.19999999999999996,0,-3.440000000000005,-4.530000000000001,8.330000000000005,0,3.8799999999999955,2.280000000000001,0.720000000000006,2.8599999999999994,-1.9100000000000037,3.0
2021_13_ARI_CHI,2021,13,REG,CHI,ARI,22.0,33.0,-11.0,55.0,-7.5,43.5,-3.5,1.0,-8.18,-7.519999999999989,-12.305000000000007,-1.1079999999999899,1.1834285714285642,-6.535000000000011,1.471428571428568,3.299999999999997,-1.8999999999999915,0.19999999999999996,0,-2.3100000000000023,-1.6199999999999974,-2.509999999999998,0,-0.7399999999999949,2.0600000000000023,-0.7700000000000031,-4.125000000000007,2.951428571428565,-4.0
2021_13_BAL_PIT,2021,13,REG,PIT,BAL,20.0,19.0,1.0,39.0,-4.0,44.0,5.0,1.0,-4.090000000000003,-12.535000000000004,-6.382500000000007,-9.820999999999998,-1.5345714285714251,-3.200000000000003,8.411428571428573,-0.20999999999999375,-3.049999999999997,0.0,0,0.05000000000000426,0.5599999999999952,-2.6500000000000057,0,-5.669999999999995,-11.220000000000006,2.8399999999999963,-2.292500000000004,-0.15857142857142748,0.0
2021_13_DAL_NO,2021,13,REG,NO,DAL,17.0,27.0,-10.0,44.0,-6.0,46.0,-4.0,1.0,-9.0,1.0049999999999955,-5.260000000000005,10.582999999999991,11.312999999999988,6.572499999999998,14.174999999999997,4.509999999999998,-1.3900000000000006,0.0,0,0.6600000000000037,2.6300000000000026,2.25,0,12.5,7.509999999999998,3.3399999999999963,3.739999999999995,10.734999999999992,0.0
2021_13_DEN_KC,2021,13,REG,KC,DEN,22.0,9.0,13.0,31.0,8.5,46.5,4.5,1.0,7.969999999999999,14.519999999999996,10.445,6.962000000000003,5.670571428571435,6.149999999999999,-1.991428571428571,4.18,-0.6199999999999903,0.19999999999999996,0,2.3999999999999915,4.850000000000001,8.310000000000002,0,7.609999999999999,5.490000000000002,1.8399999999999963,2.4750000000000014,5.258571428571429,7.0
2021_13_IND_HOU,2021,13,REG,HOU,IND,0.0,31.0,-31.0,31.0,-10.0,45.5,-21.0,1.0,-5.810000000000002,0.9899999999999949,-2.4399999999999977,0.7920000000000016,-5.576571428571427,2.4525000000000006,-10.438571428571429,-6.579999999999998,-3.989999999999995,-0.19999999999999996,0,0.39000000000000057,1.529999999999994,-3.770000000000003,0,6.5,7.100000000000001,7.009999999999998,3.3700000000000045,0.43142857142856883,0.0
2021_13_JAX_LA,2021,13,REG,LA,JAX,37.0,7.0,30.0,44.0,14.0,48.0,16.0,1.0,6.350000000000001,10.160000000000004,6.427500000000002,5.214000000000006,8.29685714285715,4.605000000000004,3.9928571428571473,8.68,0.6299999999999955,0.19999999999999996,0,1.7800000000000011,4.079999999999998,6.960000000000008,0,-1.0499999999999972,8.669999999999995,-1.5600000000000023,0.07750000000000057,6.892857142857146,0.0
2021_13_LAC_CIN,2021,13,REG,CIN,LAC,22.0,41.0,-19.0,63.0,2.5,49.5,-21.5,1.0,-1.6899999999999977,-0.7799999999999869,1.2700000000000031,-1.6299999999999883,-1.0657142857142787,3.8275000000000006,0.124285714285719,-7.689999999999998,-1.4299999999999926,-0.19999999999999996,0,1.7299999999999898,1.3999999999999986,-1.8699999999999974,0,-0.75,2.5700000000000074,3.6199999999999974,2.960000000000001,1.4742857142857204,0.0
2021_13_MIN_DET,2021,13,REG,DET,MIN,29.0,27.0,2.0,56.0,-7.0,47.5,9.0,1.0,-4.100000000000001,-3.0450000000000017,-10.494999999999997,0.13100000000000023,-4.252571428571429,-10.149999999999991,-6.558571428571426,-2.5799999999999983,-0.75,0.19999999999999996,0,-6.670000000000002,-3.6699999999999946,-3.1000000000000014,0,3.789999999999999,-1.6799999999999997,-5.950000000000003,-6.394999999999996,-3.328571428571429,3.0
2021_13_NE_BUF,2021,13,REG,BUF,NE,10.0,14.0,-4.0,24.0,3.0,40.0,-7.0,1.0,3.0300000000000082,-7.3249999999999815,7.867500000000014,-13.706999999999994,-6.566285714285719,2.677500000000002,3.115714285714283,-7.399999999999999,-1.0799999999999983,0.0,0,0.730000000000004,0.7000000000000028,-0.8500000000000085,0,-6.530000000000001,-14.18,7.899999999999999,4.837500000000006,-3.2142857142857153,3.0
2021_13_NYG_MIA,2021,13,REG,MIA,NYG,20.0,9.0,11.0,29.0,6.5,40.0,4.5,1.0,0.5300000000000011,14.075000000000003,1.2199999999999989,13.49300000000001,2.770857142857153,1.0574999999999974,2.382857142857141,4.439999999999998,-2.3699999999999903,0.0,0,-2.530000000000001,0.8500000000000014,2.970000000000006,0,17.220000000000006,9.870000000000005,2.690000000000005,0.6899999999999977,2.8228571428571456,0.0
2021_13_PHI_NYJ,2021,13,REG,NYJ,PHI,18.0,33.0,-15.0,51.0,-5.0,44.0,-10.0,1.0,-2.1599999999999966,-8.024999999999999,-4.8125,-5.342999999999996,-1.8908571428571364,-4.06750000000001,-2.952857142857141,5.630000000000003,-2.759999999999991,0.0,0,-0.7199999999999989,-1.6400000000000006,-6.040000000000006,0,-3.789999999999999,-7.939999999999998,-3.990000000000002,-2.6525000000000034,-2.412857142857142,0.0
2021_13_SF_SEA,2021,13,REG,SEA,SF,30.0,23.0,7.0,53.0,-3.0,44.5,10.0,1.0,-8.719999999999999,-16.859999999999985,-0.04250000000000398,-12.015999999999991,-6.754571428571431,7.694999999999993,-6.03857142857143,-6.640000000000001,-1.8500000000000085,0.0,0,2.6399999999999935,0.5399999999999991,-1.9699999999999989,0,-8.909999999999997,-7.369999999999997,5.8799999999999955,8.677499999999995,-2.8785714285714263,-1.0
2021_13_TB_ATL,2021,13,REG,ATL,TB,17.0,30.0,-13.0,47.0,-11.0,51.0,-2.0,1.0,-3.0800000000000054,-22.390000000000008,-6.26250000000001,-23.33,-8.389999999999993,-8.41000000000001,-11.759999999999998,-7.199999999999996,-1.75,0.0,0,-4.460000000000008,-8.250000000000007,-2.730000000000004,0,-20.17,-18.450000000000003,-2.020000000000003,-3.1825000000000045,-4.369999999999997,0.0
2021_13_WAS_LV,2021,13,REG,LV,WAS,15.0,17.0,-2.0,32.0,1.0,47.5,-3.0,1.0,7.339999999999996,13.009999999999998,3.427500000000002,0.730000000000004,0.2585714285714289,-0.20250000000000057,5.618571428571421,-3.530000000000001,-5.039999999999999,-0.19999999999999996,0,6.159999999999997,2.0,9.250000000000007,0,7.219999999999999,4.1200000000000045,-5.600000000000001,-3.9124999999999943,5.198571428571427,4.0
2021_14_ATL_CAR,2021,14,REG,CAR,ATL,21.0,29.0,-8.0,50.0,2.5,41.0,-10.5,1.0,-5.730000000000004,6.654999999999987,-6.027500000000003,13.834999999999994,-0.021428571428565135,-4.0075,7.828571428571436,5.550000000000004,-0.8999999999999915,-0.19999999999999996,0,0.20000000000000284,0.030000000000001137,-11.07,0,13.919999999999995,10.850000000000001,-5.32,-0.29749999999999943,-1.471428571428568,7.0
2021_14_BAL_CLE,2021,14,REG,CLE,BAL,24.0,22.0,2.0,46.0,3.0,44.0,-1.0,1.0,-6.169999999999995,-3.1400000000000077,-7.2024999999999935,3.447999999999986,-2.296285714285716,-0.20250000000000057,11.185714285714283,-0.9400000000000048,0.14999999999999147,0.0,0,8.82,-0.6599999999999966,-3.8200000000000003,0,8.429999999999993,-2.3700000000000045,1.25,-1.0324999999999989,-2.7142857142857153,7.0
2021_14_BUF_TB,2021,14,REG,TB,BUF,33.0,27.0,6.0,60.0,3.5,52.5,2.5,1.0,1.480000000000004,8.305000000000007,-2.0700000000000003,12.901000000000003,11.320285714285724,1.3374999999999915,5.804285714285719,8.880000000000003,4.579999999999998,0.19999999999999996,0,2.569999999999993,4.079999999999998,3.490000000000009,0,6.570000000000007,7.079999999999998,-1.2899999999999991,-3.5500000000000043,5.2442857142857235,1.0
2021_14_CHI_GB,2021,14,REG,GB,CHI,45.0,30.0,15.0,75.0,11.5,43.0,3.5,1.0,9.110000000000007,4.835000000000001,12.665000000000006,-7.943000000000005,-8.676571428571421,7.615000000000002,-0.9285714285714235,-2.960000000000001,-0.710000000000008,0.0,0,5.020000000000003,2.4399999999999977,4.399999999999999,0,-4.709999999999994,-3.839999999999989,2.3000000000000043,3.5549999999999997,-5.008571428571422,7.0
2021_14_DAL_WAS,2021,14,REG,WAS,DAL,20.0,27.0,-7.0,47.0,-6.5,48.0,-0.5,1.0,-7.350000000000001,-7.575000000000003,-8.259999999999998,2.0990000000000038,4.673761904761911,-3.6499999999999986,2.199761904761907,3.6999999999999957,1.0700000000000074,0.0,0,-1.9699999999999989,-3.6400000000000006,-4.140000000000001,0,-0.6499999999999986,0.20000000000000284,-0.36999999999999744,-0.9099999999999966,2.3497619047619054,-3.0
2021_14_DET_DEN,2021,14,REG,DEN,DET,38.0,10.0,28.0,48.0,13.0,42.0,15.0,1.0,-0.9299999999999997,2.2349999999999994,0.6875,2.723000000000006,3.9580000000000055,0.2924999999999969,7.239999999999995,-2.1700000000000017,0.7600000000000051,-0.20000000000000007,0,0.00999999999999801,0.10000000000000142,-0.6700000000000017,0,-0.7999999999999972,7.130000000000003,-1.8800000000000026,1.6174999999999997,4.399999999999999,0.0
2021_14_JAX_TEN,2021,14,REG,TEN,JAX,20.0,0.0,20.0,20.0,8.5,44.5,11.5,1.0,6.589999999999996,12.259999999999998,6.642499999999998,6.158000000000001,7.5351428571428585,2.9424999999999955,9.567142857142855,-0.5499999999999972,1.6400000000000006,-0.19999999999999996,0,2.1599999999999966,6.699999999999996,2.009999999999998,0,2.980000000000004,8.360000000000007,-1.4500000000000028,0.05250000000000199,7.047142857142859,7.0
2021_14_LA_ARI,2021,14,REG,ARI,LA,23.0,30.0,-7.0,53.0,3.0,51.0,-10.0,1.0,-1.3499999999999943,0.3299999999999983,-1.5899999999999963,2.2519999999999953,0.0519999999999996,-0.6825000000000045,2.049999999999997,-5.93,0.18999999999999773,0.0,0,1.2399999999999949,-0.6000000000000014,-3.049999999999997,0,8.009999999999991,-4.649999999999999,0.8900000000000006,-0.240000000000002,-0.5200000000000031,0.0
2021_14_LV_KC,2021,14,REG,KC,LV,48.0,9.0,39.0,57.0,10.0,48.0,29.0,1.0,3.8899999999999935,5.969999999999992,9.544999999999995,4.661999999999999,5.90342857142857,7.395000000000003,-3.6585714285714275,5.420000000000002,2.1600000000000037,0.0,0,-1.9899999999999949,2.5,2.3900000000000006,0,4.169999999999995,-0.00999999999999801,3.710000000000001,5.655000000000001,3.3214285714285694,0.0
2021_14_NO_NYJ,2021,14,REG,NYJ,NO,9.0,30.0,-21.0,39.0,-4.5,42.0,-16.5,1.0,2.530000000000001,-7.979999999999997,-6.192500000000003,-9.251999999999995,-4.98985714285714,-11.2575,-11.707857142857137,3.0600000000000023,0.8400000000000034,0.0,0,-1.0600000000000023,-4.589999999999996,-2.5700000000000003,0,-11.530000000000008,-9.490000000000002,-6.369999999999997,-8.722500000000004,-6.247857142857143,-3.0
2021_14_NYG_LAC,2021,14,REG,LAC,NYG,37.0,21.0,16.0,58.0,9.5,44.0,6.5,1.0,6.730000000000004,19.080000000000013,3.220000000000006,13.88000000000001,2.3800000000000026,-0.9124999999999943,5.469999999999999,6.130000000000003,-1.75,0.19999999999999996,0,1.2000000000000028,2.0999999999999943,5.739999999999995,0,14.589999999999996,10.110000000000007,-1.4199999999999946,-3.509999999999998,0.8500000000000014,0.0
2021_14_PIT_MIN,2021,14,REG,MIN,PIT,36.0,28.0,8.0,64.0,3.5,45.0,4.5,1.0,5.160000000000004,-9.059999999999995,7.207499999999996,-16.122,-8.66771428571429,5.107499999999995,-4.015714285714289,-0.740000000000002,-3.430000000000007,0.0,0,7.930000000000007,4.68,-3.9000000000000057,0,-27.950000000000003,-0.490000000000002,1.6899999999999977,2.0474999999999923,-6.765714285714289,0.0
2021_14_SEA_HOU,2021,14,REG,HOU,SEA,13.0,33.0,-20.0,46.0,-10.0,40.5,-10.0,1.0,2.6099999999999994,9.174999999999997,2.497499999999995,2.2349999999999994,-0.8842857142857099,-3.8900000000000006,1.1457142857142841,-1.6099999999999994,-3.4299999999999926,0.0,0,-3.6000000000000014,-2.980000000000004,-7.459999999999994,0,4.519999999999996,8.61,2.1200000000000045,-0.11250000000000426,3.4457142857142884,0.0
2021_14_SF_CIN,2021,14,REG,CIN,SF,23.0,26.0,-3.0,49.0,-2.5,49.0,-0.5,1.0,0.6799999999999997,-2.3100000000000023,3.1700000000000017,-7.68,-4.715714285714284,0.8325000000000031,-0.9757142857142824,-7.960000000000001,-4.1200000000000045,0.0,0,2.9399999999999977,-0.35999999999999943,-6.309999999999995,0,-1.2399999999999949,-4.740000000000002,3.9399999999999977,2.490000000000002,-0.02571428571428669,0.0
2021_15_ARI_DET,2021,15,REG,DET,ARI,30.0,12.0,18.0,42.0,-13.0,48.0,31.0,1.0,-2.5899999999999963,-7.794999999999995,-4.794999999999995,-9.603000000000002,-9.973714285714294,-3.967500000000001,-8.43571428571429,-1.529999999999994,-5.3700000000000045,0.0,0,-2.769999999999996,-2.739999999999995,0.5,0,-11.270000000000003,0.8599999999999994,1.7399999999999949,-2.2049999999999983,-5.575714285714291,1.0
2021_15_ATL_SF,2021,15,REG,SF,ATL,31.0,13.0,18.0,44.0,9.5,48.0,8.5,1.0,-0.09000000000000341,3.4450000000000003,-2.477499999999999,7.547000000000004,1.8305714285714245,2.180000000000007,4.638571428571424,6.590000000000003,1.2999999999999972,0.0,0,2.229999999999997,6.829999999999998,2.3299999999999983,0,-0.010000000000005116,7.079999999999998,-4.789999999999999,-2.3874999999999957,-2.181428571428576,0.0
2021_15_CAR_BUF,2021,15,REG,BUF,CAR,31.0,14.0,17.0,45.0,14.0,43.0,3.0,1.0,7.539999999999999,5.395000000000003,11.5075,-4.782999999999994,-1.5865714285714247,5.622500000000002,-1.8285714285714292,-5.869999999999997,-1.9000000000000057,-0.19999999999999996,0,1.8800000000000026,-0.38000000000000256,10.780000000000001,0,-3.769999999999996,-0.519999999999996,2.509999999999998,3.967500000000001,1.0514285714285734,0.0
2021_15_CIN_DEN,2021,15,REG,DEN,CIN,10.0,15.0,-5.0,25.0,3.0,45.0,-8.0,1.0,-3.490000000000002,0.5499999999999972,-4.07,3.9739999999999966,0.06400000000000006,-4.604999999999997,2.4100000000000037,-2.719999999999999,1.1699999999999875,-0.19999999999999996,0,-4.719999999999999,-4.769999999999996,-0.6499999999999986,0,3.5700000000000074,4.509999999999998,-4.399999999999999,-0.5799999999999983,0.13000000000000256,0.0
2021_15_DAL_NYG,2021,15,REG,NYG,DAL,6.0,21.0,-15.0,27.0,-11.5,43.0,-3.5,1.0,-10.350000000000001,-11.799999999999997,-12.2425,-4.627999999999993,1.987952380952386,-4.049999999999997,2.9059523809523853,0.5499999999999972,-6.6200000000000045,-0.4,0,-1.4100000000000037,-3.3100000000000023,-1.4200000000000017,0,-2.4299999999999997,-0.46999999999999886,-3.25,-1.8924999999999983,5.165952380952383,0.0
2021_15_GB_BAL,2021,15,REG,BAL,GB,30.0,31.0,-1.0,61.0,-9.5,45.5,8.5,1.0,-3.5,-1.7050000000000125,-2.344999999999999,4.9469999999999885,4.063428571428567,-0.12749999999999773,-5.868571428571435,1.3400000000000034,1.1700000000000017,0.19999999999999996,0,-3.509999999999998,-1.779999999999994,3.729999999999997,0,1.0499999999999972,2.539999999999992,-3.1400000000000006,1.1550000000000011,0.9114285714285657,0.0
2021_15_HOU_JAX,2021,15,REG,JAX,HOU,16.0,30.0,-14.0,46.0,6.0,40.0,-20.0,1.0,-9.970000000000006,-11.850000000000001,-15.857500000000016,1.2379999999999995,-0.8234285714285718,-7.120000000000012,-0.6314285714285717,-2.8800000000000026,2.269999999999996,0.19999999999999996,0,0.0799999999999983,-3.6400000000000006,-1.0700000000000003,0,1.5800000000000054,-5.339999999999996,-7.43,-5.88750000000001,-3.941428571428567,0.0
2021_15_KC_LAC,2021,15,REG,LAC,KC,28.0,34.0,-6.0,62.0,-3.0,54.0,-3.0,1.0,-2.4099999999999966,3.0799999999999983,-5.197499999999998,6.893999999999998,-1.2860000000000014,-4.820000000000007,7.509999999999998,2.0500000000000043,1.3399999999999892,0.0,0,-1.3799999999999955,-3.3500000000000014,-4.310000000000002,0,5.1499999999999915,5.829999999999991,-0.21999999999999886,-2.7875000000000014,-2.690000000000005,0.0
2021_15_LV_CLE,2021,15,REG,CLE,LV,14.0,16.0,-2.0,30.0,-3.0,41.0,1.0,1.0,-4.470000000000006,-0.3100000000000094,1.4499999999999957,8.247999999999998,2.606571428571428,5.445000000000007,4.6785714285714235,1.1499999999999986,6.369999999999997,0.19999999999999996,0,2.9399999999999977,-3.450000000000003,-2.579999999999991,0,13.75,-5.43,1.9200000000000017,5.920000000000002,-1.481428571428573,0.0
2021_15_MIN_CHI,2021,15,REG,CHI,MIN,9.0,17.0,-8.0,26.0,-7.0,48.0,-1.0,1.0,-9.899999999999999,4.1399999999999935,-16.727499999999992,17.15999999999999,9.492857142857147,-11.48749999999999,2.9828571428571493,2.6600000000000037,3.3400000000000034,0.0,0,-9.229999999999997,-5.449999999999996,-2.049999999999997,0,14.560000000000002,13.519999999999996,-4.549999999999997,-6.8274999999999935,6.37285714285715,-3.0
2021_15_NE_IND,2021,15,REG,IND,NE,27.0,17.0,10.0,44.0,-1.0,46.0,11.0,1.0,-0.9600000000000009,-15.730000000000011,0.0625,-13.864000000000011,1.6702857142857113,0.542500000000004,10.734285714285704,0.17999999999999972,2.010000000000005,0.0,0,-0.3200000000000003,-0.6000000000000014,1.1600000000000037,0,-14.049999999999997,-15.490000000000009,1.009999999999998,1.0225000000000009,0.7642857142857125,1.0
2021_15_NO_TB,2021,15,REG,TB,NO,0.0,9.0,-9.0,9.0,11.5,45.5,-20.5,1.0,10.949999999999996,14.544999999999995,7.85499999999999,7.547000000000004,3.180571428571433,-0.025000000000005684,-3.951428571428572,5.1200000000000045,3.730000000000004,0.0,0,2.799999999999997,3.1799999999999926,5.590000000000003,0,1.75,5.440000000000012,0.7299999999999969,-3.095000000000006,-0.7714285714285722,0.0
2021_15_NYJ_MIA,2021,15,REG,MIA,NYJ,31.0,24.0,7.0,55.0,10.5,42.0,-3.5,1.0,5.080000000000005,17.66000000000001,11.942500000000003,10.788000000000004,2.4979999999999976,8.527499999999996,2.989999999999995,-4.089999999999996,-0.6099999999999994,0.0,0,0.8300000000000054,2.759999999999998,0.9600000000000009,0,14.910000000000004,10.250000000000007,7.300000000000004,6.862499999999997,4.289999999999999,7.0
2021_15_SEA_LA,2021,15,REG,LA,SEA,20.0,10.0,10.0,30.0,7.5,47.0,2.5,1.0,0.6200000000000045,9.570000000000007,-4.4624999999999915,9.660000000000004,6.394285714285715,-5.484999999999992,4.684285714285714,3.049999999999997,0.29999999999999716,0.0,0,-1.8799999999999955,-1.8999999999999986,-0.18000000000000682,0,6.429999999999993,11.469999999999999,-7.339999999999996,-5.082499999999996,5.684285714285714,-1.0
2021_15_TEN_PIT,2021,15,REG,PIT,TEN,19.0,13.0,6.0,32.0,1.0,44.0,5.0,1.0,-4.810000000000002,-10.400000000000006,-3.6100000000000065,-8.850000000000009,-2.7357142857142946,2.3399999999999963,-3.86571428571429,-4.82,-2.5900000000000034,0.19999999999999996,0,-2.9499999999999957,2.6400000000000006,6.229999999999997,0,-5.409999999999997,-5.770000000000003,5.630000000000003,1.1999999999999957,0.5242857142857105,3.0
2021_15_WAS_PHI,2021,15,REG,PHI,WAS,27.0,17.0,10.0,44.0,10.0,39.5,0.0,1.0,2.9399999999999977,4.314999999999998,-1.8375000000000057,0.28700000000000614,2.063428571428581,-4.314999999999998,3.8414285714285796,-2.799999999999997,0.9899999999999949,0.0,0,1.1300000000000026,1.8500000000000014,2.5900000000000034,0,4.57,-1.8200000000000003,-4.520000000000003,-4.777500000000003,3.151428571428575,7.0
2021_16_BAL_CIN,2021,16,REG,CIN,BAL,41.0,21.0,20.0,62.0,7.5,43.0,12.5,1.0,9.979999999999997,1.2349999999999994,8.224999999999987,-7.193000000000005,-0.9108571428571466,0.125,6.1671428571428635,2.6199999999999974,-1.8800000000000097,-0.19999999999999996,0,5.68,3.5799999999999983,-5.709999999999994,0,-4.3799999999999955,-13.11,4.339999999999996,-1.7550000000000097,-2.462857142857139,0.0
2021_16_BUF_NE,2021,16,REG,NE,BUF,21.0,33.0,-12.0,54.0,1.0,43.5,-13.0,1.0,-2.5700000000000074,1.730000000000004,-3.9550000000000125,6.534000000000006,3.4625714285714224,0.01749999999999119,-1.191428571428574,5.350000000000001,0.9399999999999977,0.0,0,-3.680000000000007,-2.509999999999998,2.5899999999999963,0,5.650000000000006,2.950000000000003,-3.0,-1.3850000000000051,1.2285714285714278,0.0
2021_16_CHI_SEA,2021,16,REG,SEA,CHI,24.0,25.0,-1.0,49.0,7.0,41.0,-8.0,1.0,8.590000000000003,-6.950000000000003,14.905000000000008,-15.104000000000006,-9.034000000000006,11.347500000000004,-8.900000000000006,-2.009999999999998,2.6599999999999966,0.19999999999999996,0,7.699999999999996,4.93,6.820000000000007,0,-13.840000000000003,-17.240000000000002,2.9100000000000037,6.315000000000005,-9.470000000000006,1.0
2021_16_CLE_GB,2021,16,REG,GB,CLE,24.0,22.0,2.0,46.0,7.5,46.5,-5.5,1.0,11.760000000000005,8.985,10.950000000000003,-6.295000000000009,-2.6971428571428646,-0.35249999999999915,-0.1771428571428615,-0.3299999999999983,-1.3700000000000045,0.0,0,-4.519999999999996,2.1700000000000017,0.6099999999999994,0,-9.650000000000006,4.099999999999994,1.7199999999999989,-0.8100000000000023,0.8228571428571385,0.0
2021_16_DEN_LV,2021,16,REG,LV,DEN,17.0,13.0,4.0,30.0,-1.0,42.0,5.0,1.0,3.969999999999999,5.170000000000002,1.1799999999999997,-1.475999999999999,-1.0631428571428572,-1.0424999999999969,-2.067142857142855,1.4399999999999977,-3.470000000000013,0.0,0,4.809999999999995,2.3800000000000026,3.6500000000000057,0,2.1099999999999994,0.29000000000000625,-1.1499999999999986,-2.789999999999999,1.6128571428571448,0.0
2021_16_DET_ATL,2021,16,REG,ATL,DET,20.0,16.0,4.0,36.0,7.5,42.5,-3.5,1.0,1.5599999999999952,-4.510000000000005,0.12249999999999517,-3.8980000000000032,5.967714285714287,-1.2899999999999991,5.895714285714291,2.259999999999998,4.549999999999997,0.0,0,-0.990000000000002,-0.3500000000000014,4.530000000000001,0,-9.0,-3.1400000000000006,-0.990000000000002,-1.4375,3.79571428571429,0.0
2021_16_IND_ARI,2021,16,REG,ARI,IND,16.0,22.0,-6.0,38.0,3.0,48.0,-9.0,1.0,2.260000000000005,12.450000000000003,-0.24249999999999972,10.638000000000005,0.022285714285722236,0.42499999999999716,-7.2457142857142784,-4.530000000000001,0.5799999999999983,0.0,0,2.8500000000000014,3.260000000000005,-0.5600000000000023,0,14.759999999999998,5.619999999999997,0.8400000000000034,-2.502500000000005,-0.42571428571428527,0.0
2021_16_JAX_NYJ,2021,16,REG,NYJ,JAX,26.0,21.0,5.0,47.0,2.5,42.5,2.5,1.0,-2.6099999999999994,-2.0549999999999926,-3.594999999999999,1.7270000000000039,3.15342857142857,-0.7375000000000043,-3.7185714285714297,8.200000000000003,-0.8900000000000006,0.0,0,-3.299999999999997,-0.060000000000002274,3.0900000000000034,0,-1.7399999999999949,2.8499999999999943,-1.3100000000000023,-0.9849999999999994,1.981428571428573,0.0
2021_16_LAC_HOU,2021,16,REG,HOU,LAC,41.0,29.0,12.0,70.0,-13.5,46.0,25.5,1.0,2.0700000000000074,-5.940000000000005,7.585000000000008,-13.268000000000015,-7.2651428571428625,2.3200000000000003,-6.82714285714286,-7.089999999999996,-1.6200000000000045,0.0,0,-1.0799999999999983,-0.11000000000000654,-6.940000000000005,0,-10.740000000000009,-5.280000000000001,7.170000000000002,5.515000000000001,-2.00714285714286,-3.0
2021_16_LA_MIN,2021,16,REG,MIN,LA,23.0,30.0,-7.0,53.0,-3.5,48.5,-3.5,1.0,-0.0899999999999892,-7.859999999999999,5.052500000000016,-11.286000000000008,-6.324571428571424,6.302500000000009,-1.6685714285714255,-3.479999999999997,-5.299999999999997,-0.19999999999999996,0,3.3100000000000023,1.8300000000000054,-0.20000000000000284,0,-7.130000000000003,-8.410000000000004,8.32,5.142500000000005,-2.808571428571426,-1.0
2021_16_MIA_NO,2021,16,REG,NO,MIA,3.0,20.0,-17.0,23.0,-3.0,37.5,-14.0,1.0,-4.970000000000006,-6.67499999999999,-6.497500000000002,-1.1869999999999834,2.551809523809524,1.1424999999999983,9.313809523809525,0.3500000000000014,-0.030000000000001137,0.0,0,2.719999999999999,2.229999999999997,5.059999999999995,0,-1.5999999999999943,-1.8100000000000023,-4.600000000000001,-1.5274999999999963,2.0338095238095235,0.0
2021_16_NYG_PHI,2021,16,REG,PHI,NYG,34.0,10.0,24.0,44.0,11.0,41.0,13.0,1.0,0.3200000000000003,2.374999999999993,-0.7250000000000014,6.4809999999999945,4.254571428571431,1.375,3.2185714285714297,-0.10999999999999943,8.750000000000007,0.0,0,0.9099999999999966,2.8800000000000026,8.43,0,5.119999999999997,-1.009999999999998,3.3200000000000003,-1.0450000000000017,-0.17142857142857082,0.0
2021_16_PIT_KC,2021,16,REG,KC,PIT,36.0,10.0,26.0,46.0,10.5,44.0,15.5,1.0,7.369999999999997,0.24499999999999744,7.762499999999996,-5.350999999999999,-0.08171428571426986,4.759999999999991,-9.015714285714274,6.410000000000004,-0.9099999999999966,-0.19999999999999996,0,4.689999999999998,5.529999999999994,4.929999999999993,0,-18.239999999999995,3.990000000000002,-2.8900000000000006,0.3924999999999983,-1.8557142857142708,3.0
2021_16_SF_TEN,2021,16,REG,TEN,SF,20.0,17.0,3.0,37.0,-3.5,45.5,6.5,1.0,1.9699999999999989,4.555000000000007,4.884999999999998,-0.6249999999999858,-0.4099999999999966,-4.060000000000002,5.419999999999995,-3.789999999999999,-0.29000000000000625,0.0,0,0.6499999999999986,-8.149999999999999,-10.290000000000006,0,0.8599999999999994,4.309999999999995,-0.1600000000000037,2.914999999999999,2.799999999999997,0.0
2021_16_TB_CAR,2021,16,REG,CAR,TB,6.0,32.0,-26.0,38.0,-11.5,44.5,-14.5,1.0,-8.68,-10.945,-9.452499999999993,-4.610999999999997,-6.176714285714276,-7.587499999999999,-0.8707142857142784,-1.5100000000000051,-2.8299999999999983,0.0,0,-5.140000000000001,-5.849999999999994,-12.96,0,-3.3400000000000034,-1.1899999999999977,-0.29999999999999716,-0.7724999999999937,-3.8307142857142793,0.0
2021_16_WAS_DAL,2021,16,REG,DAL,WAS,56.0,14.0,42.0,70.0,10.5,45.5,31.5,1.0,7.810000000000002,12.07500000000001,4.345000000000006,2.561,-1.9832857142857208,-1.1574999999999918,0.6007142857142824,-3.549999999999997,-0.9899999999999949,-0.19999999999999996,0,1.7700000000000031,3.3999999999999986,1.4799999999999969,0,6.070000000000007,2.4599999999999937,-4.18,-3.4649999999999963,-0.279285714285713,0.0
2021_17_ARI_DAL,2021,17,REG,DAL,ARI,22.0,25.0,-3.0,47.0,6.5,53.0,-9.5,1.0,0.9699999999999989,-7.040000000000006,2.2775000000000034,-8.930000000000007,-7.145714285714284,1.2450000000000045,-7.375714285714281,2.4299999999999997,-1.1799999999999926,-0.19999999999999996,0,-1.5300000000000011,1.3599999999999994,-0.45000000000000284,0,-11.980000000000004,-4.039999999999999,1.6900000000000048,1.3075000000000045,-6.225714285714282,-1.0
2021_17_ATL_BUF,2021,17,REG,BUF,ATL,29.0,15.0,14.0,44.0,14.0,46.5,0.0,1.0,1.990000000000002,15.340000000000003,6.410000000000004,12.648000000000003,1.413714285714292,4.897500000000001,2.595714285714294,-0.29999999999999716,-2.780000000000001,0.0,0,6.229999999999997,4.229999999999997,-3.1099999999999994,0,12.46,14.240000000000002,0.509999999999998,4.420000000000002,2.11571428571429,0.0
2021_17_CAR_NO,2021,17,REG,NO,CAR,18.0,10.0,8.0,28.0,7.0,37.0,1.0,1.0,-1.8800000000000026,0.9650000000000105,0.5949999999999989,1.4010000000000105,4.089333333333336,5.119999999999997,5.363333333333337,-2.309999999999995,-1.039999999999992,0.19999999999999996,0,2.279999999999994,2.3599999999999994,1.9799999999999969,0,4.3500000000000085,1.3400000000000034,1.1400000000000006,2.4750000000000014,5.5333333333333385,-1.0
2021_17_CLE_PIT,2021,17,REG,PIT,CLE,26.0,14.0,12.0,40.0,-1.0,43.5,13.0,1.0,4.329999999999998,-3.3950000000000102,5.137500000000003,-11.073000000000008,-0.023714285714284244,-2.4650000000000034,-3.1457142857142912,-0.21999999999999886,-7.569999999999993,-0.19999999999999996,0,-6.310000000000009,-1.9200000000000017,2.4599999999999937,0,-17.760000000000005,2.3100000000000023,5.75,0.8075000000000045,3.3242857142857147,-1.0
2021_17_DEN_LAC,2021,17,REG,LAC,DEN,34.0,13.0,21.0,47.0,8.0,45.5,13.0,1.0,5.960000000000001,14.220000000000006,6.455000000000005,10.738,4.782285714285713,4.1725000000000065,1.9642857142857153,9.149999999999999,0.18999999999999773,0.0,0,1.9600000000000009,3.0999999999999943,2.5900000000000034,0,10.230000000000004,6.289999999999999,1.8599999999999994,0.49500000000000455,2.3042857142857187,0.0
2021_17_DET_SEA,2021,17,REG,SEA,DET,51.0,29.0,22.0,80.0,8.5,41.5,13.5,1.0,3.1599999999999966,0.7349999999999994,3.1574999999999918,-2.836999999999996,1.26228571428571,3.0649999999999906,0.43428571428571416,-5.449999999999996,4.049999999999997,-0.19999999999999996,1,6.059999999999995,3.1700000000000017,3.579999999999991,0,-2.8300000000000054,-2.020000000000003,1.1599999999999966,-0.0025000000000048317,1.674285714285709,0.0
2021_17_HOU_SF,2021,17,REG,SF,HOU,23.0,7.0,16.0,30.0,14.0,44.0,2.0,1.0,-4.520000000000003,3.7749999999999986,-11.660000000000004,12.187000000000005,5.577714285714286,-2.020000000000003,4.405714285714282,0.5499999999999972,4.259999999999991,0.0,0,1.230000000000004,2.029999999999994,11.709999999999994,0,7.07,9.520000000000003,-8.879999999999995,-7.140000000000001,1.6857142857142833,3.0
2021_17_JAX_NE,2021,17,REG,NE,JAX,50.0,10.0,40.0,60.0,17.5,42.0,22.5,1.0,4.07,15.159999999999997,6.785000000000004,12.329999999999998,6.434285714285721,4.775000000000006,2.424285714285716,8.310000000000002,-1.3699999999999903,0.0,0,-1.5500000000000043,2.9000000000000057,8.119999999999997,0,9.510000000000005,12.670000000000002,-1.2299999999999969,2.7150000000000034,5.194285714285719,0.0
2021_17_KC_CIN,2021,17,REG,CIN,KC,34.0,31.0,3.0,65.0,-3.5,51.0,6.5,1.0,-4.279999999999994,-10.119999999999997,-1.6824999999999832,-7.542000000000009,-5.969142857142863,1.52500000000002,4.35285714285714,-7.649999999999999,0.03999999999999204,-0.19999999999999996,0,1.730000000000004,0.7999999999999972,-8.299999999999997,0,-3.190000000000012,-8.489999999999995,2.460000000000001,2.597500000000011,-4.267142857142858,0.0
2021_17_LA_BAL,2021,17,REG,BAL,LA,19.0,20.0,-1.0,39.0,-7.0,47.0,6.0,1.0,-11.650000000000006,-15.674999999999997,-8.912500000000001,-4.620999999999995,-3.888857142857148,1.3425000000000011,-13.342857142857142,-2.530000000000001,1.3399999999999892,0.0,0,-3.530000000000001,-1.6600000000000037,3.1299999999999955,0,1.9100000000000108,-9.96,0.21999999999999886,2.7375000000000043,-3.2928571428571445,0.0
2021_17_LV_IND,2021,17,REG,IND,LV,20.0,23.0,-3.0,43.0,8.5,46.5,-11.5,1.0,-2.6099999999999994,-9.159999999999997,3.770000000000003,-2.8559999999999945,4.371142857142864,5.26250000000001,9.967142857142868,5.880000000000003,1.4500000000000028,-0.19999999999999996,0,-5.3999999999999915,0.1600000000000037,-2.8799999999999955,0,-6.350000000000001,-6.75,3.1499999999999986,6.380000000000003,0.6771428571428615,1.0
2021_17_MIA_TEN,2021,17,REG,TEN,MIA,34.0,3.0,31.0,37.0,3.0,41.0,28.0,1.0,5.07,1.1950000000000003,1.7475000000000094,-3.7390000000000043,-3.584000000000003,-4.80749999999999,4.140000000000001,-4.969999999999999,3.1599999999999966,0.0,0,4.350000000000001,-4.080000000000005,1.3699999999999974,0,-6.489999999999995,-1.2600000000000051,-5.960000000000001,-3.322499999999991,-3.719999999999999,4.0
2021_17_MIN_GB,2021,17,REG,GB,MIN,37.0,10.0,27.0,47.0,13.0,42.0,14.0,1.0,3.019999999999996,10.179999999999993,1.3474999999999966,3.205999999999996,-3.139714285714284,-2.0674999999999955,2.2542857142857144,-4.960000000000001,-1.1000000000000014,-0.19999999999999996,0,-3.549999999999997,-1.279999999999994,2.8699999999999974,0,9.629999999999995,4.689999999999998,-2.6099999999999994,-1.6724999999999994,0.8142857142857167,1.0
2021_17_NYG_CHI,2021,17,REG,CHI,NYG,29.0,3.0,26.0,32.0,7.0,36.5,19.0,1.0,-3.2099999999999937,7.740000000000009,-7.257499999999993,14.980000000000004,8.49857142857143,-4.572500000000005,6.588571428571427,4.43,4.659999999999997,0.0,0,-2.5,-0.03999999999999915,-0.3999999999999986,0,8.940000000000012,12.959999999999994,1.9100000000000037,-4.047499999999999,4.46857142857143,0.0
2021_17_PHI_WAS,2021,17,REG,WAS,PHI,16.0,20.0,-4.0,36.0,-6.5,44.5,2.5,1.0,-3.729999999999997,-8.099999999999994,-1.717499999999994,-4.777999999999999,-4.715142857142858,-0.9649999999999963,-5.847142857142856,-3.6799999999999997,-1.0699999999999932,0.0,0,-2.8500000000000014,-2.5700000000000003,-8.469999999999999,0,-5.550000000000004,-3.1899999999999977,1.1300000000000026,2.012500000000003,-4.307142857142857,0.0
2021_17_TB_NYJ,2021,17,REG,NYJ,TB,24.0,28.0,-4.0,52.0,-14.5,48.0,10.5,1.0,-9.79,-19.209999999999987,-15.149999999999999,-12.297999999999995,-9.809428571428583,-11.837499999999999,-8.341428571428573,-1.9499999999999957,-3.3900000000000006,0.0,0,-7.339999999999996,-8.009999999999998,-7.170000000000002,0,-13.22999999999999,-5.609999999999999,-6.140000000000001,-5.359999999999999,-6.931428571428576,0.0
2021_18_CAR_TB,2021,18,REG,TB,CAR,41.0,17.0,24.0,58.0,11.0,43.0,13.0,1.0,9.389999999999993,8.164999999999985,11.532499999999992,1.4409999999999883,5.388857142857134,11.552499999999995,-0.1971428571428646,3.009999999999998,3.030000000000001,0.0,0,5.859999999999999,9.020000000000003,13.310000000000002,0,5.259999999999991,-7.710000000000001,5.68,2.1424999999999983,2.722857142857137,0.0
2021_18_CHI_MIN,2021,18,REG,MIN,CHI,31.0,17.0,14.0,48.0,3.5,45.5,10.5,1.0,6.199999999999996,-8.200000000000003,10.432499999999997,-17.553999999999995,-9.982571428571418,7.552500000000002,-3.788571428571423,-4.009999999999998,-3.229999999999997,0.19999999999999996,0,8.909999999999997,3.289999999999999,6.079999999999998,0,-15.780000000000001,-13.019999999999996,0.14000000000000057,4.232500000000002,-6.828571428571422,0.0
2021_18_CIN_CLE,2021,18,REG,CLE,CIN,21.0,16.0,5.0,37.0,6.5,38.0,-1.5,1.0,-8.530000000000001,-2.8800000000000097,-11.505000000000003,9.011999999999993,2.689142857142855,-6.057499999999997,4.7171428571428535,-1.1799999999999997,4.0,0.0,0,-2.8799999999999955,-5.949999999999996,-0.09000000000000341,0,11.89,-0.5900000000000034,-4.740000000000002,-2.9750000000000014,-0.672857142857147,-1.0
2021_18_DAL_PHI,2021,18,REG,PHI,DAL,26.0,51.0,-25.0,77.0,-6.5,46.0,-18.5,1.0,-4.439999999999998,-3.0349999999999966,-7.654999999999994,0.43900000000000716,5.01995238095239,-3.36249999999999,6.875952380952384,-4.119999999999997,2.0500000000000114,0.19999999999999996,0,1.0300000000000011,-2.289999999999999,6.950000000000003,0,2.6999999999999957,0.10999999999999943,0.9699999999999989,-3.2149999999999963,5.985952380952384,0.0
2021_18_GB_DET,2021,18,REG,DET,GB,37.0,30.0,7.0,67.0,-4.0,45.0,11.0,1.0,-6.969999999999999,-14.419999999999987,-8.487499999999997,-3.411999999999992,-1.1534285714285701,-6.43,-10.881428571428565,2.039999999999999,1.9199999999999946,0.0,0,-2.7900000000000063,-4.230000000000004,-1.5,1,-6.779999999999994,-8.120000000000005,3.1499999999999986,-1.5174999999999983,-5.191428571428567,0.0
2021_18_IND_JAX,2021,18,REG,JAX,IND,26.0,11.0,15.0,37.0,-14.0,43.0,29.0,1.0,-3.239999999999995,0.8800000000000026,-6.804999999999993,3.558,-4.514857142857139,-6.434999999999995,-11.092857142857135,-7.829999999999998,2.6200000000000045,0.19999999999999996,0,0.03999999999999915,-4.43,-5.490000000000002,0,5.199999999999996,3.039999999999999,-0.35999999999999943,-3.5649999999999977,-3.952857142857141,0.0
2021_18_KC_DEN,2021,18,REG,DEN,KC,24.0,28.0,-4.0,52.0,-11.5,44.5,7.5,1.0,-8.770000000000003,-12.96,-10.7725,-6.463999999999999,-9.143999999999991,-8.012499999999996,2.980000000000004,-8.810000000000002,1.0300000000000011,-0.19999999999999996,0,-3.799999999999997,-6.439999999999991,-7.290000000000006,0,-4.82,-3.5600000000000023,1.0600000000000023,-2.0024999999999977,-6.86999999999999,0.0
2021_18_LAC_LV,2021,18,REG,LV,LAC,35.0,32.0,3.0,67.0,-3.5,48.0,6.5,1.0,-2.229999999999997,-9.979999999999997,-4.447499999999998,-12.060000000000002,-4.912857142857149,-1.9549999999999983,-4.132857142857148,-5.649999999999999,-3.3999999999999915,0.19999999999999996,0,2.269999999999996,1.1700000000000017,2.450000000000003,0,-9.920000000000002,-5.580000000000005,-3.1000000000000014,-2.217500000000001,-0.6028571428571468,0.0
2021_18_NE_MIA,2021,18,REG,MIA,NE,33.0,24.0,9.0,57.0,-6.0,41.0,15.0,1.0,-3.3599999999999994,-3.384999999999991,-0.8899999999999935,-1.8569999999999922,3.656571428571425,1.2475000000000094,2.1385714285714243,-3.299999999999997,-0.14000000000000057,0.0,0,-0.480000000000004,-0.6000000000000014,-8.300000000000004,0,2.75,-2.799999999999997,5.559999999999995,2.470000000000006,5.488571428571426,0.0
2021_18_NO_ATL,2021,18,REG,ATL,NO,20.0,30.0,-10.0,50.0,-4.5,40.0,-5.5,1.0,8.32,-0.8599999999999994,4.785000000000004,-9.724000000000004,-4.707095238095235,-4.679999999999993,-7.033095238095235,-4.560000000000002,2.1400000000000006,0.19999999999999996,0,-2.1599999999999966,-3.1599999999999966,5.779999999999994,0,-8.099999999999994,-10.259999999999998,1.0,-3.5349999999999966,-4.163095238095231,0.0
2021_18_NYJ_BUF,2021,18,REG,BUF,NYJ,27.0,10.0,17.0,37.0,16.0,43.0,1.0,1.0,8.420000000000002,15.13000000000001,13.387500000000003,4.530000000000008,0.6914285714285668,8.020000000000003,8.021428571428565,-7.150000000000006,-1.2199999999999989,0.19999999999999996,0,8.549999999999997,5.609999999999999,4.289999999999999,0,4.939999999999998,8.479999999999997,2.460000000000001,4.967500000000001,2.8714285714285666,0.0
2021_18_PIT_BAL,2021,18,REG,BAL,PIT,13.0,16.0,-3.0,29.0,3.0,41.0,-6.0,1.0,-6.840000000000003,-3.670000000000009,-3.76250000000001,5.564,0.3011428571428638,5.872499999999995,-5.5528571428571425,0.6300000000000026,7.359999999999999,0.0,0,-0.10999999999999943,1.740000000000002,3.8500000000000014,0,8.57,-2.230000000000004,2.530000000000001,3.0774999999999935,-2.0928571428571416,1.0
2021_18_SEA_ARI,2021,18,REG,ARI,SEA,30.0,38.0,-8.0,68.0,5.5,48.0,-13.5,1.0,-1.3800000000000026,8.06499999999999,1.5424999999999969,14.143,8.913714285714292,2.1525000000000034,7.005714285714284,7.840000000000003,0.6099999999999994,0.0,-1,-1.6499999999999915,-2.759999999999998,0.990000000000002,0,13.219999999999999,5.670000000000002,-2.25,2.9224999999999994,4.215714285714284,0.0
2021_18_SF_LA,2021,18,REG,LA,SF,24.0,27.0,-3.0,51.0,3.0,46.5,-6.0,1.0,2.3299999999999983,4.1299999999999955,8.0,1.5959999999999965,3.687428571428569,2.8174999999999955,3.1614285714285657,2.8900000000000006,-1.240000000000009,0.19999999999999996,0,0.8900000000000006,-2.3999999999999986,-4.75,0,-0.9100000000000108,4.509999999999998,-0.14999999999999858,5.670000000000002,3.8914285714285697,0.0
2021_18_TEN_HOU,2021,18,REG,HOU,TEN,25.0,28.0,-3.0,53.0,-10.5,43.0,7.5,1.0,-8.32,-13.455000000000005,-4.272499999999994,-10.801000000000009,-7.951714285714289,5.502500000000012,-7.605714285714285,-5.920000000000002,-3.7099999999999937,0.0,0,-2.3200000000000003,5.07,-1.5499999999999972,0,-5.989999999999995,-4.280000000000008,8.170000000000002,4.0475000000000065,-2.2857142857142847,0.0
2021_18_WAS_NYG,2021,18,REG,NYG,WAS,7.0,22.0,-15.0,29.0,-6.0,36.0,-9.0,1.0,3.1099999999999994,9.924999999999997,-0.3375000000000057,2.771000000000001,1.5088571428571456,-7.342500000000001,3.462857142857139,3.6299999999999955,-7.630000000000003,0.0,0,-0.3999999999999986,-2.460000000000001,-10.96,0,7.509999999999998,6.119999999999997,-5.219999999999999,-3.447500000000005,5.5528571428571425,0.0
2022_01_BAL_NYJ,2022,1,REG,NYJ,BAL,9.0,24.0,-15.0,33.0,-6.5,44.0,-8.5,1.0,2.809999999999995,3.654999999999994,-1.1700000000000017,8.118999999999993,5.379714285714279,-5.8125,5.015714285714282,4.240000000000002,-1.3900000000000006,0.0,0,1.7099999999999937,-2.539999999999999,-6.220000000000006,0,-2.1700000000000017,3.8599999999999994,-1.6700000000000017,-3.979999999999997,-1.894285714285715,0.0
2022_01_BUF_LA,2022,1,REG,LA,BUF,10.0,31.0,-21.0,41.0,-1.0,51.5,-20.0,1.0,0.6099999999999994,-2.740000000000002,-1.8974999999999937,-2.5420000000000016,2.0251428571428605,-0.4024999999999892,-6.092857142857142,0.6700000000000017,1.25,0.0,0,0.7199999999999989,-1.6900000000000048,0.19000000000001194,-1,-1.3900000000000006,-5.310000000000002,-4.450000000000003,-2.507499999999993,1.2171428571428606,0.0
2022_01_CLE_CAR,2022,1,REG,CAR,CLE,24.0,26.0,-2.0,50.0,2.5,42.5,-4.5,1.0,-5.1200000000000045,-13.805000000000007,-5.855000000000011,-8.427,-2.4677142857142798,-3.0875000000000057,3.0042857142857144,1.2899999999999991,-4.189999999999998,0.0,-1,-7.399999999999999,-3.6299999999999955,-3.730000000000004,0,-10.189999999999998,-7.18,0.75,-0.7350000000000065,-2.7257142857142824,0.0
2022_01_DEN_SEA,2022,1,REG,SEA,DEN,17.0,16.0,1.0,33.0,-6.0,44.0,7.0,1.0,-10.759999999999998,-10.089999999999996,-12.589999999999996,-1.8659999999999997,-2.090285714285713,4.725000000000001,-1.0442857142857136,-4.769999999999996,3.280000000000001,0.0,1,6.079999999999998,4.399999999999999,14.579999999999998,-1,2.3699999999999974,-1.0300000000000011,-4.640000000000001,-1.8299999999999983,0.4457142857142884,0.0
2022_01_GB_MIN,2022,1,REG,MIN,GB,23.0,7.0,16.0,30.0,2.5,47.0,13.5,1.0,-12.520000000000003,-14.465000000000003,-12.645000000000003,1.3029999999999973,2.817999999999998,1.8900000000000006,-2.0700000000000003,5.020000000000003,1.5400000000000063,0.0,0,3.700000000000003,-0.759999999999998,1.2999999999999972,0,-2.979999999999997,-0.9100000000000037,-2.700000000000003,-0.125,-0.4299999999999997,0.0
2022_01_IND_HOU,2022,1,REG,HOU,IND,20.0,20.0,0.0,40.0,-7.0,46.0,7.0,1.0,-4.6200000000000045,-7.949999999999996,-6.635000000000005,-5.453999999999986,-5.682571428571428,-0.8074999999999974,-12.82857142857143,2.009999999999998,0.21999999999999886,0.0,0,-0.01999999999999602,4.359999999999999,-5.589999999999996,0,-7.349999999999994,0.6900000000000048,3.6199999999999974,-2.0150000000000006,-3.558571428571433,0.0
2022_01_JAX_WAS,2022,1,REG,WAS,JAX,28.0,22.0,6.0,50.0,3.0,43.5,3.0,1.0,2.6199999999999974,-2.7849999999999966,5.017499999999991,-0.5529999999999902,2.5962857142857203,5.6299999999999955,-3.4157142857142873,2.0600000000000023,3.8599999999999994,0.0,-1,-0.0799999999999983,-1.3500000000000014,11.170000000000002,0,-5.009999999999998,-5.799999999999997,3.2099999999999937,2.3974999999999937,-2.2557142857142836,0.0
2022_01_KC_ARI,2022,1,REG,ARI,KC,21.0,44.0,-23.0,65.0,-6.0,54.0,-17.0,1.0,-6.3799999999999955,-4.765000000000001,-4.022499999999994,3.605000000000004,0.9828571428571564,-0.3950000000000031,2.5028571428571453,-5.800000000000004,2.0900000000000034,0.0,0,-2.8800000000000026,-1.0400000000000063,-9.260000000000005,0,2.6200000000000045,0.6099999999999994,2.5799999999999983,2.3575000000000017,-1.0071428571428527,0.0
2022_01_LV_LAC,2022,1,REG,LAC,LV,24.0,19.0,5.0,43.0,3.5,52.5,1.5,1.0,2.4499999999999957,3.3899999999999935,5.627499999999998,5.033999999999999,5.419714285714285,1.25,2.9657142857142844,-5.530000000000001,5.019999999999996,0.0,0,0.8500000000000085,-1.509999999999998,-7.009999999999998,0,0.7199999999999989,1.1599999999999966,2.729999999999997,3.177500000000002,1.3257142857142838,0.0
2022_01_NE_MIA,2022,1,REG,MIA,NE,20.0,7.0,13.0,27.0,3.0,47.0,10.0,1.0,-2.75,0.24499999999999744,0.3999999999999986,6.022999999999996,7.843714285714277,3.3999999999999986,9.815714285714279,8.740000000000002,-1.6200000000000045,0.0,-1,5.299999999999997,1.259999999999998,-7.649999999999999,0,-2.710000000000008,8.699999999999996,2.049999999999997,3.1499999999999986,4.815714285714279,0.0
2022_01_NO_ATL,2022,1,REG,ATL,NO,26.0,27.0,-1.0,53.0,-6.0,43.5,5.0,1.0,-4.169999999999995,-13.279999999999987,-6.552499999999995,-8.297999999999995,-1.9365714285714333,0.24499999999999744,-5.018571428571427,-2.8800000000000026,4.3799999999999955,0.0,0,5.109999999999992,-0.30999999999999517,4.819999999999993,0,-5.040000000000006,-13.179999999999993,0.240000000000002,-2.3825000000000003,-2.748571428571431,0.0
2022_01_NYG_TEN,2022,1,REG,TEN,NYG,20.0,21.0,-1.0,41.0,5.5,43.5,-6.5,1.0,6.210000000000001,9.845000000000006,7.715000000000003,7.9510000000000005,4.354571428571418,0.2575000000000003,7.418571428571418,2.75,3.819999999999993,0.0,-1,-0.8000000000000043,-2.3100000000000023,3.3500000000000014,0,3.3700000000000045,3.8999999999999986,0.769999999999996,1.5050000000000026,0.03857142857142293,0.0
2022_01_PHI_DET,2022,1,REG,DET,PHI,35.0,38.0,-3.0,73.0,-6.0,49.0,3.0,1.0,0.6400000000000006,-2.309999999999995,-4.604999999999997,-3.715999999999994,-5.714571428571425,-7.43,-7.578571428571429,4.770000000000003,-3.8599999999999994,0.0,0,-1.4100000000000037,-3.3400000000000034,-6.310000000000002,0,-5.479999999999997,-0.4200000000000017,-1.7800000000000011,-5.244999999999997,-4.948571428571427,0.0
2022_01_PIT_CIN,2022,1,REG,CIN,PIT,20.0,23.0,-3.0,43.0,7.5,44.5,-10.5,1.0,10.079999999999998,2.364999999999995,9.625,-7.531000000000006,-4.260285714285722,3.1500000000000057,-3.65428571428572,-6.230000000000004,3.020000000000003,0.0,0,10.320000000000007,8.02000000000001,-11.96,0,-13.540000000000006,-1.8900000000000006,-0.6499999999999986,-0.4549999999999983,-4.444285714285719,0.0
2022_01_SF_CHI,2022,1,REG,CHI,SF,19.0,10.0,9.0,29.0,-6.5,38.0,15.5,1.0,-7.060000000000002,-11.364999999999995,-3.8174999999999955,-1.1129999999999853,1.4020000000000081,0.03999999999999915,-4.849999999999994,12.560000000000002,-2.789999999999992,0.0,-1,-0.5800000000000125,-6.980000000000004,-10.219999999999999,0,-6.339999999999996,-2.270000000000003,-0.14000000000000057,3.242500000000007,-1.7899999999999991,0.0
2022_01_TB_DAL,2022,1,REG,DAL,TB,3.0,19.0,-16.0,22.0,-2.5,49.5,-13.5,1.0,-1.1700000000000017,0.25,-1.9750000000000014,1.7479999999999905,-8.143428571428586,-4.094999999999992,-8.671428571428578,8.93,-1.220000000000013,0.0,0,-4.559999999999995,-5.109999999999992,-2.0,0,0.5700000000000003,2.270000000000003,-5.25,-0.8049999999999997,-8.471428571428575,0.0
2022_02_ARI_LV,2022,2,REG,LV,ARI,23.0,29.0,-6.0,52.0,5.5,51.5,-11.5,1.0,-0.35999999999999943,3.280000000000001,-3.529999999999994,-1.9819999999999993,-4.086285714285715,0.14500000000000313,-0.5542857142857116,0.8699999999999974,-6.619999999999997,-0.19999999999999996,0,4.340000000000003,3.529999999999994,3.8400000000000034,0,2.1300000000000026,5.149999999999999,0.060000000000002274,-3.1699999999999946,1.5357142857142847,0.0
2022_02_ATL_LA,2022,2,REG,LA,ATL,31.0,27.0,4.0,58.0,10.5,46.5,-6.5,1.0,5.030000000000001,6.344999999999999,8.267500000000005,2.674999999999997,2.9742857142857133,4.605000000000004,-0.2757142857142867,1.7299999999999969,4.090000000000003,0.0,0,2.969999999999999,2.230000000000004,1.5799999999999983,0,-2.5600000000000023,5.190000000000005,-3.730000000000004,3.2375000000000043,1.6142857142857139,3.0
2022_02_CAR_NYG,2022,2,REG,NYG,CAR,19.0,16.0,3.0,35.0,-1.0,44.0,4.0,1.0,-2.960000000000001,-7.789999999999999,-4.217500000000001,-7.847999999999999,-1.7408571428571449,-2.354999999999997,-1.5928571428571416,0.29999999999999716,-1.0399999999999991,0.20000000000000007,0,-2.5700000000000003,0.12999999999999545,-4.07,0,-5.289999999999999,-4.369999999999997,0.25,-1.2575000000000003,1.2771428571428558,0.0
2022_02_CHI_GB,2022,2,REG,GB,CHI,27.0,10.0,17.0,37.0,10.5,42.0,6.5,1.0,8.329999999999998,14.469999999999999,8.844999999999999,0.8339999999999961,-2.7117142857142937,4.295000000000002,8.534285714285716,-3.6700000000000017,-2.5899999999999963,0.0,0,4.920000000000002,3.520000000000003,3.969999999999999,0,6.07,6.210000000000001,2.1099999999999994,0.5150000000000006,2.5942857142857108,0.0
2022_02_CIN_DAL,2022,2,REG,DAL,CIN,20.0,17.0,3.0,37.0,-7.5,42.0,10.5,1.0,1.4200000000000017,1.6900000000000048,2.3075000000000045,4.198,-0.9919999999999973,-1.3099999999999952,-4.929999999999993,7.0,4.809999999999995,0.0,-1,-1.7399999999999949,-2.75,0.28000000000000114,0,-0.39000000000000057,0.9300000000000068,-1.9500000000000028,0.8875000000000028,-4.919999999999995,0.0
2022_02_HOU_DEN,2022,2,REG,DEN,HOU,16.0,9.0,7.0,25.0,10.5,46.0,-3.5,1.0,7.420000000000002,8.680000000000007,6.210000000000001,2.9240000000000066,2.0025714285714358,-0.08500000000000085,1.1885714285714357,1.2299999999999969,6.070000000000007,0.20000000000000007,0,3.539999999999999,-1.7000000000000028,-0.44999999999999574,0,4.969999999999999,-2.450000000000003,2.990000000000002,-1.2100000000000009,0.3385714285714343,-1.0
2022_02_IND_JAX,2022,2,REG,JAX,IND,24.0,0.0,24.0,24.0,-3.0,43.5,27.0,1.0,-4.229999999999997,-3.594999999999999,-8.892499999999991,2.021000000000001,-2.083999999999996,-4.767499999999991,-7.469999999999999,2.799999999999997,3.3200000000000003,0.0,0,-0.6099999999999994,4.200000000000003,-5.060000000000002,0,-2.509999999999998,3.780000000000001,-0.21999999999999886,-4.662499999999994,-3.469999999999999,0.0
2022_02_LAC_KC,2022,2,REG,KC,LAC,27.0,24.0,3.0,51.0,4.0,52.5,-1.0,1.0,5.000000000000007,-3.8699999999999974,5.3400000000000105,-7.170000000000009,-0.9257142857142924,1.6750000000000043,-3.875714285714288,6.329999999999998,-0.38000000000000966,-0.19999999999999996,0,-1.5600000000000023,0.6499999999999986,6.669999999999995,0,-6.88000000000001,-10.860000000000007,-0.3299999999999983,0.3400000000000034,-2.625714285714288,0.0
2022_02_MIA_BAL,2022,2,REG,BAL,MIA,38.0,42.0,-4.0,80.0,3.0,44.0,-7.0,1.0,-3.979999999999997,-9.489999999999988,-4.564999999999998,-5.68399999999999,-4.4911428571428615,-0.6524999999999963,-10.977142857142859,-6.669999999999995,2.3100000000000023,-0.4,0,-4.469999999999999,-1.009999999999998,6.810000000000002,0,-7.25,-3.769999999999996,0.37000000000000455,-0.5850000000000009,-4.317142857142862,0.0
2022_02_MIN_PHI,2022,2,REG,PHI,MIN,24.0,7.0,17.0,31.0,2.5,49.5,14.5,1.0,1.4199999999999946,5.43,3.0949999999999918,6.770000000000003,4.692857142857143,2.624999999999993,1.0528571428571425,1.9100000000000037,4.100000000000001,-0.19999999999999996,0,-2.1999999999999957,-3.1700000000000017,8.75,0,2.1000000000000014,5.920000000000002,-3.3999999999999986,1.6749999999999972,1.932857142857145,0.0
2022_02_NE_PIT,2022,2,REG,PIT,NE,14.0,17.0,-3.0,31.0,-3.0,40.0,0.0,1.0,-1.4399999999999977,10.334999999999994,1.3625000000000043,10.554999999999993,5.298571428571428,0.39000000000000057,5.4185714285714255,0.3400000000000034,-1.509999999999998,0.4,0,-2.3000000000000043,-1.9799999999999969,-2.3200000000000003,0,12.450000000000003,11.099999999999994,1.7100000000000009,2.802500000000002,6.518571428571427,0.0
2022_02_NYJ_CLE,2022,2,REG,CLE,NYJ,30.0,31.0,-1.0,61.0,6.5,38.5,-7.5,1.0,12.460000000000008,22.32500000000001,12.737500000000011,6.536999999999999,-1.3308571428571483,1.1875,3.62714285714285,-2.8900000000000006,-3.3300000000000125,0.0,0,1.8399999999999963,3.960000000000001,0.259999999999998,0,11.86,7.8700000000000045,-0.259999999999998,0.2775000000000034,1.9971428571428547,0.0
2022_02_SEA_SF,2022,2,REG,SF,SEA,27.0,7.0,20.0,34.0,8.5,40.0,11.5,1.0,8.329999999999998,10.259999999999991,8.774999999999999,7.761999999999993,6.9934285714285735,1.289999999999992,0.38142857142857167,2.8599999999999994,6.840000000000003,-0.4,-1,-2.730000000000004,1.0,11.179999999999993,0,-1.220000000000013,5.079999999999998,1.6300000000000026,0.4450000000000003,1.1614285714285728,1.0
2022_02_TB_NO,2022,2,REG,NO,TB,10.0,20.0,-10.0,30.0,-2.5,44.0,-7.5,1.0,-2.960000000000001,2.0450000000000017,-5.487499999999997,3.071000000000005,-4.546857142857149,-4.107499999999995,-3.432857142857152,6.460000000000001,-9.189999999999998,0.0,0,0.9299999999999997,-2.979999999999997,-5.719999999999999,0,-0.45000000000000284,10.459999999999994,-5.689999999999998,-2.5274999999999963,-2.612857142857152,0.0
2022_02_TEN_BUF,2022,2,REG,BUF,TEN,41.0,7.0,34.0,48.0,10.0,47.5,24.0,1.0,-0.0800000000000054,0.8149999999999977,5.389999999999986,1.0229999999999961,0.14799999999998903,8.312499999999993,-0.8999999999999986,-2.6899999999999977,-1.8800000000000026,0.0,1,3.539999999999999,5.149999999999999,4.5,1,0.35999999999999943,1.4299999999999997,2.739999999999995,5.469999999999992,0.01999999999999602,3.0
2022_02_WAS_DET,2022,2,REG,DET,WAS,36.0,27.0,9.0,63.0,-1.0,48.5,10.0,1.0,-0.8700000000000045,-3.3400000000000034,-0.6450000000000031,-4.858000000000004,-4.312285714285721,0.1950000000000074,-0.3142857142857167,2.530000000000001,-3.5799999999999983,0.19999999999999996,0,-2.3699999999999974,0.9399999999999977,0.740000000000002,0,-6.070000000000007,1.1300000000000026,-2.5,0.22500000000000142,-1.9242857142857162,0.0
2022_03_ATL_SEA,2022,3,REG,SEA,ATL,23.0,27.0,-4.0,50.0,1.0,43.0,-5.0,1.0,-0.18999999999999773,3.1950000000000003,-2.727499999999999,-1.3410000000000082,-6.866000000000007,-2.0249999999999986,-1.980000000000004,-2.8299999999999983,-1.9500000000000028,0.19999999999999996,1,5.0,0.04999999999999716,-1.4399999999999977,0,4.119999999999997,2.6500000000000057,-3.3200000000000003,-2.5375000000000014,-2.1400000000000006,0.0
2022_03_BAL_NE,2022,3,REG,NE,BAL,26.0,37.0,-11.0,63.0,-2.5,45.5,-8.5,1.0,4.8799999999999955,11.620000000000005,3.2099999999999937,7.798000000000009,2.387999999999998,-2.6724999999999994,5.539999999999999,2.729999999999997,-1.6300000000000026,0.19999999999999996,0,0.7800000000000011,0.519999999999996,-4.029999999999994,0,7.180000000000007,6.299999999999997,-0.5899999999999963,-1.6700000000000017,1.3299999999999983,0.0
2022_03_BUF_MIA,2022,3,REG,MIA,BUF,21.0,19.0,2.0,40.0,-4.0,54.0,6.0,1.0,-3.3699999999999974,-6.434999999999995,-6.602499999999992,-2.2949999999999946,2.8885714285714315,-2.1325000000000003,2.318571428571431,7.440000000000005,0.10000000000000142,0.0,0,1.2000000000000028,-0.6499999999999986,-4.690000000000005,-1,3.1200000000000045,-9.250000000000007,-0.9599999999999937,-3.2324999999999946,2.1185714285714283,1.0
2022_03_CIN_NYJ,2022,3,REG,NYJ,CIN,12.0,27.0,-15.0,39.0,-6.5,46.0,-8.5,1.0,-1.6199999999999974,-5.089999999999996,-3.0849999999999937,-2.303999999999995,-0.996857142857138,-4.649999999999999,-3.7828571428571465,4.600000000000001,2.049999999999997,-0.19999999999999996,-1,-2.75,-5.07,-0.6799999999999997,0,-7.029999999999994,0.0899999999999963,-1.4500000000000028,-1.4649999999999963,-2.162857142857142,0.0
2022_03_DAL_NYG,2022,3,REG,NYG,DAL,16.0,23.0,-7.0,39.0,1.0,38.5,-8.0,1.0,-2.780000000000001,-3.5,-5.285000000000004,-6.084000000000003,0.5159999999999982,-2.997499999999995,5.190000000000005,-6.6200000000000045,-3.5900000000000034,-0.4,0,-2.3200000000000003,-2.4200000000000017,5.770000000000003,0,0.9299999999999997,-2.3699999999999974,0.6799999999999997,-2.5050000000000026,5.880000000000003,0.0
2022_03_DET_MIN,2022,3,REG,MIN,DET,28.0,24.0,4.0,52.0,6.5,52.0,-2.5,1.0,-3.1899999999999977,0.6450000000000102,-3.414999999999999,2.0390000000000086,3.9739999999999966,1.5375000000000014,5.109999999999992,-4.699999999999996,-1.4599999999999937,-0.19999999999999996,0,4.030000000000001,1.6799999999999997,-0.3300000000000054,0,2.940000000000005,4.729999999999997,2.740000000000002,-0.22500000000000142,5.769999999999996,-1.0
2022_03_GB_TB,2022,3,REG,TB,GB,12.0,14.0,-2.0,26.0,1.0,41.5,-3.0,1.0,-1.3900000000000006,-3.1700000000000017,4.402499999999996,3.2779999999999987,9.433714285714288,4.517499999999991,2.04571428571429,-5.210000000000001,11.61999999999999,-0.19999999999999996,1,3.229999999999997,-0.990000000000002,-3.8599999999999994,0,5.700000000000003,-9.259999999999998,8.96,5.792499999999997,4.375714285714288,0.0
2022_03_HOU_CHI,2022,3,REG,CHI,HOU,23.0,20.0,3.0,43.0,3.0,40.0,0.0,1.0,-2.289999999999999,0.13000000000000256,-7.065000000000005,3.7859999999999943,2.5745714285714243,-7.305000000000007,2.758571428571429,0.8599999999999994,2.229999999999997,0.0,0,-3.1099999999999994,-3.9299999999999997,-1.6800000000000068,0,6.8500000000000085,-2.010000000000005,-0.6200000000000045,-4.775000000000006,1.2085714285714317,0.0
2022_03_JAX_LAC,2022,3,REG,LAC,JAX,10.0,38.0,-28.0,48.0,6.5,46.0,-34.5,1.0,4.730000000000004,14.64500000000001,9.425000000000004,9.939000000000007,2.5668571428571454,5.4375,2.7428571428571473,-2.6600000000000037,2.1200000000000045,0.0,0,2.0700000000000003,-1.5,1.3699999999999974,0,4.340000000000003,15.490000000000009,0.22999999999999687,4.695,2.5428571428571445,3.0
2022_03_KC_IND,2022,3,REG,IND,KC,20.0,17.0,3.0,37.0,-4.5,51.0,7.5,1.0,-10.46,-10.415,-9.105000000000004,-3.032999999999994,-1.0108571428571338,-0.9074999999999989,5.357142857142861,-7.729999999999997,-0.27999999999999403,0.0,0,-0.4399999999999977,-2.3699999999999974,-6.039999999999999,0,3.1099999999999994,-3.019999999999996,-0.07000000000000028,1.3549999999999969,2.067142857142862,-3.0
2022_03_LA_ARI,2022,3,REG,ARI,LA,12.0,20.0,-8.0,32.0,-3.5,49.0,-4.5,1.0,-0.3299999999999983,1.6700000000000017,-2.1824999999999974,3.3320000000000007,-2.6694285714285684,-5.492500000000007,-2.471428571428568,2.539999999999999,-3.0600000000000023,0.0,0,-5.530000000000001,-4.25,-2.440000000000005,0,4.409999999999997,-0.4099999999999966,1.7100000000000009,-1.8524999999999991,-4.001428571428569,0.0
2022_03_LV_TEN,2022,3,REG,TEN,LV,24.0,22.0,2.0,46.0,-1.5,45.5,3.5,1.0,0.7600000000000051,6.755000000000003,0.48750000000000426,6.952999999999996,4.682285714285719,-5.274999999999999,4.464285714285722,-2.4499999999999957,3.229999999999997,0.0,0,-3.3999999999999986,-6.280000000000001,-5.68,0,2.6000000000000014,9.39,-3.530000000000001,-0.27250000000000085,3.7242857142857204,-1.0
2022_03_NO_CAR,2022,3,REG,CAR,NO,22.0,14.0,8.0,36.0,-2.0,41.0,10.0,1.0,0.5600000000000023,2.230000000000004,-4.414999999999999,0.4099999999999966,-3.4926190476190584,-6.917499999999997,1.8873809523809442,-6.82,0.39000000000000057,0.0,0,-3.6099999999999994,-0.9099999999999966,-2.1599999999999966,0,-1.5799999999999983,4.920000000000002,-6.549999999999997,-4.975000000000001,-2.2326190476190533,0.0
2022_03_PHI_WAS,2022,3,REG,WAS,PHI,8.0,24.0,-16.0,32.0,-6.0,47.0,-10.0,1.0,0.38000000000000256,-4.634999999999998,-4.294999999999995,-3.8329999999999984,-2.848000000000006,-9.02749999999999,-6.750000000000007,-1.8900000000000006,0.75,0.0,0,-2.769999999999996,-2.280000000000001,-8.990000000000002,0,-1.3700000000000045,-8.660000000000004,-2.1199999999999974,-4.674999999999997,-4.030000000000008,1.0
2022_03_PIT_CLE,2022,3,REG,CLE,PIT,29.0,17.0,12.0,46.0,4.5,38.0,7.5,1.0,12.560000000000002,7.570000000000007,9.815000000000005,-4.792000000000002,-5.306285714285728,-0.3024999999999949,-3.624285714285726,-3.1300000000000026,4.439999999999998,0.0,0,4.689999999999998,5.190000000000005,1.1300000000000026,0,-5.25,-4.730000000000004,-3.3499999999999943,-2.7449999999999974,-5.5042857142857216,0.0
2022_03_SF_DEN,2022,3,REG,DEN,SF,11.0,10.0,1.0,21.0,-1.0,44.0,2.0,1.0,2.5900000000000034,-0.7749999999999986,3.5975000000000037,-5.8289999999999935,-3.8982857142857057,-3.1574999999999918,1.595714285714287,4.630000000000003,-7.539999999999999,-0.19999999999999996,0,1.8200000000000003,-1.769999999999996,-12.450000000000003,0,-3.8400000000000034,-2.8900000000000006,1.519999999999996,1.0075000000000003,-1.4342857142857142,0.0
2022_04_ARI_CAR,2022,4,REG,CAR,ARI,16.0,26.0,-10.0,42.0,1.0,44.0,-11.0,1.0,-4.260000000000005,-5.795000000000009,-5.905000000000001,-8.469000000000008,-7.028761904761907,-2.3500000000000014,1.7752380952381017,-8.130000000000003,-3.8000000000000043,-0.19999999999999996,0,-0.020000000000003126,0.4099999999999966,-4.07,0,-3.1000000000000014,0.030000000000001137,-0.7000000000000028,-1.644999999999996,-0.09476190476190283,0.0
2022_04_BUF_BAL,2022,4,REG,BAL,BUF,20.0,23.0,-3.0,43.0,-3.0,50.0,0.0,1.0,-11.86,-19.25999999999999,-15.799999999999997,-6.591999999999992,-0.7519999999999953,-2.999999999999993,-8.259999999999991,3.260000000000005,1.0999999999999943,0.19999999999999996,0,-3.6099999999999994,-3.4099999999999966,3.6000000000000014,-1,-4.869999999999997,-9.929999999999993,-0.20000000000000284,-3.9399999999999977,-1.5599999999999952,0.0
2022_04_CHI_NYG,2022,4,REG,NYG,CHI,20.0,12.0,8.0,32.0,3.0,39.0,5.0,1.0,4.82,-0.9349999999999952,8.342500000000001,-8.530999999999999,-3.8345714285714365,4.1875,-0.9785714285714278,-4.859999999999999,-0.25,-0.19999999999999996,0,2.0600000000000023,0.5200000000000031,1.7800000000000011,0,-8.29,-3.219999999999999,2.039999999999999,3.522500000000001,-1.0585714285714332,-1.0
2022_04_CLE_ATL,2022,4,REG,ATL,CLE,23.0,20.0,3.0,43.0,-1.0,48.0,4.0,1.0,-11.740000000000002,-24.874999999999993,-12.547500000000007,-12.178999999999995,0.48885714285714243,-0.35250000000000625,-6.007142857142853,1.269999999999996,-0.7700000000000102,0.0,0,-1.7999999999999972,-2.5900000000000034,0.6799999999999997,0,-10.120000000000005,-16.15,0.6499999999999986,-0.8075000000000045,-0.46714285714285353,-3.0
2022_04_DEN_LV,2022,4,REG,LV,DEN,32.0,23.0,9.0,55.0,2.5,45.5,6.5,1.0,-0.11999999999999744,-5.854999999999997,-1.0375000000000014,-9.299,-6.658285714285718,0.394999999999996,-1.384285714285717,-2.1099999999999994,-0.8299999999999983,-0.19999999999999996,0,-1.0700000000000003,0.07000000000000028,4.969999999999999,0,0.6899999999999977,-12.159999999999997,0.759999999999998,-0.917500000000004,-3.094285714285718,0.0
2022_04_JAX_PHI,2022,4,REG,PHI,JAX,29.0,21.0,8.0,50.0,6.5,44.0,1.5,1.0,0.3999999999999986,7.425000000000004,6.454999999999998,9.72100000000001,8.440285714285714,11.357500000000002,5.024285714285703,3.8899999999999935,2.0,0.0,0,2.1099999999999994,3.280000000000001,9.489999999999995,0,0.7900000000000063,13.259999999999998,0.7700000000000031,6.055,5.744285714285709,0.0
2022_04_KC_TB,2022,4,REG,TB,KC,31.0,41.0,-10.0,72.0,1.0,46.5,-11.0,1.0,-6.039999999999992,1.500000000000007,-4.719999999999985,6.805999999999997,5.843142857142851,0.0175000000000054,10.417142857142856,-6.299999999999997,5.8799999999999955,-0.4,0,4.300000000000004,0.12000000000000455,-10.469999999999999,0,12.159999999999997,2.9199999999999946,3.6700000000000017,1.3200000000000074,6.577142857142853,0.0
2022_04_LAC_HOU,2022,4,REG,HOU,LAC,24.0,34.0,-10.0,58.0,-5.5,45.0,-4.5,1.0,-8.309999999999995,-17.93,-12.974999999999994,-9.556000000000004,-3.723142857142861,-5.824999999999996,-6.317142857142862,1.0799999999999983,-4.410000000000004,-0.19999999999999996,0,-3.010000000000005,1.1299999999999955,-1.3300000000000054,0,-9.560000000000002,-9.68,-1.1199999999999974,-4.664999999999999,-3.787142857142861,0.0
2022_04_LA_SF,2022,4,REG,SF,LA,24.0,9.0,15.0,33.0,1.0,42.0,14.0,1.0,-2.0899999999999963,1.5250000000000057,-8.002499999999998,3.3390000000000057,-2.967428571428563,-6.3675,-5.821428571428562,-5.699999999999996,1.2099999999999937,0.0,0,-2.1199999999999974,-0.36000000000000654,1.5599999999999952,0,8.39,-1.1599999999999966,-0.6899999999999977,-5.912500000000001,-2.691428571428567,0.0
2022_04_MIA_CIN,2022,4,REG,CIN,MIA,27.0,15.0,12.0,42.0,4.0,48.5,8.0,1.0,-0.6400000000000006,-3.6300000000000026,-3.729999999999997,-1.5039999999999978,-1.6968571428571337,-2.3074999999999903,-4.782857142857139,-1.3100000000000023,0.4399999999999977,-0.19999999999999996,0,-0.5,1.2100000000000009,1.8000000000000043,0,-4.910000000000004,-1.0700000000000003,-1.2999999999999972,-3.0899999999999963,-3.182857142857138,0.0
2022_04_MIN_NO,2022,4,REG,NO,MIN,25.0,28.0,-3.0,53.0,-4.0,42.0,1.0,1.0,2.219999999999999,0.15500000000000114,4.709999999999994,-0.29299999999999216,0.7262857142857229,0.6149999999999949,-4.005714285714284,3.200000000000003,1.0200000000000031,0.0,0,-1.4699999999999989,-1.480000000000004,-1.1499999999999986,0,4.580000000000005,-8.709999999999994,2.219999999999999,2.489999999999995,-1.0457142857142827,0.0
2022_04_NE_GB,2022,4,REG,GB,NE,27.0,24.0,3.0,51.0,10.0,40.5,-7.0,1.0,6.130000000000003,4.080000000000005,4.740000000000002,-5.265999999999998,-1.580285714285715,-1.8074999999999974,7.945714285714288,-2.1199999999999974,-5.149999999999999,0.19999999999999996,0,3.6099999999999994,0.01999999999999602,-2.049999999999997,0,-3.4599999999999937,-0.6400000000000006,-1.279999999999994,-1.3900000000000006,1.6357142857142861,0.0
2022_04_NYJ_PIT,2022,4,REG,PIT,NYJ,20.0,24.0,-4.0,44.0,3.0,41.0,-7.0,1.0,-0.30000000000000426,12.899999999999999,2.424999999999997,12.385999999999996,5.391714285714279,1.2824999999999989,6.455714285714286,2.019999999999996,-4.229999999999997,0.19999999999999996,0,-3.539999999999999,0.3200000000000003,0.02999999999999403,0,21.200000000000003,5.200000000000003,1.7900000000000063,2.7250000000000014,6.205714285714286,3.0
2022_04_SEA_DET,2022,4,REG,DET,SEA,45.0,48.0,-3.0,93.0,3.0,48.5,-6.0,1.0,4.420000000000002,1.2550000000000026,11.07,0.44700000000000273,1.7448571428571498,5.077500000000001,-0.1871428571428524,10.079999999999998,-1.5800000000000054,0.19999999999999996,-1,-4.809999999999995,0.3400000000000034,-0.10999999999999943,0,-6.489999999999995,0.1600000000000037,2.539999999999999,6.649999999999999,-1.867142857142852,0.0
2022_04_TEN_IND,2022,4,REG,IND,TEN,17.0,24.0,-7.0,41.0,4.5,43.0,-11.5,1.0,-3.6899999999999977,-0.23499999999999943,0.8125,3.424999999999997,1.2485714285714238,4.897500000000001,2.4485714285714266,-1.8299999999999983,-0.9799999999999898,0.0,0,1.0200000000000031,-1.5399999999999991,3.030000000000001,0,5.990000000000002,0.9200000000000017,1.25,4.502499999999998,1.278571428571425,0.0
2022_04_WAS_DAL,2022,4,REG,DAL,WAS,25.0,10.0,15.0,35.0,3.0,40.5,12.0,1.0,0.19999999999999574,-0.28000000000000824,3.5674999999999955,-2.9580000000000055,-8.265142857142855,4.5575000000000045,-4.587142857142851,-0.9699999999999989,-0.960000000000008,-0.19999999999999996,0,0.3200000000000003,3.3400000000000034,0.9100000000000037,0,-0.9100000000000037,-0.05000000000000426,-0.28999999999999915,3.3674999999999997,-5.787142857142854,-1.0
2022_05_ATL_TB,2022,5,REG,TB,ATL,21.0,15.0,6.0,36.0,10.5,46.0,-4.5,1.0,7.780000000000001,12.575000000000003,13.542500000000004,5.732999999999997,3.635142857142853,5.392500000000005,2.307142857142857,1.0,3.430000000000007,0.0,0,3.789999999999992,-0.1699999999999946,-4.949999999999996,0,6.200000000000003,3.3900000000000006,8.11,5.762500000000003,2.6971428571428575,0.0
2022_05_CHI_MIN,2022,5,REG,MIN,CHI,29.0,22.0,7.0,51.0,10.0,44.0,-3.0,1.0,10.600000000000001,11.805,16.83,1.1829999999999998,2.4480000000000004,10.409999999999997,2.3000000000000043,2.6700000000000017,-1.6200000000000045,0.19999999999999996,0,6.82,5.969999999999999,0.37999999999999545,0,-1.9699999999999989,4.3799999999999955,6.449999999999996,6.229999999999997,2.469999999999999,0.0
2022_05_CIN_BAL,2022,5,REG,BAL,CIN,19.0,17.0,2.0,36.0,3.0,47.5,-1.0,1.0,-9.86,-18.575000000000003,-8.857499999999995,-9.381000000000007,-2.436,-0.9949999999999903,-6.25,-1.6199999999999974,2.3599999999999994,0.0,0,-5.0,-5.609999999999999,5.919999999999995,0,-9.769999999999996,-7.660000000000004,2.8000000000000043,1.0025000000000048,-1.769999999999996,-3.0
2022_05_DAL_LA,2022,5,REG,LA,DAL,10.0,22.0,-12.0,32.0,5.5,42.0,-17.5,1.0,2.219999999999999,2.3100000000000023,-3.2974999999999994,-0.14399999999999125,7.791714285714292,-4.085000000000001,7.565714285714286,-1.1000000000000014,1.9500000000000028,-0.19999999999999996,0,3.1400000000000006,-1.2800000000000011,4.020000000000003,0,-2.5400000000000063,2.719999999999999,-1.6099999999999994,-5.517499999999998,8.025714285714287,-1.0
2022_05_DET_NE,2022,5,REG,NE,DET,29.0,0.0,29.0,29.0,3.0,46.5,26.0,1.0,-2.8499999999999943,6.995000000000019,-3.585000000000001,9.33100000000001,3.1045714285714254,-0.5775000000000077,-0.28142857142857736,-3.010000000000005,1.1300000000000097,0.0,0,-0.8299999999999983,-1.2199999999999989,0.020000000000003126,0,8.790000000000006,10.899999999999999,-0.6699999999999946,-0.7350000000000065,3.6185714285714283,0.0
2022_05_HOU_JAX,2022,5,REG,JAX,HOU,6.0,13.0,-7.0,19.0,7.0,44.0,-14.0,1.0,6.0,3.125,6.8899999999999935,-2.443000000000005,0.13057142857142168,2.7324999999999946,1.298571428571428,1.1499999999999986,2.8200000000000003,0.0,0,1.2100000000000009,2.8599999999999994,3.259999999999998,0,-0.3400000000000034,-5.409999999999997,1.3699999999999974,0.8899999999999935,-0.3014285714285734,0.0
2022_05_IND_DEN,2022,5,REG,DEN,IND,9.0,12.0,-3.0,21.0,3.5,42.0,-6.5,1.0,2.480000000000004,10.995000000000005,-0.9149999999999991,9.899000000000001,1.9882857142857162,-3.7324999999999946,-3.4357142857142833,5.849999999999994,-1.4799999999999969,-0.19999999999999996,0,2.490000000000002,3.469999999999999,-10.32,0,8.310000000000002,8.719999999999999,3.0700000000000003,-3.395000000000003,0.6042857142857159,0.0
2022_05_LAC_CLE,2022,5,REG,CLE,LAC,28.0,30.0,-2.0,58.0,-1.0,47.0,-1.0,1.0,-8.46,-7.7649999999999935,-10.475000000000001,2.403000000000006,0.9008571428571415,-1.7000000000000028,4.582857142857144,6.25,0.6899999999999977,-0.19999999999999996,0,-1.1799999999999997,3.6000000000000014,2.3400000000000034,0,3.8599999999999994,-2.469999999999999,-0.7700000000000031,-2.0150000000000006,-0.8071428571428569,0.0
2022_05_LV_KC,2022,5,REG,KC,LV,30.0,29.0,1.0,59.0,7.5,51.5,-6.5,1.0,7.810000000000002,9.11,11.725000000000001,7.147999999999996,7.855142857142852,4.185000000000002,2.617142857142852,9.399999999999999,2.280000000000001,0.19999999999999996,0,-1.6400000000000006,-0.6000000000000014,6.230000000000004,0,-5.38000000000001,7.979999999999997,0.28000000000000114,3.914999999999999,2.0071428571428527,0.0
2022_05_MIA_NYJ,2022,5,REG,NYJ,MIA,40.0,17.0,23.0,57.0,-3.0,46.0,26.0,1.0,-6.3700000000000045,-10.945000000000007,-11.232500000000009,-1.9170000000000087,-1.5120000000000005,-6.9850000000000065,-5.72999999999999,-3.9200000000000017,4.090000000000003,-0.19999999999999996,0,-1.8800000000000026,-3.990000000000002,2.3900000000000006,0,-8.660000000000004,-0.490000000000002,-1.6600000000000037,-4.862500000000004,-4.169999999999995,-3.0
2022_05_NYG_GB,2022,5,REG,GB,NYG,22.0,27.0,-5.0,49.0,8.5,42.0,-13.5,1.0,8.64,16.405,8.8675,7.069000000000003,1.48685714285714,3.122499999999995,7.8528571428571325,3.479999999999997,-4.229999999999997,-0.19999999999999996,0,4.68,3.0799999999999983,-0.0799999999999983,0,6.310000000000002,9.220000000000006,-0.259999999999998,0.22749999999999915,2.182857142857138,0.0
2022_05_PHI_ARI,2022,5,REG,ARI,PHI,17.0,20.0,-3.0,37.0,-5.5,48.5,2.5,1.0,-0.37000000000000455,-5.565000000000012,-3.8200000000000074,-2.1070000000000064,-4.584857142857139,-9.717500000000008,-7.35285714285714,7.369999999999997,0.0899999999999892,0.0,-1,-5.149999999999999,-5.979999999999997,-7.810000000000002,0,-4.540000000000006,-5.850000000000001,1.1300000000000026,-3.450000000000003,-7.67285714285714,0.0
2022_05_PIT_BUF,2022,5,REG,BUF,PIT,38.0,3.0,35.0,41.0,14.0,44.0,21.0,1.0,10.04,5.225000000000001,12.774999999999999,-3.8629999999999995,-3.9708571428571418,4.722499999999997,-3.482857142857142,-5.060000000000002,3.8399999999999963,0.0,0,5.880000000000003,6.049999999999997,1.5899999999999963,1,-12.11999999999999,2.490000000000002,0.18999999999999773,2.7349999999999994,-4.92285714285714,0.0
2022_05_SEA_NO,2022,5,REG,NO,SEA,39.0,32.0,7.0,71.0,5.5,45.5,1.5,1.0,-0.5499999999999972,-0.46000000000000796,9.072500000000005,2.4199999999999875,4.777142857142856,5.510000000000005,-1.1128571428571448,3.6400000000000006,-2.4000000000000057,0.19999999999999996,0,-4.560000000000002,-3.6599999999999966,-6.719999999999999,0,0.7399999999999949,-0.5600000000000023,7.180000000000007,9.622500000000002,2.4471428571428575,0.0
2022_05_SF_CAR,2022,5,REG,CAR,SF,15.0,37.0,-22.0,52.0,-6.0,40.0,-16.0,1.0,-4.590000000000003,-3.8299999999999983,-3.457500000000003,0.6340000000000003,-0.7114761904761977,-5.547499999999999,6.164523809523807,1.25,-6.689999999999998,0.4,0,-4.18,-6.409999999999997,-9.54,0,-3.7900000000000063,5.310000000000002,3.1700000000000017,1.1325000000000003,-0.5854761904761929,1.0
2022_05_TEN_WAS,2022,5,REG,WAS,TEN,17.0,21.0,-4.0,38.0,-1.0,43.0,-3.0,1.0,-4.699999999999996,-2.604999999999997,-2.844999999999999,8.308999999999997,5.262571428571427,3.0775000000000006,-5.031428571428577,4.68,1.9500000000000028,0.19999999999999996,0,0.46999999999999886,3.539999999999999,0.14000000000000057,0,4.199999999999996,-0.010000000000005116,1.6400000000000006,1.8549999999999969,-0.951428571428572,0.0
2022_06_ARI_SEA,2022,6,REG,SEA,ARI,19.0,9.0,10.0,28.0,-2.5,50.0,12.5,1.0,-1.8999999999999986,-7.0049999999999955,-9.174999999999997,-9.814999999999998,-5.324285714285715,-3.674999999999997,-0.374285714285719,0.03999999999999915,-2.019999999999996,0.0,0,7.240000000000002,2.1700000000000017,3.989999999999995,0,-1.5600000000000023,-8.649999999999999,-2.3800000000000026,-7.274999999999999,-0.6142857142857139,0.0
2022_06_BAL_NYG,2022,6,REG,NYG,BAL,24.0,20.0,4.0,44.0,-5.5,46.0,9.5,1.0,4.219999999999999,1.7650000000000006,1.6624999999999943,-3.7949999999999946,-2.635714285714286,-5.305000000000007,3.154285714285713,-2.5899999999999963,-2.6400000000000006,0.0,0,0.75,-2.190000000000005,-4.6200000000000045,0,-0.22999999999999687,-4.68,-1.9699999999999989,-2.5575000000000045,-1.2957142857142898,0.0
2022_06_BUF_KC,2022,6,REG,KC,BUF,20.0,24.0,-4.0,44.0,-2.5,54.0,-1.5,1.0,3.769999999999996,-7.895000000000003,6.344999999999999,-7.634999999999998,2.4457142857142813,3.8800000000000026,-0.7342857142857255,8.869999999999997,-0.2400000000000091,0.19999999999999996,0,-3.549999999999997,-2.8299999999999983,6.609999999999992,-1,-9.759999999999998,-13.57,4.530000000000001,2.575000000000003,-1.5842857142857198,-1.0
2022_06_CAR_LA,2022,6,REG,LA,CAR,24.0,10.0,14.0,34.0,10.0,41.5,4.0,1.0,5.649999999999999,4.464999999999996,5.420000000000002,-0.38700000000000045,1.4570476190476214,4.377500000000005,-3.510952380952375,-2.059999999999995,4.720000000000006,-0.19999999999999996,0,5.469999999999999,1.6000000000000014,8.64,0,-2.970000000000006,0.6000000000000014,-3.740000000000002,-0.22999999999999687,0.6590476190476195,0.0
2022_06_CIN_NO,2022,6,REG,NO,CIN,26.0,30.0,-4.0,56.0,-3.0,42.5,-1.0,1.0,-5.170000000000002,-10.780000000000001,-3.302500000000002,-5.930000000000007,0.8157142857142787,-0.23999999999999488,1.1457142857142841,1.7199999999999989,-1.1099999999999994,0.0,0,-3.6799999999999997,-4.109999999999999,2.6199999999999974,0,0.37000000000000455,-11.590000000000003,4.359999999999999,1.8674999999999997,1.1357142857142861,0.0
2022_06_DAL_PHI,2022,6,REG,PHI,DAL,26.0,17.0,9.0,43.0,6.5,42.5,2.5,1.0,4.009999999999998,12.444999999999993,4.577500000000001,7.484999999999992,9.492857142857147,5.840000000000003,12.44285714285715,-8.310000000000002,0.6800000000000068,0.0,1,3.490000000000002,3.219999999999999,10.199999999999996,0,5.409999999999997,11.459999999999994,0.29999999999999716,0.5675000000000026,10.44285714285715,0.0
2022_06_DEN_LAC,2022,6,REG,LAC,DEN,19.0,16.0,3.0,35.0,3.5,45.5,-0.5,1.0,3.3300000000000054,7.615000000000002,5.89500000000001,4.555,-0.17999999999999972,4.3500000000000085,4.380000000000003,-2.730000000000004,5.050000000000004,0.19999999999999996,0,0.8100000000000023,-0.9499999999999957,7.409999999999997,0,1.8900000000000006,6.680000000000007,-1.9399999999999977,2.565000000000005,-0.45000000000000284,-3.0
2022_06_JAX_IND,2022,6,REG,IND,JAX,34.0,27.0,7.0,61.0,1.0,41.0,6.0,1.0,-0.3399999999999963,0.6550000000000011,4.877500000000005,-2.6470000000000056,-0.049142857142861374,5.752500000000005,5.192857142857143,-7.43,-1.8400000000000034,0.19999999999999996,0,-0.19000000000000483,-2.9100000000000037,4.68,0,0.39000000000000057,1.5999999999999943,2.269999999999996,5.217500000000001,3.5928571428571416,3.0
2022_06_MIN_MIA,2022,6,REG,MIA,MIN,16.0,24.0,-8.0,40.0,-3.0,45.0,-5.0,1.0,-1.0,-2.1000000000000085,1.509999999999998,-3.010000000000012,-0.6471428571428604,-0.1525000000000034,-1.1471428571428604,-4.0,-1.7199999999999989,-0.19999999999999996,0,-0.9899999999999949,-0.8500000000000014,-1.8500000000000014,0,3.3599999999999994,-5.560000000000002,-0.9599999999999937,2.509999999999998,1.2628571428571433,0.0
2022_06_NE_CLE,2022,6,REG,CLE,NE,15.0,38.0,-23.0,53.0,2.5,43.0,-25.5,1.0,-2.1899999999999977,-5.490000000000009,-2.8699999999999903,-1.5800000000000125,1.6700000000000017,0.3275000000000077,9.279999999999994,2.75,2.6200000000000045,0.0,0,2.3500000000000014,2.520000000000003,-0.30000000000000426,0,1.2800000000000011,-7.8799999999999955,-2.9299999999999997,-0.6799999999999926,-0.04999999999999716,0.0
2022_06_NYJ_GB,2022,6,REG,GB,NYJ,10.0,27.0,-17.0,37.0,7.5,44.5,-24.5,1.0,9.479999999999997,18.464999999999996,10.255000000000003,5.535000000000004,0.7471428571428618,1.8600000000000065,9.057142857142857,1.9399999999999977,-6.149999999999999,0.0,0,0.9600000000000009,2.4000000000000057,1.0,0,7.3999999999999915,10.569999999999993,-1.769999999999996,0.7750000000000057,4.1971428571428575,0.0
2022_06_SF_ATL,2022,6,REG,ATL,SF,28.0,14.0,14.0,42.0,-3.5,46.0,17.5,1.0,-6.940000000000005,-17.654999999999994,-8.76250000000001,-9.416999999999994,-1.6648571428571444,-3.8625000000000043,-0.9828571428571351,1.7299999999999969,-2.3799999999999955,-0.19999999999999996,0,0.36999999999999744,-3.1799999999999997,-2.6599999999999966,0,-6.359999999999999,-15.069999999999993,2.969999999999999,-1.8225000000000051,-2.962857142857139,0.0
2022_06_TB_PIT,2022,6,REG,PIT,TB,20.0,18.0,2.0,38.0,-10.0,47.0,12.0,1.0,-9.399999999999999,-1.9199999999999946,-11.629999999999995,5.210000000000001,0.8585714285714303,-3.230000000000004,0.8085714285714332,2.8800000000000026,-8.189999999999998,0.0,0,-7.77000000000001,-1.3599999999999994,5.039999999999999,0,8.450000000000003,6.510000000000005,-3.010000000000005,-2.229999999999997,3.1285714285714334,0.0
2022_06_WAS_CHI,2022,6,REG,CHI,WAS,7.0,12.0,-5.0,19.0,-1.0,38.5,-4.0,1.0,-3.75,-2.690000000000005,-6.752500000000005,-1.4519999999999982,-5.097714285714282,-4.0475000000000065,-2.2857142857142847,-2.710000000000001,-4.159999999999997,0.19999999999999996,0,-3.4399999999999977,-2.0600000000000023,1.7800000000000011,0,-0.7800000000000011,2.8999999999999986,-2.9200000000000017,-3.002500000000005,-2.585714285714289,0.0
2022_07_ATL_CIN,2022,7,REG,CIN,ATL,35.0,17.0,18.0,52.0,6.5,47.5,11.5,1.0,7.5,11.030000000000001,11.5,5.857999999999997,1.8351428571428485,7.144999999999996,-4.05285714285715,5.530000000000001,-2.1099999999999994,0.0,0,1.3699999999999974,6.729999999999997,-1.8700000000000045,0,1.2999999999999972,5.759999999999998,1.6799999999999997,4.0,-0.4928571428571473,0.0
2022_07_CHI_NE,2022,7,REG,NE,CHI,14.0,33.0,-19.0,47.0,9.5,40.0,-28.5,1.0,8.07,15.404999999999994,10.050000000000004,9.034999999999997,3.710000000000001,5.395000000000003,-0.30999999999999517,1.3600000000000065,3.229999999999997,0.19999999999999996,0,2.4199999999999946,2.8699999999999974,4.780000000000001,0,5.949999999999989,8.720000000000006,0.8599999999999994,1.980000000000004,2.009999999999998,-3.0
2022_07_CLE_BAL,2022,7,REG,BAL,CLE,23.0,20.0,3.0,43.0,6.5,46.0,-3.5,1.0,-4.630000000000003,-10.695000000000007,-2.105000000000004,-7.403000000000006,-0.5751428571428576,1.8799999999999955,-11.267142857142858,-3.1000000000000014,-0.7800000000000011,0.0,0,-5.310000000000002,-3.980000000000004,3.489999999999995,0,-15.050000000000004,2.9200000000000017,4.829999999999998,2.5249999999999986,0.7628571428571433,0.0
2022_07_DET_DAL,2022,7,REG,DAL,DET,24.0,6.0,18.0,30.0,7.0,49.5,11.0,1.0,-3.789999999999999,0.09500000000000597,-2.135000000000005,5.077000000000005,-0.2808571428571369,0.7950000000000017,-3.0128571428571362,-1.4299999999999997,2.960000000000008,0.0,0,-0.13000000000000256,-1.2299999999999969,-2.769999999999996,0,4.530000000000008,3.240000000000002,1.0600000000000023,1.654999999999994,-1.472857142857137,-7.0
2022_07_GB_WAS,2022,7,REG,WAS,GB,23.0,21.0,2.0,44.0,-4.0,41.5,6.0,1.0,-6.589999999999996,-12.29999999999999,-7.292499999999997,-3.917999999999992,1.6977142857142837,-1.6499999999999986,-5.594285714285718,-7.539999999999999,7.439999999999998,-0.19999999999999996,0,-2.1300000000000026,0.22999999999999687,-2.9499999999999957,0,1.3700000000000045,-12.79,2.770000000000003,-0.7025000000000006,-0.09428571428571786,3.0
2022_07_HOU_LV,2022,7,REG,LV,HOU,38.0,20.0,18.0,58.0,7.0,46.0,11.0,1.0,8.719999999999999,5.174999999999997,12.617499999999993,-4.897000000000006,-2.0777142857142934,6.464999999999996,1.664285714285711,-0.3999999999999986,1.1899999999999977,0.19999999999999996,0,4.009999999999998,1.7000000000000028,2.009999999999998,0,2.009999999999991,-9.100000000000001,4.509999999999998,3.8974999999999937,-0.7257142857142895,-1.0
2022_07_IND_TEN,2022,7,REG,TEN,IND,19.0,10.0,9.0,29.0,2.5,43.0,6.5,1.0,2.469999999999999,-0.020000000000003126,-3.292500000000004,-3.4780000000000015,-3.309428571428569,-7.894999999999996,0.3385714285714343,5.340000000000003,1.0700000000000074,0.19999999999999996,-1,-1.4099999999999966,-1.7299999999999969,-5.009999999999998,0,-7.109999999999992,2.1299999999999955,-7.660000000000004,-5.762500000000003,-2.3214285714285694,7.0
2022_07_KC_SF,2022,7,REG,SF,KC,23.0,44.0,-21.0,67.0,-1.0,49.0,-20.0,1.0,-7.460000000000001,-0.5850000000000009,-11.184999999999995,3.320999999999998,-2.1439999999999984,-3.4299999999999997,3.8100000000000023,-9.589999999999996,3.8400000000000034,-0.19999999999999996,0,0.5499999999999972,2.280000000000001,-3.75,0,6.810000000000002,6.940000000000005,-4.82,-3.7249999999999943,1.4100000000000037,0.0
2022_07_NO_ARI,2022,7,REG,ARI,NO,42.0,34.0,8.0,76.0,2.5,44.0,5.5,1.0,2.8399999999999963,6.835000000000001,4.377499999999998,5.905000000000008,0.24857142857143089,-0.9875000000000043,-3.2914285714285683,-4.25,3.6599999999999966,0.0,0,-3.950000000000003,-1.9000000000000057,1.2000000000000028,0,-1.5799999999999983,9.57,-1.1699999999999946,1.5375000000000014,-1.6614285714285728,0.0
2022_07_NYG_JAX,2022,7,REG,JAX,NYG,17.0,23.0,-6.0,40.0,3.0,44.0,-9.0,1.0,1.8799999999999955,3.7250000000000014,0.48749999999999716,5.055,2.0642857142857096,0.04000000000000625,0.15428571428571303,5.089999999999996,0.8299999999999983,-0.19999999999999996,0,3.480000000000004,4.720000000000006,-5.310000000000002,0,5.080000000000005,-1.3899999999999935,-0.9600000000000009,-1.3924999999999983,-1.1457142857142841,0.0
2022_07_NYJ_DEN,2022,7,REG,DEN,NYJ,9.0,16.0,-7.0,25.0,-2.0,37.0,-5.0,1.0,5.18,11.084999999999994,7.945,5.550999999999995,3.5931428571428583,1.5799999999999983,-0.5328571428571394,0.8599999999999994,-3.3400000000000034,0.0,0,0.17999999999999972,2.049999999999997,-10.07,1,5.260000000000005,6.549999999999997,0.3300000000000054,2.7650000000000006,3.9471428571428575,-1.0
2022_07_PIT_MIA,2022,7,REG,MIA,PIT,16.0,10.0,6.0,26.0,7.5,44.5,-1.5,1.0,8.920000000000002,0.46999999999999886,10.407499999999999,-9.322000000000003,-3.2177142857142798,2.5975000000000037,0.05428571428572582,-2.3399999999999963,-0.010000000000005116,0.0,0,5.910000000000004,2.8400000000000034,0.04999999999999716,0,-10.789999999999992,-6.109999999999999,-3.480000000000004,1.4874999999999972,-2.34571428571428,0.0
2022_07_SEA_LAC,2022,7,REG,LAC,SEA,23.0,37.0,-14.0,60.0,5.5,51.5,-19.5,1.0,6.260000000000005,14.90000000000002,11.762499999999996,8.492000000000019,4.5591428571428665,2.664999999999992,10.837142857142858,-6.399999999999999,2.490000000000009,-0.19999999999999996,0,-2.460000000000001,-2.5799999999999983,-5.410000000000004,0,3.2900000000000063,13.990000000000002,1.4599999999999937,5.502499999999991,4.707142857142863,-1.0
2022_07_TB_CAR,2022,7,REG,CAR,TB,21.0,3.0,18.0,24.0,-13.0,39.5,31.0,1.0,-10.600000000000001,-11.494999999999997,-16.34000000000001,-3.488999999999997,-4.248285714285714,-12.84750000000001,-7.404285714285713,-1.1400000000000006,-2.780000000000001,0.19999999999999996,0,-9.280000000000001,-11.580000000000005,-2.7900000000000063,0,-5.959999999999994,4.170000000000002,-4.539999999999999,-5.740000000000009,-1.654285714285713,0.0
2022_08_ARI_MIN,2022,8,REG,MIN,ARI,34.0,26.0,8.0,60.0,4.0,48.5,4.0,1.0,-5.210000000000001,-5.7849999999999895,-5.152500000000003,-3.850999999999992,-0.6260000000000048,3.1724999999999994,5.839999999999996,3.269999999999996,-5.049999999999997,0.0,0,6.6200000000000045,2.780000000000001,-1.2000000000000028,0,-1.4299999999999926,0.28000000000000114,1.2899999999999991,0.05749999999999744,2.6499999999999986,4.0
2022_08_BAL_TB,2022,8,REG,TB,BAL,22.0,27.0,-5.0,49.0,2.0,46.0,-7.0,1.0,12.380000000000003,11.365000000000002,14.707500000000003,1.5249999999999986,3.0428571428571445,2.9099999999999966,7.192857142857143,-2.270000000000003,1.9399999999999977,-0.19999999999999996,0,7.560000000000002,3.8500000000000014,-7.88000000000001,0,3.930000000000007,-5.960000000000001,3.1199999999999974,2.3275000000000006,0.5028571428571453,0.0
2022_08_CAR_ATL,2022,8,REG,ATL,CAR,37.0,34.0,3.0,71.0,4.5,41.0,-1.5,1.0,1.2100000000000009,-4.524999999999999,-0.822499999999998,-4.640999999999998,-0.1917142857142835,3.772500000000001,3.7842857142857156,-0.28999999999999915,3.75,0.0,0,5.189999999999998,6.609999999999999,5.549999999999997,0,-2.969999999999999,-8.5,-1.3999999999999986,-2.032499999999999,-1.2857142857142847,0.0
2022_08_CHI_DAL,2022,8,REG,DAL,CHI,49.0,29.0,20.0,78.0,10.5,43.0,9.5,1.0,3.239999999999995,7.524999999999984,11.54999999999999,8.338999999999992,1.1368571428571457,9.36999999999999,-2.6571428571428584,7.25,4.760000000000005,0.19999999999999996,0,3.280000000000001,1.2099999999999937,-1.4500000000000028,0,9.329999999999991,-0.7600000000000051,8.270000000000003,8.309999999999995,-2.9171428571428564,1.0
2022_08_CIN_CLE,2022,8,REG,CLE,CIN,32.0,13.0,19.0,45.0,-3.0,45.0,22.0,1.0,-9.879999999999995,-4.249999999999993,-11.299999999999997,8.829999999999998,5.542857142857137,-3.844999999999999,8.572857142857139,10.630000000000003,5.759999999999998,0.19999999999999996,-1,-2.3100000000000023,-2.019999999999996,2.990000000000002,0,9.939999999999998,1.3200000000000003,-3.5700000000000003,-1.4200000000000017,2.3428571428571416,0.0
2022_08_DEN_JAX,2022,8,REG,JAX,DEN,17.0,21.0,-4.0,38.0,1.0,41.0,-5.0,1.0,-0.44999999999999574,-1.269999999999996,1.2075000000000102,1.5899999999999963,-0.3400000000000034,1.5450000000000017,-1.1300000000000026,3.3699999999999974,2.1899999999999977,0.0,0,-1.6799999999999997,1.7199999999999989,2.8599999999999994,0,1.539999999999992,-3.1799999999999997,0.7000000000000028,1.657500000000006,-2.75,0.0
2022_08_GB_BUF,2022,8,REG,BUF,GB,27.0,17.0,10.0,44.0,10.5,47.0,-0.5,1.0,3.4099999999999966,4.049999999999997,6.347499999999997,2.0819999999999936,-0.356571428571435,4.529999999999994,-6.21857142857143,-5.200000000000003,4.950000000000003,-0.19999999999999996,0,2.9299999999999997,4.229999999999997,2.6899999999999977,1,1.6899999999999977,-0.4099999999999966,-0.8599999999999994,2.9375,-1.798571428571428,7.0
2022_08_LV_NO,2022,8,REG,NO,LV,24.0,0.0,24.0,24.0,-1.0,48.5,25.0,1.0,-4.240000000000002,-2.065000000000005,-3.987499999999997,7.228999999999992,7.87114285714285,-2.4224999999999923,0.2871428571428538,9.0,1.1700000000000017,0.0,0,-3.0,-2.3599999999999994,-4.240000000000002,0,1.8199999999999932,2.530000000000001,-0.21000000000000085,0.25250000000000483,2.817142857142855,3.0
2022_08_MIA_DET,2022,8,REG,DET,MIA,27.0,31.0,-4.0,58.0,-3.5,52.0,-0.5,1.0,-3.5,-9.600000000000009,-8.360000000000007,-5.404000000000011,-7.032571428571437,-5.727500000000006,-6.158571428571435,1.6599999999999966,2.5999999999999943,0.19999999999999996,0,-4.18,-3.549999999999997,1.009999999999998,0,-7.300000000000004,-4.899999999999999,-3.4200000000000017,-4.8600000000000065,-7.728571428571435,0.0
2022_08_NE_NYJ,2022,8,REG,NYJ,NE,17.0,22.0,-5.0,39.0,-3.0,40.0,-2.0,1.0,-3.950000000000003,-14.555000000000007,-4.355000000000004,-9.399000000000008,-1.2254285714285729,-1.4875000000000043,-2.1214285714285737,-2.1000000000000014,1.3799999999999955,-0.19999999999999996,0,1.1499999999999986,-3.739999999999995,-4.789999999999999,0,-12.489999999999995,-8.720000000000006,1.3800000000000026,-0.40500000000000114,-2.431428571428569,1.0
2022_08_NYG_SEA,2022,8,REG,SEA,NYG,27.0,13.0,14.0,40.0,3.0,44.5,11.0,1.0,0.21999999999999886,10.04999999999999,-2.477499999999999,10.391999999999989,1.4562857142857055,2.127500000000005,1.644285714285708,5.270000000000003,-0.030000000000001137,0.0,0,7.710000000000001,5.239999999999995,1.1799999999999997,0,6.950000000000003,12.709999999999994,-2.210000000000001,-2.697499999999998,0.8942857142857079,0.0
2022_08_PIT_PHI,2022,8,REG,PHI,PIT,35.0,13.0,22.0,48.0,11.0,43.0,11.0,1.0,7.440000000000005,5.704999999999991,10.994999999999997,1.4529999999999887,2.596571428571437,8.567499999999995,3.278571428571439,2.039999999999999,5.640000000000001,-0.19999999999999996,0,3.6200000000000045,4.809999999999995,6.779999999999994,0,-7.920000000000002,4.450000000000003,-3.6099999999999994,3.5549999999999926,-0.5914285714285654,7.0
2022_08_SF_LA,2022,8,REG,LA,SF,14.0,31.0,-17.0,45.0,-1.0,42.0,-16.0,1.0,-2.0899999999999963,-10.249999999999993,-1.7525000000000048,-7.344000000000001,1.9588571428571413,-2.1725000000000065,-2.9571428571428555,0.740000000000002,-1.2199999999999989,-0.19999999999999996,0,0.8300000000000054,-4.109999999999999,-3.6799999999999997,0,-9.989999999999995,-6.329999999999991,0.4399999999999977,0.3374999999999915,1.142857142857146,7.0
2022_08_TEN_HOU,2022,8,REG,HOU,TEN,10.0,17.0,-7.0,27.0,-1.0,39.0,-6.0,1.0,-7.450000000000003,-12.010000000000012,-9.742500000000007,-3.2320000000000064,-4.349142857142851,-1.1025000000000063,-9.177142857142854,-1.5300000000000011,-4.77000000000001,-0.19999999999999996,0,-0.18999999999999773,1.5799999999999983,2.809999999999995,0,-8.110000000000007,-1.009999999999998,-0.3300000000000054,-2.292500000000004,-5.677142857142854,0.0
2022_08_WAS_IND,2022,8,REG,IND,WAS,16.0,17.0,-1.0,33.0,3.0,40.5,-4.0,1.0,1.759999999999998,-2.9250000000000043,6.472499999999997,-5.079000000000001,-0.06542857142856917,5.670000000000002,4.3885714285714315,5.589999999999996,-3.1499999999999915,-0.19999999999999996,0,-1.0200000000000031,0.7999999999999972,4.850000000000001,0,-6.300000000000004,-3.0700000000000003,4.159999999999997,4.712499999999999,0.3285714285714292,0.0
2022_09_BAL_NO,2022,9,REG,NO,BAL,13.0,27.0,-14.0,40.0,-1.0,46.0,-13.0,1.0,6.949999999999996,6.440000000000005,8.752499999999998,-0.11199999999999477,-2.5020000000000095,1.509999999999998,4.299999999999997,2.990000000000002,-3.8600000000000136,0.0,0,4.100000000000001,2.1200000000000045,-7.420000000000002,0,6.560000000000002,-7.579999999999998,4.840000000000003,1.802500000000002,-2.9000000000000057,-3.0
2022_09_BUF_NYJ,2022,9,REG,NYJ,BUF,20.0,17.0,3.0,37.0,-11.0,46.0,14.0,1.0,-10.219999999999992,-18.384999999999998,-14.572499999999991,-6.435000000000009,-1.5,-6.142500000000005,-5.909999999999997,3.3299999999999983,1.0900000000000034,0.0,0,-2.5300000000000082,-6.07,-3.729999999999997,-1,-6.060000000000002,-10.269999999999996,2.950000000000003,-4.352499999999999,-3.229999999999997,0.0
2022_09_CAR_CIN,2022,9,REG,CIN,CAR,42.0,21.0,21.0,63.0,7.0,43.0,14.0,1.0,8.939999999999998,7.435000000000002,11.432499999999997,-1.5109999999999957,-2.7002857142857124,10.847499999999997,-0.1342857142857099,-5.090000000000003,-1.0799999999999983,0.0,1,6.6200000000000045,10.29,4.149999999999999,0,0.0799999999999983,-3.0899999999999963,0.01999999999999602,2.4924999999999997,-2.694285714285712,-1.0
2022_09_GB_DET,2022,9,REG,DET,GB,15.0,9.0,6.0,24.0,-4.0,49.5,10.0,1.0,-4.409999999999997,-14.049999999999983,-5.3799999999999955,-6.109999999999985,-2.4857142857142875,-0.6849999999999952,-10.22571428571429,7.080000000000005,3.549999999999997,0.19999999999999996,0,-3.4099999999999966,-0.07000000000000028,3.519999999999996,0,-6.509999999999998,-12.769999999999996,-1.1199999999999974,-0.9699999999999989,-6.015714285714289,0.0
2022_09_IND_NE,2022,9,REG,NE,IND,26.0,3.0,23.0,29.0,5.0,40.0,18.0,1.0,-2.219999999999999,5.965000000000003,-7.977500000000006,8.222999999999999,-1.5677142857142883,-4.19250000000001,-5.675714285714285,1.5,0.1799999999999926,-0.19999999999999996,0,0.730000000000004,0.509999999999998,7.509999999999998,0,5.790000000000006,10.579999999999998,-6.060000000000002,-5.757500000000007,-1.605714285714285,0.0
2022_09_LAC_ATL,2022,9,REG,ATL,LAC,17.0,20.0,-3.0,37.0,-2.5,49.5,-0.5,1.0,-6.8799999999999955,-16.02499999999999,-12.709999999999994,-8.876999999999995,-3.6548571428571464,-4.204999999999998,-2.2228571428571513,1.4799999999999969,-0.46000000000000796,0.0,0,0.5899999999999963,1.0899999999999963,4.210000000000001,0,-4.8799999999999955,-13.410000000000004,-1.6499999999999986,-5.829999999999998,-3.922857142857147,-7.0
2022_09_LA_TB,2022,9,REG,TB,LA,16.0,13.0,3.0,29.0,3.0,43.0,0.0,1.0,2.3300000000000054,5.255000000000003,5.302500000000002,6.174999999999997,2.7171428571428535,3.769999999999996,0.2971428571428518,2.729999999999997,1.5799999999999983,0.0,0,2.4199999999999946,3.989999999999995,-3.6899999999999977,0,8.730000000000004,-2.8800000000000026,8.96,2.9724999999999966,-0.5328571428571465,3.0
2022_09_LV_JAX,2022,9,REG,JAX,LV,27.0,20.0,7.0,47.0,-2.5,47.5,9.5,1.0,-3.019999999999996,-3.065000000000005,-2.7924999999999898,4.026999999999994,4.294857142857147,-2.11249999999999,0.9028571428571439,3.3500000000000014,2.700000000000003,-0.19999999999999996,0,-2.1199999999999974,0.46999999999999886,-4.810000000000002,0,-3.1300000000000097,3.039999999999999,2.6799999999999997,0.22750000000000625,0.2228571428571442,0.0
2022_09_MIA_CHI,2022,9,REG,CHI,MIA,32.0,35.0,-3.0,67.0,-4.0,46.0,1.0,1.0,-9.809999999999995,-15.344999999999992,-16.122499999999995,-5.348999999999997,-9.523999999999994,-8.5225,-10.729999999999997,4.990000000000002,0.28999999999999915,0.19999999999999996,-1,-6.550000000000004,-6.460000000000001,0.10999999999999943,0,-8.789999999999992,-2.280000000000001,-1.990000000000002,-6.3125,-9.709999999999994,0.0
2022_09_MIN_WAS,2022,9,REG,WAS,MIN,17.0,20.0,-3.0,37.0,-3.0,43.5,0.0,1.0,2.8200000000000003,-9.739999999999988,0.09250000000000114,-11.831999999999987,-2.171999999999997,-5.519999999999996,-6.880000000000003,-6.080000000000005,5.660000000000004,-0.4,0,-3.819999999999993,-1.6799999999999997,-3.8799999999999955,0,-15.039999999999992,-10.079999999999998,-2.8499999999999943,-2.727499999999999,-2.8999999999999986,0.0
2022_09_PHI_HOU,2022,9,REG,HOU,PHI,17.0,29.0,-12.0,46.0,-14.0,45.5,2.0,1.0,-6.670000000000002,-15.070000000000007,-16.46,-12.134000000000007,-13.149714285714282,-15.0,-10.795714285714276,-7.269999999999996,-5.940000000000005,0.0,0,-5.280000000000001,-3.9299999999999997,-8.190000000000005,0,-8.770000000000003,-8.030000000000001,-3.1499999999999986,-9.79,-9.41571428571428,0.0
2022_09_SEA_ARI,2022,9,REG,ARI,SEA,21.0,31.0,-10.0,52.0,1.5,49.5,-11.5,1.0,3.280000000000001,1.1099999999999994,7.292499999999997,4.624000000000002,6.765428571428572,0.8350000000000009,-0.2585714285714289,5.469999999999999,8.46,0.19999999999999996,0,-2.6899999999999906,-1.7100000000000009,-5.849999999999994,0,-0.29999999999999716,-4.039999999999992,3.480000000000004,4.012499999999996,-0.028571428571432023,0.0
2022_09_TEN_KC,2022,9,REG,KC,TEN,20.0,17.0,3.0,37.0,14.0,45.0,-11.0,1.0,7.789999999999992,3.9599999999999937,10.962499999999991,0.26200000000000045,1.9234285714285733,8.565000000000005,-10.898571428571422,5.840000000000003,-1.0900000000000034,-0.19999999999999996,0,3.1100000000000065,3.960000000000001,12.179999999999993,0,-6.4199999999999875,-1.240000000000002,1.019999999999996,3.1724999999999994,-2.1685714285714255,7.0
2022_10_ARI_LA,2022,10,REG,LA,ARI,17.0,27.0,-10.0,44.0,3.5,38.0,-13.5,1.0,0.740000000000002,-4.134999999999998,-1.2949999999999946,-6.8870000000000005,0.9879999999999995,-1.7049999999999983,3.6199999999999974,-2.6899999999999977,-0.4299999999999926,0.19999999999999996,0,1.4299999999999997,-0.759999999999998,1.7100000000000009,0,-6.669999999999995,-3.0800000000000054,-4.079999999999998,-2.0349999999999966,3.0,0.0
2022_10_ATL_CAR,2022,10,REG,CAR,ATL,25.0,15.0,10.0,40.0,-2.5,41.5,12.5,1.0,-1.6600000000000037,3.8049999999999997,0.269999999999996,4.147000000000006,1.3134285714285738,-3.2225000000000037,-5.53857142857143,-1.6999999999999957,-3.719999999999999,0.19999999999999996,0,-5.869999999999997,-3.3999999999999986,-6.540000000000006,0,2.5900000000000034,8.340000000000003,0.9099999999999966,1.9299999999999997,2.6314285714285717,0.0
2022_10_CLE_MIA,2022,10,REG,MIA,CLE,39.0,17.0,22.0,56.0,3.0,49.0,19.0,1.0,8.119999999999997,2.085000000000008,11.445,-7.710999999999991,0.9911428571428544,2.282500000000006,-4.042857142857152,-1.9299999999999997,-6.479999999999997,0.19999999999999996,0,1.1799999999999926,1.4600000000000009,-2.6799999999999997,0,-12.099999999999994,0.030000000000001137,1.9600000000000009,3.325000000000003,2.6671428571428564,-6.0
2022_10_DAL_GB,2022,10,REG,GB,DAL,31.0,28.0,3.0,59.0,-3.5,44.5,6.5,1.0,8.519999999999996,13.719999999999999,6.792500000000004,0.9740000000000038,2.8468571428571394,-0.894999999999996,11.762857142857136,-5.660000000000004,-6.200000000000003,0.0,0,2.219999999999999,0.46999999999999886,1.2100000000000009,0,0.8399999999999892,9.559999999999995,-7.569999999999993,-1.727499999999992,7.0728571428571385,-7.0
2022_10_DEN_TEN,2022,10,REG,TEN,DEN,17.0,10.0,7.0,27.0,2.5,40.0,4.5,1.0,0.5799999999999983,5.715000000000003,2.3924999999999983,3.0990000000000038,0.39399999999999125,-0.8875000000000028,10.439999999999998,-1.4200000000000017,3.5400000000000063,0.0,0,-2.3399999999999963,-3.0799999999999983,-2.309999999999995,0,6.060000000000002,4.210000000000001,-0.5300000000000011,1.8125,2.4299999999999926,-7.0
2022_10_DET_CHI,2022,10,REG,CHI,DET,30.0,31.0,-1.0,61.0,3.0,48.5,-4.0,1.0,-5.449999999999996,-3.9299999999999926,-7.779999999999994,-0.8159999999999954,-3.7517142857142787,-3.4525000000000006,-3.66571428571428,-6.219999999999999,-2.510000000000005,0.0,0,-2.030000000000001,-2.219999999999999,-1.6099999999999994,0,0.39000000000000057,2.6499999999999986,-2.75,-2.3299999999999983,-1.4157142857142802,0.0
2022_10_HOU_NYG,2022,10,REG,NYG,HOU,24.0,16.0,8.0,40.0,5.5,41.5,2.5,1.0,2.5600000000000023,-1.2049999999999983,7.087500000000006,-4.7450000000000045,2.9585714285714246,6.320000000000007,1.318571428571424,-0.6299999999999955,3.4099999999999966,-0.19999999999999996,0,-0.5300000000000011,-3.210000000000001,11.849999999999994,0,-1.7000000000000028,-5.829999999999998,5.43,4.527500000000003,3.9385714285714286,4.0
2022_10_IND_LV,2022,10,REG,LV,IND,20.0,25.0,-5.0,45.0,4.5,41.0,-9.5,1.0,2.490000000000002,7.785000000000004,-3.539999999999999,1.9010000000000034,-6.472571428571435,-4.727500000000006,-2.4185714285714397,-3.729999999999997,-2.3999999999999915,0.0,0,0.5,-0.09000000000000341,1.5300000000000011,0,0.3399999999999892,10.249999999999993,-8.370000000000005,-6.030000000000001,-3.0785714285714363,0.0
2022_10_JAX_KC,2022,10,REG,KC,JAX,27.0,17.0,10.0,44.0,10.0,51.5,0.0,1.0,10.219999999999999,12.570000000000007,12.644999999999996,3.3800000000000026,3.30714285714285,5.977499999999992,-4.652857142857144,5.25,0.04999999999999716,-0.19999999999999996,0,1.9200000000000017,0.4299999999999997,10.14,0,-0.8599999999999994,5.560000000000002,-1.1600000000000037,2.424999999999997,2.277142857142856,0.0
2022_10_LAC_SF,2022,10,REG,SF,LAC,22.0,16.0,6.0,38.0,8.5,45.5,-2.5,1.0,-0.5399999999999991,0.4200000000000088,-4.302499999999995,0.15200000000000813,-1.3694285714285641,-1.9224999999999923,1.6685714285714326,-2.430000000000007,0.8900000000000006,0.0,0,0.21000000000000085,3.0,7.330000000000005,0,1.3200000000000074,0.6000000000000085,-3.960000000000001,-3.7624999999999957,-0.5614285714285643,7.0
2022_10_MIN_BUF,2022,10,REG,BUF,MIN,30.0,33.0,-3.0,63.0,6.5,47.0,-9.5,1.0,2.309999999999995,3.259999999999998,4.537500000000001,0.5120000000000076,-1.0537142857142783,0.4375000000000142,-2.345714285714287,-6.789999999999999,3.1799999999999926,0.0,0,-1.8900000000000006,2.219999999999999,1.1500000000000057,1,-0.37000000000000455,2.269999999999996,-2.520000000000003,2.2275000000000063,-0.615714285714283,0.0
2022_10_NO_PIT,2022,10,REG,PIT,NO,20.0,10.0,10.0,30.0,1.0,39.5,9.0,1.0,-4.700000000000003,3.769999999999996,-4.580000000000005,6.269999999999996,0.8885714285714172,-3.217500000000001,0.5885714285714201,-2.9399999999999977,-2.480000000000004,-0.19999999999999996,0,-2.210000000000001,-5.810000000000002,1.7000000000000028,0,8.149999999999991,8.790000000000006,0.8999999999999986,0.11999999999999744,3.08857142857142,8.0
2022_10_SEA_TB,2022,10,REG,TB,SEA,21.0,16.0,5.0,37.0,2.5,45.0,2.5,1.0,5.8799999999999955,0.8449999999999989,9.442499999999995,1.551000000000002,9.77599999999999,1.9950000000000045,5.1599999999999895,4.899999999999999,9.379999999999995,0.0,0,-0.22000000000001307,1.0900000000000034,-4.659999999999997,0,0.4099999999999966,-10.479999999999997,6.450000000000003,3.5625,3.1899999999999906,0.0
2022_10_WAS_PHI,2022,10,REG,PHI,WAS,21.0,32.0,-11.0,53.0,11.0,43.0,-22.0,1.0,3.8800000000000026,12.150000000000006,7.320000000000007,10.130000000000003,6.337142857142858,8.952500000000008,6.247142857142855,6.560000000000002,-0.9500000000000028,0.0,0,3.769999999999996,2.450000000000003,11.800000000000004,0,3.6099999999999994,12.930000000000007,-3.8500000000000014,3.440000000000005,4.477142857142859,3.0
2022_11_CAR_BAL,2022,11,REG,BAL,CAR,13.0,3.0,10.0,16.0,13.0,42.0,-3.0,1.0,-3.019999999999996,-2.6500000000000057,-2.5124999999999886,3.6739999999999924,7.504000000000005,4.967500000000008,0.07000000000000028,4.019999999999996,4.260000000000005,0.19999999999999996,0,0.3100000000000023,2.0700000000000003,10.469999999999992,0,-1.5800000000000125,2.3200000000000003,-1.6900000000000048,0.5075000000000074,4.200000000000003,3.0
2022_11_CHI_ATL,2022,11,REG,ATL,CHI,27.0,24.0,3.0,51.0,3.0,48.5,0.0,1.0,-0.060000000000002274,-1.6500000000000057,0.9524999999999935,-0.8160000000000025,2.4211428571428613,3.0899999999999963,4.267142857142858,1.3299999999999983,5.690000000000005,0.0,0,5.920000000000002,1.3800000000000026,0.5700000000000003,0,2.769999999999996,-5.950000000000003,3.4499999999999957,1.0124999999999957,1.6471428571428604,3.0
2022_11_CIN_PIT,2022,11,REG,PIT,CIN,30.0,37.0,-7.0,67.0,-3.5,39.0,-3.5,1.0,-10.600000000000001,-3.6000000000000014,-9.622500000000002,7.873999999999995,8.081142857142858,-4.907500000000006,4.1671428571428635,9.370000000000005,-0.730000000000004,0.0,-1,-5.220000000000006,-8.810000000000002,0.38000000000000256,0,13.569999999999993,0.4299999999999997,8.959999999999994,0.9774999999999991,7.207142857142863,-7.0
2022_11_CLE_BUF,2022,11,REG,BUF,CLE,31.0,23.0,8.0,54.0,7.5,50.5,0.5,1.0,8.920000000000009,10.57500000000001,13.950000000000017,2.717000000000006,1.093428571428575,5.690000000000012,-6.3885714285714315,3.680000000000007,-2.1700000000000017,-0.19999999999999996,-1,-0.5900000000000034,-0.1599999999999966,0.10000000000000142,0,-7.349999999999994,10.659999999999997,0.6900000000000048,5.030000000000008,0.03142857142857025,0.0
2022_11_DAL_MIN,2022,11,REG,MIN,DAL,3.0,40.0,-37.0,43.0,-1.5,48.5,-35.5,1.0,0.6299999999999955,7.089999999999982,-1.397500000000008,4.9299999999999855,6.162857142857135,0.8699999999999974,6.8128571428571405,-0.5300000000000011,-4.510000000000005,0.0,0,4.510000000000005,3.6899999999999977,2.289999999999999,0,4.6299999999999955,8.289999999999992,-5.310000000000002,-2.0275000000000034,7.692857142857136,0.0
2022_11_DET_NYG,2022,11,REG,NYG,DET,18.0,31.0,-13.0,49.0,3.0,44.0,-16.0,1.0,-1.5,0.17999999999999972,0.4099999999999966,-0.5319999999999965,2.685142857142857,-0.38000000000000256,2.837142857142851,-7.219999999999999,0.730000000000004,0.0,1,-0.19000000000000483,-3.9099999999999966,-0.5699999999999932,0,4.410000000000004,-1.0499999999999972,3.6899999999999977,1.9099999999999966,4.897142857142853,0.0
2022_11_KC_LAC,2022,11,REG,LAC,KC,27.0,30.0,-3.0,57.0,-5.5,52.5,2.5,1.0,-6.3999999999999915,-1.4299999999999926,-8.147499999999994,2.411999999999992,-1.7094285714285817,-6.305,6.6385714285714315,-7.560000000000002,2.1499999999999915,0.19999999999999996,0,0.9099999999999966,-1.8699999999999974,-17.520000000000003,0,5.769999999999996,4.169999999999995,1.9200000000000017,-1.7475000000000023,0.8485714285714252,0.0
2022_11_LA_NO,2022,11,REG,NO,LA,27.0,20.0,7.0,47.0,2.5,39.5,4.5,1.0,-4.130000000000003,-2.6850000000000023,-9.649999999999999,2.70300000000001,0.9551428571428673,-5.927499999999995,-0.07285714285714562,8.470000000000006,-3.4799999999999898,0.0,0,-3.529999999999994,0.7000000000000028,-2.6700000000000017,0,8.499999999999993,-5.609999999999999,-3.979999999999997,-5.519999999999996,-0.3028571428571425,0.0
2022_11_LV_DEN,2022,11,REG,DEN,LV,16.0,22.0,-6.0,38.0,2.5,41.5,-8.5,1.0,-0.6900000000000048,-3.9750000000000085,-1.0125000000000028,-1.615000000000002,3.1385714285714243,-2.479999999999997,-4.3014285714285805,2.519999999999996,-0.0899999999999892,-0.19999999999999996,0,-1.25,-1.1799999999999997,-3.8900000000000006,0,-4.010000000000005,-2.5600000000000023,1.1099999999999994,-0.322499999999998,1.4685714285714226,0.0
2022_11_NYJ_NE,2022,11,REG,NE,NYJ,10.0,3.0,7.0,13.0,3.5,38.5,3.5,1.0,2.3400000000000034,13.300000000000004,1.3325000000000031,8.610000000000007,0.46714285714286063,0.125,1.0071428571428527,-2.5799999999999983,-1.7800000000000011,-0.19999999999999996,0,-0.970000000000006,2.1799999999999997,5.6200000000000045,0,13.950000000000003,7.969999999999999,-3.200000000000003,-1.0075000000000003,2.817142857142855,0.0
2022_11_PHI_IND,2022,11,REG,IND,PHI,16.0,17.0,-1.0,33.0,-6.5,45.5,5.5,1.0,-2.200000000000003,-5.570000000000007,-1.4125000000000085,-9.396000000000008,-6.673142857142857,-3.5375000000000085,-0.7171428571428535,-12.100000000000001,-2.280000000000001,-0.4,2,-3.079999999999991,-2.6400000000000006,-6.460000000000001,0,-3.1299999999999955,-3.6100000000000065,4.159999999999997,0.7874999999999943,-0.6471428571428532,1.0
2022_11_SF_ARI,2022,11,REG,ARI,SF,10.0,38.0,-28.0,48.0,-10.0,43.5,-18.0,1.0,-2.020000000000003,-3.960000000000001,1.6899999999999906,0.2839999999999989,1.0025714285714287,1.4724999999999966,-2.981428571428566,2.3800000000000026,-0.7299999999999898,0.0,0,-1.240000000000002,-2.3100000000000023,-6.409999999999997,0,-2.1200000000000045,-1.759999999999998,3.979999999999997,3.7099999999999937,-1.221428571428568,0.0
2022_11_TEN_GB,2022,11,REG,GB,TEN,17.0,27.0,-10.0,44.0,3.0,40.5,-13.0,1.0,2.6599999999999966,3.140000000000015,7.335000000000001,-0.20599999999998175,-3.5774285714285625,6.732500000000002,-2.691428571428567,-1.240000000000002,-5.820000000000007,0.0,0,3.9599999999999937,0.0,3.740000000000002,0,-3.7099999999999937,4.670000000000009,5.339999999999996,4.675000000000004,-2.8914285714285626,0.0
2022_11_WAS_HOU,2022,11,REG,HOU,WAS,10.0,23.0,-13.0,33.0,-3.0,41.0,-10.0,1.0,0.9200000000000017,0.9849999999999994,-4.522500000000001,-3.5830000000000055,-8.543714285714287,-8.660000000000004,-4.145714285714284,-1.7000000000000028,-6.920000000000002,0.19999999999999996,0,-2.5,-2.6799999999999997,-5.780000000000001,0,-5.859999999999999,5.989999999999995,-5.75,-5.442500000000003,-4.895714285714284,1.0
2022_12_ATL_WAS,2022,12,REG,WAS,ATL,19.0,13.0,6.0,32.0,3.5,40.5,2.5,1.0,-0.5600000000000023,-6.650000000000006,3.2149999999999963,-2.6740000000000137,3.9159999999999897,2.3125,-1.6300000000000026,0.9299999999999997,1.25,0.0,0,-1.8399999999999963,0.8900000000000006,-4.770000000000003,0,-11.369999999999997,-0.8100000000000023,2.789999999999999,3.7749999999999986,0.5,0.0
2022_12_BAL_JAX,2022,12,REG,JAX,BAL,28.0,27.0,1.0,55.0,-3.5,43.0,4.5,1.0,8.340000000000003,3.0350000000000037,8.137500000000003,-6.110999999999997,-7.305999999999997,-1.8575000000000088,4.3899999999999935,-2.25,-2.5900000000000034,0.0,0,2.039999999999999,1.4799999999999969,-7.680000000000007,0,-1.769999999999996,-8.839999999999996,1.8200000000000003,-0.20250000000000057,-6.5,7.0
2022_12_BUF_DET,2022,12,REG,DET,BUF,25.0,28.0,-3.0,53.0,-10.0,54.0,7.0,1.0,-5.009999999999991,-16.739999999999995,-11.367499999999993,-11.694000000000003,-5.726857142857142,-6.880000000000003,-4.862857142857145,6.019999999999996,-1.8400000000000034,-0.19999999999999996,0,-3.6000000000000014,-3.1200000000000045,2.779999999999994,0,-11.900000000000006,-11.559999999999995,-0.6600000000000037,-6.357500000000002,-5.762857142857143,0.0
2022_12_CHI_NYJ,2022,12,REG,NYJ,CHI,31.0,10.0,21.0,41.0,8.5,36.5,12.5,1.0,0.21000000000000085,0.7700000000000031,3.0450000000000017,3.1000000000000085,5.991428571428578,2.655000000000001,2.751428571428569,3.200000000000003,5.130000000000003,0.0,0,4.3799999999999955,0.5200000000000031,-2.3800000000000026,0,0.3200000000000003,0.7999999999999972,3.240000000000002,2.835000000000001,3.451428571428572,0.0
2022_12_CIN_TEN,2022,12,REG,TEN,CIN,16.0,20.0,-4.0,36.0,-1.0,43.0,-3.0,1.0,-1.9200000000000017,1.855000000000004,-5.612500000000004,-0.1670000000000016,1.2294285714285635,-8.910000000000004,9.191428571428574,-5.770000000000003,1.240000000000009,0.19999999999999996,0,-5.790000000000006,-5.1200000000000045,-3.960000000000001,0,4.0,3.549999999999997,1.6000000000000014,-3.6925000000000026,5.171428571428571,3.0
2022_12_DEN_CAR,2022,12,REG,CAR,DEN,23.0,10.0,13.0,33.0,-1.0,36.5,14.0,1.0,-7.010000000000005,-9.905000000000001,-8.297500000000007,-2.846999999999994,-2.372000000000007,-6.137500000000003,-1.6000000000000085,-0.8399999999999963,2.770000000000003,0.19999999999999996,0,-3.4299999999999997,-4.439999999999998,-4.669999999999995,0,-1.0400000000000063,-4.749999999999993,2.8200000000000003,-1.2875000000000014,-2.420000000000009,0.0
2022_12_GB_PHI,2022,12,REG,PHI,GB,40.0,33.0,7.0,73.0,6.5,46.0,0.5,1.0,-2.8799999999999955,3.9949999999999903,-2.210000000000001,12.334999999999987,9.489999999999995,5.677499999999995,0.6099999999999923,6.699999999999996,6.670000000000002,0.0,0,1.6500000000000057,2.479999999999997,8.339999999999996,0,4.22999999999999,9.520000000000003,-2.280000000000001,0.6699999999999946,4.029999999999994,-3.0
2022_12_HOU_MIA,2022,12,REG,MIA,HOU,30.0,15.0,15.0,45.0,14.0,47.0,1.0,1.0,10.100000000000001,10.969999999999992,18.03,-0.5040000000000049,5.858857142857147,12.075000000000003,3.892857142857139,-6.119999999999997,0.27999999999999403,0.0,1,6.089999999999996,7.329999999999998,5.100000000000001,0,1.5799999999999983,0.1599999999999966,2.710000000000001,7.93,7.232857142857142,7.0
2022_12_LAC_ARI,2022,12,REG,ARI,LAC,24.0,25.0,-1.0,49.0,-2.5,48.5,1.5,1.0,-3.1700000000000017,-3.4200000000000017,-2.2349999999999994,0.9679999999999964,-0.9962857142857189,0.21000000000000085,-2.404285714285713,-3.3200000000000003,0.09000000000000341,-0.19999999999999996,0,-0.6099999999999994,-0.8699999999999974,1.1799999999999997,0,0.6400000000000006,-1.1400000000000006,1.3900000000000006,0.9350000000000023,-2.2142857142857153,-1.0
2022_12_LA_KC,2022,12,REG,KC,LA,26.0,10.0,16.0,36.0,16.5,42.0,-0.5,1.0,9.14,10.805000000000007,6.815000000000005,3.9470000000000027,0.921999999999997,0.9400000000000119,0.0799999999999983,9.21,-1.4699999999999989,0.0,0,-1.1899999999999906,2.289999999999999,7.760000000000005,0,0.6900000000000119,2.6400000000000006,-1.8500000000000014,-2.3249999999999957,-1.3599999999999994,0.0
2022_12_LV_SEA,2022,12,REG,SEA,LV,34.0,40.0,-6.0,74.0,4.0,47.5,-10.0,1.0,-4.630000000000003,-5.145000000000003,-4.730000000000004,-0.8290000000000006,-0.5025714285714287,-0.012500000000002842,-3.498571428571431,-2.479999999999997,-3.3599999999999994,0.0,0,2.230000000000004,2.1200000000000045,-4.010000000000005,0,-0.1699999999999875,-0.8600000000000065,2.8299999999999983,-0.10000000000000142,-0.1885714285714286,7.0
2022_12_NE_MIN,2022,12,REG,MIN,NE,33.0,26.0,7.0,59.0,2.5,42.5,4.5,1.0,4.439999999999998,1.8500000000000085,6.074999999999996,0.27000000000001023,3.0842857142857056,3.5224999999999937,6.254285714285707,4.829999999999998,0.5300000000000011,0.19999999999999996,0,5.169999999999995,1.2000000000000028,-4.510000000000005,0,-5.269999999999996,0.09000000000000341,0.09999999999999432,1.634999999999998,0.2242857142857062,0.0
2022_12_NO_SF,2022,12,REG,SF,NO,13.0,0.0,13.0,13.0,9.5,44.0,3.5,1.0,6.740000000000002,20.509999999999998,6.3174999999999955,13.616,2.733142857142859,3.289999999999992,7.047142857142852,-5.68,4.509999999999991,0.0,0,3.539999999999999,0.75,7.509999999999998,0,15.949999999999996,11.589999999999996,-1.2199999999999989,-0.42250000000000654,2.8871428571428552,-1.0
2022_12_NYG_DAL,2022,12,REG,DAL,NYG,28.0,20.0,8.0,48.0,10.5,45.5,-2.5,1.0,4.819999999999993,8.794999999999995,10.442499999999981,8.78500000000001,-0.9485714285714195,5.374999999999993,0.6314285714285717,11.5,2.3100000000000023,0.0,-1,1.9299999999999997,2.1300000000000026,-5.839999999999996,0,4.770000000000003,3.1799999999999997,7.240000000000009,5.622499999999988,-5.758571428571429,0.0
2022_12_PIT_IND,2022,12,REG,IND,PIT,17.0,24.0,-7.0,41.0,2.5,40.0,-9.5,1.0,5.93,-1.1899999999999906,7.952500000000001,-9.639999999999986,-4.21571428571427,3.789999999999999,0.864285714285721,-9.920000000000002,3.5500000000000043,0.0,1,-2.8799999999999955,5.240000000000002,1.9299999999999997,0,-11.649999999999991,-2.5899999999999963,0.6800000000000068,2.022500000000001,-1.6957142857142742,0.0
2022_12_TB_CLE,2022,12,REG,CLE,TB,23.0,17.0,6.0,40.0,-3.0,42.0,9.0,1.0,-7.170000000000002,-15.129999999999995,-11.415,-8.661999999999992,-5.820571428571419,-4.922499999999999,1.0614285714285856,-4.019999999999996,1.8200000000000074,0.19999999999999996,0,-0.1799999999999926,1.6799999999999997,-2.8200000000000003,0,-13.699999999999996,-2.219999999999999,-5.990000000000002,-4.244999999999997,-5.118571428571421,-7.0
2022_13_BUF_NE,2022,13,REG,NE,BUF,10.0,24.0,-14.0,34.0,-3.5,43.5,-10.5,1.0,-6.0,-3.4499999999999886,-9.072499999999998,-0.7879999999999896,-4.446571428571431,-3.6875,-4.698571428571434,0.9600000000000009,-4.030000000000001,0.0,0,-3.440000000000005,-2.260000000000005,2.3700000000000045,0,6.849999999999994,-1.75,1.3900000000000006,-3.072499999999998,-1.1085714285714303,0.0
2022_13_CLE_HOU,2022,13,REG,HOU,CLE,14.0,27.0,-13.0,41.0,-7.5,47.0,-5.5,1.0,-1.1799999999999997,6.530000000000001,-5.704999999999998,6.872,-1.2937142857142803,-9.964999999999996,-8.005714285714284,2.009999999999998,-6.82,0.0,0,-5.319999999999993,-6.499999999999993,-12.229999999999997,0,10.340000000000003,5.079999999999998,-1.7100000000000009,-4.524999999999999,-0.4557142857142793,0.0
2022_13_DEN_BAL,2022,13,REG,BAL,DEN,10.0,9.0,1.0,19.0,9.5,40.5,-8.5,1.0,1.3900000000000006,0.05500000000002103,1.8774999999999977,4.967000000000013,8.442,1.2049999999999983,-4.599999999999994,10.089999999999996,7.400000000000006,0.19999999999999996,-1,-3.0600000000000023,0.07000000000000028,5.670000000000002,0,-2.1799999999999926,-0.4899999999999949,0.20999999999999375,0.48749999999999716,2.1400000000000077,0.0
2022_13_GB_CHI,2022,13,REG,CHI,GB,19.0,28.0,-9.0,47.0,-4.0,45.0,-5.0,1.0,-9.830000000000005,-13.240000000000002,-16.087500000000006,-1.4339999999999904,-3.8211428571428456,-8.662500000000001,-11.487142857142857,-0.8299999999999983,3.1200000000000045,-0.19999999999999996,0,-6.57,-4.960000000000001,-0.060000000000002274,0,-10.139999999999993,3.3200000000000003,-4.809999999999995,-6.2575,-5.797142857142852,0.0
2022_13_IND_DAL,2022,13,REG,DAL,IND,54.0,19.0,35.0,73.0,11.0,44.5,24.0,1.0,4.209999999999994,2.9099999999999895,6.1274999999999835,1.4799999999999969,-6.090000000000003,1.6524999999999892,-6.289999999999999,6.590000000000003,2.3100000000000023,-0.19999999999999996,-1,2.1700000000000017,-1.2299999999999969,-2.5500000000000043,0,-2.700000000000003,0.09999999999999432,4.319999999999993,1.9174999999999898,-8.870000000000005,4.0
2022_13_JAX_DET,2022,13,REG,DET,JAX,40.0,14.0,26.0,54.0,1.0,51.5,25.0,1.0,0.3999999999999986,-2.5150000000000006,1.7850000000000037,-3.173000000000002,-2.6122857142857185,2.555000000000007,-5.814285714285717,2.229999999999997,-1.0999999999999943,0.0,0,0.6799999999999997,-0.10999999999999943,5.520000000000003,0,-7.490000000000009,1.6600000000000037,-1.2899999999999991,1.3850000000000051,-2.354285714285716,3.0
2022_13_KC_CIN,2022,13,REG,CIN,KC,27.0,24.0,3.0,51.0,-2.5,53.0,5.5,1.0,-5.200000000000003,-6.010000000000005,-6.722500000000011,-0.8980000000000103,-1.8708571428571474,-0.5650000000000119,0.7871428571428609,-1.2100000000000009,-0.20000000000000284,0.0,0,2.9399999999999977,4.020000000000003,-9.39,0,1.8599999999999994,-3.480000000000004,-2.960000000000001,-1.522500000000008,-1.7828571428571394,0.0
2022_13_LAC_LV,2022,13,REG,LV,LAC,27.0,20.0,7.0,47.0,2.5,49.0,4.5,1.0,-0.9200000000000017,-2.8100000000000023,-5.227499999999999,-5.4780000000000015,-5.508000000000003,-1.2824999999999989,-1.0700000000000003,-2.1600000000000037,-4.920000000000002,0.19999999999999996,0,0.37999999999999545,-0.28000000000000114,13.619999999999997,0,1.6400000000000006,-5.420000000000009,-3.740000000000002,-4.307499999999997,-1.9200000000000017,0.0
2022_13_MIA_SF,2022,13,REG,SF,MIA,33.0,17.0,16.0,50.0,4.5,46.0,11.5,1.0,-0.779999999999994,5.494999999999997,-1.8674999999999926,13.078999999999994,4.985428571428571,-1.8125,3.6014285714285705,8.850000000000001,6.579999999999998,0.19999999999999996,-2,-1.509999999999991,-3.6799999999999997,10.749999999999993,1,8.099999999999994,4.449999999999996,-2.309999999999995,-1.0874999999999986,-1.8185714285714312,0.0
2022_13_NO_TB,2022,13,REG,TB,NO,17.0,16.0,1.0,33.0,3.5,41.0,-2.5,1.0,6.310000000000002,15.680000000000007,11.70000000000001,8.546,3.1259999999999977,8.69250000000001,5.180000000000007,-6.280000000000001,2.9099999999999966,0.0,0,4.6200000000000045,2.280000000000001,2.780000000000001,0,14.36,4.380000000000003,7.230000000000004,5.390000000000008,3.950000000000003,0.0
2022_13_NYJ_MIN,2022,13,REG,MIN,NYJ,27.0,22.0,5.0,49.0,3.0,44.0,2.0,1.0,6.949999999999996,15.055,9.909999999999997,3.605000000000004,-1.7242857142857133,5.477499999999999,1.2857142857142918,-8.469999999999999,-3.9200000000000017,0.0,1,4.730000000000004,1.5499999999999972,1.7199999999999989,0,8.329999999999998,7.880000000000003,1.8400000000000034,2.960000000000001,2.7757142857142867,3.0
2022_13_PIT_ATL,2022,13,REG,ATL,PIT,16.0,19.0,-3.0,35.0,-1.0,43.0,-2.0,1.0,1.4500000000000028,-10.515,-4.517499999999991,-11.702999999999996,-7.007999999999996,-3.5449999999999946,-6.810000000000002,-2.219999999999999,5.560000000000002,-0.19999999999999996,0,-0.28999999999999915,5.219999999999999,0.5799999999999983,0,-16.590000000000003,-7.340000000000003,-5.030000000000001,-5.967499999999994,-7.270000000000003,1.0
2022_13_SEA_LA,2022,13,REG,LA,SEA,23.0,27.0,-4.0,50.0,-7.0,41.0,3.0,1.0,3.8599999999999994,1.4200000000000017,8.8825,0.7160000000000011,6.300285714285714,2.230000000000004,-0.08571428571428186,2.009999999999998,7.530000000000001,0.0,0,-2.509999999999991,-2.1099999999999994,-3.9199999999999946,0,-5.329999999999998,0.45000000000000284,1.730000000000004,5.022500000000001,3.144285714285715,0.0
2022_13_TEN_PHI,2022,13,REG,PHI,TEN,35.0,10.0,25.0,45.0,5.0,44.5,20.0,1.0,-1.5500000000000043,5.305,4.362500000000004,11.807000000000002,7.437714285714293,12.232500000000009,-0.26428571428570535,5.849999999999994,1.2399999999999949,0.0,0,4.400000000000006,3.3999999999999986,12.830000000000005,0,5.609999999999999,8.100000000000001,2.4200000000000017,5.9125000000000085,2.4857142857142946,0.0
2022_13_WAS_NYG,2022,13,REG,NYG,WAS,20.0,20.0,0.0,40.0,-2.5,40.0,2.5,1.0,2.6299999999999955,-2.520000000000003,2.625,-10.697999999999993,-7.979428571428571,0.1075000000000017,-4.501428571428576,-6.68,-3.430000000000007,0.0,1,-1.9400000000000048,-4.450000000000003,8.36,0,-9.790000000000006,-0.509999999999998,0.6400000000000006,-0.0049999999999954525,-2.431428571428576,3.0
2022_14_BAL_PIT,2022,14,REG,PIT,BAL,14.0,16.0,-2.0,30.0,1.5,37.0,-3.5,1.0,4.600000000000001,8.195,8.847500000000004,1.134999999999998,-1.6185714285714212,2.240000000000009,6.2914285714285825,-0.030000000000001137,-6.519999999999996,-0.19999999999999996,0,5.710000000000008,-3.509999999999998,-4.199999999999996,0,13.599999999999994,-6.409999999999997,7.259999999999998,4.247500000000002,0.8414285714285796,0.0
2022_14_CAR_SEA,2022,14,REG,SEA,CAR,24.0,30.0,-6.0,54.0,3.5,44.5,-9.5,1.0,4.160000000000004,6.075000000000003,5.470000000000006,0.5149999999999935,-1.7071428571428626,7.575000000000003,2.182857142857145,-4.330000000000005,-3.960000000000001,0.0,0,7.269999999999996,5.280000000000001,6.599999999999994,0,5.480000000000004,-1.6499999999999986,-1.8900000000000006,1.3100000000000023,-0.30714285714285694,-7.0
2022_14_CLE_CIN,2022,14,REG,CIN,CLE,23.0,10.0,13.0,33.0,4.5,47.0,8.5,1.0,7.340000000000003,21.155,6.267499999999998,16.211,5.433142857142855,-0.32750000000000057,-3.732857142857142,9.370000000000005,-3.0600000000000023,0.0,0,0.9300000000000068,2.3700000000000045,-9.769999999999996,0,15.719999999999999,11.910000000000004,-3.730000000000004,-1.0725000000000051,3.037142857142854,0.0
2022_14_HOU_DAL,2022,14,REG,DAL,HOU,27.0,23.0,4.0,50.0,17.0,44.5,-13.0,1.0,8.660000000000004,8.665,16.067500000000003,1.0249999999999986,0.3414285714285725,10.849999999999994,5.981428571428573,2.3699999999999974,5.829999999999998,0.0,0,3.1799999999999997,1.2800000000000011,9.189999999999998,0,4.029999999999994,-4.019999999999996,1.0799999999999983,7.407499999999999,-0.6785714285714306,0.0
2022_14_JAX_TEN,2022,14,REG,TEN,JAX,22.0,36.0,-14.0,58.0,3.0,42.0,-17.0,1.0,2.9200000000000017,7.545000000000002,2.387500000000003,1.365000000000002,1.2814285714285703,0.7575000000000003,9.571428571428562,-2.1700000000000017,0.8400000000000034,0.19999999999999996,0,-1.1300000000000026,-0.03999999999999915,3.490000000000002,0,1.230000000000004,8.020000000000003,-2.969999999999999,-0.5324999999999989,4.541428571428568,0.0
2022_14_KC_DEN,2022,14,REG,DEN,KC,28.0,34.0,-6.0,62.0,-8.5,44.5,2.5,1.0,-8.920000000000002,-11.445,-11.03500000000001,-7.7890000000000015,-5.409714285714287,-3.6400000000000077,4.684285714285714,-13.14,-2.989999999999995,-0.19999999999999996,1,-1.5899999999999963,1.2700000000000031,-7.8700000000000045,0,-0.8900000000000006,-4.159999999999997,-0.980000000000004,-2.115000000000009,-0.14571428571428413,0.0
2022_14_LV_LA,2022,14,REG,LA,LV,17.0,16.0,1.0,33.0,-6.5,42.5,7.5,1.0,-1.3699999999999974,-9.175000000000004,4.027500000000003,-4.263000000000012,3.981999999999992,3.2150000000000034,-8.580000000000005,-1.009999999999998,7.199999999999996,0.0,0,-0.7999999999999972,-0.12999999999999545,-3.6400000000000006,0,-6.540000000000006,-9.07,3.1199999999999974,5.397500000000001,0.4399999999999977,0.0
2022_14_MIA_LAC,2022,14,REG,LAC,MIA,23.0,17.0,6.0,40.0,-3.0,54.5,9.0,1.0,0.060000000000002274,3.25,2.0400000000000063,9.841999999999999,3.892000000000003,0.41499999999999915,0.8699999999999974,9.850000000000001,6.460000000000008,0.0,-2,-6.189999999999998,-5.529999999999994,1.3599999999999994,0,2.8100000000000023,3.5700000000000003,-0.5799999999999983,1.980000000000004,-2.759999999999998,0.0
2022_14_MIN_DET,2022,14,REG,DET,MIN,34.0,23.0,11.0,57.0,2.5,51.5,8.5,1.0,-1.5399999999999991,-13.439999999999998,-6.164999999999999,-9.401999999999994,-3.700571428571422,-5.454999999999998,-6.798571428571428,10.64,1.5800000000000125,0.0,-1,-3.9499999999999957,-2.030000000000001,3.1300000000000026,0,-12.870000000000005,-10.929999999999993,-4.090000000000003,-4.625,-6.198571428571427,0.0
2022_14_NE_ARI,2022,14,REG,ARI,NE,13.0,27.0,-14.0,40.0,-2.0,44.0,-12.0,1.0,1.6200000000000045,-0.4650000000000034,2.3400000000000034,1.1069999999999922,2.1977142857142837,-3.8374999999999986,-1.3142857142857167,1.8000000000000043,3.470000000000013,0.4,0,2.0799999999999983,-2.039999999999999,-15.250000000000007,0,-3.8299999999999983,-0.3400000000000034,-0.769999999999996,0.7199999999999989,-0.9942857142857164,4.0
2022_14_NYJ_BUF,2022,14,REG,BUF,NYJ,20.0,12.0,8.0,32.0,10.0,43.5,-2.0,1.0,9.650000000000006,16.854999999999997,14.610000000000007,5.630999999999993,0.5931428571428512,7.285000000000004,-0.902857142857151,-3.3900000000000006,-0.6200000000000045,0.19999999999999996,0,2.220000000000006,1.539999999999992,4.600000000000001,0,6.859999999999992,7.54999999999999,-1.1699999999999946,4.960000000000001,2.1671428571428493,3.0
2022_14_PHI_NYG,2022,14,REG,NYG,PHI,22.0,48.0,-26.0,70.0,-7.5,44.5,-18.5,1.0,-4.059999999999995,-18.555,-9.809999999999995,-19.651000000000003,-10.94599999999999,-11.972499999999997,-10.409999999999997,-12.149999999999999,-2.5,-0.19999999999999996,1,-5.259999999999991,-6.859999999999999,-5.329999999999998,0,-12.649999999999999,-16.339999999999996,-1.6099999999999994,-5.75,-5.789999999999992,0.0
2022_14_TB_SF,2022,14,REG,SF,TB,35.0,7.0,28.0,42.0,3.5,38.0,24.5,1.0,-0.3100000000000023,5.049999999999997,-6.447500000000005,6.317999999999998,-0.27199999999999847,-9.217500000000008,6.6200000000000045,0.480000000000004,1.3200000000000074,0.0,0,-1.6400000000000006,-1.4299999999999997,7.169999999999995,1,3.200000000000003,7.520000000000003,-8.839999999999996,-6.137500000000003,-1.2299999999999969,1.0
2022_15_ARI_DEN,2022,15,REG,DEN,ARI,24.0,15.0,9.0,39.0,1.5,37.5,7.5,1.0,9.479999999999997,0.04500000000000881,5.479999999999997,-13.986999999999988,-6.149142857142856,-0.6999999999999957,-3.2571428571428527,-2.520000000000003,-6.819999999999993,-0.4,0,-1.269999999999996,0.17999999999999972,11.949999999999996,0,-6.8799999999999955,-11.989999999999995,-3.6099999999999994,-4.0,-1.597142857142856,1.0
2022_15_ATL_NO,2022,15,REG,NO,ATL,21.0,18.0,3.0,39.0,5.0,43.5,-2.0,1.0,1.4000000000000057,-2.2449999999999903,3.1300000000000026,-2.1370000000000005,1.9365714285714262,0.18999999999999773,-0.27142857142857224,4.969999999999999,-3.510000000000005,0.0,0,-0.9899999999999949,0.13000000000000256,0.0,0,-8.969999999999992,1.6799999999999997,-1.3100000000000023,1.7299999999999969,0.4285714285714306,-1.0
2022_15_BAL_CLE,2022,15,REG,CLE,BAL,13.0,3.0,10.0,16.0,2.5,39.5,7.5,1.0,-3.0600000000000023,-14.015,-3.772500000000001,-13.252999999999993,-8.17942857142856,0.10000000000000142,5.998571428571431,-6.649999999999999,0.3499999999999943,-0.19999999999999996,0,6.789999999999992,4.689999999999998,-2.979999999999997,0,-10.480000000000004,-11.43,-3.680000000000007,-0.7124999999999986,-5.881428571428565,0.0
2022_15_CIN_TB,2022,15,REG,TB,CIN,23.0,34.0,-11.0,57.0,-3.5,47.0,-7.5,1.0,-1.8299999999999983,1.144999999999996,1.1700000000000017,1.320999999999998,1.4317142857142926,5.527500000000003,-0.35428571428570876,-5.359999999999999,1.3399999999999892,0.0,0,-1.2099999999999937,-3.1100000000000065,8.440000000000005,0,3.219999999999999,2.729999999999997,8.240000000000002,3.0,3.085714285714289,0.0
2022_15_DAL_JAX,2022,15,REG,JAX,DAL,40.0,34.0,6.0,74.0,-4.0,48.5,10.0,1.0,-2.780000000000001,-4.705000000000005,-7.835000000000001,-1.821000000000005,4.096857142857139,-5.230000000000004,-0.5771428571428601,1.5499999999999972,-2.1200000000000045,0.0,0,-1.4099999999999966,1.519999999999996,-0.6700000000000017,0,-1.7600000000000051,-2.0899999999999963,2.3399999999999963,-5.055,3.99285714285714,0.0
2022_15_DET_NYJ,2022,15,REG,NYJ,DET,17.0,20.0,-3.0,37.0,2.0,44.0,-5.0,1.0,-3.950000000000003,-0.045000000000001705,-4.822500000000005,5.777000000000001,5.113428571428564,-3.897500000000008,3.201428571428565,-1.7800000000000011,2.530000000000001,0.0,0,-0.05000000000000426,-2.8900000000000006,-5.720000000000006,0,5.0,2.809999999999995,2.009999999999998,-0.8725000000000023,3.241428571428564,0.0
2022_15_IND_MIN,2022,15,REG,MIN,IND,39.0,36.0,3.0,75.0,3.5,46.5,-0.5,1.0,3.700000000000003,8.389999999999993,2.022500000000001,5.633999999999993,-0.05885714285714272,2.0450000000000017,-0.9228571428571399,-0.509999999999998,-2.4200000000000017,0.0,1,6.160000000000004,1.8999999999999986,4.950000000000003,0,-0.13000000000000966,9.509999999999991,-2.2099999999999937,-1.677500000000002,-1.0028571428571453,-7.0
2022_15_KC_HOU,2022,15,REG,HOU,KC,24.0,30.0,-6.0,54.0,-14.5,48.5,8.5,1.0,-14.86999999999999,-16.789999999999985,-17.819999999999986,-5.10199999999999,-7.71771428571428,-8.4925,-3.7157142857142844,-8.54,-3.6299999999999955,0.19999999999999996,0,-2.969999999999999,-0.37999999999999545,-19.430000000000007,0,-2.0700000000000003,-1.769999999999996,-1.1200000000000045,-2.9499999999999957,-4.535714285714285,0.0
2022_15_LA_GB,2022,15,REG,GB,LA,24.0,12.0,12.0,36.0,8.0,39.5,4.0,1.0,6.999999999999993,5.999999999999993,7.724999999999987,-5.449999999999996,-7.125714285714281,3.3774999999999906,8.684285714285714,0.509999999999998,-5.969999999999992,0.0,0,6.519999999999996,5.100000000000001,-1.4099999999999966,0,3.299999999999997,-5.299999999999997,2.1199999999999974,0.7249999999999943,-2.6757142857142853,4.0
2022_15_MIA_BUF,2022,15,REG,BUF,MIA,32.0,29.0,3.0,61.0,7.0,44.0,-4.0,1.0,1.3599999999999994,6.049999999999997,6.267499999999991,11.224000000000004,3.8640000000000043,7.5049999999999955,-2.190000000000005,6.600000000000001,5.030000000000001,0.0,-2,-1.2900000000000063,-0.7999999999999972,6.220000000000006,0,3.2299999999999898,6.150000000000006,2.6899999999999977,4.907499999999992,-2.6700000000000017,0.0
2022_15_NE_LV,2022,15,REG,LV,NE,30.0,24.0,6.0,54.0,1.0,45.0,5.0,1.0,3.6300000000000026,3.759999999999998,-0.5699999999999932,-2.268000000000008,-1.453714285714291,-4.460000000000001,5.854285714285709,-4.229999999999997,-1.5799999999999983,0.0,0,3.0999999999999943,-2.240000000000002,-1.230000000000004,0,-4.090000000000003,4.349999999999994,-4.329999999999998,-4.199999999999996,0.9442857142857122,4.0
2022_15_NYG_WAS,2022,15,REG,WAS,NYG,12.0,20.0,-8.0,32.0,4.5,40.5,-12.5,1.0,-2.5700000000000003,-6.835000000000001,-1.4249999999999972,1.0189999999999984,5.119714285714288,1.2700000000000031,1.9757142857142895,6.869999999999997,3.3299999999999983,0.19999999999999996,-1,1.9400000000000048,4.390000000000001,-7.600000000000001,0,-8.630000000000003,0.10000000000000142,2.8599999999999994,1.1450000000000031,-0.16428571428571104,7.0
2022_15_PHI_CHI,2022,15,REG,CHI,PHI,20.0,25.0,-5.0,45.0,-8.5,48.0,3.5,1.0,-7.599999999999994,-24.435000000000002,-15.607499999999987,-22.499000000000002,-17.74971428571429,-14.289999999999985,-15.805714285714295,-8.099999999999994,-3.8700000000000045,0.0,0,-7.699999999999996,-5.869999999999997,-7.769999999999996,0,-14.910000000000004,-18.760000000000005,-2.5799999999999983,-8.007499999999993,-12.085714285714296,7.0
2022_15_PIT_CAR,2022,15,REG,CAR,PIT,16.0,24.0,-8.0,40.0,2.5,36.5,-10.5,1.0,-1.0799999999999983,-8.845000000000006,-7.179999999999993,-8.53500000000001,-7.0442857142857065,-8.149999999999991,-7.644285714285701,-3.1799999999999997,2.069999999999993,0.0,0,-6.350000000000001,2.3100000000000023,-7.630000000000003,0,-16.77000000000001,1.240000000000002,-4.159999999999997,-6.099999999999994,-6.274285714285703,0.0
2022_15_SF_SEA,2022,15,REG,SEA,SF,13.0,21.0,-8.0,34.0,-3.0,43.0,-5.0,1.0,-5.579999999999998,-10.379999999999995,-6.222499999999997,-9.479999999999997,-7.515714285714289,3.1850000000000094,-8.22571428571429,-5.840000000000003,-8.329999999999998,0.0,0,2.1300000000000097,2.6199999999999974,-6.119999999999997,-1,-4.280000000000001,-5.32,2.3999999999999986,-0.6424999999999983,-2.835714285714289,0.0
2022_15_TEN_LAC,2022,15,REG,LAC,TEN,17.0,14.0,3.0,31.0,3.0,46.5,0.0,1.0,0.5799999999999983,3.6850000000000023,4.907499999999999,5.051000000000009,1.8974285714285841,4.775000000000006,-2.758571428571422,-1.9699999999999989,1.4300000000000068,-0.19999999999999996,0,5.219999999999999,-0.0899999999999963,-3.3299999999999983,0,2.6099999999999994,3.6000000000000014,3.1000000000000014,4.327500000000001,-0.04857142857142094,0.0
2022_16_ATL_BAL,2022,16,REG,BAL,ATL,17.0,9.0,8.0,26.0,6.5,35.0,1.5,1.0,6.759999999999998,15.345000000000006,11.605000000000004,10.808999999999997,8.522571428571418,4.710000000000008,-0.12142857142857366,3.220000000000006,0.8599999999999994,0.0,0,-3.700000000000003,-1.769999999999996,3.730000000000004,0,2.2700000000000102,14.899999999999999,2.6300000000000026,4.845000000000006,6.298571428571428,1.0
2022_16_BUF_CHI,2022,16,REG,CHI,BUF,13.0,35.0,-22.0,48.0,-8.0,40.0,-14.0,1.0,-9.099999999999994,-18.09499999999999,-19.642499999999984,-9.822999999999993,-6.415142857142854,-13.429999999999993,-6.857142857142861,4.009999999999998,-2.4599999999999937,-0.4,0,0.5,-5.340000000000003,-3.6499999999999986,0,-8.209999999999994,-9.780000000000001,-2.3200000000000003,-10.54249999999999,-5.587142857142858,-1.0
2022_16_CIN_NE,2022,16,REG,NE,CIN,18.0,22.0,-4.0,40.0,-3.0,42.0,-1.0,1.0,-6.439999999999998,-3.089999999999989,-5.7549999999999955,0.7380000000000138,-1.806285714285707,-2.6374999999999957,-1.1942857142857122,-3.210000000000001,-0.7999999999999972,0.0,0,-5.299999999999997,-7.550000000000004,9.310000000000002,0,1.4699999999999989,5.230000000000004,2.770000000000003,0.6850000000000023,0.8057142857142878,0.0
2022_16_DEN_LA,2022,16,REG,LA,DEN,51.0,14.0,37.0,65.0,-3.0,36.5,40.0,1.0,-0.11999999999999744,-2.7850000000000037,4.897500000000008,-3.5090000000000074,-0.0854285714285794,5.845000000000006,-4.121428571428581,-9.280000000000001,4.390000000000001,0.0,0,2.1400000000000006,1.2000000000000028,0.05000000000000426,0,0.030000000000001137,-5.359999999999999,2.3700000000000045,5.017500000000005,0.7585714285714218,-1.0
2022_16_DET_CAR,2022,16,REG,CAR,DET,37.0,23.0,14.0,60.0,-2.5,43.5,16.5,1.0,-6.060000000000002,3.2250000000000014,-3.260000000000005,6.983000000000011,1.5622857142857214,-2.690000000000005,0.8842857142857099,-3.6799999999999997,-0.8199999999999932,0.0,0,-3.239999999999995,-1.0800000000000054,-12.93,0,10.5,8.07,2.3900000000000006,2.799999999999997,3.864285714285714,0.0
2022_16_GB_MIA,2022,16,REG,MIA,GB,20.0,26.0,-6.0,46.0,3.5,49.0,-9.5,1.0,-1.6700000000000017,-5.9550000000000125,-5.407500000000006,-6.2590000000000074,0.5488571428571447,-6.484999999999999,-1.617142857142852,-7.660000000000004,0.4099999999999966,0.0,2,0.0799999999999983,1.6300000000000097,-3.210000000000001,0,-2.030000000000001,-6.539999999999999,-4.239999999999995,-3.7375000000000043,2.5228571428571414,2.0
2022_16_HOU_TEN,2022,16,REG,TEN,HOU,14.0,19.0,-5.0,33.0,3.0,34.0,-8.0,1.0,6.960000000000001,7.025000000000006,7.182499999999997,-0.5969999999999942,3.1994285714285766,4.575000000000003,10.651428571428575,1.7000000000000028,4.730000000000004,0.0,0,2.5700000000000003,2.8100000000000023,7.799999999999997,0,-0.7099999999999937,0.8399999999999963,-0.05000000000000426,0.2224999999999966,3.8614285714285757,0.0
2022_16_JAX_NYJ,2022,16,REG,NYJ,JAX,3.0,19.0,-16.0,22.0,2.5,36.5,-18.5,1.0,-4.299999999999997,-4.060000000000002,-3.365000000000002,1.411999999999992,1.8048571428571378,2.0049999999999955,-1.9671428571428606,-0.5500000000000043,1.460000000000008,0.19999999999999996,0,2.269999999999996,2.539999999999999,-0.6700000000000017,0,-3.8500000000000085,4.329999999999998,0.20000000000000284,0.9349999999999952,0.6328571428571408,0.0
2022_16_LAC_IND,2022,16,REG,IND,LAC,3.0,20.0,-17.0,23.0,-3.5,44.5,-13.5,1.0,-4.020000000000003,-8.04,-2.512500000000003,-6.675999999999995,-1.2988571428571376,0.25499999999999545,2.1271428571428572,-3.1499999999999986,-2.530000000000001,0.0,0,-4.090000000000003,0.5399999999999991,2.239999999999995,0,1.2600000000000051,-9.299999999999997,0.5200000000000031,1.5075000000000003,1.3571428571428612,1.0
2022_16_LV_PIT,2022,16,REG,PIT,LV,13.0,10.0,3.0,23.0,2.5,38.5,0.5,1.0,-6.6499999999999915,-15.924999999999983,-0.8074999999999903,-7.046999999999997,3.0351428571428514,1.634999999999998,-2.1128571428571377,4.649999999999999,-1.2600000000000051,0.0,0,2.2299999999999898,-2.6400000000000006,-10.909999999999997,0,-7.809999999999995,-10.740000000000002,7.259999999999998,5.842500000000001,0.8071428571428569,0.0
2022_16_NO_CLE,2022,16,REG,CLE,NO,10.0,17.0,-7.0,27.0,3.0,32.0,-10.0,1.0,2.8100000000000023,-5.649999999999999,4.099999999999994,-9.494,-3.081142857142858,1.5774999999999935,4.192857142857143,-8.220000000000006,4.939999999999998,-0.19999999999999996,0,-4.25,3.0400000000000063,1.1099999999999994,0,-15.340000000000003,-1.5799999999999983,-0.6499999999999986,1.289999999999992,-2.047142857142859,1.0
2022_16_NYG_MIN,2022,16,REG,MIN,NYG,27.0,24.0,3.0,51.0,4.5,48.0,-1.5,1.0,4.590000000000003,13.880000000000003,8.075000000000003,9.536000000000001,2.2402857142857187,7.7450000000000045,6.114285714285714,0.20000000000000284,-2.280000000000001,0.19999999999999996,0,7.750000000000007,6.579999999999998,-1.1799999999999997,0,7.109999999999999,11.469999999999999,4.930000000000007,3.4849999999999994,1.9942857142857164,1.0
2022_16_PHI_DAL,2022,16,REG,DAL,PHI,40.0,34.0,6.0,74.0,4.0,48.0,2.0,1.0,1.2900000000000063,-1.615000000000009,0.2849999999999966,-6.071000000000019,-12.52600000000001,-3.635000000000012,-6.670000000000009,-5.18,-0.030000000000001137,0.0,0,-2.1500000000000057,-6.240000000000002,1.9200000000000017,0,-1.240000000000009,-4.570000000000007,0.10000000000000142,-1.0050000000000097,-9.360000000000007,0.0
2022_16_SEA_KC,2022,16,REG,KC,SEA,24.0,10.0,14.0,34.0,10.5,50.5,3.5,1.0,12.429999999999993,12.154999999999987,15.374999999999986,5.003,6.783714285714289,0.9549999999999912,0.15571428571428214,11.57,5.849999999999994,0.0,0,-3.769999999999996,-5.850000000000001,7.8799999999999955,0,-3.239999999999995,2.6899999999999977,-1.0799999999999983,2.944999999999993,1.5057142857142836,-3.0
2022_16_TB_ARI,2022,16,REG,ARI,TB,16.0,19.0,-3.0,35.0,-7.5,41.5,4.5,1.0,-11.71,0.4899999999999878,-13.737499999999997,12.75399999999999,1.4797142857142873,-7.2124999999999915,2.2857142857142847,-3.8999999999999986,0.9300000000000068,0.0,0,-2.6499999999999986,-5.019999999999996,-7.979999999999997,0,13.100000000000001,11.299999999999997,-5.210000000000001,-2.0274999999999963,0.9257142857142853,0.0
2022_16_WAS_SF,2022,16,REG,SF,WAS,37.0,20.0,17.0,57.0,6.5,37.5,10.5,1.0,3.450000000000003,20.354999999999997,1.8825000000000074,15.799,2.024000000000008,1.9775000000000134,7.710000000000001,0.8400000000000034,-0.6299999999999955,0.0,0,0.7900000000000063,-1.480000000000004,12.329999999999998,0,21.520000000000003,12.29,-2.969999999999999,-1.5674999999999955,3.1300000000000026,3.0
2022_17_ARI_ATL,2022,17,REG,ATL,ARI,20.0,19.0,1.0,39.0,7.0,41.0,-6.0,1.0,3.970000000000006,-8.534999999999997,0.3225000000000051,-12.283000000000001,-2.817999999999998,-0.8975000000000009,1.779999999999994,2.030000000000001,-0.4299999999999926,0.0,0,-0.8900000000000006,1.6099999999999994,7.829999999999998,0,-8.049999999999997,-16.959999999999994,-1.6000000000000014,-3.647500000000001,-3.039999999999999,1.0
2022_17_CAR_TB,2022,17,REG,TB,CAR,30.0,24.0,6.0,54.0,3.5,40.5,2.5,1.0,6.52000000000001,3.3800000000000026,10.030000000000015,-0.9980000000000047,3.284857142857142,8.392500000000013,1.8928571428571388,0.8000000000000043,3.0700000000000074,0.0,0,4.690000000000005,3.510000000000005,6.43,0,-3.940000000000005,-2.3400000000000034,4.32,3.510000000000005,1.1428571428571388,-1.0
2022_17_CHI_DET,2022,17,REG,DET,CHI,41.0,10.0,31.0,51.0,4.5,52.5,26.5,1.0,6.109999999999999,-0.09500000000000597,6.299999999999997,-5.6030000000000015,-0.4908571428571378,2.174999999999997,0.40714285714285836,1.5600000000000023,0.6300000000000097,0.0,0,-3.809999999999995,1.8500000000000014,6.759999999999991,0,-6.359999999999999,-6.050000000000004,-0.36999999999999744,0.18999999999999773,-1.0928571428571416,0.0
2022_17_CLE_WAS,2022,17,REG,WAS,CLE,10.0,24.0,-14.0,34.0,1.0,41.5,-15.0,1.0,-2.6299999999999955,2.9950000000000045,-2.937499999999993,5.120999999999995,2.0959999999999965,-0.5949999999999989,-2.780000000000001,-4.420000000000002,0.030000000000001137,0.0,0,0.30999999999998806,-0.480000000000004,-5.729999999999997,0,13.090000000000003,-1.8400000000000034,1.0,-0.30749999999999744,2.6000000000000014,0.0
2022_17_DAL_TEN,2022,17,REG,TEN,DAL,13.0,27.0,-14.0,40.0,-14.0,41.0,0.0,1.0,-1.3599999999999994,0.3100000000000023,-5.092500000000001,-0.7460000000000022,3.392571428571422,-3.065000000000005,5.468571428571423,-1.240000000000002,-1.1800000000000068,0.0,0,-5.170000000000002,0.0,5.149999999999999,0,-0.8599999999999994,4.199999999999996,-2.4100000000000037,-3.7325000000000017,5.808571428571426,0.0
2022_17_DEN_KC,2022,17,REG,KC,DEN,27.0,24.0,3.0,51.0,13.5,46.0,-10.5,1.0,8.729999999999997,12.895000000000003,9.767499999999998,5.449000000000012,1.621142857142864,1.7100000000000009,-4.0728571428571385,0.259999999999998,3.3599999999999994,0.0,0,1.2999999999999972,-3.6400000000000006,9.510000000000005,0,1.7999999999999972,6.530000000000001,0.03999999999999915,1.0375000000000014,0.3371428571428581,1.0
2022_17_IND_NYG,2022,17,REG,NYG,IND,38.0,10.0,28.0,48.0,5.5,38.5,22.5,1.0,-0.9099999999999966,-4.8799999999999955,-4.752499999999998,-3.564,-1.8754285714285786,-3.8925000000000054,-5.891428571428577,-1.5799999999999983,-0.12000000000000455,0.0,1,-0.28999999999999915,-4.119999999999997,4.489999999999995,0,-6.339999999999996,-1.5999999999999943,-2.6200000000000045,-3.842500000000001,-2.2814285714285774,2.0
2022_17_JAX_HOU,2022,17,REG,HOU,JAX,3.0,31.0,-28.0,34.0,-3.5,43.0,-24.5,1.0,-5.509999999999998,-1.6799999999999997,-7.104999999999997,0.2839999999999989,-5.568857142857148,-5.664999999999999,-5.422857142857147,-4.450000000000003,-3.5999999999999943,-0.19999999999999996,0,-4.260000000000005,-3.8200000000000003,-6.760000000000005,0,1.3399999999999892,6.32,-3.4299999999999997,-1.5949999999999989,-2.0228571428571485,-2.0
2022_17_LA_LAC,2022,17,REG,LAC,LA,31.0,10.0,21.0,41.0,6.5,41.5,14.5,1.0,4.369999999999997,14.704999999999991,3.7424999999999997,12.25099999999999,2.685999999999993,-1.1774999999999949,6.390000000000001,2.1499999999999986,1.4399999999999977,0.0,0,0.9899999999999949,-0.3200000000000003,-3.4200000000000017,0,4.759999999999991,15.909999999999997,0.21999999999999886,-0.6274999999999977,0.769999999999996,-1.0
2022_17_MIA_NE,2022,17,REG,NE,MIA,23.0,21.0,2.0,44.0,3.0,41.5,-1.0,1.0,-3.9199999999999946,2.0300000000000082,-4.712499999999999,5.168000000000006,-4.3291428571428625,-1.605000000000004,-6.887142857142862,-7.199999999999996,3.3499999999999943,0.4,0,-4.939999999999998,-7.560000000000009,8.809999999999995,0,8.77000000000001,3.1299999999999955,2.0700000000000003,-0.792500000000004,-3.547142857142866,1.0
2022_17_MIN_GB,2022,17,REG,GB,MIN,41.0,17.0,24.0,58.0,3.0,47.5,21.0,1.0,1.8200000000000074,1.9350000000000165,3.270000000000003,-0.10299999999998732,0.07628571428571718,1.3574999999999946,1.9742857142857133,9.11,-2.0,0.0,-1,-2.780000000000001,0.9399999999999977,-1.1400000000000006,0,-1.0300000000000011,1.2600000000000051,-0.9100000000000037,1.4499999999999957,0.2942857142857136,-1.0
2022_17_NO_PHI,2022,17,REG,PHI,NO,10.0,20.0,-10.0,30.0,5.5,41.5,-15.5,1.0,5.500000000000007,15.405000000000022,11.167500000000018,13.96500000000001,9.542857142857152,7.750000000000007,7.522857142857156,7.640000000000001,4.259999999999991,0.19999999999999996,0,-1.7199999999999989,2.980000000000004,8.260000000000005,0,2.660000000000011,17.150000000000006,-0.3200000000000003,5.667500000000011,5.482857142857156,0.0
2022_17_NYJ_SEA,2022,17,REG,SEA,NYJ,23.0,6.0,17.0,29.0,-1.0,43.0,18.0,1.0,0.01999999999999602,8.674999999999997,-1.9925000000000068,2.894999999999996,-4.501428571428576,1.1099999999999994,2.078571428571429,-6.8799999999999955,-7.169999999999995,0.0,0,4.190000000000005,0.21000000000000085,3.3100000000000023,0,7.789999999999992,9.520000000000003,-1.0200000000000031,-2.012500000000003,1.258571428571429,-2.0
2022_17_PIT_BAL,2022,17,REG,BAL,PIT,13.0,16.0,-3.0,29.0,1.0,35.5,-4.0,1.0,-4.68,0.7949999999999946,-5.002500000000005,8.064999999999998,3.598571428571418,0.5224999999999937,-5.43142857142859,0.7700000000000031,6.389999999999986,0.0,0,-8.480000000000004,2.3299999999999983,3.4399999999999906,0,3.0200000000000102,7.929999999999993,-2.190000000000005,-0.3225000000000051,1.0085714285714147,0.0
2022_17_SF_LV,2022,17,REG,LV,SF,34.0,37.0,-3.0,71.0,-10.0,41.5,7.0,1.0,0.75,-4.954999999999998,1.2124999999999986,-10.078999999999994,-7.34542857142857,-4.787500000000001,-5.53142857142857,-2.260000000000005,-4.8700000000000045,0.0,0,-0.6200000000000045,-2.700000000000003,-5.1499999999999915,1,-4.700000000000003,-6.709999999999994,0.28999999999999915,0.4624999999999986,-2.971428571428575,0.0
2022_18_ARI_SF,2022,18,REG,SF,ARI,38.0,13.0,25.0,51.0,14.0,40.0,11.0,1.0,10.82,10.704999999999991,5.845000000000006,0.664999999999992,2.6757142857142853,0.14000000000000767,4.465714285714284,-2.440000000000005,-0.22999999999998977,-0.19999999999999996,0,2.6100000000000065,2.989999999999995,11.059999999999995,0,2.25,-2.480000000000004,-4.170000000000002,-4.974999999999994,1.8957142857142841,0.0
2022_18_BAL_CIN,2022,18,REG,CIN,BAL,27.0,16.0,11.0,43.0,11.0,39.0,0.0,1.0,12.800000000000004,9.395000000000003,9.3825,-6.531000000000006,-7.717428571428584,-1.4575000000000031,4.078571428571422,-10.950000000000003,-5.510000000000005,0.0,1,7.6200000000000045,7.289999999999999,-10.819999999999993,0,0.10999999999999943,-6.920000000000002,-4.490000000000002,-3.417500000000004,-4.59142857142858,-1.0
2022_18_CAR_NO,2022,18,REG,NO,CAR,7.0,10.0,-3.0,17.0,3.5,41.5,-6.5,1.0,-0.4799999999999969,2.9950000000000045,3.105000000000004,2.3029999999999973,1.425142857142852,9.750000000000007,2.1871428571428595,-0.5799999999999983,-2.3300000000000125,-0.19999999999999996,0,8.270000000000003,2.940000000000005,7.659999999999997,0,8.14,-1.1899999999999977,1.0900000000000034,3.585000000000001,2.597142857142856,0.0
2022_18_CLE_PIT,2022,18,REG,PIT,CLE,28.0,14.0,14.0,42.0,2.5,40.0,11.5,1.0,-3.219999999999999,1.720000000000006,-0.865000000000002,2.2900000000000063,1.2271428571428515,0.8200000000000003,-2.8128571428571547,-1.1500000000000057,-6.769999999999996,-0.19999999999999996,0,2.0200000000000102,-8.159999999999997,0.09000000000000341,0,6.440000000000005,3.440000000000005,6.049999999999997,2.354999999999997,3.87714285714285,0.0
2022_18_DAL_WAS,2022,18,REG,WAS,DAL,26.0,6.0,20.0,32.0,-7.5,40.5,27.5,1.0,-7.859999999999992,-7.794999999999995,-9.244999999999997,0.5929999999999893,8.206571428571422,-0.6925000000000026,7.03857142857143,-1.4200000000000017,0.7800000000000011,0.0,0,0.3500000000000085,3.980000000000004,-2.9499999999999957,0,3.8599999999999994,-3.730000000000004,0.480000000000004,-1.3850000000000051,7.678571428571431,-3.0
2022_18_DET_GB,2022,18,REG,GB,DET,16.0,20.0,-4.0,36.0,5.5,49.0,-9.5,1.0,3.440000000000005,18.115000000000002,9.622499999999995,11.898999999999994,4.778285714285715,6.68249999999999,9.54428571428572,-1.7600000000000051,-3.6500000000000057,0.0,0,0.46999999999999886,3.280000000000001,-4.549999999999997,0,12.959999999999994,16.39,4.689999999999998,6.18249999999999,7.554285714285719,0.0
2022_18_HOU_IND,2022,18,REG,IND,HOU,31.0,32.0,-1.0,63.0,3.0,38.0,-4.0,1.0,3.8500000000000014,5.705000000000005,9.240000000000002,1.6829999999999998,6.7665714285714245,8.090000000000003,11.798571428571428,-3.069999999999993,3.219999999999999,0.0,0,0.2700000000000031,2.700000000000003,8.93,0,7.050000000000004,-3.3399999999999963,2.490000000000002,5.390000000000001,6.938571428571429,0.0
2022_18_KC_LV,2022,18,REG,LV,KC,13.0,31.0,-18.0,44.0,-9.0,51.5,-9.0,1.0,-7.529999999999994,-6.774999999999984,-12.4925,-3.3489999999999824,-5.399714285714282,-8.792500000000011,4.364285714285714,-7.920000000000002,0.28000000000000114,0.19999999999999996,0,1.259999999999998,-2.280000000000001,-3.739999999999995,1,4.780000000000001,-3.270000000000003,-1.740000000000002,-4.962500000000006,-1.2957142857142898,0.0
2022_18_LAC_DEN,2022,18,REG,DEN,LAC,31.0,28.0,3.0,59.0,6.0,38.5,-3.0,1.0,-2.219999999999999,-9.909999999999997,-5.644999999999989,-6.937999999999988,-0.9822857142857018,-3.8974999999999937,-3.8342857142857056,7.030000000000001,-3.069999999999993,-0.19999999999999996,0,-3.3699999999999974,1.0499999999999972,1.1000000000000014,0,-4.97999999999999,-10.400000000000006,3.030000000000001,-3.42499999999999,-1.7342857142857113,0.0
2022_18_LA_SEA,2022,18,REG,SEA,LA,19.0,16.0,3.0,35.0,5.5,41.5,-2.5,1.0,-1.6000000000000014,4.690000000000005,-6.6625000000000085,6.042000000000009,-2.550857142857133,-3.4850000000000065,1.287142857142868,-2.25,-6.3600000000000065,0.19999999999999996,0,2.799999999999997,0.8599999999999994,-0.1700000000000017,0,4.910000000000011,7.669999999999995,-0.5200000000000031,-5.062500000000007,-2.3028571428571354,0.0
2022_18_MIN_CHI,2022,18,REG,CHI,MIN,13.0,29.0,-16.0,42.0,-6.5,42.5,-9.5,1.0,-7.840000000000003,-16.28500000000001,-13.030000000000001,-5.771000000000008,-3.3945714285714317,-8.030000000000001,-8.558571428571433,8.329999999999998,2.0400000000000063,0.4,0,-2.8700000000000045,-3.710000000000001,-0.3200000000000003,0,-7.840000000000003,-9.050000000000004,-2.509999999999998,-5.189999999999998,-6.068571428571431,0.0
2022_18_NE_BUF,2022,18,REG,BUF,NE,35.0,23.0,12.0,58.0,8.0,44.0,4.0,1.0,5.399999999999999,2.224999999999987,12.282499999999992,-0.22900000000001342,3.3845714285714266,9.65999999999999,5.228571428571428,3.0,1.4200000000000017,0.0,0,3.6099999999999923,5.699999999999996,-0.9500000000000028,0,-7.320000000000007,0.9699999999999989,0.09999999999999432,6.882499999999993,0.4385714285714286,-1.0
2022_18_NYG_PHI,2022,18,REG,PHI,NYG,22.0,16.0,6.0,38.0,16.5,42.5,-10.5,1.0,3.3500000000000014,16.02000000000001,2.332500000000003,17.692000000000007,9.957714285714282,5.445,7.715714285714284,12.79,2.5400000000000063,0.0,-1,5.970000000000006,9.199999999999996,6.3700000000000045,0,12.200000000000003,13.14,-5.669999999999995,-1.0174999999999983,4.935714285714283,0.0
2022_18_NYJ_MIA,2022,18,REG,MIA,NYJ,11.0,6.0,5.0,17.0,3.5,37.5,1.5,1.0,6.850000000000001,10.419999999999995,7.094999999999999,0.1739999999999995,2.5597142857142927,1.197499999999998,2.635714285714286,-0.1599999999999966,-5.390000000000001,-0.19999999999999996,0,4.589999999999996,4.539999999999992,-1.990000000000002,0,4.189999999999998,2.9499999999999957,-2.3500000000000014,0.24499999999999744,5.955714285714286,0.0
2022_18_TB_ATL,2022,18,REG,ATL,TB,30.0,17.0,13.0,47.0,6.0,40.5,7.0,1.0,-11.079999999999998,-12.635000000000005,-16.869999999999997,-2.8270000000000053,-4.3205714285714265,-6.967499999999994,4.271428571428565,-1.5300000000000011,0.5700000000000074,0.0,0,-4.399999999999999,-3.559999999999995,2.450000000000003,0,2.6999999999999957,-5.809999999999995,-5.590000000000003,-5.789999999999999,-3.048571428571428,0.0
2022_18_TEN_JAX,2022,18,REG,JAX,TEN,20.0,16.0,4.0,36.0,6.0,39.5,-2.0,1.0,-1.5799999999999983,1.2000000000000028,0.8800000000000026,5.539999999999999,3.9099999999999966,2.3725000000000023,-1.0,2.799999999999997,-2.490000000000009,-0.19999999999999996,0,1.9400000000000048,1.1299999999999955,-1.4499999999999957,0,0.6099999999999994,4.950000000000003,4.130000000000003,2.460000000000001,1.1499999999999986,-3.0
2023_01_ARI_WAS,2023,1,REG,WAS,ARI,20.0,16.0,4.0,36.0,7.0,38.0,-3.0,1.0,-4.700000000000003,-0.020000000000003126,-5.380000000000003,5.962000000000003,6.247714285714288,3.7749999999999986,3.885714285714286,4.080000000000005,1.3599999999999994,0.0,0,8.769999999999996,7.3799999999999955,-1.5,0,11.129999999999995,-1.7700000000000031,0.5400000000000063,-0.6799999999999997,4.965714285714284,0.0
2023_01_BUF_NYJ,2023,1,REG,NYJ,BUF,22.0,16.0,6.0,38.0,-2.5,44.5,8.5,1.0,-0.9200000000000017,-3.5350000000000037,-5.902500000000003,3.689000000000007,5.611142857142866,-4.647500000000001,-1.422857142857147,7.100000000000001,3.289999999999992,0.0,0,-0.2400000000000091,-2.3800000000000026,-2.5600000000000023,0,-4.109999999999999,-1.1200000000000045,-4.340000000000003,-4.982500000000002,-0.6928571428571431,0.0
2023_01_CAR_ATL,2023,1,REG,ATL,CAR,24.0,10.0,14.0,34.0,3.5,40.5,10.5,1.0,4.580000000000005,4.7350000000000065,0.8600000000000065,0.7510000000000048,-4.62828571428571,-5.725000000000001,3.36571428571429,0.5900000000000034,2.6599999999999966,0.0,0,-2.1700000000000017,-1.7100000000000009,2.5700000000000003,0,-4.359999999999999,4.670000000000002,-2.5,-3.719999999999999,-5.224285714285713,0.0
2023_01_CIN_CLE,2023,1,REG,CLE,CIN,24.0,3.0,21.0,27.0,-1.0,46.5,22.0,1.0,-4.809999999999995,-1.9450000000000003,-5.039999999999999,2.594999999999999,0.37000000000000455,0.125,6.070000000000007,-0.05000000000000426,3.460000000000008,0.0,0,-0.5899999999999892,-0.6700000000000017,7.580000000000005,0,7.8899999999999935,-2.1600000000000037,2.3999999999999986,-0.23000000000000398,0.6400000000000006,0.0
2023_01_DAL_NYG,2023,1,REG,NYG,DAL,0.0,40.0,-40.0,40.0,-3.5,44.5,-36.5,1.0,-4.609999999999999,-7.464999999999996,-6.924999999999997,-8.792999999999992,-1.3365714285714247,-6.549999999999997,-1.3285714285714292,-12.86,-1.0899999999999892,0.0,1,-7.649999999999999,-5.420000000000002,0.6300000000000026,0,-6.0,0.28999999999999915,-2.489999999999995,-2.3149999999999977,4.6014285714285705,0.0
2023_01_DET_KC,2023,1,REG,KC,DET,20.0,21.0,-1.0,41.0,4.0,53.0,-5.0,1.0,8.249999999999993,14.124999999999993,7.989999999999995,7.085000000000008,5.225714285714297,3.1300000000000097,1.7757142857142938,-0.04999999999999716,2.4200000000000017,0.0,0,-0.10000000000000142,1.4200000000000017,3.710000000000008,-1,5.010000000000005,6.739999999999995,-0.0800000000000054,-0.259999999999998,4.015714285714289,0.0
2023_01_GB_CHI,2023,1,REG,CHI,GB,20.0,38.0,-18.0,58.0,1.0,41.0,-19.0,1.0,2.210000000000001,-3.2349999999999923,-1.9125000000000014,-5.994999999999997,-0.7657142857142887,-3.8924999999999983,-2.0357142857142847,-7.649999999999999,3.4599999999999937,0.0,1,-4.859999999999999,1.980000000000004,5.990000000000002,0,0.6400000000000077,-11.529999999999994,-0.29000000000000625,-4.122500000000002,-0.21571428571428442,0.0
2023_01_HOU_BAL,2023,1,REG,BAL,HOU,25.0,9.0,16.0,34.0,9.5,43.5,6.5,1.0,-3.469999999999999,1.3299999999999983,-0.2149999999999963,7.044000000000004,4.165428571428578,5.417500000000004,-2.848571428571425,5.0,0.13000000000000966,0.0,0,0.5499999999999972,1.7800000000000011,5.350000000000001,0,0.3299999999999983,9.270000000000003,2.1099999999999994,3.2550000000000026,1.9214285714285708,0.0
2023_01_JAX_IND,2023,1,REG,IND,JAX,21.0,31.0,-10.0,52.0,-4.0,45.5,-6.0,1.0,-11.510000000000005,-13.844999999999999,-13.102500000000006,-2.9669999999999916,-0.9777142857142778,-1.4924999999999997,-5.27571428571428,-0.45000000000000284,-0.269999999999996,0.0,0,-2.1899999999999977,0.21999999999999886,0.10999999999999943,0,-7.489999999999995,2.8200000000000003,-4.780000000000001,-1.5925000000000011,-0.34571428571427987,0.0
2023_01_LA_SEA,2023,1,REG,SEA,LA,13.0,30.0,-17.0,43.0,4.5,45.0,-21.5,1.0,-2.990000000000002,9.369999999999997,-3.3175000000000026,11.411999999999999,4.073428571428572,-1.9825000000000017,9.021428571428572,-0.740000000000002,-6.859999999999992,0.0,0,2.1199999999999903,-0.3399999999999963,-3.719999999999999,0,13.770000000000003,10.949999999999996,0.8800000000000026,-0.32750000000000057,5.021428571428572,0.0
2023_01_LV_DEN,2023,1,REG,DEN,LV,16.0,17.0,-1.0,33.0,3.0,43.0,-4.0,1.0,-2.8299999999999983,-2.2650000000000006,0.792500000000004,3.743000000000002,7.088000000000001,3.3800000000000026,-1.509999999999998,6.18,-1.2199999999999989,0.0,0,-1.7700000000000031,0.529999999999994,-2.6600000000000037,0,-3.809999999999995,4.939999999999998,4.259999999999998,3.6225000000000023,3.9099999999999966,0.0
2023_01_MIA_LAC,2023,1,REG,LAC,MIA,34.0,36.0,-2.0,70.0,3.0,50.5,-5.0,1.0,7.859999999999999,9.015,7.677500000000002,3.189,-0.80171428571429,-0.6724999999999923,-0.39571428571429124,6.670000000000002,3.799999999999997,0.0,-1,-2.3900000000000006,-5.68,0.7899999999999991,0,1.6499999999999986,0.6599999999999966,-1.740000000000002,-0.18249999999999744,-2.835714285714289,0.0
2023_01_PHI_NE,2023,1,REG,NE,PHI,20.0,25.0,-5.0,45.0,-3.5,44.5,-1.5,1.0,-3.25,-1.4050000000000011,-3.7325000000000017,-0.1909999999999954,-0.9045714285714155,-6.0375000000000085,-1.6885714285714215,2.6000000000000014,-1.7800000000000011,0.0,0,-2.789999999999992,-7.420000000000002,-5.140000000000001,0,-1.4399999999999977,5.130000000000003,3.019999999999996,-0.4825000000000017,1.1314285714285788,0.0
2023_01_SF_PIT,2023,1,REG,PIT,SF,7.0,30.0,-23.0,37.0,-1.5,41.5,-21.5,1.0,0.8399999999999963,-1.394999999999996,1.5799999999999912,-0.17499999999999716,2.6042857142857088,-1.8125,-5.215714285714284,5.090000000000003,-3.700000000000003,0.0,0,3.519999999999996,-2.3500000000000014,-7.539999999999992,0,-6.3999999999999915,1.9299999999999997,-4.990000000000002,0.7399999999999949,0.5442857142857136,0.0
2023_01_TB_MIN,2023,1,REG,MIN,TB,17.0,20.0,-3.0,37.0,4.0,45.0,-7.0,1.0,5.5,7.779999999999994,4.954999999999998,-1.8940000000000055,-7.143999999999998,-2.2275000000000063,-3.1599999999999966,-7.840000000000003,-6.210000000000008,0.0,0,1.3799999999999955,-2.6000000000000014,2.6199999999999974,0,2.1899999999999977,2.3699999999999974,1.240000000000002,-0.5450000000000017,-2.969999999999999,0.0
2023_01_TEN_NO,2023,1,REG,NO,TEN,16.0,15.0,1.0,31.0,3.0,41.0,-2.0,1.0,-1.1999999999999957,3.6200000000000045,0.6049999999999969,11.746000000000002,8.760285714285715,2.612499999999997,-4.005714285714284,10.93,4.640000000000001,0.0,-1,8.110000000000007,1.4099999999999966,0.4399999999999977,1,7.080000000000005,2.559999999999995,3.710000000000001,1.8049999999999926,1.8342857142857127,0.0
2023_02_BAL_CIN,2023,2,REG,CIN,BAL,24.0,27.0,-3.0,51.0,3.5,45.5,-6.5,1.0,6.589999999999996,6.179999999999993,5.8999999999999915,0.6739999999999924,-1.2374285714285733,-0.9450000000000074,2.9285714285714306,2.729999999999997,-2.3999999999999986,0.19999999999999996,0,3.1099999999999994,4.32,-11.189999999999998,0,0.3200000000000003,-1.1400000000000006,-1.6799999999999997,-0.6900000000000048,-2.3214285714285694,0.0
2023_02_CHI_TB,2023,2,REG,TB,CHI,27.0,17.0,10.0,44.0,2.5,41.0,7.5,1.0,3.1000000000000014,2.5549999999999997,9.665000000000006,3.522999999999996,5.703714285714284,8.502500000000005,-3.0942857142857108,3.1899999999999977,7.529999999999994,0.19999999999999996,0,2.770000000000003,3.5700000000000003,-2.529999999999994,0,-5.390000000000001,4.300000000000004,6.030000000000001,6.565000000000005,1.6357142857142861,0.0
2023_02_CLE_PIT,2023,2,REG,PIT,CLE,26.0,22.0,4.0,48.0,-2.5,39.0,6.5,1.0,-2.720000000000006,1.5249999999999844,0.14750000000000085,4.410999999999987,2.7002857142857124,0.6350000000000051,-4.075714285714284,3.3399999999999963,-3.6599999999999966,0.19999999999999996,0,-1.5600000000000023,-4.020000000000003,-3.190000000000005,0,3.3900000000000006,5.100000000000001,1.8100000000000023,2.867500000000007,2.5342857142857156,0.0
2023_02_GB_ATL,2023,2,REG,ATL,GB,25.0,24.0,1.0,49.0,3.0,40.5,-2.0,1.0,2.450000000000003,3.7900000000000063,0.6950000000000074,1.9279999999999973,4.049428571428564,-1.75,5.871428571428567,-1.8300000000000054,4.210000000000001,-0.19999999999999996,0,-9.540000000000006,0.00999999999999801,5.310000000000002,-1,-1.1099999999999994,3.789999999999999,-1.259999999999998,-1.7549999999999955,3.46142857142857,0.0
2023_02_IND_HOU,2023,2,REG,HOU,IND,20.0,31.0,-11.0,51.0,-1.0,40.0,-10.0,1.0,6.119999999999997,5.329999999999998,4.864999999999995,0.0020000000000024443,0.15342857142857014,-1.625,-2.9585714285714317,1.2299999999999969,0.9500000000000028,-0.19999999999999996,0,-1.3900000000000006,0.25,0.6499999999999986,0,4.75,-6.330000000000005,1.7899999999999991,-1.2550000000000026,-0.6385714285714315,0.0
2023_02_KC_JAX,2023,2,REG,JAX,KC,9.0,17.0,-8.0,26.0,-3.5,50.5,-4.5,1.0,-6.669999999999995,-4.324999999999996,-8.012499999999996,-3.547000000000004,-5.482000000000006,-3.8924999999999983,1.2399999999999949,-8.950000000000003,-0.4000000000000057,-0.4,0,-2.019999999999996,-0.18999999999999773,-11.700000000000003,0,6.739999999999995,-2.049999999999997,3.039999999999999,-1.3425000000000011,0.4099999999999966,-3.0
2023_02_LAC_TEN,2023,2,REG,TEN,LAC,27.0,24.0,3.0,51.0,-2.5,45.5,5.5,1.0,-1.3900000000000006,-2.240000000000009,-3.2025000000000077,-3.3300000000000125,-2.9871428571428567,-3.0600000000000023,-0.6171428571428521,-5.82,-3.8500000000000014,-0.19999999999999996,1,-2.549999999999997,-1.2999999999999972,-0.730000000000004,0,3.489999999999995,-5.189999999999998,-2.3500000000000014,-1.812500000000007,-0.5071428571428527,0.0
2023_02_LV_BUF,2023,2,REG,BUF,LV,38.0,10.0,28.0,48.0,7.5,47.0,20.5,1.0,0.020000000000003126,-1.9199999999999946,2.5400000000000063,1.294000000000004,6.399714285714289,2.2275000000000063,3.5357142857142847,1.2999999999999972,3.260000000000005,0.0,0,0.45000000000000284,0.740000000000002,0.9500000000000028,0,-5.339999999999996,1.4600000000000009,0.6199999999999974,2.520000000000003,3.1657142857142873,-1.0
2023_02_MIA_NE,2023,2,REG,NE,MIA,17.0,24.0,-7.0,41.0,-2.0,46.5,-5.0,1.0,1.3399999999999963,5.699999999999996,-1.82500000000001,6.109999999999999,2.9499999999999957,-4.064999999999998,-0.05000000000000426,3.6300000000000026,-2.0899999999999963,0.20000000000000007,0,-4.429999999999993,-6.670000000000002,6.32,0,7.920000000000002,0.8000000000000043,-2.1200000000000045,-3.1650000000000063,1.1999999999999957,0.0
2023_02_MIN_PHI,2023,2,REG,PHI,MIN,34.0,28.0,6.0,62.0,6.0,49.0,0.0,1.0,-1.5,-0.9099999999999966,-3.780000000000001,3.074000000000005,3.7297142857142944,1.3725000000000023,6.745714285714293,-0.44999999999999574,2.719999999999999,0.4,1,-1.5799999999999983,3.719999999999999,5.560000000000002,-1,4.3700000000000045,-3.1899999999999977,-1.9100000000000037,-2.280000000000001,1.2457142857142927,0.0
2023_02_NO_CAR,2023,2,REG,CAR,NO,17.0,20.0,-3.0,37.0,-3.0,39.5,0.0,1.0,-0.8200000000000003,3.1199999999999974,-1.7225000000000037,1.9339999999999975,1.7597142857142885,2.0449999999999946,4.745714285714293,-3.8100000000000023,-2.3100000000000023,0.0,0,2.3299999999999983,1.9099999999999966,0.6600000000000037,-1,1.8900000000000006,5.990000000000002,-0.9600000000000009,-0.9025000000000034,3.7657142857142887,0.0
2023_02_NYG_ARI,2023,2,REG,ARI,NYG,28.0,31.0,-3.0,59.0,-5.0,40.0,2.0,1.0,-4.359999999999999,-5.090000000000003,-2.0075000000000003,2.54399999999999,-0.8731428571428665,3.082500000000003,-1.6871428571428595,4.5,0.0,0.4,0,-0.3499999999999943,1.2800000000000011,0.3100000000000023,0,0.6899999999999977,-2.1500000000000057,4.859999999999999,2.352499999999999,-4.14714285714286,0.0
2023_02_NYJ_DAL,2023,2,REG,DAL,NYJ,30.0,10.0,20.0,40.0,8.5,38.5,11.5,1.0,6.890000000000001,15.239999999999995,7.207500000000003,9.155999999999992,-0.6997142857142933,-1.8549999999999969,2.5042857142857144,5.57,-0.45000000000000284,0.4,0,-0.3999999999999986,-4.359999999999999,-3.1300000000000026,0,6.57,10.129999999999995,-0.4200000000000017,0.31750000000000256,-1.5057142857142907,1.0
2023_02_SEA_DET,2023,2,REG,DET,SEA,31.0,37.0,-6.0,68.0,4.5,47.5,-10.5,1.0,2.8999999999999986,-4.060000000000009,6.600000000000001,-1.9660000000000082,0.6254285714285714,6.022500000000001,-4.808571428571433,5.57,5.530000000000001,-0.19999999999999996,0,-1.1199999999999974,-0.6800000000000068,4.579999999999998,-1,-8.700000000000003,-5.219999999999999,-0.44999999999999574,3.700000000000003,-4.368571428571428,3.0
2023_02_SF_LA,2023,2,REG,LA,SF,23.0,30.0,-7.0,53.0,-7.5,45.0,0.5,1.0,0.759999999999998,-11.155000000000001,-0.9149999999999991,-13.644999999999996,-6.792857142857137,-1.6324999999999932,-12.652857142857144,-0.3399999999999963,-2.480000000000004,-0.19999999999999996,0,0.3200000000000003,-0.1700000000000017,-0.7299999999999969,0,-15.009999999999998,-8.82,-1.8100000000000023,-1.6749999999999972,-5.0628571428571405,0.0
2023_02_WAS_DEN,2023,2,REG,DEN,WAS,33.0,35.0,-2.0,68.0,4.0,38.5,-6.0,1.0,7.260000000000005,4.285000000000004,6.220000000000006,-1.698999999999998,0.23742857142858043,1.792500000000004,-3.3685714285714283,1.0799999999999983,-0.269999999999996,0.0,0,2.8699999999999974,3.479999999999997,4.0,0,-6.199999999999996,0.25,-1.8300000000000054,-1.0399999999999991,-1.038571428571423,0.0
2023_03_ATL_DET,2023,3,REG,DET,ATL,20.0,6.0,14.0,26.0,3.0,47.5,11.0,1.0,5.530000000000001,0.45000000000000284,7.372500000000002,-3.773999999999994,-3.113999999999997,3.7949999999999946,-8.339999999999996,4.979999999999997,-2.3500000000000014,0.19999999999999996,0,3.219999999999999,2.6099999999999994,0.759999999999998,0,-4.910000000000004,-5.25,-0.9899999999999949,1.8425000000000011,-4.420000000000002,0.0
2023_03_BUF_WAS,2023,3,REG,WAS,BUF,3.0,37.0,-34.0,40.0,-5.5,44.0,-28.5,1.0,-8.61,-5.829999999999998,-10.379999999999995,-0.8440000000000012,-2.5854285714285723,-3.322499999999998,-0.13142857142857167,-5.700000000000003,1.5300000000000011,-0.19999999999999996,0,-1.75,-3.1100000000000065,-4.989999999999995,0,8.310000000000002,-2.75,0.9000000000000057,-1.769999999999996,1.03857142857143,0.0
2023_03_CAR_SEA,2023,3,REG,SEA,CAR,37.0,27.0,10.0,64.0,5.0,42.5,5.0,1.0,6.5,6.554999999999993,4.612499999999997,-4.31900000000001,-6.322571428571429,-2.3600000000000065,-1.4985714285714238,-2.0,-5.160000000000004,-0.19999999999999996,0,2.5799999999999983,1.5899999999999963,-0.6199999999999974,0,-2.510000000000005,2.6200000000000045,-1.4299999999999997,-1.8875000000000028,-1.9485714285714266,1.0
2023_03_CHI_KC,2023,3,REG,KC,CHI,41.0,10.0,31.0,51.0,13.0,48.0,18.0,1.0,12.29,7.509999999999991,15.687500000000007,-0.4300000000000068,4.174285714285716,4.372500000000009,0.11428571428571388,6.090000000000003,3.3399999999999963,0.0,0,-0.6899999999999977,-0.6699999999999946,4.530000000000001,0,-5.390000000000001,-4.170000000000002,1.0300000000000011,3.397500000000008,-0.17571428571428527,0.0
2023_03_DAL_ARI,2023,3,REG,ARI,DAL,28.0,16.0,12.0,44.0,-11.5,43.5,23.5,1.0,-8.96,-22.815000000000005,-11.21,-15.211000000000006,-3.4588571428571413,-3.8725000000000023,-3.632857142857141,-2.700000000000003,-0.6200000000000045,0.0,0,-5.990000000000002,-0.8000000000000043,0.5700000000000003,0,-12.339999999999996,-15.370000000000005,-1.3799999999999955,-2.25,-2.1028571428571396,0.0
2023_03_DEN_MIA,2023,3,REG,MIA,DEN,70.0,20.0,50.0,90.0,6.0,47.5,44.0,1.0,-4.309999999999995,-3.604999999999997,-1.1099999999999923,1.0129999999999981,-0.46628571428571775,3.7650000000000006,1.5557142857142878,0.4899999999999949,0.8499999999999943,0.19999999999999996,0,0.7600000000000051,5.830000000000005,-1.480000000000004,0,-1.8800000000000026,3.289999999999999,4.580000000000005,3.200000000000003,-0.7742857142857176,0.0
2023_03_HOU_JAX,2023,3,REG,JAX,HOU,17.0,37.0,-20.0,54.0,7.5,43.5,-27.5,1.0,1.019999999999996,4.594999999999992,5.407499999999992,0.034999999999989484,-1.7885714285714371,5.499999999999993,6.251428571428569,-4.030000000000001,0.1700000000000017,0.0,0,1.3299999999999983,0.060000000000002274,1.3699999999999974,0,4.509999999999998,2.6400000000000006,4.299999999999997,4.387499999999996,1.7514285714285691,0.0
2023_03_IND_BAL,2023,3,REG,BAL,IND,19.0,22.0,-3.0,41.0,7.5,43.5,-10.5,1.0,10.230000000000004,15.115000000000002,11.00500000000001,5.574999999999996,2.905714285714282,2.2350000000000065,-0.884285714285717,1.259999999999998,1.9799999999999898,0.0,0,-1.009999999999998,-1.1099999999999994,5.380000000000003,0,5.799999999999997,3.969999999999999,3.700000000000003,0.7750000000000057,2.2157142857142844,0.0
2023_03_LAC_MIN,2023,3,REG,MIN,LAC,24.0,28.0,-4.0,52.0,1.0,54.0,-5.0,1.0,0.28000000000000114,-3.1899999999999977,0.6250000000000071,-4.783999999999999,-3.82114285714286,1.157500000000006,-3.537142857142861,-5.630000000000003,-1.999999999999993,-0.19999999999999996,0,3.729999999999997,-2.469999999999999,0.3500000000000014,0,-0.769999999999996,-6.170000000000009,0.38000000000000256,0.34500000000000597,-2.50714285714286,3.0
2023_03_LA_CIN,2023,3,REG,CIN,LA,19.0,16.0,3.0,35.0,3.0,45.5,0.0,1.0,0.28999999999999915,8.280000000000001,1.3774999999999977,10.888000000000005,4.620857142857147,0.04250000000000398,4.462857142857139,2.6899999999999977,-2.460000000000001,0.19999999999999996,0,-2.75,2.5700000000000003,-6.18,0,8.18,7.800000000000004,1.8500000000000014,1.0874999999999986,1.7228571428571442,0.0
2023_03_NE_NYJ,2023,3,REG,NYJ,NE,10.0,15.0,-5.0,25.0,-2.5,35.5,-2.5,1.0,-5.75,-13.810000000000002,-5.134999999999998,-6.008000000000003,3.1962857142857146,-0.27249999999999375,-0.845714285714287,0.10999999999999943,0.28999999999999204,0.19999999999999996,0,2.1600000000000037,2.270000000000003,-10.049999999999997,0,-9.71,-6.410000000000004,-0.6299999999999955,0.615000000000002,1.144285714285715,0.0
2023_03_NO_GB,2023,3,REG,GB,NO,18.0,17.0,1.0,35.0,-1.5,41.5,2.5,1.0,-2.729999999999997,-3.0899999999999963,-2.1574999999999918,-3.3000000000000043,-5.53857142857143,2.960000000000008,0.10142857142857764,2.1999999999999957,-7.520000000000003,0.19999999999999996,0,7.020000000000003,-1.5899999999999963,0.10999999999999943,-1,-5.099999999999994,4.380000000000003,0.480000000000004,0.5725000000000051,-2.598571428571425,1.0
2023_03_NYG_SF,2023,3,REG,SF,NYG,30.0,12.0,18.0,42.0,10.5,43.5,7.5,1.0,3.75,13.005000000000003,6.052499999999995,7.5190000000000055,1.8554285714285754,6.61249999999999,9.621428571428574,-2.5600000000000023,0.480000000000004,0.0,0,6.859999999999999,3.0,2.6299999999999955,0,13.850000000000009,4.660000000000004,5.060000000000002,2.302499999999995,3.5914285714285725,0.0
2023_03_PHI_TB,2023,3,REG,TB,PHI,11.0,25.0,-14.0,36.0,-6.0,44.0,-8.0,1.0,-0.9299999999999997,-5.654999999999994,5.170000000000002,-2.614999999999995,3.278571428571432,4.262499999999996,-4.001428571428562,7.219999999999999,4.200000000000003,0.0,-1,1.5,-1.8800000000000026,-7.049999999999997,0,-8.869999999999997,-0.5799999999999983,5.920000000000002,6.100000000000001,1.1685714285714326,-3.0
2023_03_PIT_LV,2023,3,REG,LV,PIT,18.0,23.0,-5.0,41.0,3.0,43.5,-8.0,1.0,7.809999999999995,-1.499999999999993,6.142499999999998,-12.143999999999991,-8.739714285714285,-0.7349999999999923,-5.055714285714281,-3.1499999999999986,-0.6499999999999986,0.0,0,0.8500000000000014,2.740000000000002,3.3699999999999974,0,-11.429999999999993,-7.189999999999991,-2.6000000000000014,-1.6674999999999969,-5.905714285714282,1.0
2023_03_TEN_CLE,2023,3,REG,CLE,TEN,27.0,3.0,24.0,30.0,3.5,38.0,20.5,1.0,-3.1299999999999955,-2.8899999999999864,-3.6524999999999963,5.074000000000012,3.9740000000000038,0.5624999999999929,1.8999999999999986,5.119999999999997,6.649999999999999,0.19999999999999996,-1,3.059999999999995,2.3999999999999986,1.5,0,2.8100000000000023,-2.3299999999999983,1.6400000000000006,-0.5225000000000009,-0.8599999999999994,-1.0
2023_04_ARI_SF,2023,4,REG,SF,ARI,35.0,16.0,19.0,51.0,15.0,44.0,4.0,1.0,7.740000000000002,18.330000000000005,9.412500000000001,5.760000000000005,1.6357142857142861,5.859999999999999,9.655714285714282,-4.18,-4.040000000000006,0.19999999999999996,0,1.9100000000000037,2.3699999999999974,9.170000000000002,0,13.79,7.3899999999999935,4.539999999999999,1.6724999999999994,6.465714285714284,3.0
2023_04_ATL_JAX,2023,4,REG,JAX,ATL,23.0,7.0,16.0,30.0,3.5,42.5,12.5,1.0,3.469999999999999,2.635000000000005,3.3125,-1.4869999999999948,-2.2319999999999993,0.3924999999999983,-3.700000000000003,-4.010000000000005,-0.14999999999999147,-0.19999999999999996,0,2.489999999999995,0.259999999999998,0.6099999999999994,0,4.63000000000001,-6.299999999999997,0.28999999999999915,-0.15749999999999886,-1.5799999999999983,0.0
2023_04_BAL_CLE,2023,4,REG,CLE,BAL,3.0,28.0,-25.0,31.0,-2.0,38.5,-23.0,1.0,-2.240000000000002,1.1499999999999915,-5.282499999999999,4.555999999999997,-1.0425714285714207,-0.6875,-1.9985714285714238,0.4200000000000017,0.6099999999999994,-0.19999999999999996,0,6.469999999999999,5.170000000000002,-1.7899999999999991,0,11.5,-4.719999999999999,-1.6300000000000026,-3.042499999999997,-2.2085714285714246,0.0
2023_04_CIN_TEN,2023,4,REG,TEN,CIN,27.0,3.0,24.0,30.0,-2.5,41.5,26.5,1.0,-0.9000000000000057,-1.2000000000000028,0.4849999999999923,-6.287999999999997,-5.217999999999996,0.3825000000000003,1.8700000000000045,-7.369999999999997,-4.6200000000000045,-0.19999999999999996,0,-2.1600000000000037,-2.8900000000000006,4.269999999999996,0,0.3999999999999986,-1.0,5.630000000000003,1.384999999999998,0.7700000000000031,1.0
2023_04_DEN_CHI,2023,4,REG,CHI,DEN,28.0,31.0,-3.0,59.0,-3.0,47.0,0.0,1.0,-6.950000000000003,-1.9599999999999937,-10.2425,3.3100000000000094,-0.914285714285711,-4.909999999999997,3.2357142857142875,-2.9499999999999957,1.0399999999999991,0.19999999999999996,0,-2.229999999999997,-2.5900000000000034,0.9299999999999997,0,2.6600000000000037,7.32,-2.780000000000001,-3.292499999999997,0.7657142857142887,0.0
2023_04_DET_GB,2023,4,REG,GB,DET,20.0,34.0,-14.0,54.0,-2.5,45.0,-11.5,1.0,-4.530000000000001,-1.9650000000000034,-5.18,-2.135000000000005,-6.111428571428576,-1.2199999999999989,1.3185714285714312,-7.979999999999997,-4.290000000000006,-0.19999999999999996,0,4.890000000000001,-4.520000000000003,-1.0700000000000003,0,2.8299999999999983,2.299999999999997,3.3500000000000014,-0.6499999999999986,-1.4114285714285728,0.0
2023_04_KC_NYJ,2023,4,REG,NYJ,KC,20.0,23.0,-3.0,43.0,-9.5,41.5,6.5,1.0,-13.499999999999993,-16.84499999999999,-13.997499999999988,-6.309000000000012,-3.9497142857142933,-1.2650000000000006,-1.7357142857142804,-6.770000000000003,-0.9000000000000057,0.19999999999999996,0,0.990000000000002,5.32,-10.480000000000004,0,-1.2199999999999989,-5.469999999999999,1.9499999999999957,-0.49749999999999517,-0.9857142857142804,0.0
2023_04_LA_IND,2023,4,REG,IND,LA,23.0,29.0,-6.0,52.0,-1.0,44.5,-5.0,1.0,-10.040000000000006,-4.475000000000001,-7.817500000000003,6.875000000000007,3.441428571428574,-1.582499999999996,3.1214285714285737,-0.29000000000000625,-2.289999999999992,0.0,0,-5.850000000000001,-0.509999999999998,-5.310000000000002,0,5.009999999999998,6.1200000000000045,-0.46999999999999886,2.2225000000000037,2.1314285714285717,1.0
2023_04_LV_LAC,2023,4,REG,LAC,LV,24.0,17.0,7.0,41.0,7.0,49.0,0.0,1.0,1.2199999999999989,-2.3499999999999943,2.8075000000000045,-3.0719999999999956,1.483714285714285,0.4925000000000068,-2.2242857142857133,0.259999999999998,3.1699999999999946,0.0,0,-0.6199999999999974,1.2600000000000051,-3.1299999999999955,0,-3.9499999999999886,-3.1899999999999977,2.8500000000000014,1.5875000000000057,0.9857142857142875,0.0
2023_04_MIA_BUF,2023,4,REG,BUF,MIA,48.0,20.0,28.0,68.0,2.5,53.0,25.5,1.0,0.8900000000000006,3.8300000000000054,-2.9199999999999946,3.3440000000000083,4.184000000000005,-4.124999999999993,4.6299999999999955,-1.8300000000000054,3.8900000000000006,-0.19999999999999996,0,-1.6400000000000006,-1.3299999999999983,2.9099999999999966,0,2.8100000000000023,3.0700000000000003,-9.270000000000003,-3.809999999999995,3.780000000000001,0.0
2023_04_MIN_CAR,2023,4,REG,CAR,MIN,13.0,21.0,-8.0,34.0,-4.5,46.5,-3.5,1.0,-4.309999999999995,-2.4099999999999966,-2.2974999999999923,2.0619999999999976,4.306285714285714,0.5800000000000054,4.7542857142857144,2.8699999999999974,0.7199999999999989,0.0,0,-4.619999999999997,0.46999999999999886,-0.9699999999999989,0,2.240000000000009,1.5599999999999952,4.480000000000004,2.012500000000003,4.144285714285715,0.0
2023_04_NE_DAL,2023,4,REG,DAL,NE,38.0,3.0,35.0,41.0,6.5,43.0,28.5,1.0,3.479999999999997,7.510000000000012,5.439999999999998,6.264000000000017,0.8211428571428598,2.094999999999999,2.8871428571428623,5.18,0.37000000000000455,0.19999999999999996,0,2.509999999999998,2.470000000000006,-6.710000000000008,0,-1.4399999999999977,9.500000000000007,1.0500000000000043,1.9600000000000009,-1.412857142857142,0.0
2023_04_PIT_HOU,2023,4,REG,HOU,PIT,30.0,6.0,24.0,36.0,-3.0,41.5,27.0,1.0,1.5399999999999991,-13.419999999999995,-1.9125000000000014,-15.775999999999996,-5.293142857142861,-5.109999999999999,-7.047142857142859,-3.9299999999999997,3.769999999999996,0.0,0,-4.309999999999995,0.5,-2.020000000000003,0,-17.93999999999999,-11.980000000000004,-2.8200000000000003,-3.4525000000000006,-4.477142857142859,0.0
2023_04_SEA_NYG,2023,4,REG,NYG,SEA,3.0,24.0,-21.0,27.0,-2.5,46.5,-18.5,1.0,-1.0,-8.41000000000001,-1.9424999999999955,-3.0020000000000095,3.0951428571428607,-1.967499999999994,-4.842857142857142,4.590000000000003,4.480000000000004,0.4,0,-4.130000000000003,-5.490000000000002,2.740000000000002,-1,-8.770000000000003,-6.049999999999997,-3.0700000000000003,-0.9424999999999955,-1.3128571428571405,3.0
2023_04_TB_NO,2023,4,REG,NO,TB,9.0,26.0,-17.0,35.0,4.0,41.0,-21.0,1.0,-6.260000000000005,-2.000000000000007,-6.480000000000004,3.3799999999999955,-2.2171428571428606,-0.4724999999999966,0.6228571428571428,-2.480000000000004,-3.700000000000003,0.0,0,-0.05999999999999517,-0.490000000000002,0.0,0,9.229999999999997,-0.7099999999999937,7.93,-0.21999999999999886,-1.337142857142858,1.0
2023_04_WAS_PHI,2023,4,REG,PHI,WAS,34.0,31.0,3.0,65.0,9.5,43.0,-6.5,1.0,7.32,4.555,8.017499999999998,0.09099999999999397,-1.0125714285714338,6.027500000000003,-2.9885714285714258,0.46999999999999886,-0.28000000000000114,-0.19999999999999996,0,2.3000000000000043,4.560000000000002,8.980000000000004,0,-1.9699999999999989,-3.559999999999995,1.3999999999999986,0.697499999999998,-3.8685714285714283,-1.0
2023_05_BAL_PIT,2023,5,REG,PIT,BAL,17.0,10.0,7.0,27.0,-4.5,38.5,11.5,1.0,-5.450000000000003,4.269999999999989,-6.782499999999999,12.48599999999999,2.628857142857136,-2.329999999999991,-1.3371428571428652,3.8500000000000014,-3.799999999999997,0.19999999999999996,0,4.939999999999998,-0.3400000000000034,-6.119999999999997,0,16.28,3.1599999999999966,-1.029999999999994,-1.332499999999996,-0.13714285714286234,0.0
2023_05_CAR_DET,2023,5,REG,DET,CAR,42.0,24.0,18.0,66.0,9.5,43.5,8.5,1.0,7.969999999999999,3.7849999999999966,9.730000000000004,-1.8230000000000004,-1.5565714285714236,2.555000000000007,-3.1185714285714212,4.299999999999997,-0.5099999999999909,0.0,0,0.060000000000002274,2.0700000000000003,2.4200000000000017,0,-9.089999999999996,0.7199999999999989,-1.759999999999998,1.7600000000000051,-3.9185714285714255,3.0
2023_05_CHI_WAS,2023,5,REG,WAS,CHI,20.0,40.0,-20.0,60.0,6.0,45.5,-26.0,1.0,-0.3999999999999986,0.9849999999999923,3.3699999999999974,1.2249999999999943,2.33428571428572,3.382499999999993,4.26428571428572,-2.9200000000000017,3.2299999999999898,0.0,0,-1.0200000000000031,0.6700000000000017,-3.3999999999999986,0,4.739999999999995,-1.9699999999999989,1.5300000000000011,3.769999999999996,2.4942857142857164,0.0
2023_05_CIN_ARI,2023,5,REG,ARI,CIN,20.0,34.0,-14.0,54.0,-3.0,45.5,-11.0,1.0,-5.709999999999994,-13.089999999999996,-6.179999999999993,-10.55400000000001,-6.065428571428583,-0.8274999999999935,-1.91142857142858,-3.5500000000000043,2.089999999999989,-0.4,0,2.690000000000005,-3.0799999999999983,2.8300000000000054,0,-6.769999999999996,-7.990000000000002,-1.8099999999999952,-0.46999999999999886,-2.891428571428577,0.0
2023_05_DAL_SF,2023,5,REG,SF,DAL,42.0,10.0,32.0,52.0,3.5,45.0,28.5,1.0,1.1700000000000017,0.08500000000000796,-0.27249999999999375,-2.624999999999993,3.3499999999999943,1.634999999999998,7.36999999999999,-5.609999999999999,3.6999999999999957,0.19999999999999996,0,2.4399999999999977,1.6499999999999986,7.329999999999998,0,2.4099999999999966,-4.579999999999998,-0.6899999999999977,-1.4424999999999955,4.8899999999999935,0.0
2023_05_GB_LV,2023,5,REG,LV,GB,17.0,13.0,4.0,30.0,1.0,45.0,3.0,1.0,5.890000000000001,8.455000000000005,3.167499999999997,5.559000000000005,3.8068571428571403,1.4099999999999966,0.012857142857143344,4.899999999999999,4.609999999999999,0.0,0,6.090000000000003,3.1400000000000006,4.060000000000002,0,6.969999999999999,-1.8399999999999963,-3.8299999999999983,-2.7225000000000037,0.8128571428571405,-3.0
2023_05_HOU_ATL,2023,5,REG,ATL,HOU,21.0,19.0,2.0,40.0,2.5,42.0,-0.5,1.0,-5.8600000000000065,-2.1850000000000094,-2.940000000000005,3.487000000000002,2.7634285714285696,2.022500000000001,12.011428571428567,0.720000000000006,-0.4899999999999949,0.19999999999999996,0,-3.1099999999999994,-0.6899999999999977,-0.37999999999999545,0,-2.3800000000000026,9.729999999999997,4.410000000000004,2.9200000000000017,2.951428571428565,0.0
2023_05_JAX_BUF,2023,5,REG,BUF,JAX,20.0,25.0,-5.0,45.0,5.5,48.5,-10.5,1.0,6.310000000000002,7.75,11.332500000000003,2.4539999999999935,4.621142857142843,7.482500000000002,6.897142857142846,4.710000000000001,-0.1600000000000108,0.19999999999999996,0,4.330000000000005,4.980000000000004,2.240000000000002,0,-2.980000000000004,5.859999999999999,1.3300000000000054,5.022500000000001,3.607142857142847,0.0
2023_05_KC_MIN,2023,5,REG,MIN,KC,20.0,27.0,-7.0,47.0,-3.5,52.5,-3.5,1.0,-4.759999999999998,-1.3549999999999969,-4.2425,-2.232999999999997,-7.229428571428571,0.9375,-5.221428571428575,-9.089999999999996,-3.6199999999999903,0.0,0,5.20000000000001,0.1600000000000037,-5.469999999999992,0,5.359999999999999,1.4500000000000028,1.3399999999999963,0.5174999999999983,-1.5914285714285725,0.0
2023_05_NO_NE,2023,5,REG,NE,NO,0.0,34.0,-34.0,34.0,2.5,38.5,-36.5,1.0,-1.7899999999999991,4.695000000000007,-3.0974999999999966,4.100999999999999,-0.8925714285714363,-1.009999999999998,3.3414285714285725,-0.5,-0.20000000000000284,0.0,0,-2.730000000000004,0.5700000000000003,6.669999999999995,0,5.680000000000007,7.289999999999999,-3.759999999999998,-1.3074999999999974,1.491428571428571,0.0
2023_05_NYG_MIA,2023,5,REG,MIA,NYG,31.0,16.0,15.0,47.0,12.5,47.5,2.5,1.0,6.149999999999999,9.769999999999996,13.562499999999993,7.2379999999999995,2.810857142857145,10.622499999999995,2.7828571428571394,0.5300000000000011,3.1300000000000026,0.20000000000000007,0,6.940000000000005,8.330000000000005,-2.6099999999999994,0,5.109999999999999,2.1300000000000026,10.89,7.412499999999994,-0.8071428571428569,1.0
2023_05_NYJ_DEN,2023,5,REG,DEN,NYJ,21.0,31.0,-10.0,52.0,2.5,42.5,-12.5,1.0,8.0,11.280000000000001,5.892499999999998,2.077999999999996,-1.719142857142863,-1.8500000000000085,-4.387142857142855,2.4599999999999937,-3.7199999999999918,0.0,0,-0.6799999999999997,-2.5400000000000063,3.3000000000000043,0,2.960000000000001,3.6000000000000014,-1.8599999999999994,-2.1075000000000017,-0.5171428571428578,0.0
2023_05_PHI_LA,2023,5,REG,LA,PHI,14.0,23.0,-9.0,37.0,-3.5,50.5,-5.5,1.0,0.38999999999999346,-11.535000000000018,-3.8200000000000145,-14.62700000000001,-5.530571428571427,-8.675000000000011,-8.088571428571427,4.109999999999999,-0.4299999999999926,-0.19999999999999996,0,-3.0899999999999963,-4.260000000000005,-4.130000000000003,0,-16.85000000000001,-7.0,-3.8400000000000034,-4.210000000000008,-2.828571428571429,0.0
2023_05_TEN_IND,2023,5,REG,IND,TEN,23.0,16.0,7.0,39.0,-2.5,43.5,9.5,1.0,-9.729999999999997,-12.184999999999995,-12.577499999999993,0.8669999999999973,2.3619999999999948,-4.289999999999999,-5.299999999999997,2.5799999999999983,3.469999999999999,0.0,0,-0.5200000000000031,-0.7299999999999969,-2.8699999999999974,0,-5.530000000000001,0.6200000000000045,-6.289999999999999,-2.8474999999999966,-0.9600000000000009,0.0
2023_06_ARI_LA,2023,6,REG,LA,ARI,26.0,9.0,17.0,35.0,7.0,48.0,10.0,1.0,7.039999999999999,5.5049999999999955,5.449999999999996,-1.4410000000000025,-0.5402857142857087,-0.40500000000000114,-4.70428571428571,1.8599999999999994,0.2400000000000091,0.0,0,-3.489999999999995,2.3500000000000014,4.390000000000001,0,-3.530000000000001,0.46000000000000085,0.020000000000003126,-1.5900000000000034,-0.6342857142857099,0.0
2023_06_BAL_TEN,2023,6,REG,TEN,BAL,16.0,24.0,-8.0,40.0,-5.5,42.5,-2.5,1.0,-0.030000000000001137,1.0400000000000063,-1.0274999999999963,-0.921999999999997,-4.172000000000011,-1.5224999999999937,0.5999999999999943,-2.6099999999999994,-6.920000000000002,0.0,0,2.6099999999999994,1.0600000000000023,-5.6399999999999935,0,5.560000000000002,-3.4200000000000017,2.6499999999999986,-0.9974999999999952,-2.180000000000007,0.0
2023_06_CAR_MIA,2023,6,REG,MIA,CAR,42.0,21.0,21.0,63.0,14.0,47.5,7.0,1.0,8.93,9.630000000000003,10.325000000000003,0.2960000000000065,-2.4825714285714255,4.082499999999996,-1.6185714285714283,-2.030000000000001,-3.1799999999999926,0.19999999999999996,0,4.210000000000001,2.4299999999999997,0.519999999999996,0,-2.0999999999999943,3.5,2.6600000000000037,1.3950000000000031,-2.078571428571429,0.0
2023_06_DAL_LAC,2023,6,REG,LAC,DAL,17.0,20.0,-3.0,37.0,-1.5,49.5,-1.5,1.0,0.6400000000000006,-6.650000000000006,-1.3375000000000057,-7.866000000000007,-0.8160000000000025,-1.4575000000000031,-7.530000000000001,-1.8900000000000006,3.1199999999999974,0.0,0,-0.9500000000000028,3.1799999999999997,-0.11999999999999744,0,0.7000000000000028,-15.279999999999994,-0.720000000000006,-1.9775000000000063,-0.240000000000002,7.0
2023_06_DEN_KC,2023,6,REG,KC,DEN,19.0,8.0,11.0,27.0,10.5,47.5,0.5,1.0,5.979999999999997,5.865000000000002,9.712499999999991,3.8710000000000093,5.243142857142864,3.9399999999999906,6.317142857142862,4.039999999999999,4.659999999999997,0.0,0,-1.8400000000000034,-1.519999999999996,6.429999999999993,0,-2.3000000000000043,2.0700000000000003,-1.1000000000000014,3.7324999999999946,1.2571428571428598,0.0
2023_06_DET_TB,2023,6,REG,TB,DET,6.0,20.0,-14.0,26.0,-3.0,43.5,-11.0,1.0,-2.200000000000003,-7.550000000000004,-1.4450000000000003,-4.954000000000008,1.9431428571428455,-1.7924999999999969,-1.5728571428571456,-3.5600000000000023,4.640000000000001,0.0,0,-1.2100000000000009,-3.8999999999999986,-5.709999999999994,0,-4.399999999999999,-6.299999999999997,-2.219999999999999,0.7550000000000026,1.5471428571428518,7.0
2023_06_IND_JAX,2023,6,REG,JAX,IND,37.0,20.0,17.0,57.0,4.0,44.0,13.0,1.0,9.010000000000005,12.20000000000001,11.872500000000002,2.3560000000000088,-0.39399999999999125,4.155000000000001,2.710000000000008,-2.719999999999999,2.1599999999999966,-0.19999999999999996,0,1.25,2.6300000000000026,3.259999999999998,0,10.120000000000005,-3.740000000000002,6.019999999999996,2.862499999999997,0.44000000000000483,0.0
2023_06_MIN_CHI,2023,6,REG,CHI,MIN,13.0,19.0,-6.0,32.0,-3.0,44.5,-3.0,1.0,-6.530000000000001,-5.034999999999997,-14.527500000000003,0.3650000000000091,0.6800000000000068,-8.485,3.25,-2.3799999999999955,0.46999999999999886,0.19999999999999996,0,-1.3100000000000023,-1.6599999999999966,1.5800000000000054,0,-0.45000000000000284,3.4399999999999977,-3.1899999999999977,-7.997500000000002,1.8100000000000023,3.0
2023_06_NE_LV,2023,6,REG,LV,NE,21.0,17.0,4.0,38.0,3.0,41.5,1.0,1.0,4.600000000000001,2.4849999999999923,1.999999999999993,-1.781000000000006,-2.4031428571428535,-2.1300000000000097,-0.5071428571428598,3.479999999999997,-2.4799999999999898,0.19999999999999996,0,3.0999999999999943,-0.29999999999999716,-3.6300000000000026,0,-1.8700000000000045,-2.3599999999999994,0.5499999999999972,-2.6000000000000085,-2.7371428571428567,-1.0
2023_06_NO_HOU,2023,6,REG,HOU,NO,20.0,13.0,7.0,33.0,-2.0,42.5,9.0,1.0,0.28000000000000114,-2.4549999999999983,-5.160000000000004,-3.2929999999999993,-1.1951428571428622,-8.010000000000005,-2.047142857142866,1.8299999999999983,1.6400000000000006,0.0,0,-3.5,-2.5900000000000034,1.5,0,-3.0900000000000034,-2.3800000000000026,-8.200000000000003,-5.440000000000005,-0.6371428571428623,0.0
2023_06_NYG_BUF,2023,6,REG,BUF,NYG,14.0,9.0,5.0,23.0,15.5,43.5,-10.5,1.0,8.32,18.574999999999996,13.32,16.345,9.534285714285716,8.162500000000001,8.434285714285707,5.530000000000001,7.710000000000001,0.0,0,6.759999999999998,8.000000000000007,-1.4899999999999949,0,10.119999999999997,10.39,6.030000000000001,5.0,3.444285714285712,0.0
2023_06_PHI_NYJ,2023,6,REG,NYJ,PHI,20.0,14.0,6.0,34.0,-6.5,43.0,12.5,1.0,-7.549999999999997,-15.384999999999998,-5.824999999999996,-10.112999999999992,-0.7951428571428494,-1.1899999999999906,2.922857142857147,-2.9099999999999966,-0.8100000000000023,-0.19999999999999996,0,-1.289999999999992,0.21000000000000085,-12.0,0,-11.410000000000004,-4.259999999999998,2.3000000000000043,1.7250000000000014,1.4828571428571422,0.0
2023_06_SEA_CIN,2023,6,REG,CIN,SEA,17.0,13.0,4.0,30.0,3.0,45.5,1.0,1.0,3.1499999999999986,1.384999999999998,2.6724999999999994,7.911000000000001,6.5074285714285764,0.8525000000000063,-3.9785714285714278,9.520000000000003,7.699999999999996,0.19999999999999996,0,1.2299999999999969,-1.009999999999998,-4.479999999999997,-1,-2.9099999999999966,-0.6199999999999974,-0.5600000000000023,-0.47749999999999915,-3.1685714285714255,-6.0
2023_06_SF_CLE,2023,6,REG,CLE,SF,19.0,17.0,2.0,36.0,-9.5,36.0,11.5,1.0,-6.359999999999999,-8.570000000000007,-5.755000000000003,0.7119999999999891,-2.436571428571426,-3.230000000000004,-17.328571428571422,3.5700000000000003,1.1499999999999915,0.0,0,-3.3699999999999974,-0.45999999999999375,-6.760000000000005,0,3.980000000000004,-8.400000000000006,-0.7100000000000009,0.6049999999999969,-5.358571428571423,7.0
2023_06_WAS_ATL,2023,6,REG,ATL,WAS,16.0,24.0,-8.0,40.0,1.5,42.0,-9.5,1.0,1.2100000000000009,5.769999999999996,1.3500000000000014,6.055999999999997,2.2888571428571467,-0.7674999999999983,7.142857142857146,4.1299999999999955,-0.8400000000000034,0.0,0,-3.0600000000000023,-0.7099999999999937,0.28999999999999915,0,2.0999999999999943,7.020000000000003,3.5,0.14000000000000057,0.7928571428571445,-3.0
2023_07_ARI_SEA,2023,7,REG,SEA,ARI,20.0,10.0,10.0,30.0,9.5,43.5,0.5,1.0,4.520000000000003,11.385000000000005,6.545000000000009,-1.6089999999999947,-2.72971428571428,0.5200000000000031,5.934285714285714,-4.420000000000002,-11.189999999999998,-0.20000000000000007,0,-6.289999999999999,3.969999999999999,0.9799999999999969,0,9.959999999999994,3.770000000000003,2.770000000000003,2.0250000000000057,5.744285714285716,0.0
2023_07_ATL_TB,2023,7,REG,TB,ATL,13.0,16.0,-3.0,29.0,3.0,37.5,-6.0,1.0,2.1899999999999977,1.7349999999999994,6.377499999999998,0.6869999999999976,2.9262857142857115,4.43,-5.535714285714285,0.00999999999999801,1.7399999999999949,0.0,0,3.280000000000001,-0.36999999999999744,-1.1000000000000014,0,3.3100000000000023,-4.220000000000006,3.5799999999999983,4.1875,1.7842857142857156,0.0
2023_07_BUF_NE,2023,7,REG,NE,BUF,29.0,25.0,4.0,54.0,-7.5,41.0,11.5,1.0,-8.64,-13.709999999999994,-8.792499999999997,-8.157999999999994,-6.926571428571428,-1.865000000000002,-8.938571428571422,-6.420000000000002,0.14000000000000057,0.0,0,-4.540000000000006,-4.050000000000004,3.3599999999999994,0,3.8700000000000045,-14.009999999999998,3.719999999999999,-0.1524999999999963,-3.838571428571427,0.0
2023_07_CLE_IND,2023,7,REG,IND,CLE,38.0,39.0,-1.0,77.0,-3.5,40.0,2.5,1.0,-9.059999999999995,-18.994999999999983,-10.667499999999997,-11.346999999999994,-2.2405714285714353,-3.3725000000000023,4.811428571428571,-2.4499999999999957,-2.010000000000005,0.0,0,-3.700000000000003,-2.4399999999999977,-4.1100000000000065,0,-18.699999999999996,-1.1700000000000017,-3.0,-1.6075000000000017,-0.8285714285714292,0.0
2023_07_DET_BAL,2023,7,REG,BAL,DET,38.0,6.0,32.0,44.0,3.0,43.5,29.0,1.0,-0.8499999999999943,4.005000000000003,-1.1724999999999994,4.046999999999997,4.129142857142853,-1.8725000000000094,5.927142857142854,-5.520000000000003,2.5799999999999983,-0.19999999999999996,0,-4.759999999999998,-3.9299999999999997,2.779999999999994,0,5.320000000000007,4.390000000000001,0.30999999999999517,-0.3225000000000051,4.937142857142852,0.0
2023_07_GB_DEN,2023,7,REG,DEN,GB,19.0,17.0,2.0,36.0,1.5,44.0,0.5,1.0,5.399999999999999,4.914999999999992,2.7250000000000014,3.0729999999999933,6.55085714285714,0.2875000000000085,-1.017142857142865,3.8900000000000006,4.300000000000004,0.0,0,5.130000000000003,2.049999999999997,1.8899999999999935,0,0.9899999999999949,-1.9600000000000009,-4.630000000000003,-2.674999999999997,2.99285714285714,-3.0
2023_07_JAX_NO,2023,7,REG,NO,JAX,24.0,31.0,-7.0,55.0,2.5,41.0,-9.5,1.0,0.7100000000000009,-2.049999999999997,0.09499999999999886,0.4519999999999982,2.1962857142857146,1.0424999999999969,-5.34571428571428,2.0900000000000034,2.769999999999996,0.0,0,5.329999999999998,-0.0899999999999963,-2.0700000000000003,0,-3.9000000000000057,-1.6199999999999974,-1.9799999999999969,-0.615000000000002,-1.0157142857142816,0.0
2023_07_LAC_KC,2023,7,REG,KC,LAC,31.0,17.0,14.0,48.0,5.5,48.5,8.5,1.0,4.599999999999994,3.2749999999999915,6.579999999999991,3.4109999999999943,6.006,2.3474999999999966,4.260000000000005,4.059999999999995,2.5,0.0,0,-1.3699999999999974,-2.509999999999998,7.32,0,-8.799999999999997,6.149999999999999,-2.780000000000001,1.9799999999999969,1.2700000000000031,4.0
2023_07_LV_CHI,2023,7,REG,CHI,LV,30.0,12.0,18.0,42.0,-2.5,38.5,20.5,1.0,-6.229999999999997,-5.615000000000002,-10.147499999999994,-1.4390000000000072,0.8659999999999926,-3.229999999999997,3.6099999999999923,-2.1700000000000017,0.45999999999999375,-0.19999999999999996,0,0.9699999999999989,-2.6000000000000014,-2.3599999999999994,0,-4.3799999999999955,5.609999999999999,-5.030000000000001,-3.917499999999997,2.9199999999999946,0.0
2023_07_MIA_PHI,2023,7,REG,PHI,MIA,31.0,17.0,14.0,48.0,3.0,52.0,11.0,1.0,-2.039999999999992,-1.8549999999999898,-5.377499999999991,0.16499999999999915,-0.6999999999999957,0.02499999999999858,3.2900000000000063,-3.710000000000001,6.219999999999992,-0.19999999999999996,0,-0.9000000000000057,-0.14999999999999858,7.809999999999995,0,6.570000000000007,-6.199999999999996,-4.049999999999997,-3.3374999999999986,-0.6799999999999926,0.0
2023_07_PIT_LA,2023,7,REG,LA,PIT,17.0,24.0,-7.0,41.0,3.5,44.0,-10.5,1.0,5.550000000000004,-14.53500000000001,1.0025000000000048,-21.619000000000014,-8.082571428571434,-2.0075000000000003,-4.858571428571437,-1.1300000000000026,3.549999999999997,0.0,0,-1.8599999999999994,5.75,3.5700000000000003,0,-27.820000000000007,-12.350000000000009,-4.640000000000001,-4.547499999999999,-6.548571428571435,-7.0
2023_07_SF_MIN,2023,7,REG,MIN,SF,22.0,17.0,5.0,39.0,-7.0,44.5,12.0,1.0,-1.9499999999999957,-2.490000000000002,0.39750000000000796,1.0259999999999962,-3.1182857142857117,0.020000000000010232,-11.774285714285718,5.75,-2.6000000000000085,0.0,0,1.2099999999999937,-1.1000000000000014,-8.399999999999991,0,-6.220000000000013,5.1399999999999935,-1.25,2.3475000000000037,-4.684285714285714,0.0
2023_07_WAS_NYG,2023,7,REG,NYG,WAS,14.0,7.0,7.0,21.0,-3.0,37.0,10.0,1.0,1.5899999999999963,0.7049999999999912,-0.4475000000000051,-2.5390000000000015,-1.228285714285711,-1.3825000000000003,0.7557142857142907,-0.8499999999999943,-2.3499999999999943,-0.19999999999999996,0,-0.5300000000000011,1.4099999999999966,4.649999999999999,0,-2.3399999999999963,0.5700000000000003,-3.6700000000000017,-2.0375000000000014,0.42571428571428527,0.0
2023_08_ATL_TEN,2023,8,REG,TEN,ATL,28.0,23.0,5.0,51.0,-2.5,35.0,7.5,1.0,3.729999999999997,4.42499999999999,4.600000000000001,-4.8530000000000015,-7.289428571428566,0.5025000000000048,-1.21142857142857,-4.199999999999996,-7.140000000000001,-0.19999999999999996,0,1.3200000000000003,0.46000000000000085,-0.9000000000000057,0,6.189999999999998,-4.799999999999997,3.539999999999999,0.8700000000000045,-1.741428571428571,7.0
2023_08_BAL_ARI,2023,8,REG,ARI,BAL,24.0,31.0,-7.0,55.0,-9.5,44.5,2.5,1.0,-8.120000000000005,-16.534999999999997,-16.202500000000008,-10.010999999999989,-8.740285714285719,-9.430000000000007,-13.944285714285726,0.3299999999999983,-5.079999999999998,-0.19999999999999996,0,7.3600000000000065,-1.480000000000004,-9.220000000000006,0,-7.380000000000003,-9.450000000000003,-6.310000000000002,-8.082500000000003,-7.144285714285722,0.0
2023_08_CHI_LAC,2023,8,REG,LAC,CHI,30.0,13.0,17.0,43.0,9.5,46.0,7.5,1.0,6.790000000000006,3.7900000000000063,11.582500000000003,-1.543999999999997,0.7688571428571436,6.797499999999992,-0.8471428571428561,2.460000000000001,0.4000000000000057,0.0,0,-1.6600000000000037,3.520000000000003,-2.4200000000000017,0,4.329999999999998,-10.329999999999998,3.6700000000000017,4.792499999999997,-0.6871428571428595,0.0
2023_08_CIN_SF,2023,8,REG,SF,CIN,17.0,31.0,-14.0,48.0,4.0,44.0,-18.0,1.0,3.519999999999996,5.174999999999997,4.087499999999999,-2.3429999999999964,-0.13799999999999812,4.822500000000005,8.769999999999996,-6.619999999999997,1.3599999999999994,0.0,0,2.4000000000000057,0.09000000000000341,15.049999999999997,0,8.540000000000006,-5.229999999999997,1.7199999999999989,0.5675000000000026,3.8599999999999994,-8.0
2023_08_CLE_SEA,2023,8,REG,SEA,CLE,24.0,20.0,4.0,44.0,4.0,39.5,0.0,1.0,8.43,-4.974999999999994,7.814999999999998,-20.066999999999993,-6.8205714285714265,-1.7700000000000031,7.14142857142857,-5.900000000000006,-9.089999999999996,-0.19999999999999996,0,0.3400000000000034,1.2100000000000009,-4.219999999999999,0,-17.25999999999999,-9.549999999999997,-0.4099999999999966,-0.615000000000002,-0.15857142857142748,0.0
2023_08_HOU_CAR,2023,8,REG,CAR,HOU,15.0,13.0,2.0,28.0,-3.0,43.0,5.0,1.0,-6.670000000000002,-0.3049999999999997,-0.41500000000000625,3.7730000000000032,1.463714285714289,6.354999999999997,8.265714285714289,-0.9399999999999977,-2.510000000000005,0.19999999999999996,0,0.5800000000000054,2.759999999999998,-1.240000000000002,0,5.359999999999999,7.3700000000000045,8.199999999999996,6.2549999999999955,4.055714285714288,0.0
2023_08_JAX_PIT,2023,8,REG,PIT,JAX,10.0,20.0,-10.0,30.0,-2.5,41.0,-7.5,1.0,-3.259999999999998,8.060000000000002,-5.625,14.497999999999998,6.16657142857143,-2.7025000000000006,-0.20142857142856485,7.160000000000004,0.5100000000000051,0.0,0,3.979999999999997,-3.5799999999999983,-1.5200000000000031,0,12.799999999999997,9.840000000000003,-4.359999999999999,-2.365000000000002,2.988571428571433,-3.0
2023_08_KC_DEN,2023,8,REG,DEN,KC,24.0,9.0,15.0,33.0,-7.0,45.5,22.0,1.0,-6.890000000000008,-6.440000000000005,-11.237500000000004,-2.7539999999999907,-4.842571428571425,-5.7549999999999955,-7.098571428571432,-4.340000000000003,-3.799999999999997,0.19999999999999996,0,-0.13000000000000256,0.30000000000000426,-9.530000000000001,0,3.0500000000000043,-2.1499999999999986,-0.14000000000000057,-4.347499999999997,-1.6385714285714315,0.0
2023_08_LA_DAL,2023,8,REG,DAL,LA,43.0,20.0,23.0,63.0,6.5,44.5,16.5,1.0,0.6899999999999977,15.025000000000006,4.325000000000003,15.193000000000012,4.129428571428576,2.055000000000007,6.541428571428575,4.240000000000002,-4.519999999999996,0.19999999999999996,0,0.6400000000000006,-4.880000000000003,-1.5,0,13.300000000000004,15.370000000000005,4.25,3.635000000000005,3.2714285714285722,6.0
2023_08_LV_DET,2023,8,REG,DET,LV,26.0,14.0,12.0,40.0,7.0,46.0,5.0,1.0,-0.6199999999999974,-5.904999999999994,1.417500000000004,-2.942999999999998,1.804857142857145,4.4850000000000065,-0.6371428571428481,5.290000000000006,1.4000000000000057,0.0,0,1.009999999999998,1.9100000000000037,1.3999999999999986,0,-9.909999999999997,-0.6599999999999966,-0.5399999999999991,2.0375000000000014,-0.5371428571428538,0.0
2023_08_MIN_GB,2023,8,REG,GB,MIN,10.0,24.0,-14.0,34.0,-1.0,41.5,-13.0,1.0,-7.199999999999996,-9.865000000000002,-8.1475,-6.399000000000001,-5.9825714285714255,-5.085000000000008,0.741428571428564,-4.949999999999996,-5.5,0.0,0,-7.490000000000002,-3.6600000000000037,-3.1300000000000026,0,-3.460000000000008,-1.8700000000000045,3.469999999999999,-0.9475000000000051,-2.248571428571431,1.0
2023_08_NE_MIA,2023,8,REG,MIA,NE,31.0,17.0,14.0,48.0,7.5,46.5,6.5,1.0,5.130000000000003,13.005000000000003,6.324999999999996,6.3629999999999995,-0.03057142857142736,2.3874999999999957,5.741428571428578,1.9399999999999977,-5.030000000000008,0.0,0,6.180000000000007,3.1000000000000014,-4.369999999999997,0,5.230000000000004,10.519999999999996,5.170000000000002,1.1949999999999932,1.481428571428573,0.0
2023_08_NO_IND,2023,8,REG,IND,NO,27.0,38.0,-11.0,65.0,-2.0,43.5,-9.0,1.0,-11.0,-13.225000000000001,-10.507499999999993,-5.517000000000003,-3.2920000000000087,0.20000000000000284,0.4299999999999926,-4.980000000000004,0.5699999999999932,0.0,0,-3.0,2.1699999999999946,-0.0899999999999963,0,-8.870000000000005,4.420000000000002,-4.410000000000004,0.4925000000000068,-7.105427357601002e-15,-3.0
2023_08_NYJ_NYG,2023,8,REG,NYG,NYJ,10.0,13.0,-3.0,23.0,-3.0,35.0,0.0,1.0,2.960000000000001,3.2749999999999986,0.9425000000000026,-2.4209999999999994,-2.504571428571431,-0.894999999999996,-7.1485714285714295,-2.950000000000003,-1.0999999999999943,0.0,0,-0.09000000000000341,-1.8800000000000026,8.239999999999995,0,-1.6600000000000037,2.289999999999999,-3.75,-2.0174999999999983,0.231428571428566,-7.0
2023_08_PHI_WAS,2023,8,REG,WAS,PHI,31.0,38.0,-7.0,69.0,-7.0,42.5,0.0,1.0,-6.210000000000001,-20.994999999999997,-6.815000000000005,-14.102999999999994,-1.147999999999989,-6.342500000000001,-2.9299999999999855,3.0600000000000023,0.10000000000000853,0.0,0,-3.990000000000009,-4.57,-10.299999999999997,0,-12.910000000000004,-16.659999999999997,-3.8500000000000014,-0.605000000000004,-1.8299999999999912,0.0
2023_08_TB_BUF,2023,8,REG,BUF,TB,24.0,18.0,6.0,42.0,10.0,43.0,-4.0,1.0,7.0,10.844999999999999,6.094999999999999,2.9549999999999983,0.46000000000000796,0.5775000000000006,9.280000000000008,1.740000000000002,-2.5799999999999983,0.0,0,-0.11999999999999034,2.1599999999999966,1.6499999999999986,0,-1.1700000000000017,8.86,-2.6000000000000014,-0.9050000000000011,1.3500000000000085,0.0
2023_09_ARI_CLE,2023,9,REG,CLE,ARI,27.0,0.0,27.0,27.0,13.0,38.0,14.0,1.0,-9.020000000000003,8.760000000000012,-6.210000000000001,20.53600000000001,8.278857142857134,3.5175000000000054,4.182857142857145,3.9200000000000017,1.0600000000000023,0.4,0,-4.700000000000003,2.710000000000001,3.9200000000000017,0,21.270000000000003,14.290000000000006,5.380000000000003,2.8100000000000023,5.522857142857141,0.0
2023_09_BUF_CIN,2023,9,REG,CIN,BUF,24.0,18.0,6.0,42.0,1.5,51.0,4.5,1.0,-3.6000000000000014,-7.4850000000000065,-15.112500000000004,-2.5970000000000013,-4.213428571428572,-13.967500000000001,-9.211428571428577,1.2299999999999969,-1.3900000000000006,0.0,0,-0.3299999999999983,-2.019999999999996,-5.259999999999998,0,-1.8599999999999994,-5.910000000000004,-8.380000000000003,-11.512500000000003,-5.501428571428576,-3.0
2023_09_CHI_NO,2023,9,REG,NO,CHI,24.0,17.0,7.0,41.0,9.0,42.0,-2.0,1.0,5.909999999999997,1.9399999999999977,11.537499999999994,-0.09199999999999875,0.7537142857142811,8.037500000000001,-4.824285714285722,3.8299999999999983,0.29999999999999716,0.19999999999999996,0,4.009999999999991,1.480000000000004,-4.329999999999998,0,1.1799999999999926,-9.119999999999997,8.530000000000001,5.627499999999998,-3.124285714285719,0.0
2023_09_DAL_PHI,2023,9,REG,PHI,DAL,28.0,23.0,5.0,51.0,3.5,46.5,1.5,1.0,-0.7099999999999937,3.114999999999995,-1.9174999999999898,2.414999999999985,0.981428571428566,1.7950000000000088,2.0414285714285683,-9.450000000000003,5.420000000000002,0.0,0,1.5499999999999972,4.640000000000001,7.469999999999999,0,3.9399999999999977,3.7099999999999937,1.8699999999999974,-1.207499999999996,2.3914285714285697,0.0
2023_09_IND_CAR,2023,9,REG,CAR,IND,13.0,27.0,-14.0,40.0,-1.5,45.0,-12.5,1.0,-0.6899999999999977,6.185000000000002,1.3100000000000023,8.083000000000006,5.1680000000000135,0.6274999999999977,4.580000000000005,2.3699999999999974,-1.1199999999999903,-0.19999999999999996,0,0.030000000000001137,-2.1000000000000014,0.9600000000000009,0,12.160000000000004,1.5900000000000034,7.549999999999997,2.0,3.960000000000008,0.0
2023_09_LAC_NYJ,2023,9,REG,NYJ,LAC,6.0,27.0,-21.0,33.0,-3.0,41.0,-18.0,1.0,-10.160000000000004,-12.190000000000005,-10.7725,3.386000000000003,7.040285714285723,-1.5450000000000017,5.894285714285722,5.449999999999996,2.219999999999999,0.0,0,1.4599999999999937,0.5999999999999943,-4.5,0,-9.819999999999993,5.759999999999998,1.009999999999998,-0.6124999999999972,1.624285714285719,0.0
2023_09_LA_GB,2023,9,REG,GB,LA,20.0,3.0,17.0,23.0,3.5,38.0,13.5,1.0,-5.650000000000006,3.17499999999999,-2.417500000000004,7.7309999999999945,-0.6282857142857168,0.14000000000000767,3.0057142857142836,1.9099999999999966,-7.069999999999993,-0.19999999999999996,0,-4.109999999999992,-1.990000000000002,-4.419999999999995,0,11.239999999999995,6.410000000000004,4.43,3.2325000000000017,0.4657142857142844,0.0
2023_09_MIA_KC,2023,9,REG,KC,MIA,21.0,14.0,7.0,35.0,1.0,51.0,6.0,1.0,4.909999999999997,1.5699999999999932,3.8549999999999898,2.3999999999999844,8.228571428571414,-1.9050000000000082,2.9385714285714215,8.149999999999999,5.539999999999992,0.0,0,-5.11999999999999,-3.9200000000000017,7.919999999999995,0,-3.6000000000000014,-3.0800000000000054,-6.920000000000002,-1.0550000000000068,2.4885714285714258,0.0
2023_09_MIN_ATL,2023,9,REG,ATL,MIN,28.0,31.0,-3.0,59.0,3.5,38.5,-6.5,1.0,2.469999999999999,0.9849999999999994,-1.4200000000000088,-0.9370000000000047,2.7565714285714193,-7.6725000000000065,6.448571428571427,-1.8800000000000026,3.1799999999999926,0.0,0,-7.0,-4.770000000000003,-1.730000000000004,0,-5.159999999999997,2.190000000000005,0.23999999999999488,-3.8900000000000077,2.2085714285714246,0.0
2023_09_NYG_LV,2023,9,REG,LV,NYG,30.0,6.0,24.0,36.0,1.0,38.5,23.0,1.0,5.019999999999996,9.519999999999982,6.667499999999997,3.3659999999999854,-3.5797142857142887,0.7725000000000009,-0.025714285714293794,-7.109999999999999,-2.469999999999999,-0.19999999999999996,1,-2.989999999999995,0.4100000000000037,4.899999999999999,0,10.059999999999995,-1.0600000000000023,3.0500000000000043,1.6475000000000009,-2.4457142857142884,-1.0
2023_09_SEA_BAL,2023,9,REG,BAL,SEA,37.0,3.0,34.0,40.0,6.0,44.5,28.0,1.0,3.4099999999999966,7.214999999999989,8.1725,9.758999999999993,6.548285714285704,3.9725000000000037,2.0442857142857065,4.079999999999998,8.990000000000002,0.0,0,-4.210000000000001,-3.1499999999999986,2.700000000000003,0,3.509999999999998,4.099999999999994,1.8200000000000003,4.762500000000003,0.5942857142857036,0.0
2023_09_TB_HOU,2023,9,REG,HOU,TB,39.0,37.0,2.0,76.0,2.5,39.5,-0.5,1.0,4.560000000000002,0.07000000000000739,-0.28000000000000114,-3.5579999999999927,-1.7351428571428542,-6.800000000000011,-3.357142857142854,-2.009999999999998,-1.2299999999999898,0.19999999999999996,0,-2.8100000000000023,-5.410000000000004,1.0799999999999983,0,-2.1599999999999966,-6.82,-2.009999999999998,-4.840000000000003,-2.6671428571428564,-3.0
2023_09_TEN_PIT,2023,9,REG,PIT,TEN,20.0,16.0,4.0,36.0,3.5,37.0,0.5,1.0,-3.4399999999999977,2.9350000000000023,-3.292499999999997,11.527000000000001,7.303428571428569,-0.7800000000000011,-2.3885714285714315,4.57,3.309999999999995,0.0,0,4.100000000000001,-3.490000000000002,-4.869999999999997,0,11.219999999999999,1.5300000000000011,-2.3700000000000045,0.14750000000000085,2.1514285714285677,0.0
2023_09_WAS_NE,2023,9,REG,NE,WAS,17.0,20.0,-3.0,37.0,2.5,40.5,-5.5,1.0,1.8699999999999974,0.30999999999999517,2.7849999999999966,-1.804000000000002,-1.1725714285714304,1.7650000000000077,-4.46857142857143,-1.8299999999999983,-1.7900000000000063,0.0,0,-1.1199999999999974,0.3999999999999986,5.970000000000006,0,-1.0600000000000023,-2.0600000000000023,1.5399999999999991,0.9149999999999991,-0.9285714285714306,0.0
2023_10_ATL_ARI,2023,10,REG,ARI,ATL,25.0,23.0,2.0,48.0,-2.0,43.5,4.0,1.0,4.600000000000001,-4.454999999999998,4.425000000000004,-12.511000000000003,-10.301714285714283,-0.04000000000000625,-13.245714285714278,-2.9299999999999997,-5.090000000000003,0.0,0,8.099999999999994,-2.1599999999999966,-1.980000000000004,0,-6.029999999999994,-12.080000000000005,0.28999999999999915,-0.17499999999999716,-6.84571428571428,0.0
2023_10_CAR_CHI,2023,10,REG,CHI,CAR,16.0,13.0,3.0,29.0,3.0,38.0,0.0,1.0,-1.6400000000000006,-2.7550000000000097,-6.8825,-2.963000000000008,-2.462285714285713,-5.1399999999999935,0.5057142857142836,-1.8799999999999955,-0.10000000000000853,-0.19999999999999996,0,1.6200000000000045,-1.2800000000000011,4.170000000000002,0,-4.709999999999994,2.480000000000004,-6.260000000000005,-5.2425,-0.6142857142857139,0.0
2023_10_CLE_BAL,2023,10,REG,BAL,CLE,31.0,33.0,-2.0,64.0,6.0,38.5,-8.0,1.0,3.5899999999999963,-6.140000000000022,4.767499999999998,-10.426000000000023,-0.09028571428571297,3.4425000000000026,3.555714285714288,-2.5500000000000043,-0.18999999999999773,0.0,0,-4.3799999999999955,1.9499999999999957,3.700000000000003,-1,-13.930000000000007,-5.530000000000001,-0.5600000000000023,1.177500000000002,0.6057142857142921,0.0
2023_10_DEN_BUF,2023,10,REG,BUF,DEN,22.0,24.0,-2.0,46.0,7.5,47.5,-9.5,1.0,4.410000000000004,10.550000000000004,11.755000000000003,7.436000000000007,6.437428571428583,9.467500000000001,12.071428571428577,1.6200000000000045,3.5900000000000034,0.0,0,1.460000000000008,3.299999999999997,0.75,0,2.6200000000000045,9.660000000000004,4.490000000000002,7.344999999999999,5.141428571428577,-7.0
2023_10_DET_LAC,2023,10,REG,LAC,DET,38.0,41.0,-3.0,79.0,-2.5,48.5,-0.5,1.0,1.980000000000004,5.700000000000003,-0.6299999999999955,-0.8700000000000045,-2.6285714285714263,-4.497499999999995,0.18142857142857594,-10.950000000000003,-0.769999999999996,0.0,0,-1.8699999999999974,-0.9500000000000028,-3.8499999999999943,0,10.64,-3.200000000000003,-0.0799999999999983,-2.6099999999999994,1.961428571428577,-7.0
2023_10_GB_PIT,2023,10,REG,PIT,GB,23.0,19.0,4.0,42.0,3.0,38.5,1.0,1.0,1.5700000000000003,7.190000000000005,1.0125000000000028,8.640000000000008,10.267142857142858,-1.7725000000000009,4.4871428571428496,2.1400000000000006,3.809999999999995,0.0,0,4.669999999999995,-3.8599999999999994,-5.6200000000000045,0,12.969999999999999,-1.7299999999999898,-3.5500000000000043,-0.5574999999999974,7.247142857142855,3.0
2023_10_HOU_CIN,2023,10,REG,CIN,HOU,27.0,30.0,-3.0,57.0,5.5,46.0,-8.5,1.0,-2.4599999999999937,1.7900000000000063,-1.602499999999992,5.68,1.6471428571428604,-0.6599999999999966,3.097142857142856,5.489999999999995,-2.25,0.0,0,-1.4099999999999966,0.14999999999999858,-6.549999999999997,0,-0.8199999999999932,9.32,-2.1000000000000014,0.8575000000000017,0.21714285714286063,0.0
2023_10_IND_NE,2023,10,REG,NE,IND,6.0,10.0,-4.0,16.0,-1.0,42.0,-3.0,1.0,0.240000000000002,-0.6949999999999932,3.1875,-2.743000000000002,-2.0451428571428636,5.409999999999997,-1.0071428571428527,-3.6000000000000014,0.14999999999999147,0.0,0,-0.19999999999999574,2.049999999999997,7.640000000000001,0,2.789999999999999,-4.659999999999997,6.8600000000000065,2.947499999999998,-0.23714285714285666,0.0
2023_10_NO_MIN,2023,10,REG,MIN,NO,27.0,19.0,8.0,46.0,-3.0,41.0,11.0,1.0,-6.909999999999997,-2.349999999999987,-5.420000000000002,2.7480000000000118,-1.4062857142857084,3.382499999999993,0.4657142857142915,-2.1099999999999994,-0.46999999999999886,0.0,0,-1.3599999999999994,5.770000000000003,2.6199999999999974,0,1.1200000000000045,8.0,-4.280000000000001,1.4899999999999949,0.40571428571428925,0.0
2023_10_NYG_DAL,2023,10,REG,DAL,NYG,49.0,17.0,32.0,66.0,17.5,38.5,14.5,1.0,10.630000000000003,20.819999999999993,14.482500000000002,12.603999999999992,2.3754285714285714,5.474999999999994,4.651428571428575,4.700000000000003,0.6700000000000017,-0.19999999999999996,0,4.259999999999998,-1.4399999999999977,2.9100000000000037,0,10.239999999999995,10.14,3.6299999999999955,3.852499999999999,-0.03857142857143003,0.0
2023_10_NYJ_LV,2023,10,REG,LV,NYJ,16.0,12.0,4.0,28.0,-1.0,35.5,5.0,1.0,7.100000000000001,11.369999999999997,7.594999999999999,5.1839999999999975,-3.0760000000000005,-0.24249999999999972,-7.509999999999998,3.6700000000000017,-3.8100000000000023,0.20000000000000007,0,-0.9499999999999957,-1.0800000000000054,6.75,0,9.119999999999997,-0.5799999999999983,-1.2999999999999972,0.49499999999999744,-3.990000000000002,1.0
2023_10_SF_JAX,2023,10,REG,JAX,SF,3.0,34.0,-31.0,37.0,-3.0,44.5,-28.0,1.0,-4.339999999999996,-8.585,-4.967499999999994,-1.7289999999999992,-1.2854285714285751,-5.192500000000003,-6.86142857142859,5.310000000000002,0.1599999999999966,-0.19999999999999996,0,-4.250000000000007,-0.6700000000000017,-9.920000000000002,0,-2.760000000000005,-5.729999999999997,-5.840000000000003,-0.6274999999999977,-3.8014285714285805,0.0
2023_10_TEN_TB,2023,10,REG,TB,TEN,20.0,6.0,14.0,26.0,2.5,39.5,11.5,1.0,-0.730000000000004,-6.980000000000011,2.559999999999995,-1.6020000000000039,6.576571428571434,5.222499999999997,-3.1214285714285666,5.589999999999996,7.720000000000006,0.19999999999999996,0,3.559999999999995,1.5899999999999963,0.5100000000000051,0,-2.230000000000004,-10.270000000000003,0.44000000000000483,3.289999999999999,1.9285714285714306,-3.0
2023_10_WAS_SEA,2023,10,REG,SEA,WAS,29.0,26.0,3.0,55.0,6.0,44.0,-3.0,1.0,2.3299999999999983,6.089999999999996,2.0999999999999943,0.46399999999999864,0.056857142857140275,0.8449999999999989,2.8728571428571428,-1.4199999999999946,-9.54,0.4,0,0.8100000000000023,0.4399999999999977,5.210000000000008,0,4.75,2.769999999999996,3.8499999999999943,-0.23000000000000398,3.3528571428571396,0.0
2023_11_ARI_HOU,2023,11,REG,HOU,ARI,21.0,16.0,5.0,37.0,5.5,48.0,-0.5,1.0,7.499999999999993,11.99499999999999,5.777499999999996,5.523000000000003,6.290857142857149,0.2850000000000037,9.172857142857147,-2.1000000000000014,1.2000000000000028,0.19999999999999996,0,-3.780000000000001,4.520000000000003,1.0499999999999972,0,8.46,0.5300000000000011,-4.890000000000001,-1.7224999999999966,5.262857142857143,0.0
2023_11_CHI_DET,2023,11,REG,DET,CHI,31.0,26.0,5.0,57.0,8.0,48.0,-3.0,1.0,6.719999999999999,-4.039999999999999,10.777500000000003,-7.161999999999999,-0.6191428571428617,8.662500000000001,-2.2071428571428555,6.839999999999996,0.45000000000000284,0.0,0,0.9199999999999946,4.780000000000001,3.0799999999999983,0,-12.370000000000005,-9.150000000000006,-0.740000000000002,4.0575000000000045,-4.217142857142861,-3.0
2023_11_CIN_BAL,2023,11,REG,BAL,CIN,34.0,20.0,14.0,54.0,4.0,46.5,10.0,1.0,-1.0300000000000011,-8.060000000000002,5.925000000000011,-8.490000000000002,-0.5042857142857144,6.967500000000015,-2.894285714285715,-4.089999999999996,2.4299999999999926,0.0,0,-4.239999999999995,-5.409999999999997,12.799999999999997,0,-14.480000000000004,0.4200000000000017,2.020000000000003,6.9550000000000125,0.9557142857142864,0.0
2023_11_DAL_CAR,2023,11,REG,CAR,DAL,10.0,33.0,-23.0,43.0,-11.0,43.0,-12.0,1.0,-8.439999999999998,-13.034999999999982,-8.1725,-5.806999999999981,0.20228571428571485,-3.502500000000005,-2.1657142857142873,-5.600000000000001,-1.7800000000000011,0.0,0,-4.420000000000009,-0.6499999999999986,-3.8699999999999974,0,0.5900000000000034,-9.779999999999994,1.5600000000000023,0.2674999999999983,1.414285714285711,3.0
2023_11_LAC_GB,2023,11,REG,GB,LAC,23.0,20.0,3.0,43.0,-3.0,44.0,6.0,1.0,-7.8700000000000045,-10.454999999999998,-9.762500000000003,-1.9609999999999914,-2.8174285714285645,-0.8249999999999957,-1.5314285714285631,6.799999999999997,-4.1000000000000085,0.0,0,0.6400000000000006,-0.14999999999999858,2.749999999999993,0,-2.4599999999999937,-2.710000000000008,-4.449999999999996,-1.8924999999999983,-3.441428571428567,0.0
2023_11_LV_MIA,2023,11,REG,MIA,LV,20.0,13.0,7.0,33.0,14.0,44.5,-7.0,1.0,9.069999999999993,7.225000000000001,9.674999999999997,-5.11699999999999,-1.9491428571428528,4.105000000000004,3.3028571428571425,-8.580000000000005,-2.239999999999995,-0.20000000000000007,1,4.240000000000009,3.940000000000005,-3.030000000000001,0,-7.179999999999993,3.490000000000002,3.530000000000001,0.605000000000004,1.3228571428571456,7.0
2023_11_MIN_DEN,2023,11,REG,DEN,MIN,21.0,20.0,1.0,41.0,2.5,43.5,-1.5,1.0,6.719999999999999,3.114999999999995,2.365000000000002,-3.663000000000004,0.4177142857142897,-5.534999999999997,-0.25428571428571445,-0.8500000000000014,-1.1899999999999977,0.0,0,-4.179999999999993,-3.759999999999998,-3.299999999999997,0,-3.010000000000005,-4.200000000000003,0.8700000000000045,-4.354999999999997,0.47571428571428953,-1.0
2023_11_NYG_WAS,2023,11,REG,WAS,NYG,19.0,31.0,-12.0,50.0,7.5,39.0,-19.5,1.0,3.75,1.259999999999998,5.802500000000002,-2.7480000000000047,-1.3622857142857185,3.3999999999999986,3.4457142857142884,-1.0200000000000031,2.339999999999989,0.0,0,2.5,4.079999999999998,-2.739999999999995,0,-1.8100000000000023,-3.1700000000000017,-0.7900000000000063,2.052500000000002,-1.1042857142857159,0.0
2023_11_NYJ_BUF,2023,11,REG,BUF,NYJ,32.0,6.0,26.0,38.0,8.0,39.5,18.0,1.0,11.709999999999994,18.614999999999995,17.427499999999988,9.594999999999999,7.184285714285714,9.177499999999995,5.594285714285718,7.670000000000002,-1.2000000000000028,0.0,0,1.259999999999998,2.200000000000003,5.230000000000004,0,5.390000000000001,8.419999999999995,1.6000000000000014,5.717499999999994,4.494285714285716,-1.0
2023_11_PHI_KC,2023,11,REG,KC,PHI,17.0,21.0,-4.0,38.0,2.5,46.0,-6.5,1.0,5.11999999999999,-7.320000000000007,9.257499999999986,-11.093999999999994,0.8045714285714354,2.887500000000003,-0.17142857142857082,9.530000000000001,-1.1700000000000017,0.19999999999999996,0,-5.420000000000002,-1.9699999999999989,-1.2099999999999937,0,-11.829999999999998,-13.050000000000004,-1.529999999999994,4.137499999999996,-0.5414285714285683,0.0
2023_11_PIT_CLE,2023,11,REG,CLE,PIT,13.0,10.0,3.0,23.0,2.5,34.0,0.5,1.0,1.8200000000000003,-1.819999999999986,3.8175000000000026,0.23000000000001108,1.4185714285714255,1.1700000000000017,-7.001428571428576,11.159999999999997,4.090000000000003,0.19999999999999996,-1,-0.9399999999999977,-0.5300000000000011,7.590000000000003,1,-0.6699999999999875,-6.6100000000000065,5.349999999999994,1.9975000000000023,-2.451428571428572,0.0
2023_11_SEA_LA,2023,11,REG,LA,SEA,17.0,16.0,1.0,33.0,2.5,45.0,-1.5,1.0,2.780000000000001,-3.2249999999999943,0.4725000000000037,-2.9229999999999947,-1.6708571428571446,-2.4174999999999898,-7.352857142857147,2.0999999999999943,7.57,0.0,0,0.10999999999999943,-0.030000000000001137,-1.3999999999999915,0,-7.219999999999992,-4.789999999999999,-3.7099999999999937,-2.3074999999999974,-4.752857142857145,7.0
2023_11_TB_SF,2023,11,REG,SF,TB,27.0,14.0,13.0,41.0,13.5,41.5,-0.5,1.0,6.399999999999999,13.024999999999999,4.557499999999997,4.575000000000003,-0.1414285714285768,1.4624999999999915,9.038571428571423,-4.149999999999999,-2.480000000000004,0.0,0,1.0499999999999972,-1.1099999999999994,10.939999999999998,0,5.079999999999998,8.170000000000002,5.710000000000001,-1.8425000000000011,1.9085714285714204,0.0
2023_11_TEN_JAX,2023,11,REG,JAX,TEN,34.0,14.0,20.0,48.0,6.5,40.0,13.5,1.0,5.410000000000004,2.1499999999999915,3.6125000000000043,-0.5080000000000098,3.2362857142857138,-1.6175000000000068,0.03428571428570848,-4.579999999999998,5.539999999999999,0.0,0,0.769999999999996,-0.17999999999999972,0.36999999999999744,0,-1.3500000000000085,-5.170000000000002,-7.899999999999999,-1.7974999999999994,0.4842857142857113,0.0
2023_12_BAL_LAC,2023,12,REG,LAC,BAL,10.0,20.0,-10.0,30.0,-3.0,49.0,-7.0,1.0,1.6599999999999966,3.0,0.8674999999999997,-2.485999999999997,-5.860285714285716,-2.469999999999999,6.385714285714286,-5.189999999999998,-3.480000000000004,0.0,0,1.0700000000000003,-0.7800000000000011,-4.519999999999996,0,10.519999999999996,-7.840000000000003,-0.2700000000000031,-0.7924999999999969,-2.0342857142857156,-3.0
2023_12_BUF_PHI,2023,12,REG,PHI,BUF,37.0,34.0,3.0,71.0,2.5,49.0,0.5,1.0,-3.3399999999999963,2.154999999999994,-10.465000000000003,5.701000000000008,-4.661142857142835,-7.1125000000000185,-6.94714285714285,-6.909999999999997,1.1700000000000017,0.0,0,0.7999999999999972,-0.01999999999999602,7.640000000000008,0,5.75,5.239999999999995,-2.1200000000000045,-7.125000000000007,-4.867142857142852,-1.0
2023_12_CAR_TEN,2023,12,REG,TEN,CAR,17.0,10.0,7.0,27.0,3.5,36.0,3.5,1.0,0.9600000000000009,2.124999999999993,2.289999999999999,-3.4990000000000094,-7.525428571428577,2.3625000000000043,1.2685714285714198,-5.039999999999999,-4.6299999999999955,-0.19999999999999996,0,-0.4299999999999997,-0.6200000000000045,0.4100000000000037,0,1.6400000000000006,0.6899999999999977,4.530000000000001,1.3299999999999983,-2.8614285714285757,0.0
2023_12_CHI_MIN,2023,12,REG,MIN,CHI,10.0,12.0,-2.0,22.0,3.0,43.5,-5.0,1.0,-0.29999999999999716,-4.084999999999994,5.420000000000002,-0.9589999999999961,-1.3497142857142848,10.292499999999997,-5.435714285714283,4.019999999999996,4.769999999999996,0.19999999999999996,0,3.1400000000000077,5.719999999999999,-0.6099999999999994,-1,-3.6499999999999915,-3.9199999999999946,-0.36999999999999744,5.719999999999999,-4.175714285714285,0.0
2023_12_CLE_DEN,2023,12,REG,DEN,CLE,29.0,12.0,17.0,41.0,1.5,37.5,15.5,1.0,2.480000000000004,-6.24499999999999,2.5600000000000023,-9.66299999999999,-0.8908571428571364,3.4549999999999983,2.837142857142858,4.079999999999998,-5.079999999999998,0.19999999999999996,0,-1.470000000000006,4.930000000000007,-2.3599999999999994,-1,-15.849999999999994,-1.6000000000000014,-0.8399999999999963,0.0799999999999983,0.04714285714285893,0.0
2023_12_GB_DET,2023,12,REG,DET,GB,22.0,29.0,-7.0,51.0,8.5,47.0,-15.5,1.0,5.310000000000002,0.46999999999999886,7.350000000000001,-1.0180000000000078,4.1862857142857095,4.2575,1.7442857142857093,3.75,4.86999999999999,0.0,0,1.0900000000000034,3.5700000000000003,2.0600000000000023,0,-7.089999999999996,-2.5900000000000034,4.009999999999998,2.039999999999999,0.3642857142857139,0.0
2023_12_JAX_HOU,2023,12,REG,HOU,JAX,21.0,24.0,-3.0,45.0,-1.0,48.0,-2.0,1.0,4.599999999999994,0.7650000000000006,2.9649999999999963,-1.874999999999993,3.248571428571431,0.9875000000000043,-0.9914285714285711,3.440000000000005,1.3799999999999955,0.0,0,2.5800000000000054,0.14999999999999858,2.6699999999999946,0,-4.1000000000000085,-3.569999999999993,2.990000000000002,-1.634999999999998,1.28857142857143,0.0
2023_12_KC_LV,2023,12,REG,LV,KC,17.0,31.0,-14.0,48.0,-9.0,42.5,-5.0,1.0,-13.0,-9.32,-15.992500000000007,0.33799999999999386,-7.640571428571434,-5.812500000000007,-6.828571428571429,-5.030000000000001,-3.219999999999999,0.0,0,0.6700000000000017,-0.5799999999999983,-3.780000000000001,0,10.060000000000002,-2.700000000000003,3.0799999999999983,-2.992500000000007,-4.298571428571428,1.0
2023_12_LA_ARI,2023,12,REG,ARI,LA,14.0,37.0,-23.0,51.0,-3.0,45.0,-20.0,1.0,-3.5799999999999983,-6.530000000000001,0.17999999999999972,-1.5260000000000034,-1.340285714285713,2.6099999999999994,-6.06428571428571,1.5399999999999991,-0.27000000000001023,0.0,0,1.7299999999999898,-3.75,-1.2199999999999989,0,-3.6799999999999997,-2.220000000000006,1.9100000000000037,3.759999999999998,-2.7642857142857125,0.0
2023_12_MIA_NYJ,2023,12,REG,NYJ,MIA,13.0,34.0,-21.0,47.0,-9.5,40.0,-11.5,1.0,-9.630000000000003,-12.125,-11.68500000000001,0.5370000000000061,4.9634285714285795,-5.3400000000000105,3.2814285714285774,3.5,5.890000000000008,-0.19999999999999996,0,-4.25,-2.3500000000000014,-4.800000000000004,0,-1.1499999999999986,-3.8400000000000034,-3.1400000000000006,-2.055000000000007,1.931428571428576,0.0
2023_12_NE_NYG,2023,12,REG,NYG,NE,10.0,7.0,3.0,17.0,-4.5,36.5,7.5,1.0,-5.369999999999997,-2.489999999999988,-8.770000000000003,5.436000000000007,3.916000000000004,-4.087500000000006,0.10000000000000853,3.489999999999995,-0.6300000000000097,0.19999999999999996,0,-0.18999999999999773,-0.25,-1.6799999999999997,0,-0.46999999999999886,6.230000000000004,-3.5700000000000003,-3.4000000000000057,1.3600000000000065,-7.0
2023_12_NO_ATL,2023,12,REG,ATL,NO,24.0,15.0,9.0,39.0,-2.0,42.0,11.0,1.0,-4.540000000000006,0.6149999999999949,-7.3125,4.632999999999996,3.465142857142851,-3.950000000000003,7.4271428571428615,-2.8499999999999943,2.9799999999999898,0.0,0,-5.770000000000003,-0.20000000000000284,2.6400000000000006,0,-0.14999999999999147,10.459999999999994,-4.419999999999995,-2.7724999999999937,3.9871428571428567,0.0
2023_12_PIT_CIN,2023,12,REG,CIN,PIT,10.0,16.0,-6.0,26.0,-2.0,36.0,-4.0,1.0,6.289999999999999,1.0800000000000054,9.112500000000004,-0.8299999999999983,2.039999999999999,4.0275000000000105,-0.1599999999999966,12.21,1.3100000000000023,0.0,0,-1.1700000000000017,6.299999999999997,-4.329999999999998,0,-5.599999999999994,-4.819999999999993,2.9100000000000037,2.822500000000005,-2.3399999999999963,3.0
2023_12_SF_SEA,2023,12,REG,SEA,SF,13.0,31.0,-18.0,44.0,-7.0,43.5,-11.0,1.0,-7.790000000000006,-13.165000000000006,-7.6100000000000065,-7.7690000000000055,-4.998285714285714,-3.637500000000003,-5.854285714285709,-0.07000000000000028,-6.68,-0.19999999999999996,0,-4.289999999999999,0.030000000000001137,-9.050000000000004,0,-8.0,-2.75,0.4899999999999949,0.17999999999999972,-2.6042857142857088,0.0
2023_12_TB_IND,2023,12,REG,IND,TB,27.0,20.0,7.0,47.0,2.5,45.0,4.5,1.0,-1.75,-4.835000000000008,-3.657499999999999,0.34499999999999176,-0.24285714285714022,-4.347499999999997,-1.5128571428571433,4.229999999999997,3.6099999999999994,0.19999999999999996,0,-3.9599999999999937,-3.5,-2.509999999999998,0,-11.720000000000006,5.549999999999997,-0.25,-1.9074999999999989,-3.67285714285714,7.0
2023_12_WAS_DAL,2023,12,REG,DAL,WAS,45.0,10.0,35.0,55.0,13.0,48.0,22.0,1.0,7.900000000000006,21.71,8.080000000000013,14.885999999999996,0.5402857142857158,0.9825000000000088,-0.5557142857142878,4.399999999999999,-4.8700000000000045,-0.19999999999999996,0,3.770000000000003,0.3999999999999986,4.57,0,13.089999999999996,14.530000000000008,1.2000000000000028,0.18000000000000682,-0.5357142857142847,0.0
2023_13_ARI_PIT,2023,13,REG,PIT,ARI,10.0,24.0,-14.0,34.0,6.0,41.0,-20.0,1.0,-0.730000000000004,22.064999999999998,-1.8825000000000074,20.937000000000005,9.396285714285717,-1.1650000000000063,9.394285714285715,-7.719999999999999,-2.480000000000004,0.0,0,-0.7600000000000051,-0.8899999999999935,0.990000000000002,0,31.349999999999994,14.239999999999995,1.4100000000000037,-1.1525000000000034,11.254285714285714,0.0
2023_13_ATL_NYJ,2023,13,REG,NYJ,ATL,8.0,13.0,-5.0,21.0,-2.0,33.0,-3.0,1.0,-2.0700000000000003,-5.795000000000009,-1.5,-6.459000000000017,-4.008285714285719,0.17499999999999716,-1.8142857142857096,-5.090000000000003,0.06999999999999318,-0.19999999999999996,0,1.75,1.240000000000002,-5.149999999999999,0,-1.6000000000000014,-5.849999999999994,1.2199999999999989,0.5700000000000003,-1.2742857142857105,2.0
2023_13_CAR_TB,2023,13,REG,TB,CAR,21.0,18.0,3.0,39.0,4.0,37.0,-1.0,1.0,2.510000000000005,-0.18999999999999773,4.7425,-5.146000000000008,-3.9617142857142866,5.219999999999992,-1.7357142857142804,-1.8699999999999974,-2.990000000000009,0.0,0,3.8100000000000023,1.9399999999999977,2.75,0,-1.0600000000000023,-4.339999999999996,1.2299999999999969,2.2324999999999946,-1.5157142857142816,0.0
2023_13_CIN_JAX,2023,13,REG,JAX,CIN,31.0,34.0,-3.0,65.0,10.0,41.0,-13.0,1.0,-2.1000000000000014,-1.2250000000000014,-3.644999999999996,-4.643000000000001,-5.163714285714285,-1.9974999999999952,0.7642857142857125,-9.589999999999996,1.3900000000000006,-0.19999999999999996,0,-2.1300000000000026,-0.4200000000000017,5.060000000000002,0,6.320000000000007,-4.57,-2.0600000000000023,-1.5449999999999946,0.35428571428571587,0.0
2023_13_CLE_LA,2023,13,REG,LA,CLE,36.0,19.0,17.0,55.0,3.5,39.5,13.5,1.0,2.8799999999999955,-13.060000000000002,-0.657500000000006,-17.89799999999999,-4.212285714285706,-1.125,3.605714285714292,1.1700000000000017,-1.3399999999999892,0.0,0,-0.4299999999999926,4.899999999999999,0.11999999999999744,0,-24.93,-6.949999999999996,-3.0700000000000003,-3.5375000000000014,-2.2542857142857144,0.0
2023_13_DEN_HOU,2023,13,REG,HOU,DEN,22.0,17.0,5.0,39.0,3.5,47.5,1.5,1.0,3.940000000000005,2.010000000000012,1.7325000000000017,-2.211999999999989,-0.04485714285713982,-1.3075000000000045,2.4371428571428524,-4.269999999999996,4.439999999999998,-0.19999999999999996,0,1.5200000000000031,0.8799999999999955,1.0799999999999983,0,0.7000000000000028,-4.560000000000002,-1.1700000000000017,-2.207500000000003,0.23714285714285666,0.0
2023_13_DET_NO,2023,13,REG,NO,DET,28.0,33.0,-5.0,61.0,-4.0,47.5,-1.0,1.0,-0.2700000000000031,2.25,2.4699999999999918,1.8699999999999974,-0.23571428571428754,-0.020000000000010232,-4.7357142857142875,-0.3200000000000003,-1.3999999999999915,-0.19999999999999996,0,-2.8200000000000003,-4.460000000000001,-6.200000000000003,0,2.8300000000000054,2.210000000000001,5.159999999999997,2.739999999999995,0.41428571428571814,-3.0
2023_13_IND_TEN,2023,13,REG,TEN,IND,28.0,31.0,-3.0,59.0,-1.5,42.0,-1.5,1.0,-0.7299999999999969,7.310000000000009,-0.09999999999999432,2.220000000000006,-2.9742857142857133,1.3050000000000068,4.645714285714291,-6.530000000000001,-5.080000000000005,-0.19999999999999996,0,0.5,0.8399999999999963,2.4100000000000037,0,14.29,1.7899999999999991,6.289999999999999,0.6300000000000026,2.845714285714287,0.0
2023_13_KC_GB,2023,13,REG,GB,KC,27.0,19.0,8.0,46.0,-5.5,43.5,13.5,1.0,-11.070000000000007,-8.66000000000001,-17.2175,-2.2439999999999998,-8.721142857142858,-7.777499999999996,-4.947142857142865,-4.299999999999997,-5.850000000000001,0.0,0,-0.5399999999999991,-0.2700000000000031,-5.6200000000000045,0,6.3799999999999955,-1.5600000000000023,-2.3500000000000014,-6.147499999999994,-4.067142857142862,3.0
2023_13_LAC_NE,2023,13,REG,NE,LAC,0.0,6.0,-6.0,6.0,-4.5,38.5,-1.5,1.0,-5.460000000000001,-5.244999999999997,-2.0999999999999943,1.733000000000004,2.8422857142857154,1.1450000000000031,2.0042857142857144,1.7899999999999991,2.2900000000000063,-0.19999999999999996,0,-1.8499999999999943,-5.8799999999999955,2.4599999999999937,0,-0.7800000000000011,1.2099999999999937,4.07,3.3600000000000065,1.3242857142857147,0.0
2023_13_MIA_WAS,2023,13,REG,WAS,MIA,15.0,45.0,-30.0,60.0,-8.5,50.0,-21.5,1.0,-6.399999999999999,-15.645000000000003,-7.427500000000002,-7.033000000000008,2.6662857142857064,-4.490000000000002,1.2242857142857133,6.219999999999999,6.25,0.0,0,-5.3600000000000065,-4.649999999999999,-1.8599999999999994,0,-9.560000000000002,-8.930000000000007,-6.660000000000004,-1.0275000000000034,0.4542857142857102,1.0
2023_13_SEA_DAL,2023,13,REG,DAL,SEA,41.0,35.0,6.0,76.0,9.5,47.5,-3.5,1.0,5.8999999999999915,13.579999999999984,5.979999999999997,13.211999999999996,3.553428571428576,-0.3549999999999969,-1.03857142857143,5.6200000000000045,7.380000000000003,-0.19999999999999996,0,2.3200000000000003,0.9600000000000009,0.10000000000000142,0,3.3900000000000006,11.970000000000006,-1.769999999999996,0.0800000000000054,-1.9785714285714278,0.0
2023_13_SF_PHI,2023,13,REG,PHI,SF,19.0,42.0,-23.0,61.0,-3.0,46.5,-20.0,1.0,-3.0900000000000034,1.3249999999999886,-3.6850000000000094,7.68099999999999,-0.7854285714285751,-1.1075000000000088,-6.761428571428574,-0.4799999999999969,1.5600000000000023,0.0,0,-1.9099999999999966,3.0900000000000034,-1.9200000000000017,0,-2.950000000000003,11.780000000000001,0.509999999999998,-0.595000000000006,-4.051428571428573,-3.0
2023_14_BUF_KC,2023,14,REG,KC,BUF,17.0,20.0,-3.0,37.0,2.0,49.5,-5.0,1.0,1.7800000000000011,-5.325000000000003,-1.615000000000009,-5.779000000000011,-3.188285714285726,-6.070000000000007,-5.224285714285713,2.4299999999999997,-0.07000000000000739,0.0,0,-4.109999999999999,-6.119999999999997,7.579999999999998,0,-6.640000000000001,-7.57,-5.270000000000003,-3.3950000000000102,-4.51428571428572,-7.0
2023_14_CAR_NO,2023,14,REG,NO,CAR,28.0,6.0,22.0,34.0,5.5,39.0,16.5,1.0,5.399999999999999,-0.3500000000000014,9.122500000000002,-3.6839999999999975,-4.71114285714286,2.2050000000000054,-6.937142857142867,7.659999999999997,-0.730000000000004,0.0,0,-0.10999999999999943,-1.4399999999999977,-0.7000000000000028,1,-6.25,-5.25,9.479999999999997,3.7225000000000037,-6.777142857142863,0.0
2023_14_DEN_LAC,2023,14,REG,LAC,DEN,7.0,24.0,-17.0,31.0,3.0,45.0,-20.0,1.0,2.3299999999999983,4.289999999999992,0.9424999999999955,-0.6420000000000101,-3.5191428571428602,-1.3700000000000045,1.2728571428571485,-6.409999999999997,0.9000000000000057,0.0,0,-0.4299999999999997,0.5,1.2199999999999989,0,7.299999999999997,-3.3800000000000026,-4.809999999999995,-1.3875000000000028,-0.9171428571428564,0.0
2023_14_DET_CHI,2023,14,REG,CHI,DET,28.0,13.0,15.0,41.0,-3.0,44.5,18.0,1.0,-6.93,6.634999999999998,-7.030000000000001,9.148999999999994,1.4054285714285726,-1.9375,1.4014285714285748,-6.299999999999997,-5.8999999999999915,0.0,0,-0.1700000000000017,-4.519999999999996,-4.440000000000005,0,12.969999999999999,14.160000000000004,0.9699999999999989,-0.10000000000000142,5.8214285714285765,6.0
2023_14_GB_NYG,2023,14,REG,NYG,GB,24.0,22.0,2.0,46.0,-6.0,37.5,8.0,1.0,-3.729999999999997,-6.519999999999989,-0.7924999999999969,-3.495999999999988,2.244000000000007,2.667500000000004,-1.0399999999999991,-1.7700000000000031,2.3200000000000074,-0.19999999999999996,0,2.0500000000000043,-0.8400000000000034,-0.0899999999999963,0,-6.32,0.740000000000002,1.4600000000000009,2.9375,2.950000000000003,7.0
2023_14_HOU_NYJ,2023,14,REG,NYJ,HOU,30.0,6.0,24.0,36.0,-3.5,33.5,27.5,1.0,-12.209999999999994,-13.089999999999996,-10.922499999999992,-3.426000000000002,-2.098857142857142,0.11500000000000199,3.1771428571428615,-5.269999999999996,-0.060000000000002274,-0.19999999999999996,0,0.25,0.3299999999999983,-5.909999999999997,0,-4.850000000000001,3.0900000000000034,-0.7899999999999991,1.2875000000000014,0.4471428571428575,0.0
2023_14_IND_CIN,2023,14,REG,CIN,IND,34.0,14.0,20.0,48.0,3.0,45.0,17.0,1.0,5.220000000000006,15.240000000000002,3.0175000000000054,12.413999999999994,4.575428571428574,-0.8300000000000054,1.7814285714285774,5.049999999999997,-0.4399999999999977,0.0,0,2.3900000000000006,3.9599999999999937,-4.359999999999999,0,17.180000000000007,2.8599999999999994,3.539999999999999,-2.2025000000000006,2.181428571428576,-1.0
2023_14_JAX_CLE,2023,14,REG,CLE,JAX,31.0,27.0,4.0,58.0,2.5,37.5,1.5,1.0,-2.539999999999999,3.085000000000001,-2.2650000000000006,9.557000000000002,6.263428571428577,-1.5374999999999943,-3.6185714285714212,4.280000000000001,1.5900000000000034,-0.19999999999999996,0,1.4300000000000068,-5.600000000000001,2.0900000000000034,0,7.929999999999993,3.3200000000000003,6.149999999999999,0.2749999999999986,2.3314285714285745,1.0
2023_14_LA_BAL,2023,14,REG,BAL,LA,37.0,31.0,6.0,68.0,7.5,42.0,-1.5,1.0,0.29999999999999716,6.799999999999997,3.122499999999995,8.694000000000003,5.785428571428575,0.134999999999998,-6.1585714285714275,0.5900000000000034,0.8399999999999892,0.0,0,-3.8499999999999943,-1.1899999999999977,-5.829999999999998,0,5.43,7.57,1.6400000000000006,2.822499999999998,3.5914285714285725,7.0
2023_14_MIN_LV,2023,14,REG,LV,MIN,0.0,3.0,-3.0,3.0,-3.0,40.5,0.0,1.0,1.759999999999998,1.1699999999999946,-3.237499999999997,-1.5280000000000058,-3.5080000000000027,-8.209999999999994,-1.0399999999999991,-2.3999999999999986,-1.0499999999999972,0.0,0,-4.170000000000002,-1.8399999999999963,2.4100000000000037,0,2.3599999999999994,-3.539999999999999,-2.8900000000000006,-4.997499999999995,-2.5700000000000003,1.0
2023_14_NE_PIT,2023,14,REG,PIT,NE,18.0,21.0,-3.0,39.0,6.0,30.0,-9.0,1.0,-0.3100000000000023,10.249999999999986,-4.132500000000007,11.265999999999984,6.098857142857135,-4.090000000000003,4.452857142857134,-3.8000000000000043,-2.6599999999999966,0.19999999999999996,0,5.579999999999998,-4.329999999999998,-3.0600000000000023,0,9.670000000000002,11.449999999999996,-3.809999999999995,-3.822500000000005,5.392857142857139,0.0
2023_14_PHI_DAL,2023,14,REG,DAL,PHI,33.0,13.0,20.0,46.0,3.5,52.5,16.5,1.0,2.280000000000001,6.935000000000002,2.4750000000000014,4.88900000000001,-0.2602857142857147,-1.5225000000000009,0.6757142857142711,7.510000000000005,-0.5600000000000023,-0.19999999999999996,0,-0.9900000000000091,-2.6999999999999957,-5.189999999999998,0,-2.6200000000000045,11.93,-0.6600000000000037,0.19500000000000028,-0.49428571428572354,3.0
2023_14_SEA_SF,2023,14,REG,SF,SEA,28.0,16.0,12.0,44.0,14.5,44.5,-2.5,1.0,8.170000000000002,17.03000000000001,8.597500000000004,11.714000000000006,4.905428571428573,4.467499999999994,6.021428571428579,2.0899999999999963,6.699999999999996,0.19999999999999996,0,5.039999999999999,0.970000000000006,7.869999999999997,0,13.720000000000006,4.0,-0.7199999999999989,0.427500000000002,2.0514285714285734,-3.0
2023_14_TB_ATL,2023,14,REG,ATL,TB,25.0,29.0,-4.0,54.0,1.5,41.5,-5.5,1.0,-2.8400000000000034,-0.030000000000008242,-3.872499999999995,5.223999999999997,1.0982857142857227,-2.3049999999999855,2.4142857142857252,5.859999999999999,-0.14000000000000057,0.0,0,-5.819999999999993,-1.5,-0.28000000000000114,0,-4.489999999999995,10.11,3.720000000000006,-1.0324999999999918,-1.3157142857142787,0.0
2023_14_TEN_MIA,2023,14,REG,MIA,TEN,27.0,28.0,-1.0,55.0,14.0,45.0,-15.0,1.0,6.109999999999992,4.864999999999988,9.467499999999994,2.0090000000000003,2.4240000000000066,5.837500000000006,-1.1999999999999957,1.3400000000000034,1.4200000000000088,0.19999999999999996,-1,6.1200000000000045,4.5,-0.15000000000000568,0,-6.009999999999991,3.520000000000003,5.8700000000000045,3.3575000000000017,-0.8299999999999983,0.0
2023_15_ATL_CAR,2023,15,REG,CAR,ATL,9.0,7.0,2.0,16.0,-3.0,32.0,5.0,1.0,-0.8499999999999943,-0.7499999999999858,-1.8699999999999903,-2.3659999999999926,0.9825714285714255,-3.3449999999999918,0.37857142857142634,-11.0,-2.2700000000000102,-0.19999999999999996,1,0.25,0.19999999999999574,-4.519999999999996,0,5.960000000000008,-5.759999999999998,-4.810000000000002,-1.019999999999996,3.4485714285714266,0.0
2023_15_BAL_JAX,2023,15,REG,JAX,BAL,7.0,23.0,-16.0,30.0,-4.0,42.5,-12.0,1.0,-1.0499999999999972,-2.594999999999999,-1.8900000000000006,-4.397000000000006,-5.826285714285717,-0.35249999999999915,7.285714285714292,-5.920000000000002,-0.9699999999999989,-0.19999999999999996,0,1.4399999999999977,0.8900000000000006,2.020000000000003,0,2.5600000000000023,-5.649999999999999,-5.239999999999995,-0.8400000000000034,-2.9742857142857133,0.0
2023_15_CHI_CLE,2023,15,REG,CLE,CHI,20.0,17.0,3.0,37.0,3.0,38.0,0.0,1.0,3.5700000000000003,3.6000000000000014,4.9950000000000045,2.926000000000002,2.5731428571428694,-1.3799999999999955,-4.342857142857127,-0.21999999999999886,8.130000000000003,0.0,0,-0.14999999999999858,-2.5899999999999963,-0.5700000000000003,0,6.63000000000001,-6.569999999999993,1.8999999999999986,1.4250000000000043,-0.3228571428571314,0.0
2023_15_DAL_BUF,2023,15,REG,BUF,DAL,31.0,10.0,21.0,41.0,2.0,49.5,19.0,1.0,1.1800000000000068,-0.7750000000000057,10.047500000000007,-2.575000000000017,5.078571428571422,9.925000000000004,7.938571428571429,-1.4600000000000009,-0.730000000000004,0.0,0,1.7800000000000011,1.970000000000006,-3.9100000000000037,0,-2.1000000000000085,-1.809999999999988,6.719999999999999,8.8675,5.698571428571427,0.0
2023_15_DEN_DET,2023,15,REG,DET,DEN,42.0,17.0,25.0,59.0,5.5,49.0,19.5,1.0,0.20000000000000284,-2.405000000000001,2.6599999999999966,-0.5210000000000079,-2.473142857142861,3.6099999999999923,2.452857142857148,4.0,2.5600000000000023,0.0,0,1.2399999999999949,2.3800000000000026,5.670000000000002,0,-5.549999999999997,0.3400000000000034,-0.8299999999999983,2.4599999999999937,-4.557142857142857,0.0
2023_15_HOU_TEN,2023,15,REG,TEN,HOU,16.0,19.0,-3.0,35.0,3.0,38.0,-6.0,1.0,-6.309999999999995,0.2749999999999986,-5.637499999999996,0.48699999999999477,-6.922285714285714,0.9000000000000057,2.9157142857142873,-5.6200000000000045,-7.530000000000001,0.0,0,-3.3800000000000026,1.5300000000000011,-0.8799999999999955,0,5.319999999999993,7.850000000000001,-2.710000000000001,0.6724999999999994,-0.8242857142857147,-1.0
2023_15_KC_NE,2023,15,REG,NE,KC,17.0,27.0,-10.0,44.0,-10.0,39.5,0.0,1.0,-10.289999999999992,-8.034999999999997,-14.759999999999991,-2.4710000000000036,-6.190285714285714,-5.2649999999999935,-6.044285714285714,-7.8700000000000045,-0.21999999999999886,0.0,0,-1.8499999999999943,2.020000000000003,-3.8900000000000006,0,10.61,-6.099999999999994,-7.68,-4.469999999999999,-1.4642857142857153,3.0
2023_15_LAC_LV,2023,15,REG,LV,LAC,63.0,21.0,42.0,84.0,3.0,36.0,39.0,1.0,-7.02000000000001,-4.495000000000019,-7.082500000000003,4.2649999999999935,-2.17285714285714,-0.29999999999999716,-3.882857142857148,5.109999999999999,-0.8499999999999943,0.0,0,0.8900000000000006,1.5999999999999943,4.119999999999997,0,-0.1700000000000017,5.219999999999999,0.730000000000004,-0.062499999999992895,-3.912857142857142,0.0
2023_15_MIN_CIN,2023,15,REG,CIN,MIN,27.0,24.0,3.0,51.0,3.0,41.5,0.0,1.0,-2.9299999999999997,-5.374999999999993,-9.897499999999994,-0.21699999999999875,2.193714285714279,-9.507499999999993,2.2857142857142847,1.1000000000000014,1.2000000000000028,0.0,0,-1.9200000000000017,-0.44999999999999574,-7.82,0,-3.8100000000000023,-1.0800000000000054,-0.37000000000000455,-6.967499999999994,-0.034285714285715585,0.0
2023_15_NYG_NO,2023,15,REG,NO,NYG,24.0,6.0,18.0,30.0,6.0,39.5,12.0,1.0,5.010000000000005,3.0050000000000097,8.78500000000001,4.0290000000000035,3.23685714285714,1.032500000000006,-1.8671428571428592,8.600000000000001,1.1099999999999994,0.0,0,1.0300000000000011,1.3900000000000006,-5.649999999999999,1,3.210000000000008,-7.219999999999999,7.100000000000001,3.7750000000000057,-2.797142857142859,1.0
2023_15_NYJ_MIA,2023,15,REG,MIA,NYJ,30.0,0.0,30.0,30.0,7.5,36.0,22.5,1.0,9.119999999999997,13.850000000000001,11.884999999999998,2.824000000000005,-4.280285714285718,6.3825,-2.6842857142857213,0.45000000000000284,-7.519999999999996,-0.4,0,5.5,3.470000000000006,4.0,0,2.5,6.959999999999994,3.3599999999999994,2.7650000000000006,-2.374285714285719,-1.0
2023_15_PHI_SEA,2023,15,REG,SEA,PHI,20.0,17.0,3.0,37.0,-5.0,46.0,8.0,1.0,-3.509999999999998,-9.359999999999992,-3.7224999999999966,-11.530000000000001,-1.8214285714285765,-2.9849999999999923,3.588571428571427,-0.14000000000000057,-8.329999999999991,-0.19999999999999996,0,-2.480000000000004,-2.549999999999997,-5.920000000000002,0,-11.099999999999994,-0.6000000000000014,0.8000000000000043,-0.21249999999999858,3.8585714285714303,0.0
2023_15_PIT_IND,2023,15,REG,IND,PIT,30.0,13.0,17.0,43.0,1.5,41.5,15.5,1.0,0.35999999999999943,-15.245000000000005,2.1799999999999997,-16.737000000000002,-9.846285714285706,2.122499999999995,-9.74428571428571,0.45000000000000284,1.8199999999999932,-0.19999999999999996,0,-3.3500000000000014,3.5799999999999983,-1.7899999999999991,0,-23.240000000000002,-7.969999999999999,-0.39000000000000057,1.8200000000000003,-8.714285714285708,-3.0
2023_15_SF_ARI,2023,15,REG,ARI,SF,29.0,45.0,-16.0,74.0,-12.5,48.0,-3.5,1.0,-8.990000000000002,-26.04,-5.365000000000009,-14.81199999999999,-7.163428571428568,-2.2424999999999997,-13.761428571428581,4.039999999999999,0.5500000000000114,0.0,0,-1.769999999999996,-7.019999999999996,-10.679999999999993,0,-24.630000000000003,-9.470000000000006,0.14999999999999858,3.624999999999993,-9.401428571428575,7.0
2023_15_TB_GB,2023,15,REG,GB,TB,20.0,34.0,-14.0,54.0,4.0,41.5,-18.0,1.0,-2.039999999999999,-0.125,-5.554999999999993,2.816999999999993,-4.762285714285724,-3.207499999999989,-2.644285714285715,4.75,-1.0300000000000011,0.19999999999999996,0,-3.749999999999993,-1.1299999999999955,2.229999999999997,0,-1.6099999999999994,5.439999999999998,0.8400000000000034,-3.5149999999999935,-5.664285714285718,-1.0
2023_15_WAS_LA,2023,15,REG,LA,WAS,28.0,20.0,8.0,48.0,6.5,48.5,1.5,1.0,5.690000000000005,3.8600000000000065,3.4525000000000006,-1.7280000000000015,-1.385142857142867,0.3374999999999986,1.0128571428571362,0.509999999999998,-1.6800000000000068,0.0,0,3.6599999999999966,1.9100000000000037,4.200000000000003,0,-0.8800000000000026,-2.780000000000001,0.5600000000000023,-2.2375000000000043,-1.4871428571428638,-7.0
2023_16_ARI_CHI,2023,16,REG,CHI,ARI,27.0,16.0,11.0,43.0,4.5,42.0,6.5,1.0,-2.4099999999999966,14.920000000000009,-2.5749999999999886,14.850000000000009,5.198571428571427,1.4400000000000048,5.838571428571427,-2.4299999999999997,-6.410000000000004,0.0,0,-2.030000000000001,3.0799999999999983,1.4000000000000057,0,23.240000000000002,11.420000000000002,4.200000000000003,-0.16499999999999204,7.6785714285714235,0.0
2023_16_BAL_SF,2023,16,REG,SF,BAL,19.0,33.0,-14.0,52.0,6.5,47.5,-20.5,1.0,5.140000000000008,9.195000000000014,-0.842499999999994,0.7710000000000008,-1.1925714285714406,0.7249999999999943,16.661428571428566,-3.309999999999995,-1.769999999999996,0.0,0,7.919999999999995,5.200000000000003,11.82,0,8.310000000000002,-0.19999999999999574,-5.460000000000001,-5.982500000000002,2.0914285714285654,0.0
2023_16_BUF_LAC,2023,16,REG,LAC,BUF,22.0,24.0,-2.0,46.0,-13.0,44.5,11.0,1.0,-2.559999999999988,-8.129999999999995,-7.162499999999987,-7.701999999999998,-7.699142857142853,-8.157499999999992,-12.017142857142865,-1.6600000000000037,-2.969999999999999,-0.19999999999999996,0,-5.93,-3.230000000000004,-0.21000000000000085,0,4.239999999999995,-15.380000000000003,-4.469999999999999,-4.602499999999999,-5.567142857142862,3.0
2023_16_CIN_PIT,2023,16,REG,PIT,CIN,34.0,11.0,23.0,45.0,-3.0,39.5,26.0,1.0,-4.07,7.359999999999992,-2.6399999999999935,7.805999999999997,5.453142857142865,0.8675000000000068,12.537142857142861,-9.5,-1.4299999999999926,0.0,0,0.29999999999999716,-7.030000000000001,8.079999999999998,0,17.689999999999998,5.170000000000009,-1.7899999999999991,1.4300000000000068,9.07714285714286,0.0
2023_16_CLE_HOU,2023,16,REG,HOU,CLE,22.0,36.0,-14.0,58.0,-3.0,40.0,-11.0,1.0,9.520000000000003,1.009999999999998,6.674999999999997,-9.588000000000008,-2.0051428571428644,0.269999999999996,3.662857142857142,-1.25,4.900000000000006,0.0,0,1.0900000000000034,3.4099999999999966,-0.21999999999999886,-1,-10.86,-6.160000000000004,-1.3900000000000006,-2.845000000000006,-0.9271428571428615,0.0
2023_16_DAL_MIA,2023,16,REG,MIA,DAL,22.0,20.0,2.0,42.0,1.5,48.5,0.5,1.0,-1.3200000000000074,-3.315000000000012,6.394999999999996,-8.139000000000003,-5.601142857142854,8.340000000000003,-0.6171428571428521,-9.199999999999996,-4.1399999999999935,0.0,0,2.4399999999999977,4.080000000000005,-3.940000000000005,0,-1.5400000000000063,-2.4499999999999886,9.060000000000002,7.715000000000003,0.5428571428571445,0.0
2023_16_DET_MIN,2023,16,REG,MIN,DET,24.0,30.0,-6.0,54.0,-2.5,47.5,-3.5,1.0,1.9300000000000068,9.180000000000014,4.814999999999998,5.462000000000003,0.6791428571428568,3.464999999999989,-6.012857142857143,-2.030000000000001,-1.8699999999999903,0.0,0,2.5900000000000034,2.3400000000000034,-6.409999999999997,0,9.310000000000002,5.189999999999998,0.6099999999999994,2.884999999999991,2.4671428571428606,0.0
2023_16_GB_CAR,2023,16,REG,CAR,GB,30.0,33.0,-3.0,63.0,-3.5,39.5,0.5,1.0,-1.0700000000000003,-0.7250000000000014,0.36250000000000426,1.7209999999999965,8.110285714285709,-3.3500000000000014,4.164285714285711,-3.8799999999999955,4.109999999999992,-0.19999999999999996,0,-3.0500000000000043,-1.5700000000000003,-7.940000000000005,0,3.3699999999999903,-2.6799999999999997,-0.7100000000000009,1.4325000000000045,6.734285714285711,0.0
2023_16_IND_ATL,2023,16,REG,ATL,IND,29.0,10.0,19.0,39.0,3.0,44.0,16.0,1.0,-1.1499999999999986,5.280000000000008,-4.282499999999999,5.64800000000001,-0.029142857142851142,-2.770000000000003,0.8528571428571468,-0.5700000000000003,-3.930000000000007,0.0,0,-0.21999999999999886,0.7700000000000031,3.4299999999999997,0,5.6299999999999955,7.230000000000004,-1.009999999999998,-3.1325000000000003,0.7528571428571453,-1.0
2023_16_JAX_TB,2023,16,REG,TB,JAX,30.0,12.0,18.0,42.0,-2.0,43.0,20.0,1.0,-1.5399999999999991,-3.7949999999999946,0.27999999999999403,-2.5589999999999975,2.4331428571428546,3.507499999999993,0.9371428571428595,2.289999999999999,0.5700000000000074,-0.19999999999999996,0,3.530000000000001,1.9600000000000009,2.4099999999999966,0,-2.3900000000000006,-2.1199999999999974,1.6899999999999977,1.8199999999999932,2.7371428571428567,0.0
2023_16_LV_KC,2023,16,REG,KC,LV,14.0,20.0,-6.0,34.0,11.0,40.5,-17.0,1.0,9.659999999999997,5.569999999999986,17.79999999999999,-0.6140000000000185,8.137428571428565,9.997499999999995,8.191428571428574,5.030000000000008,3.6799999999999926,0.0,0,1.6700000000000017,-2.269999999999996,2.799999999999997,0,-10.480000000000004,2.299999999999997,10.859999999999992,8.139999999999993,4.661428571428573,-3.0
2023_16_NE_DEN,2023,16,REG,DEN,NE,23.0,26.0,-3.0,49.0,7.0,37.5,-10.0,1.0,5.939999999999998,4.045000000000002,4.905000000000001,0.3269999999999982,2.260571428571417,-0.3574999999999946,-1.8514285714285776,3.3200000000000003,-3.1000000000000085,0.0,0,1.4699999999999989,0.5700000000000003,-4.149999999999999,0,-6.920000000000002,3.1300000000000026,0.4099999999999966,-1.0349999999999966,0.03857142857142293,1.0
2023_16_NO_LA,2023,16,REG,LA,NO,30.0,22.0,8.0,52.0,4.0,45.5,4.0,1.0,0.9499999999999957,-3.0300000000000082,-2.127500000000012,-6.789999999999999,-2.1485714285714224,-1.480000000000011,1.8014285714285734,-5.100000000000001,2.210000000000008,0.0,0,-2.4299999999999926,0.9400000000000048,-2.0500000000000043,0,-8.549999999999997,0.5900000000000034,-5.6200000000000045,-3.0775000000000077,0.6614285714285728,0.0
2023_16_NYG_PHI,2023,16,REG,PHI,NYG,33.0,25.0,8.0,58.0,14.0,41.0,-6.0,1.0,7.089999999999996,11.615000000000002,8.714999999999996,9.931000000000012,5.241714285714288,4.734999999999999,3.565714285714286,0.3499999999999943,4.480000000000004,0.0,0,4.439999999999998,4.439999999999998,5.460000000000001,0,12.600000000000001,-3.549999999999997,2.5700000000000003,1.625,-0.16428571428571814,-1.0
2023_16_SEA_TEN,2023,16,REG,TEN,SEA,17.0,20.0,-3.0,37.0,-3.0,42.0,0.0,1.0,-0.5600000000000023,7.555,-3.0475000000000065,6.632999999999996,-3.6934285714285693,-2.950000000000003,-1.1214285714285666,-3.3100000000000023,0.730000000000004,0.19999999999999996,0,-2.220000000000006,-1.6099999999999994,-1.2000000000000028,0,11.139999999999993,5.090000000000003,-2.770000000000003,-2.4875000000000043,-2.211428571428563,1.0
2023_16_WAS_NYJ,2023,16,REG,NYJ,WAS,30.0,28.0,2.0,58.0,3.0,36.5,-1.0,1.0,-2.030000000000001,3.7049999999999983,-2.3499999999999943,4.925000000000004,1.691428571428574,-0.27999999999999403,1.8214285714285694,-3.479999999999997,-0.46999999999999886,0.19999999999999996,0,0.240000000000002,1.3800000000000026,-1.75,0,9.560000000000002,1.9100000000000037,3.0700000000000003,-0.3199999999999932,2.501428571428569,0.0
2023_17_ARI_PHI,2023,17,REG,PHI,ARI,31.0,35.0,-4.0,66.0,12.0,48.0,-16.0,1.0,3.9100000000000037,18.20000000000001,4.545000000000002,15.591999999999999,6.896285714285703,6.747499999999995,5.31428571428571,-3.6399999999999935,0.9500000000000028,0.0,0,2.460000000000008,10.269999999999996,7.630000000000003,0,22.339999999999996,6.240000000000002,4.420000000000002,0.634999999999998,5.594285714285711,-1.0
2023_17_ATL_CHI,2023,17,REG,CHI,ATL,37.0,17.0,20.0,54.0,3.0,39.0,17.0,1.0,-0.37999999999999545,3.519999999999996,3.2850000000000037,6.055999999999997,5.37171428571429,3.842500000000001,1.4957142857142856,3.1200000000000045,-1.3000000000000043,0.0,0,1.2899999999999991,-2.4499999999999957,0.9399999999999977,0,9.670000000000002,-1.8699999999999974,8.420000000000002,3.664999999999999,3.2157142857142844,0.0
2023_17_CAR_JAX,2023,17,REG,JAX,CAR,26.0,0.0,26.0,26.0,3.5,38.0,22.5,1.0,4.75,4.849999999999994,6.722500000000004,0.833999999999989,-2.831714285714291,0.6175000000000068,-1.9457142857142813,3.979999999999997,1.8100000000000023,0.19999999999999996,-1,-0.9799999999999969,-6.399999999999999,1.509999999999998,0,1.289999999999992,-1.0900000000000034,0.14999999999999858,1.9725000000000037,-3.565714285714286,0.0
2023_17_CIN_KC,2023,17,REG,KC,CIN,25.0,17.0,8.0,42.0,7.5,46.0,0.5,1.0,6.439999999999998,4.765000000000001,15.479999999999997,-4.914999999999992,0.15571428571429635,11.104999999999997,5.175714285714292,-15.18,1.3400000000000034,-0.19999999999999996,1,-2.6499999999999915,-4.050000000000004,16.0,0,-3.519999999999996,0.1700000000000017,9.650000000000006,9.04,3.3957142857142912,-2.0
2023_17_DET_DAL,2023,17,REG,DAL,DET,20.0,19.0,1.0,39.0,5.5,53.0,-4.5,1.0,2.8600000000000065,13.875000000000007,0.4025000000000105,8.936999999999998,0.5291428571428511,-2.8125,0.39714285714285325,-3.289999999999999,-1.769999999999996,0.0,0,1.7999999999999972,-1.7800000000000082,-4.569999999999993,0,9.57,12.46,-1.1799999999999997,-2.457499999999996,2.607142857142854,0.0
2023_17_GB_MIN,2023,17,REG,MIN,GB,10.0,33.0,-23.0,43.0,1.0,42.5,-24.0,1.0,6.18,7.725000000000001,12.170000000000002,4.762999999999998,5.380857142857138,5.884999999999998,-3.587142857142858,4.969999999999999,2.8299999999999983,0.19999999999999996,0,1.3799999999999955,2.980000000000004,-5.340000000000003,0,1.3299999999999983,1.759999999999998,0.3500000000000014,5.990000000000002,2.162857142857142,0.0
2023_17_LAC_DEN,2023,17,REG,DEN,LAC,16.0,9.0,7.0,25.0,3.5,39.5,3.5,1.0,-1.779999999999994,-3.194999999999993,1.710000000000008,-0.6630000000000038,4.300571428571423,4.810000000000002,0.3585714285714232,-0.04999999999999716,-0.4000000000000057,0.0,0,1.4200000000000017,0.519999999999996,1.3000000000000043,0,-7.1299999999999955,4.299999999999997,5.560000000000002,3.490000000000002,3.548571428571428,-1.0
2023_17_LA_NYG,2023,17,REG,NYG,LA,25.0,26.0,-1.0,51.0,-6.0,43.5,5.0,1.0,-7.689999999999998,-1.2849999999999966,-7.42499999999999,2.5390000000000015,-4.5574285714285665,-1.697499999999991,-2.8014285714285663,-3.210000000000001,-7.520000000000003,-0.19999999999999996,0,-4.030000000000008,-0.7800000000000011,1.250000000000007,0,5.07,7.740000000000002,-1.3200000000000003,0.2650000000000077,-0.6914285714285668,-4.0
2023_17_LV_IND,2023,17,REG,IND,LV,23.0,20.0,3.0,43.0,3.5,42.5,-0.5,1.0,1.7900000000000063,-5.164999999999992,1.0200000000000031,-4.576999999999998,4.087999999999994,-1.0900000000000034,2.4599999999999937,6.0,5.399999999999999,0.19999999999999996,0,-1.1099999999999994,-1.8999999999999986,-7.200000000000003,0,-13.270000000000003,-0.6400000000000006,-4.920000000000002,-0.7700000000000031,1.7099999999999937,1.0
2023_17_MIA_BAL,2023,17,REG,BAL,MIA,56.0,19.0,37.0,75.0,3.0,47.0,34.0,1.0,-0.7899999999999991,-1.8500000000000014,-5.482500000000002,2.8259999999999934,6.764571428571429,-8.525000000000006,-16.13142857142857,0.060000000000002274,7.890000000000001,-0.19999999999999996,0,-6.8899999999999935,-7.060000000000002,0.11999999999999744,0,0.9099999999999966,-3.030000000000001,-6.039999999999999,-4.692500000000003,2.8785714285714334,-1.0
2023_17_NE_BUF,2023,17,REG,BUF,NE,27.0,21.0,6.0,48.0,15.0,40.0,-9.0,1.0,9.799999999999997,14.534999999999982,11.27749999999999,8.404999999999987,7.422857142857154,4.477499999999978,10.312857142857155,4.82,0.46000000000000796,0.0,0,5.8899999999999935,4.739999999999995,-5.960000000000008,0,-4.560000000000002,14.030000000000001,0.07000000000000028,1.477499999999992,3.7528571428571524,1.0
2023_17_NO_TB,2023,17,REG,TB,NO,13.0,23.0,-10.0,36.0,2.5,42.5,-12.5,1.0,-1.5399999999999991,1.3800000000000026,0.2700000000000031,-1.686000000000007,0.34971428571427055,-2.767499999999991,5.41571428571428,-7.900000000000006,-2.1200000000000045,-0.19999999999999996,0,-6.319999999999993,-2.8000000000000043,-1.8099999999999952,0,4.519999999999996,1.3200000000000003,-1.8900000000000006,1.8100000000000023,4.955714285714279,-3.0
2023_17_NYJ_CLE,2023,17,REG,CLE,NYJ,37.0,20.0,17.0,57.0,6.5,33.5,10.5,1.0,5.390000000000001,13.715000000000003,3.8275000000000006,6.475000000000001,-1.4499999999999957,1.3674999999999997,-7.339999999999996,-3.490000000000002,-5.140000000000001,-0.19999999999999996,1,6.1299999999999955,-1.75,6.559999999999995,-1,13.52000000000001,3.1300000000000026,-6.109999999999999,-1.5625,0.4000000000000057,0.0
2023_17_PIT_SEA,2023,17,REG,SEA,PIT,23.0,30.0,-7.0,53.0,4.5,40.5,-11.5,1.0,2.219999999999999,-12.500000000000007,3.875,-18.088,-6.312285714285707,3.2424999999999997,-5.944285714285712,1.1799999999999997,-4.399999999999999,0.0,0,-3.6899999999999977,5.980000000000004,2.3200000000000003,0,-21.08,-8.36,4.170000000000002,1.6550000000000011,-2.944285714285712,-1.0
2023_17_SF_WAS,2023,17,REG,WAS,SF,10.0,27.0,-17.0,37.0,-14.0,49.0,-3.0,1.0,-11.800000000000004,-26.830000000000005,-10.547500000000007,-13.54,-3.1685714285714184,-5.215000000000003,-7.4785714285714135,-0.8800000000000026,6.13000000000001,0.19999999999999996,0,-7.080000000000005,-2.4099999999999966,-14.279999999999994,0,-21.25,-8.809999999999995,0.75,1.2524999999999977,-4.65857142857142,1.0
2023_17_TEN_HOU,2023,17,REG,HOU,TEN,26.0,3.0,23.0,29.0,5.0,44.0,18.0,1.0,6.260000000000005,-5.379999999999988,5.727500000000006,-7.547999999999988,3.35342857142858,-4.109999999999999,-4.088571428571427,3.730000000000004,7.679999999999993,0.19999999999999996,0,-2.0800000000000054,-4.350000000000001,-0.44000000000000483,0,-15.329999999999998,-7.949999999999996,1.7999999999999972,-0.5324999999999989,-0.7385714285714258,0.0
2023_18_ATL_NO,2023,18,REG,NO,ATL,48.0,17.0,31.0,65.0,3.5,41.5,27.5,1.0,4.18,-2.3399999999999963,9.5225,-2.6839999999999975,2.130285714285705,6.867500000000007,-4.325714285714298,9.729999999999997,2.1299999999999955,0.0,0,3.8100000000000023,2.200000000000003,-1.9200000000000017,0,-0.8700000000000045,-12.169999999999995,9.14,5.342500000000001,-1.7057142857142935,0.0
2023_18_BUF_MIA,2023,18,REG,MIA,BUF,14.0,21.0,-7.0,35.0,-2.5,47.5,-4.5,1.0,-2.789999999999992,-4.564999999999998,-4.304999999999993,-8.021,-13.055999999999997,-2.147500000000008,0.5900000000000034,-9.469999999999999,-4.439999999999998,-0.19999999999999996,0,-0.5900000000000034,0.5900000000000034,1.6800000000000068,0,0.13000000000000966,-3.680000000000007,3.4399999999999977,-1.5150000000000006,-6.810000000000002,0.0
2023_18_CHI_GB,2023,18,REG,GB,CHI,17.0,9.0,8.0,26.0,2.5,45.5,5.5,1.0,0.8800000000000026,-2.364999999999988,-0.12249999999999517,-4.188999999999993,-5.639714285714284,0.8700000000000045,-1.385714285714279,0.5600000000000023,0.269999999999996,0.0,0,-1.5100000000000051,1.9200000000000017,3.809999999999995,0,-3.769999999999996,-2.719999999999999,-3.3599999999999994,-1.0024999999999977,-4.695714285714281,0.0
2023_18_CLE_CIN,2023,18,REG,CIN,CLE,31.0,14.0,17.0,45.0,7.5,37.0,9.5,1.0,4.340000000000003,-3.6599999999999966,1.6725000000000065,-3.1999999999999886,0.124285714285719,-0.24749999999999517,0.924285714285709,13.189999999999998,-0.05999999999998806,0.19999999999999996,0,0.01999999999999602,8.160000000000004,-9.850000000000001,-1,-15.0,-1.0,-2.8999999999999986,-2.667499999999997,-4.675714285714292,-3.0
2023_18_DAL_WAS,2023,18,REG,WAS,DAL,10.0,38.0,-28.0,48.0,-13.0,47.5,-15.0,1.0,-9.29,-25.309999999999995,-12.182499999999997,-17.9,-1.2471428571428689,-6.222499999999997,0.6628571428571348,-6.289999999999999,3.8499999999999943,0.0,0,-3.8200000000000074,-1.8700000000000045,-6.070000000000007,0,-14.220000000000006,-17.819999999999993,-7.560000000000002,-2.8924999999999983,0.6328571428571337,-1.0
2023_18_DEN_LV,2023,18,REG,LV,DEN,27.0,14.0,13.0,41.0,3.5,37.5,9.5,1.0,-4.310000000000002,-0.75,-7.287500000000001,-0.3120000000000047,-8.952000000000012,-1.4875000000000043,-1.6900000000000048,-9.880000000000003,-2.5800000000000054,0.0,0,-0.19999999999999574,0.22999999999999687,5.099999999999994,0,7.340000000000003,-0.21999999999999886,-0.8800000000000026,-2.977499999999999,-5.080000000000005,0.0
2023_18_HOU_IND,2023,18,REG,IND,HOU,19.0,23.0,-4.0,42.0,-1.5,47.5,-2.5,1.0,-5.599999999999994,-9.219999999999992,-4.147499999999994,-0.5060000000000002,0.39257142857142924,0.8200000000000003,-1.9214285714285708,1.7899999999999991,-1.7999999999999972,0.0,0,-2.770000000000003,0.7100000000000009,-3.030000000000001,0,-4.600000000000001,-2.6400000000000006,-4.649999999999999,1.4525000000000006,-2.721428571428568,0.0
2023_18_JAX_TEN,2023,18,REG,TEN,JAX,28.0,20.0,8.0,48.0,-3.5,41.5,11.5,1.0,-3.6799999999999997,-0.70000000000001,-6.725000000000001,-1.9840000000000089,-5.466857142857137,-2.332499999999996,0.1871428571428595,0.11999999999999744,-7.230000000000004,0.19999999999999996,0,-1.0599999999999952,0.060000000000002274,1.9000000000000057,0,0.519999999999996,5.440000000000005,-3.8599999999999994,-3.0450000000000017,-0.5028571428571382,0.0
2023_18_KC_LAC,2023,18,REG,LAC,KC,12.0,13.0,-1.0,25.0,3.5,35.0,-4.5,1.0,-13.740000000000002,-11.995000000000005,-18.872499999999995,1.639000000000003,-3.083142857142853,-8.359999999999992,-6.607142857142861,11.720000000000006,-3.049999999999997,0.0,-1,-3.1300000000000026,0.259999999999998,-9.470000000000006,0,11.290000000000006,-7.800000000000004,-8.349999999999994,-5.132499999999993,-2.9771428571428586,0.0
2023_18_LA_SF,2023,18,REG,SF,LA,20.0,21.0,-1.0,41.0,5.5,40.0,-6.5,1.0,4.400000000000006,19.24499999999999,3.8400000000000034,14.326999999999984,3.961999999999996,2.3899999999999935,9.469999999999992,-2.9499999999999957,-0.7000000000000028,-0.19999999999999996,0,2.799999999999997,0.75,9.080000000000005,0,21.569999999999993,8.119999999999997,-3.8800000000000026,-0.5600000000000023,4.479999999999997,0.0
2023_18_MIN_DET,2023,18,REG,DET,MIN,30.0,20.0,10.0,50.0,3.5,47.5,6.5,1.0,-1.8800000000000026,-7.809999999999995,-2.4924999999999997,-3.947999999999986,-0.023714285714284244,-1.0799999999999912,5.334285714285706,2.0900000000000034,2.1099999999999994,0.0,0,-2.969999999999999,-1.2000000000000028,5.820000000000007,0,-6.600000000000001,-5.259999999999998,0.5499999999999972,-0.6124999999999972,-2.0057142857142907,1.0
2023_18_NYJ_NE,2023,18,REG,NE,NYJ,3.0,17.0,-14.0,20.0,2.5,28.5,-16.5,1.0,4.710000000000001,5.840000000000003,7.497499999999995,3.568000000000005,2.326571428571441,5.7549999999999955,-4.151428571428561,6.369999999999997,-1.8599999999999994,0.19999999999999996,0,3.0,-0.3200000000000003,9.200000000000003,0,6.920000000000002,-4.659999999999997,-0.5600000000000023,2.7874999999999943,-0.11142857142856144,-3.0
2023_18_PHI_NYG,2023,18,REG,NYG,PHI,27.0,10.0,17.0,37.0,-4.5,43.0,21.5,1.0,-8.079999999999998,-12.670000000000002,-9.184999999999995,-8.312000000000005,-5.740571428571428,-5.034999999999997,-6.208571428571432,2.490000000000002,-4.159999999999997,-0.19999999999999996,0,-4.469999999999992,-3.8500000000000085,-5.799999999999997,0,-12.380000000000003,3.1999999999999957,-2.3400000000000034,-1.1049999999999969,-2.018571428571427,0.0
2023_18_PIT_BAL,2023,18,REG,BAL,PIT,10.0,17.0,-7.0,27.0,-3.0,34.0,-4.0,1.0,5.8899999999999935,-3.835000000000001,7.61999999999999,-11.068999999999996,-6.0311428571428465,1.6274999999999906,-18.387142857142848,-2.8299999999999983,3.720000000000013,0.0,0,-5.43,2.049999999999997,1.8099999999999952,0,-14.759999999999991,-4.690000000000005,4.800000000000004,1.7299999999999969,-4.687142857142845,0.0
2023_18_SEA_ARI,2023,18,REG,ARI,SEA,20.0,21.0,-1.0,41.0,-2.5,48.0,1.5,1.0,-0.020000000000003126,-9.035000000000004,0.5624999999999929,-4.150999999999996,-2.677428571428564,-2.6425000000000054,-6.681428571428569,4.509999999999998,7.3799999999999955,0.0,0,-0.36999999999999034,-7.280000000000001,-1.8699999999999974,0,-11.300000000000004,-6.730000000000004,-4.18,0.582499999999996,-7.541428571428568,0.0
2023_18_TB_CAR,2023,18,REG,CAR,TB,0.0,9.0,-9.0,9.0,-5.0,36.5,-4.0,1.0,-3.740000000000002,6.499999999999993,-7.0,10.601999999999997,4.902000000000001,-7.217500000000001,5.75,-0.3499999999999943,-2.1200000000000045,0.0,0,-4.849999999999994,-1.509999999999998,-4.510000000000005,0,15.829999999999998,4.649999999999999,-1.3800000000000026,-3.259999999999998,4.539999999999999,0.0
